name,id,date,cuahang_id,sum,total,mon,customer,bill,vat,phuphi,male,female,num_of_bill,complain,chiphi,goods,returns,customer_info,hour_per_bill,hours,tour,expense,room,profit,created_by,created_date,modified_by,modified_date,trangthai
ICOOL Ung Văn Khiêm,35360D09-544C-EB11-80FC-509A4C8C9FAC,2021-01-01,1,133260100.00,130995360.00,1601855.00,147515.00,515370.00,0.00,0.00,410,211,81,1,25600000.01,37121002.37,11424582.00,50,4,350,2.31,0.00,35,79698939.62,system,2021-01-02 00:08:58.773,system,NULL,4
ICOOL Thành Thái,5B577AC1-534C-EB11-80FC-509A4C8C9FAC,2021-01-01,10,77961600.00,75168090.00,1069480.00,151200.00,1572830.00,494838.00,0.00,217,155,59,6,20213348.39,15139187.40,12119435.05,30,0,1,2.11,0.00,28,52429827.26,system,2021-01-02 00:06:58.693,system,NULL,4
ICOOL Nguyễn Trãi,DAB10568-534C-EB11-80FC-509A4C8C9FAC,2021-01-01,11,41293000.00,39061845.00,1913300.00,66445.00,251410.00,0.00,0.00,85,120,34,2,6587311.84,18755490.95,10991668.00,6,4,160,2.13,0.00,16,24710710.21,system,2021-01-02 00:04:28.610,system,NULL,4
ICOOL Mạc Đỉnh Chi,CCC44144-534C-EB11-80FC-509A4C8C9FAC,2021-01-01,12,67527800.00,66302700.00,1175630.00,49470.00,0.00,0.00,0.00,88,103,46,8,22741935.48,18301335.53,10700100.98,21,6,320,2.09,0.00,22,35959529.97,system,2021-01-02 00:03:28.607,system,NULL,4
ICOOL Trần Bình Trọng,7CE246E5-534C-EB11-80FC-509A4C8C9FAC,2021-01-01,13,51672400.00,50427370.00,493970.00,0.00,751060.00,0.00,30000.00,139,114,37,3,9345161.29,17554212.01,10590434.00,11,5.68,210,2.18,0.00,17,34148430.70,system,2021-01-02 00:07:58.753,system,NULL,4
ICOOL Cách Mạng Tháng 8,6CF0D3EA-524C-EB11-80FC-509A4C8C9FAC,2021-01-01,14,101063300.00,99209555.00,938035.00,0.00,915710.00,450958.00,0.00,227,233,66,12,18661290.32,15571609.13,0.00,41,5,380,2.36,0.00,28,65427613.55,system,2021-01-02 00:00:58.570,system,NULL,4
ICOOL Cầu Chữ Y,FF64B3FC-524C-EB11-80FC-509A4C8C9FAC,2021-01-01,16,17070200.00,16926200.00,144000.00,0.00,0.00,0.00,0.00,43,42,13,0,4903225.80,7439548.94,0.00,1,8,110,0.93,0.00,14,4583425.26,system,2021-01-02 00:01:28.557,system,NULL,4
ICOOL Nhị Thiên Đường,8C75D28B-534C-EB11-80FC-509A4C8C9FAC,2021-01-01,17,52968600.00,50977945.00,740985.00,0.00,1249670.00,225220.00,0.00,104,76,34,2,10135483.88,22354690.68,12942919.34,6,5,170,2.13,0.00,16,31655909.78,system,2021-01-02 00:05:28.673,system,NULL,4
ICOOL Trần Não,F2A928F7-534C-EB11-80FC-509A4C8C9FAC,2021-01-01,18,100009700.00,99163760.00,736640.00,0.00,109300.00,409005.00,0.00,255,266,65,6,16096774.20,41155343.30,20460891.93,33,4,320,3.25,0.00,20,62781539.43,system,2021-01-02 00:08:28.753,system,NULL,4
ICOOL Nguyễn Tri Phương,0A5FEF79-534C-EB11-80FC-509A4C8C9FAC,2021-01-01,19,28670800.00,28236800.00,434000.00,0.00,0.00,0.00,0.00,77,76,30,6,8090241.93,10605451.40,6216633.00,3,4,140,1.88,0.00,16,15757739.67,system,2021-01-02 00:04:58.663,system,NULL,4
ICOOL Đồng Đen,EFEA920E-534C-EB11-80FC-509A4C8C9FAC,2021-01-01,22,87366900.00,85916355.00,957335.00,0.00,493210.00,223200.00,0.00,294,177,64,5,10775806.45,23008260.10,8546549.34,34,4,260,2.56,0.00,25,60902037.79,system,2021-01-02 00:01:58.540,system,NULL,4
ICOOL Phan Chu Trinh,282CB69D-534C-EB11-80FC-509A4C8C9FAC,2021-01-01,23,55260600.00,53957160.00,1031360.00,0.00,272080.00,0.00,200000.00,106,73,39,5,8152338.71,17897219.69,6709408.00,21,3,150,2.79,0.00,14,34817009.60,system,2021-01-02 00:05:58.687,system,NULL,4
ICOOL Phan Xích Long,9CF497AF-534C-EB11-80FC-509A4C8C9FAC,2021-01-01,24,100797900.00,98442270.00,892940.00,0.00,1462690.00,0.00,0.00,214,183,53,6,14032258.06,33062920.50,13325000.00,28,4,240,2.12,0.00,25,64672091.44,system,2021-01-02 00:06:28.687,system,NULL,4
ICOOL Xô Viết Nghệ Tĩnh,DEFFD62C-544C-EB11-80FC-509A4C8C9FAC,2021-01-01,4,113549400.00,111163600.00,1850100.00,66060.00,469640.00,0.00,0.00,297,232,84,7,16209677.42,22131870.92,0.00,42,3,330,2.9,0.00,29,72822051.66,system,2021-01-02 00:09:58.817,system,NULL,4
ICOOL Tô Ký,9C2160D3-534C-EB11-80FC-509A4C8C9FAC,2021-01-01,5,57745000.00,56127989.00,785401.00,121920.00,709690.00,0.00,0.00,109,122,47,6,10919354.84,18423474.67,6216684.00,20,4,200,1.81,0.00,26,33001843.49,system,2021-01-02 00:07:28.720,system,NULL,4
ICOOL Bình Phú,7F603ED9-524C-EB11-80FC-509A4C8C9FAC,2021-01-01,6,111814600.00,107955823.00,2911752.00,292275.00,654750.00,0.00,0.00,305,213,76,11,21487512.59,33651745.08,12857359.00,30,3,300,3.17,0.00,24,65673924.33,system,2021-01-02 00:00:29.070,system,NULL,4
ICOOL Dương Bá Trạc,A2397920-534C-EB11-80FC-509A4C8C9FAC,2021-01-01,7,117978600.00,115511500.00,1976270.00,126430.00,364400.00,0.00,0.00,205,177,71,1,18865550.09,34751523.69,13362635.00,23,4,320,3.09,0.00,23,75257061.22,system,2021-01-02 00:02:28.573,system,NULL,4
ICOOL Nguyễn Sơn,2C132556-534C-EB11-80FC-509A4C8C9FAC,2021-01-01,9,67731600.00,65692050.00,1633280.00,0.00,406270.00,0.00,0.00,190,143,51,5,8019064.51,21849004.07,6725712.00,48,3,200,3.64,0.00,14,42549693.42,system,2021-01-02 00:03:58.620,system,NULL,4
ICOOL Ung Văn Khiêm,592CD133-1D4D-EB11-80FC-509A4C8C9FAC,2021-01-02,1,112470600.00,109179790.00,2526110.00,0.00,764700.00,0.00,0.00,325,195,72,2,25600000.01,24013547.92,0.00,38,4,350,2.06,0.00,35,59566242.07,system,2021-01-03 00:08:59.367,system,NULL,4
ICOOL Thành Thái,60E538EC-1C4D-EB11-80FC-509A4C8C9FAC,2021-01-02,10,86802200.00,83315642.00,3036823.00,93475.00,356260.00,0.00,0.00,207,180,55,6,20213348.39,14699332.78,0.00,22,0,1,1.96,0.00,28,48402960.83,system,2021-01-03 00:06:59.250,system,NULL,4
ICOOL Nguyễn Trãi,6094C892-1C4D-EB11-80FC-509A4C8C9FAC,2021-01-02,11,21787400.00,21176750.00,27090.00,0.00,583560.00,0.00,100000.00,46,63,20,0,6587311.84,5022249.75,1439000.00,11,8,160,1.25,0.00,16,11106188.41,system,2021-01-03 00:04:29.197,system,NULL,4
ICOOL Mạc Đỉnh Chi,A541FD6E-1C4D-EB11-80FC-509A4C8C9FAC,2021-01-02,12,64421700.00,62348400.00,1439520.00,0.00,633780.00,233277.00,0.00,106,112,46,5,22741935.48,9363321.88,0.00,19,6,320,2.09,0.00,22,30476419.64,system,2021-01-03 00:03:29.143,system,NULL,4
ICOOL Trần Bình Trọng,93570110-1D4D-EB11-80FC-509A4C8C9FAC,2021-01-02,13,35425100.00,32770661.00,2052769.00,0.00,601670.00,0.00,0.00,76,93,26,1,9345161.29,5631477.01,0.00,12,8.08,210,1.53,0.00,17,17794022.70,system,2021-01-03 00:07:59.283,system,NULL,4
ICOOL Cách Mạng Tháng 8,92EE8C15-1C4D-EB11-80FC-509A4C8C9FAC,2021-01-02,14,114404300.00,111632767.50,1588035.00,178647.50,1004850.00,0.00,200000.00,243,233,70,7,18661290.32,17774657.96,0.00,17,5,380,2.5,0.00,28,75396819.22,system,2021-01-03 00:00:59.090,system,NULL,4
ICOOL Cầu Chữ Y,BBA86927-1C4D-EB11-80FC-509A4C8C9FAC,2021-01-02,16,22704400.00,22538140.00,0.00,0.00,166260.00,0.00,0.00,42,39,17,1,4903225.80,7417295.94,0.00,15,7,130,1.21,0.00,14,10217618.26,system,2021-01-03 00:01:29.057,system,NULL,4
ICOOL Nhị Thiên Đường,661E98B6-1C4D-EB11-80FC-509A4C8C9FAC,2021-01-02,17,23739700.00,23427910.00,311790.00,0.00,0.00,0.00,0.00,56,39,24,1,10135483.88,3718450.58,0.00,4,7,170,1.5,0.00,16,9573975.54,system,2021-01-03 00:05:29.277,system,NULL,4
ICOOL Trần Não,8454E521-1D4D-EB11-80FC-509A4C8C9FAC,2021-01-02,18,76672000.00,75036270.00,1635730.00,0.00,0.00,0.00,0.00,202,197,55,5,16096774.20,14059589.93,62681.26,32,5,320,2.75,0.00,20,44942587.13,system,2021-01-03 00:08:29.297,system,NULL,4
ICOOL Nguyễn Tri Phương,C4CEA4A4-1C4D-EB11-80FC-509A4C8C9FAC,2021-01-02,19,18982300.00,18525980.00,434000.00,22320.00,0.00,0.00,0.00,48,64,24,2,8090241.94,3477824.86,758200.00,2,11.67,280,1.5,0.00,16,7716113.20,system,2021-01-03 00:04:59.160,system,NULL,4
ICOOL Đồng Đen,D31F5239-1C4D-EB11-80FC-509A4C8C9FAC,2021-01-02,22,69281700.00,68011684.95,926499.00,343516.05,0.00,0.00,0.00,161,114,48,4,10775806.45,13386307.73,0.00,26,5,260,1.92,0.00,25,43849570.77,system,2021-01-03 00:01:59.100,system,NULL,4
ICOOL Phan Chu Trinh,F22B6FC8-1C4D-EB11-80FC-509A4C8C9FAC,2021-01-02,23,41440900.00,39953200.00,1202660.00,0.00,285040.00,0.00,0.00,72,51,28,5,8152338.71,8357885.01,0.00,8,5,150,2,0.00,14,23442976.28,system,2021-01-03 00:05:59.203,system,NULL,4
ICOOL Phan Xích Long,89A056DA-1C4D-EB11-80FC-509A4C8C9FAC,2021-01-02,24,81478800.00,78409660.00,1926510.00,0.00,1142630.00,0.00,0.00,183,162,49,7,14032258.06,15209393.25,359047.62,16,4.9,240,1.96,0.00,25,49527056.31,system,2021-01-03 00:06:29.243,system,NULL,4
ICOOL Xô Viết Nghệ Tĩnh,463C9757-1D4D-EB11-80FC-509A4C8C9FAC,2021-01-02,4,70862500.00,69110020.00,1230380.00,89100.00,433000.00,0.00,0.00,217,160,55,1,16209677.42,21714207.44,9063353.00,21,6,330,1.9,0.00,29,40249488.14,system,2021-01-03 00:09:59.383,system,NULL,4
ICOOL Tô Ký,88261CFE-1C4D-EB11-80FC-509A4C8C9FAC,2021-01-02,5,55071000.00,53337440.00,863300.00,0.00,870260.00,0.00,0.00,114,124,43,2,10919354.84,12655428.68,0.00,11,4,190,1.65,0.00,26,29762656.48,system,2021-01-03 00:07:29.260,system,NULL,4
ICOOL Bình Phú,A8729C04-1C4D-EB11-80FC-509A4C8C9FAC,2021-01-02,6,80920900.00,76986364.00,2835472.00,390864.00,708200.00,0.00,0.00,195,138,51,7,21487512.59,16164149.37,0.00,8,5,300,2.13,0.00,24,39334702.04,system,2021-01-03 00:00:30.670,system,NULL,4
ICOOL Dương Bá Trạc,4AC2314B-1C4D-EB11-80FC-509A4C8C9FAC,2021-01-02,7,68808000.00,66570570.00,2093200.00,0.00,144230.00,0.00,0.00,132,140,48,2,18865550.10,12612575.01,517692.00,30,6.67,320,2.09,0.00,23,35610136.89,system,2021-01-03 00:02:29.090,system,NULL,4
ICOOL Nguyễn Sơn,85B7D980-1C4D-EB11-80FC-509A4C8C9FAC,2021-01-02,9,29753400.00,28944220.00,380210.00,111010.00,317960.00,0.00,0.00,74,64,22,2,8019064.51,6424999.66,0.00,12,8,190,1.57,0.00,14,14500155.83,system,2021-01-03 00:03:59.110,system,NULL,4
ICOOL Ung Văn Khiêm,FE7A7F5E-E64D-EB11-80FC-509A4C8C9FAC,2021-01-03,1,62716200.00,59157485.00,3102115.00,0.00,456600.00,0.00,0.00,175,99,37,5,25600000.01,12671565.48,0.00,15,8,320,1.06,0.00,35,20885919.51,system,2021-01-04 00:08:59.813,system,NULL,4
ICOOL Thành Thái,6685E916-E64D-EB11-80FC-509A4C8C9FAC,2021-01-03,10,46335000.00,45770185.00,228755.00,0.00,336060.00,0.00,0.00,120,108,35,1,20213348.39,8353188.97,0.00,21,0,1,1.25,0.00,28,17203647.64,system,2021-01-04 00:06:59.713,system,NULL,4
ICOOL Nguyễn Trãi,694B73BD-E54D-EB11-80FC-509A4C8C9FAC,2021-01-03,11,11371900.00,11371900.00,0.00,0.00,0.00,0.00,0.00,39,40,16,0,6587311.84,1322515.05,0.00,5,10,160,1,0.00,16,3462073.11,system,2021-01-04 00:04:29.620,system,NULL,4
ICOOL Mạc Đỉnh Chi,F67FAC99-E54D-EB11-80FC-509A4C8C9FAC,2021-01-03,12,44136800.00,43890450.00,150800.00,24300.00,71250.00,1215980.00,0.00,71,65,25,2,22741935.48,7825065.00,983609.00,15,12,300,1.14,0.00,22,15523038.52,system,2021-01-04 00:03:29.600,system,NULL,4
ICOOL Trần Bình Trọng,913CAE3A-E64D-EB11-80FC-509A4C8C9FAC,2021-01-03,13,32888100.00,31575040.00,1151120.00,0.00,161940.00,222240.00,0.00,64,76,20,3,9345161.29,5923397.21,0.00,1,8.5,170,1.18,0.00,17,16528721.50,system,2021-01-04 00:07:59.723,system,NULL,4
ICOOL Cách Mạng Tháng 8,AEC73C40-E54D-EB11-80FC-509A4C8C9FAC,2021-01-03,14,67371100.00,64174358.00,2657292.00,0.00,539450.00,0.00,0.00,175,146,52,13,18661290.32,11655251.31,170000.00,30,5,300,1.86,0.00,28,34027816.37,system,2021-01-04 00:00:59.550,system,NULL,4
ICOOL Cầu Chữ Y,AC991D52-E54D-EB11-80FC-509A4C8C9FAC,2021-01-03,16,8144300.00,8144300.00,0.00,0.00,0.00,0.00,0.00,21,15,9,1,4903225.80,3560680.80,0.00,7,13,120,0.64,0.00,14,-319606.60,system,2021-01-04 00:01:29.543,system,NULL,4
ICOOL Nhị Thiên Đường,4C443DE1-E54D-EB11-80FC-509A4C8C9FAC,2021-01-03,17,25177100.00,24742300.00,434800.00,0.00,0.00,0.00,0.00,57,43,22,0,10135483.88,5151520.34,0.00,6,8,180,1.38,0.00,16,9455295.78,system,2021-01-04 00:05:29.667,system,NULL,4
ICOOL Trần Não,0C08954C-E64D-EB11-80FC-509A4C8C9FAC,2021-01-03,18,74023301.00,73327086.00,532715.00,0.00,163500.00,0.00,0.00,212,200,50,3,16096774.20,15657201.67,72500.00,23,6,320,2.5,0.00,20,41645610.13,system,2021-01-04 00:08:29.757,system,NULL,4
ICOOL Nguyễn Tri Phương,DCE35DCF-E54D-EB11-80FC-509A4C8C9FAC,2021-01-03,19,22661600.00,22400320.00,49040.00,0.00,212240.00,0.00,0.00,69,63,25,1,8090241.94,3462494.18,0.00,1,11.2,280,1.56,0.00,16,10847583.88,system,2021-01-04 00:04:59.680,system,NULL,4
ICOOL Đồng Đen,AF7B0B64-E54D-EB11-80FC-509A4C8C9FAC,2021-01-03,22,59303700.00,57687370.00,1117890.00,0.00,498440.00,492905.00,0.00,145,106,35,2,10775806.45,12900227.01,0.00,17,7,260,1.4,0.00,25,34504241.54,system,2021-01-04 00:01:59.623,system,NULL,4
ICOOL Phan Chu Trinh,19481FF3-E54D-EB11-80FC-509A4C8C9FAC,2021-01-03,23,23638000.00,23414140.00,109610.00,0.00,114250.00,0.00,0.00,69,114,22,1,8152338.71,6566599.00,1648200.00,15,6,150,1.57,0.00,14,10343402.29,system,2021-01-04 00:05:59.667,system,NULL,4
ICOOL Phan Xích Long,783A0505-E64D-EB11-80FC-509A4C8C9FAC,2021-01-03,24,63906100.00,55551435.00,8165370.00,51355.00,137940.00,0.00,0.00,161,101,40,5,14032258.06,12421217.38,0.00,16,6,240,1.6,0.00,25,29097959.56,system,2021-01-04 00:06:29.693,system,NULL,4
ICOOL Xô Viết Nghệ Tĩnh,E9FA4182-E64D-EB11-80FC-509A4C8C9FAC,2021-01-03,4,53003800.00,51683150.00,856550.00,27880.00,436220.00,0.00,80000.00,137,106,40,1,16209677.42,10695321.68,0.00,17,8,330,1.38,0.00,29,24858150.90,system,2021-01-04 00:09:59.810,system,NULL,4
ICOOL Tô Ký,99CAC828-E64D-EB11-80FC-509A4C8C9FAC,2021-01-03,5,43687900.00,42794855.00,652745.00,145080.00,95220.00,0.00,0.00,100,89,34,0,10919354.84,10363966.16,0.00,14,5,180,1.31,0.00,26,21511534.00,system,2021-01-04 00:07:29.697,system,NULL,4
ICOOL Bình Phú,53FB912E-E54D-EB11-80FC-509A4C8C9FAC,2021-01-03,6,69023200.00,67554920.00,1385800.00,0.00,82480.00,0.00,0.00,167,136,51,2,21487512.59,13600350.34,0.00,11,5,290,2.13,0.00,24,32467057.07,system,2021-01-04 00:00:29.907,system,NULL,4
ICOOL Dương Bá Trạc,F96CE675-E54D-EB11-80FC-509A4C8C9FAC,2021-01-03,7,58570600.00,56241745.00,1971585.00,0.00,357270.00,0.00,0.00,109,105,37,4,18865550.10,11707209.68,36978.00,16,8.65,320,1.61,0.00,23,25705963.22,system,2021-01-04 00:02:29.580,system,NULL,4
ICOOL Nguyễn Sơn,7FEF8FAB-E54D-EB11-80FC-509A4C8C9FAC,2021-01-03,9,40892600.00,39140871.00,409289.00,0.00,1342440.00,0.00,0.00,109,85,27,7,8019064.51,9612062.21,0.00,14,6,180,1.93,0.00,14,21509744.28,system,2021-01-04 00:03:59.610,system,NULL,4
ICOOL Ung Văn Khiêm,42AF2689-AF4E-EB11-80FC-509A4C8C9FAC,2021-01-04,1,67097400.00,66052645.00,927105.00,0.00,117650.00,268470.00,0.00,191,128,43,2,25600000.01,15464753.25,0.00,18,7,320,1.23,0.00,35,25256361.74,system,2021-01-05 00:09:00.217,system,NULL,4
ICOOL Thành Thái,738F9741-AF4E-EB11-80FC-509A4C8C9FAC,2021-01-04,10,34468700.00,33578877.00,787133.00,0.00,102690.00,206180.00,0.00,117,99,33,2,20213348.39,7240583.89,0.00,8,9,311,1.18,0.00,28,6331124.72,system,2021-01-05 00:07:00.160,system,NULL,4
ICOOL Nguyễn Trãi,1D3C23E8-AE4E-EB11-80FC-509A4C8C9FAC,2021-01-04,11,9641400.00,9201055.00,440345.00,0.00,0.00,196050.00,0.00,24,29,8,1,6587311.84,1858882.10,0.00,3,16,130,0.5,0.00,16,950911.06,system,2021-01-05 00:04:30.080,system,NULL,4
ICOOL Mạc Đỉnh Chi,6B7D5AC4-AE4E-EB11-80FC-509A4C8C9FAC,2021-01-04,12,50505000.00,49343380.00,946200.00,0.00,215420.00,170330.00,0.00,98,92,31,2,22741935.48,9770528.34,36978.00,11,8,260,1.41,0.00,22,17038224.18,system,2021-01-05 00:03:30.047,system,NULL,4
ICOOL Trần Bình Trọng,403E5F65-AF4E-EB11-80FC-509A4C8C9FAC,2021-01-04,13,13908000.00,13232180.00,279720.00,0.00,396100.00,0.00,0.00,44,25,12,1,9345161.29,2964516.34,0.00,3,13.33,160,0.71,0.00,17,922502.37,system,2021-01-05 00:08:00.190,system,NULL,4
ICOOL Cách Mạng Tháng 8,18BCEA6A-AE4E-EB11-80FC-509A4C8C9FAC,2021-01-04,14,60767000.00,58772855.00,1271445.00,0.00,722700.00,0.00,0.00,129,112,33,6,18661290.32,11163460.48,0.00,12,9,300,1.18,0.00,28,28948104.20,system,2021-01-05 00:00:59.997,system,NULL,4
ICOOL Cầu Chữ Y,AB10CE7C-AE4E-EB11-80FC-509A4C8C9FAC,2021-01-04,16,7606300.00,7316300.00,290000.00,0.00,0.00,0.00,0.00,16,19,6,1,4903225.80,2916174.14,0.00,2,16,100,0.43,0.00,14,-503099.94,system,2021-01-05 00:01:30.007,system,NULL,4
ICOOL Nhị Thiên Đường,4C2BF20B-AF4E-EB11-80FC-509A4C8C9FAC,2021-01-04,17,13185200.00,13185200.00,0.00,0.00,0.00,0.00,0.00,21,19,11,0,10135483.88,2846259.96,0.00,2,12,140,0.69,0.00,16,203456.16,system,2021-01-05 00:05:30.157,system,NULL,4
ICOOL Trần Não,F0604277-AF4E-EB11-80FC-509A4C8C9FAC,2021-01-04,18,67661900.00,65228995.00,1157045.00,0.00,1275860.00,106480.00,0.00,193,195,47,6,16096774.20,14912601.72,0.00,17,5,240,2.35,0.00,20,34326099.08,system,2021-01-05 00:08:30.200,system,NULL,4
ICOOL Nguyễn Tri Phương,9DAE0CFA-AE4E-EB11-80FC-509A4C8C9FAC,2021-01-04,19,4350300.00,4350300.00,0.00,0.00,0.00,0.00,0.00,15,12,8,0,8090241.94,734572.52,0.00,2,35,280,0.5,0.00,16,-4474514.46,system,2021-01-05 00:05:00.133,system,NULL,4
ICOOL Đồng Đen,7958B58E-AE4E-EB11-80FC-509A4C8C9FAC,2021-01-04,22,33376300.00,33042145.00,265160.00,68995.00,0.00,0.00,0.00,115,87,31,1,10775806.45,7526398.33,0.00,18,7,220,1.24,0.00,25,14739940.22,system,2021-01-05 00:02:00.043,system,NULL,4
ICOOL Phan Chu Trinh,7531D01D-AF4E-EB11-80FC-509A4C8C9FAC,2021-01-04,23,8824900.00,8796235.00,28665.00,0.00,0.00,0.00,0.00,29,20,8,0,8152338.71,1853953.33,0.00,4,13,110,0.57,0.00,14,-1210057.04,system,2021-01-05 00:06:00.133,system,NULL,4
ICOOL Phan Xích Long,1FF9B52F-AF4E-EB11-80FC-509A4C8C9FAC,2021-01-04,24,50358900.00,50008285.00,68065.00,69710.00,212840.00,0.00,0.00,138,118,42,6,14032258.06,9206720.96,0.00,11,5.71,240,1.68,0.00,25,26769305.98,system,2021-01-05 00:06:30.160,system,NULL,4
ICOOL Xô Viết Nghệ Tĩnh,1C1307AD-AF4E-EB11-80FC-509A4C8C9FAC,2021-01-04,4,34172300.00,32959415.00,946215.00,0.00,266670.00,42500.00,0.00,101,72,28,2,16209677.42,7058270.67,0.00,8,11,330,0.97,0.00,29,9733966.91,system,2021-01-05 00:10:00.407,system,NULL,4
ICOOL Tô Ký,400C7953-AF4E-EB11-80FC-509A4C8C9FAC,2021-01-04,5,23084900.00,21612095.00,538815.00,0.00,933990.00,0.00,0.00,38,45,16,0,10919354.84,5978156.63,0.00,9,8,140,0.62,0.00,26,4714583.53,system,2021-01-05 00:07:30.160,system,NULL,4
ICOOL Bình Phú,0E662659-AE4E-EB11-80FC-509A4C8C9FAC,2021-01-04,6,29713100.00,28889000.00,824100.00,0.00,0.00,0.00,0.00,56,32,18,2,21487512.59,6895640.67,0.00,5,11,210,0.75,0.00,24,505846.74,system,2021-01-05 00:00:30.190,system,NULL,4
ICOOL Dương Bá Trạc,C8B999A0-AE4E-EB11-80FC-509A4C8C9FAC,2021-01-04,7,56894300.00,55385340.00,712850.00,110750.00,685360.00,0.00,300000.00,115,100,39,6,18865550.10,11591067.35,0.00,17,8.21,320,1.7,0.00,23,25228722.55,system,2021-01-05 00:02:30.063,system,NULL,4
ICOOL Nguyễn Sơn,BD0E42D6-AE4E-EB11-80FC-509A4C8C9FAC,2021-01-04,9,26327300.00,24631824.00,604206.00,0.00,1091270.00,0.00,0.00,73,57,19,2,8019064.51,6214916.14,0.00,4,7,150,1.36,0.00,14,10397843.35,system,2021-01-05 00:04:00.083,system,NULL,4
ICOOL Ung Văn Khiêm,C91F1AB7-784F-EB11-80FC-509A4C8C9FAC,2021-01-05,1,70358600.00,67598435.00,182315.00,0.00,2577850.00,0.00,0.00,254,69,49,4,25600000.01,15309813.64,0.00,18,6,320,1.4,0.00,35,26688621.35,system,2021-01-06 00:09:06.153,system,NULL,4
ICOOL Thành Thái,3D28816F-784F-EB11-80FC-509A4C8C9FAC,2021-01-05,10,47409200.00,46065120.00,892600.00,0.00,451480.00,0.00,200000.00,156,99,39,4,20213348.39,10185161.18,151655.36,10,9,355,1.39,0.00,28,16018265.79,system,2021-01-06 00:07:06.030,system,NULL,4
ICOOL Nguyễn Trãi,18071616-784F-EB11-80FC-509A4C8C9FAC,2021-01-05,11,21743700.00,21409795.00,333905.00,0.00,0.00,0.00,0.00,60,59,17,2,6587311.84,4604864.96,0.00,13,7,120,1.06,0.00,16,10217618.20,system,2021-01-06 00:04:36.013,system,NULL,4
ICOOL Mạc Đỉnh Chi,F2204DF2-774F-EB11-80FC-509A4C8C9FAC,2021-01-05,12,66519700.00,65064600.00,919800.00,0.00,535300.00,470400.00,0.00,144,92,39,4,22741935.48,14353521.16,36978.00,13,6,260,1.77,0.00,22,28476521.36,system,2021-01-06 00:03:35.977,system,NULL,4
ICOOL Trần Bình Trọng,D15A4B93-784F-EB11-80FC-509A4C8C9FAC,2021-01-05,13,17832000.00,16630520.00,1071100.00,0.00,130380.00,0.00,0.00,56,50,19,5,9345161.29,1972441.33,0.00,5,8.95,170,1.12,0.00,17,5312917.38,system,2021-01-06 00:08:06.077,system,NULL,4
ICOOL Cách Mạng Tháng 8,CCEBD998-774F-EB11-80FC-509A4C8C9FAC,2021-01-05,14,85401800.00,81536195.00,3182905.00,0.00,682700.00,234315.00,0.00,184,161,55,3,18661290.32,18223859.15,1911000.00,18,5,320,1.96,0.00,28,46796360.53,system,2021-01-06 00:01:05.903,system,NULL,4
ICOOL Cầu Chữ Y,0E78B5AA-774F-EB11-80FC-509A4C8C9FAC,2021-01-05,16,7133200.00,6961200.00,172000.00,0.00,0.00,0.00,0.00,19,24,8,0,4903225.80,1453834.40,0.00,5,13,110,0.57,0.00,14,604139.80,system,2021-01-06 00:01:35.863,system,NULL,4
ICOOL Nhị Thiên Đường,8552D539-784F-EB11-80FC-509A4C8C9FAC,2021-01-05,17,22100400.00,21381645.00,124855.00,0.00,593900.00,152750.00,0.00,66,38,16,0,10135483.88,4842370.22,0.00,2,8,140,1,0.00,16,6556540.90,system,2021-01-06 00:05:35.987,system,NULL,4
ICOOL Trần Não,38AA30A5-784F-EB11-80FC-509A4C8C9FAC,2021-01-05,18,68679800.00,67573220.00,1106580.00,0.00,0.00,498000.00,0.00,175,153,39,4,16096774.20,16245996.17,135962.52,15,6,270,1.95,0.00,20,35864412.15,system,2021-01-06 00:08:36.100,system,NULL,4
ICOOL Nguyễn Tri Phương,80B0F027-784F-EB11-80FC-509A4C8C9FAC,2021-01-05,19,16149500.00,15884950.00,0.00,0.00,264550.00,137100.00,0.00,52,36,19,3,8090241.94,3346150.91,0.00,0,14.74,280,1.19,0.00,16,4585657.15,system,2021-01-06 00:05:05.967,system,NULL,4
ICOOL Đồng Đen,ED76A1BC-774F-EB11-80FC-509A4C8C9FAC,2021-01-05,22,32079500.00,30885270.00,506700.00,0.00,687530.00,0.00,0.00,109,71,33,3,10775806.45,6764660.52,93384.00,10,6,220,1.32,0.00,25,13438187.03,system,2021-01-06 00:02:05.933,system,NULL,4
ICOOL Phan Chu Trinh,CECBB54B-784F-EB11-80FC-509A4C8C9FAC,2021-01-05,23,20417400.00,19131650.00,872310.00,0.00,413440.00,0.00,0.00,55,33,17,1,8152338.71,4370278.01,0.00,8,7,120,1.21,0.00,14,6609033.28,system,2021-01-06 00:06:05.980,system,NULL,4
ICOOL Phan Xích Long,9D729E5D-784F-EB11-80FC-509A4C8C9FAC,2021-01-05,24,58996700.00,56951285.00,1243825.00,0.00,801590.00,0.00,0.00,155,111,43,8,14032258.06,11516462.49,0.00,18,5.58,240,1.72,0.00,25,31402564.45,system,2021-01-06 00:06:36.027,system,NULL,4
ICOOL Xô Viết Nghệ Tĩnh,9303DADA-784F-EB11-80FC-509A4C8C9FAC,2021-01-05,4,46203600.00,45363395.00,840205.00,0.00,0.00,212900.00,0.00,122,90,35,0,16209677.42,11185937.10,0.00,12,9,330,1.21,0.00,29,18180680.48,system,2021-01-06 00:10:06.130,system,NULL,4
ICOOL Tô Ký,920F6A81-784F-EB11-80FC-509A4C8C9FAC,2021-01-05,5,21940600.00,21358725.00,333355.00,0.00,248520.00,0.00,0.00,56,60,19,0,10919354.84,5293063.10,0.00,2,7,150,0.73,0.00,26,5146307.06,system,2021-01-06 00:07:36.080,system,NULL,4
ICOOL Bình Phú,7CD9F286-774F-EB11-80FC-509A4C8C9FAC,2021-01-05,6,40067400.00,36749870.00,1287400.00,34450.00,1995680.00,0.00,0.00,118,61,26,1,21487512.59,9188447.65,0.00,5,8,210,1.08,0.00,24,6073909.76,system,2021-01-06 00:00:35.867,system,NULL,4
ICOOL Dương Bá Trạc,1BD083CE-774F-EB11-80FC-509A4C8C9FAC,2021-01-05,7,84039800.00,79230405.00,959330.00,388025.00,3462040.00,0.00,0.00,165,143,48,5,18865550.10,17324118.01,0.00,21,6.67,320,2.09,0.00,23,43040736.89,system,2021-01-06 00:02:35.937,system,NULL,4
ICOOL Nguyễn Sơn,E2C62A04-784F-EB11-80FC-509A4C8C9FAC,2021-01-05,9,31215400.00,30336600.00,878800.00,0.00,0.00,312280.00,0.00,86,71,25,4,8019064.51,7455003.15,0.00,2,6,160,1.79,0.00,14,15174812.34,system,2021-01-06 00:04:05.950,system,NULL,4
ICOOL Ung Văn Khiêm,84E854E3-4150-EB11-80FC-509A4C8C9FAC,2021-01-06,1,103485900.00,98376834.50,1836314.00,520691.50,2752060.00,130200.00,0.00,301,172,64,6,25600000.01,21653980.81,23500.00,19,5,320,1.83,0.00,35,51276553.68,system,2021-01-07 00:09:09.200,system,NULL,4
ICOOL Thành Thái,E15B4C9C-4150-EB11-80FC-509A4C8C9FAC,2021-01-06,10,80995000.00,76931343.00,4063657.00,0.00,0.00,514390.00,0.00,223,160,40,5,20213348.39,17076085.41,0.00,3,8,356,1.43,0.00,28,40156299.20,system,2021-01-07 00:07:10.027,system,NULL,4
ICOOL Nguyễn Trãi,A6644A42-4150-EB11-80FC-509A4C8C9FAC,2021-01-06,11,11344000.00,11000120.00,112040.00,0.00,231840.00,150740.00,0.00,36,24,12,0,6587311.84,5518055.96,3106815.89,6,9,110,0.75,0.00,16,2152308.09,system,2021-01-07 00:04:39.017,system,NULL,4
ICOOL Mạc Đỉnh Chi,7C3F7C1E-4150-EB11-80FC-509A4C8C9FAC,2021-01-06,12,53387900.00,52555675.00,399805.00,0.00,432420.00,526850.00,0.00,100,96,34,7,22741935.48,10392369.19,0.00,17,7,260,1.55,0.00,22,19948220.33,system,2021-01-07 00:03:38.947,system,NULL,4
ICOOL Trần Bình Trọng,D35D89BF-4150-EB11-80FC-509A4C8C9FAC,2021-01-06,13,28071100.00,26802655.00,1038925.00,0.00,229520.00,0.00,1030000.00,63,58,21,6,9345161.29,6071588.34,0.00,4,8.1,170,1.24,0.00,17,12415905.37,system,2021-01-07 00:08:09.147,system,NULL,4
ICOOL Cách Mạng Tháng 8,29450BC5-4050-EB11-80FC-509A4C8C9FAC,2021-01-06,14,62110900.00,58452350.00,2090850.00,0.00,1567700.00,0.00,0.00,119,95,37,4,18661290.32,10779338.15,0.00,12,8,320,1.32,0.00,28,29011721.53,system,2021-01-07 00:01:08.890,system,NULL,4
ICOOL Cầu Chữ Y,8094FED6-4050-EB11-80FC-509A4C8C9FAC,2021-01-06,16,12549500.00,11344600.00,1096000.00,0.00,108900.00,0.00,495000.00,30,29,11,1,4903225.80,2229575.20,0.00,3,9,100,0.79,0.00,14,4706799.00,system,2021-01-07 00:01:39.003,system,NULL,4
ICOOL Nhị Thiên Đường,63131166-4150-EB11-80FC-509A4C8C9FAC,2021-01-06,17,12112700.00,11554637.00,151660.00,134513.00,271890.00,255575.00,0.00,25,18,10,0,10135483.88,2650189.46,218425.00,2,13,130,0.63,0.00,16,-757036.34,system,2021-01-07 00:05:39.040,system,NULL,4
ICOOL Trần Não,3B8072D1-4150-EB11-80FC-509A4C8C9FAC,2021-01-06,18,54426100.00,53994243.00,98857.00,0.00,333000.00,499820.00,0.00,152,149,43,10,16096774.20,12673671.20,273500.00,19,5,220,2.15,0.00,20,25997117.60,system,2021-01-07 00:08:39.197,system,NULL,4
ICOOL Nguyễn Tri Phương,95362D54-4150-EB11-80FC-509A4C8C9FAC,2021-01-06,19,14293200.00,13396030.00,797600.00,0.00,99570.00,0.00,0.00,42,39,18,1,8090241.94,2513177.29,0.00,6,15.56,280,1.13,0.00,16,2792610.77,system,2021-01-07 00:05:09.027,system,NULL,4
ICOOL Đồng Đen,24DED8E8-4050-EB11-80FC-509A4C8C9FAC,2021-01-06,22,34247600.00,33482865.00,476155.00,0.00,288580.00,107703.00,0.00,113,85,33,10,10775806.45,6971499.23,0.00,11,6,220,1.32,0.00,25,15843262.32,system,2021-01-07 00:02:08.957,system,NULL,4
ICOOL Phan Chu Trinh,02A3F377-4150-EB11-80FC-509A4C8C9FAC,2021-01-06,23,21124500.00,19824900.00,1087650.00,0.00,211950.00,0.00,0.00,59,54,21,3,8152338.71,4352653.01,0.00,2,5.24,110,1.5,0.00,14,7319908.28,system,2021-01-07 00:06:09.047,system,NULL,4
ICOOL Phan Xích Long,608FDC89-4150-EB11-80FC-509A4C8C9FAC,2021-01-06,24,58371300.00,57330575.00,960535.00,0.00,80190.00,0.00,3300000.00,139,117,42,10,14032258.06,12997488.44,80000.00,19,5.71,240,1.68,0.00,25,33680828.50,system,2021-01-07 00:06:39.093,system,NULL,4
ICOOL Xô Viết Nghệ Tĩnh,21DF1707-4250-EB11-80FC-509A4C8C9FAC,2021-01-06,4,31577200.00,30693170.00,884030.00,0.00,0.00,0.00,0.00,116,87,32,2,16209677.42,11916433.61,4900000.00,14,10,330,1.1,0.00,29,7467058.97,system,2021-01-07 00:10:09.200,system,NULL,4
ICOOL Tô Ký,1BDAA0AD-4150-EB11-80FC-509A4C8C9FAC,2021-01-06,5,28176600.00,26888205.00,439800.00,65625.00,782970.00,0.00,0.00,57,57,22,1,10919354.84,7392280.35,0.00,5,6,140,0.85,0.00,26,8576569.81,system,2021-01-07 00:07:39.100,system,NULL,4
ICOOL Bình Phú,01C92BB3-4050-EB11-80FC-509A4C8C9FAC,2021-01-06,6,56195200.00,53890425.80,1789861.00,295633.20,219280.00,0.00,0.00,162,129,43,5,21487512.59,12197921.17,0.00,5,4,210,1.79,0.00,24,20204992.04,system,2021-01-07 00:00:38.903,system,NULL,4
ICOOL Dương Bá Trạc,328DBDFA-4050-EB11-80FC-509A4C8C9FAC,2021-01-06,7,66488300.00,64496835.00,770425.00,0.00,1221040.00,124300.00,0.00,116,101,37,7,18865550.10,15157871.35,0.00,27,8.65,320,1.61,0.00,23,30597713.56,system,2021-01-07 00:02:38.977,system,NULL,4
ICOOL Nguyễn Sơn,F1366230-4150-EB11-80FC-509A4C8C9FAC,2021-01-06,9,26538000.00,26155080.00,265840.00,0.00,117080.00,0.00,0.00,81,55,26,3,8019064.51,5416325.96,0.00,18,5,150,1.86,0.00,14,12719689.53,system,2021-01-07 00:04:08.977,system,NULL,4
ICOOL Ung Văn Khiêm,5FD90D17-0B51-EB11-80FC-509A4C8C9FAC,2021-01-07,1,108403500.00,104167425.00,2577275.00,0.00,1658800.00,97760.00,0.00,297,205,67,9,25600000.01,19932577.68,0.00,30,4,320,1.91,0.00,35,58732607.31,system,2021-01-08 00:09:24.820,system,NULL,4
ICOOL Thành Thái,70A27ACF-0A51-EB11-80FC-509A4C8C9FAC,2021-01-07,10,62294700.00,60898564.00,1297006.00,0.00,99130.00,379122.00,0.00,205,159,54,7,20213348.39,11328979.12,0.00,13,6,367,1.93,0.00,28,29735358.49,system,2021-01-08 00:07:24.737,system,NULL,4
ICOOL Nguyễn Trãi,41770476-0A51-EB11-80FC-509A4C8C9FAC,2021-01-07,11,17735100.00,17252080.00,352940.00,0.00,130080.00,0.00,0.00,39,76,19,1,6587311.84,3926406.57,0.00,5,6,130,1.19,0.00,16,6738361.59,system,2021-01-08 00:04:54.643,system,NULL,4
ICOOL Mạc Đỉnh Chi,CBA23A52-0A51-EB11-80FC-509A4C8C9FAC,2021-01-07,12,69238500.00,67462010.00,1288185.00,84035.00,404270.00,613910.00,0.00,141,127,46,8,22741935.48,14194880.86,0.00,34,5,270,2.19,0.00,21,31139103.66,system,2021-01-08 00:03:54.600,system,NULL,4
ICOOL Trần Bình Trọng,7B8D3EF3-0A51-EB11-80FC-509A4C8C9FAC,2021-01-07,13,35556300.00,33879990.00,1055820.00,207500.00,412990.00,0.00,0.00,71,75,24,1,9345161.29,6604452.67,0.00,6,7.5,180,1.41,0.00,17,17930376.04,system,2021-01-08 00:08:24.740,system,NULL,4
ICOOL Cách Mạng Tháng 8,476BCBF8-0951-EB11-80FC-509A4C8C9FAC,2021-01-07,14,74016300.00,72663519.00,690371.00,0.00,662410.00,438354.00,0.00,172,138,50,4,18661290.32,15088145.64,0.00,11,6,310,1.79,0.00,28,39352437.04,system,2021-01-08 00:01:24.553,system,NULL,4
ICOOL Cầu Chữ Y,68D4AA0A-0A51-EB11-80FC-509A4C8C9FAC,2021-01-07,16,16575900.00,16057040.00,362200.00,0.00,156660.00,0.00,0.00,38,41,15,2,4903225.80,3377079.47,0.00,8,6,100,1.07,0.00,14,7776734.73,system,2021-01-08 00:01:54.540,system,NULL,4
ICOOL Nhị Thiên Đường,A25AC799-0A51-EB11-80FC-509A4C8C9FAC,2021-01-07,17,28790900.00,27761260.00,577110.00,0.00,452530.00,0.00,0.00,47,99,19,8,10135483.88,6264416.34,0.00,4,7,140,1.19,0.00,16,11361359.78,system,2021-01-08 00:05:54.640,system,NULL,4
ICOOL Trần Não,83242805-0B51-EB11-80FC-509A4C8C9FAC,2021-01-07,18,71760900.00,70750475.00,507825.00,89200.00,413400.00,304077.00,0.00,259,158,49,8,16096774.20,16266685.96,65489.00,23,5,260,2.45,0.00,20,38756580.84,system,2021-01-08 00:08:54.793,system,NULL,4
ICOOL Nguyễn Tri Phương,7596E487-0A51-EB11-80FC-509A4C8C9FAC,2021-01-07,19,14605400.00,14057770.00,330000.00,0.00,217630.00,0.00,0.00,46,33,18,4,8090241.94,2357182.37,0.00,0,15.56,280,1.13,0.00,16,3610345.69,system,2021-01-08 00:05:24.633,system,NULL,4
ICOOL Đồng Đen,8C988D1C-0A51-EB11-80FC-509A4C8C9FAC,2021-01-07,22,43479900.00,42462850.00,858740.00,0.00,158310.00,0.00,0.00,164,103,32,5,10775806.45,10097641.63,0.00,14,6,220,1.28,0.00,25,21589401.92,system,2021-01-08 00:02:24.547,system,NULL,4
ICOOL Phan Chu Trinh,1E30ACAB-0A51-EB11-80FC-509A4C8C9FAC,2021-01-07,23,13443700.00,13409935.00,33765.00,0.00,0.00,0.00,80000.00,35,15,16,0,8152338.71,2289799.57,0.00,5,7.5,120,1.14,0.00,14,3047796.72,system,2021-01-08 00:06:24.660,system,NULL,4
ICOOL Phan Xích Long,498894BD-0A51-EB11-80FC-509A4C8C9FAC,2021-01-07,24,56686000.00,54571608.75,930795.00,100656.25,1082940.00,420833.00,0.00,152,126,46,10,14032258.06,11158805.57,384580.00,12,5.22,240,1.84,0.00,25,30185958.12,system,2021-01-08 00:06:54.707,system,NULL,4
ICOOL Xô Viết Nghệ Tĩnh,DACCD33A-0B51-EB11-80FC-509A4C8C9FAC,2021-01-07,4,43890300.00,42892742.00,997558.00,0.00,0.00,124500.00,0.00,136,91,35,3,16209677.42,10090786.58,4307296.00,9,9,330,1.21,0.00,29,21024074.00,system,2021-01-08 00:10:24.837,system,NULL,4
ICOOL Tô Ký,286F65E1-0A51-EB11-80FC-509A4C8C9FAC,2021-01-07,5,29511000.00,28636585.00,604905.00,113250.00,156260.00,0.00,0.00,71,62,23,3,10919354.84,7445774.11,0.00,4,6,150,0.88,0.00,26,10271456.05,system,2021-01-08 00:07:54.797,system,NULL,4
ICOOL Bình Phú,F8BCF6E7-0951-EB11-80FC-509A4C8C9FAC,2021-01-07,6,62910900.00,60628742.00,1244005.00,278403.00,759750.00,80513.00,0.00,176,79,38,3,21487512.59,13986681.11,0.00,6,5,210,1.58,0.00,24,25235061.30,system,2021-01-08 00:00:56.317,system,NULL,4
ICOOL Dương Bá Trạc,4442752E-0A51-EB11-80FC-509A4C8C9FAC,2021-01-07,7,78873101.00,76657516.00,1590985.00,0.00,624600.00,941950.00,0.00,147,122,48,5,18865550.10,15998995.41,0.00,23,6.67,320,2.09,0.00,23,42734920.49,system,2021-01-08 00:02:54.587,system,NULL,4
ICOOL Nguyễn Sơn,CAB41A64-0A51-EB11-80FC-509A4C8C9FAC,2021-01-07,9,18941400.00,18720155.00,124845.00,0.00,96400.00,0.00,0.00,61,52,20,1,8019064.51,4195075.96,0.00,9,7,150,1.43,0.00,14,6506014.53,system,2021-01-08 00:04:24.590,system,NULL,4
ICOOL Ung Văn Khiêm,30ABBE41-D451-EB11-80FC-509A4C8C9FAC,2021-01-08,1,149106100.00,143118812.00,2040638.00,80900.00,3865750.00,530420.00,0.00,398,198,79,3,25600000.01,31491508.36,2774674.00,34,3,300,2.26,0.00,35,89332397.63,system,2021-01-09 00:09:25.283,system,NULL,4
ICOOL Thành Thái,538F2CFA-D351-EB11-80FC-509A4C8C9FAC,2021-01-08,10,82977100.00,79903564.00,2208366.00,0.00,865170.00,155700.00,100000.00,203,191,56,5,20213348.39,15097842.04,0.00,20,6,360,2,0.00,28,44848073.57,system,2021-01-09 00:07:25.210,system,NULL,4
ICOOL Nguyễn Trãi,50E1BBA0-D351-EB11-80FC-509A4C8C9FAC,2021-01-08,11,32095500.00,31438660.00,341440.00,315400.00,0.00,128100.00,0.00,83,69,22,2,6587311.84,6812172.68,258846.00,6,7,160,1.38,0.00,16,18426121.48,system,2021-01-09 00:04:55.153,system,NULL,4
ICOOL Mạc Đỉnh Chi,1390EF7C-D351-EB11-80FC-509A4C8C9FAC,2021-01-08,12,88619500.00,85975415.00,1468105.00,0.00,1175980.00,0.00,0.00,153,178,53,2,22741935.48,15802603.05,0.00,18,5,300,2.52,0.00,21,47430876.47,system,2021-01-09 00:03:55.093,system,NULL,4
ICOOL Trần Bình Trọng,1C8DF61D-D451-EB11-80FC-509A4C8C9FAC,2021-01-08,13,50343200.00,48094210.00,1350790.00,0.00,898200.00,0.00,0.00,118,82,32,3,9345161.29,15300139.17,5965553.33,15,6.88,220,1.88,0.00,17,29414462.87,system,2021-01-09 00:08:25.253,system,NULL,4
ICOOL Cách Mạng Tháng 8,711C8423-D351-EB11-80FC-509A4C8C9FAC,2021-01-08,14,126701300.00,122636297.00,2897153.00,141700.00,1026150.00,411980.00,0.00,189,156,63,7,18661290.32,23441333.74,0.00,19,5,360,2.25,0.00,28,80945652.94,system,2021-01-09 00:01:25.070,system,NULL,4
ICOOL Cầu Chữ Y,C0F06435-D351-EB11-80FC-509A4C8C9FAC,2021-01-08,16,14378600.00,13720765.00,532075.00,0.00,125760.00,0.00,0.00,29,30,13,3,4903225.80,2181928.60,0.00,8,10,130,0.93,0.00,14,6635610.60,system,2021-01-09 00:01:55.067,system,NULL,4
ICOOL Nhị Thiên Đường,C2C880C4-D351-EB11-80FC-509A4C8C9FAC,2021-01-08,17,37287700.00,36652790.50,191760.00,186269.50,256880.00,0.00,0.00,61,53,24,2,10135483.88,7720592.21,0.00,5,6,150,1.5,0.00,16,18796714.41,system,2021-01-09 00:05:55.163,system,NULL,4
ICOOL Trần Não,0250D42F-D451-EB11-80FC-509A4C8C9FAC,2021-01-08,18,97053800.00,94496472.50,1873400.00,82647.50,601280.00,433270.00,150000.00,223,200,54,5,16096774.20,21494283.01,0.00,22,5,300,2.7,0.00,20,57488685.29,system,2021-01-09 00:08:55.227,system,NULL,4
ICOOL Nguyễn Tri Phương,CAD09BB2-D351-EB11-80FC-509A4C8C9FAC,2021-01-08,19,29857600.00,29227600.00,630000.00,0.00,0.00,0.00,0.00,90,83,31,1,8090241.94,5065421.00,0.00,2,9.03,280,1.94,0.00,16,16071937.06,system,2021-01-09 00:05:25.140,system,NULL,4
ICOOL Đồng Đen,0C7B4647-D351-EB11-80FC-509A4C8C9FAC,2021-01-08,22,61489200.00,61020215.00,411150.00,57835.00,0.00,0.00,0.00,167,137,39,1,10775806.45,10979031.92,0.00,4,6,250,1.56,0.00,25,39265376.63,system,2021-01-09 00:02:25.067,system,NULL,4
ICOOL Phan Chu Trinh,26A561D6-D351-EB11-80FC-509A4C8C9FAC,2021-01-08,23,53540300.00,51525350.00,1686350.00,0.00,328600.00,0.00,100000.00,97,79,34,2,8152338.71,10945944.35,0.00,7,4.41,150,2.43,0.00,14,32527066.94,system,2021-01-09 00:06:25.160,system,NULL,4
ICOOL Phan Xích Long,FD0348E8-D351-EB11-80FC-509A4C8C9FAC,2021-01-08,24,93047400.00,90992952.00,1180593.00,82255.00,791600.00,338760.00,0.00,189,178,55,14,14032258.06,16457134.26,93000.00,22,4.36,240,2.2,0.00,25,60935319.68,system,2021-01-09 00:06:55.190,system,NULL,4
ICOOL Xô Viết Nghệ Tĩnh,6B528565-D451-EB11-80FC-509A4C8C9FAC,2021-01-08,4,49721700.00,46941210.00,1598240.00,0.00,1182250.00,141513.00,0.00,158,121,39,4,16209677.42,14692509.47,0.00,15,8,320,1.34,0.00,29,16180536.11,system,2021-01-09 00:10:25.307,system,NULL,4
ICOOL Tô Ký,598C150C-D451-EB11-80FC-509A4C8C9FAC,2021-01-08,5,51881500.00,50523075.00,315190.00,135335.00,907900.00,0.00,3180000.00,89,89,32,4,10919354.84,12212292.02,0.00,4,5,190,1.23,0.00,26,30571428.14,system,2021-01-09 00:07:55.257,system,NULL,4
ICOOL Bình Phú,6CBCD211-D351-EB11-80FC-509A4C8C9FAC,2021-01-08,6,60061600.00,57890810.00,491655.00,56425.00,1622710.00,0.00,0.00,198,130,39,2,21487512.59,12521153.86,0.00,5,7,310,1.63,0.00,24,23882143.55,system,2021-01-09 00:00:55.390,system,NULL,4
ICOOL Dương Bá Trạc,E5F23359-D351-EB11-80FC-509A4C8C9FAC,2021-01-08,7,103099800.00,101754510.00,629290.00,86950.00,629050.00,127450.00,0.00,196,123,59,15,18865550.10,20799528.36,0.00,21,5.42,320,2.57,0.00,23,62216881.54,system,2021-01-09 00:02:55.143,system,NULL,4
ICOOL Nguyễn Sơn,2247CF8E-D351-EB11-80FC-509A4C8C9FAC,2021-01-08,9,31629400.00,31205020.00,277020.00,0.00,147360.00,122033.00,0.00,69,65,23,6,8019064.52,7081949.67,0.00,10,8.7,200,1.64,0.00,14,16226038.81,system,2021-01-09 00:04:25.080,system,NULL,4
ICOOL Ung Văn Khiêm,DDC4A162-9D52-EB11-80FC-509A4C8C9FAC,2021-01-09,1,178718200.00,176194731.25,1791870.00,731598.75,0.00,217600.00,0.00,458,276,98,5,25600000.01,38920295.77,32190.00,37,3,300,2.8,0.00,35,111924225.47,system,2021-01-10 00:09:09.303,system,NULL,4
ICOOL Thành Thái,0952141B-9D52-EB11-80FC-509A4C8C9FAC,2021-01-09,10,119831500.00,117203369.50,1329910.00,437040.50,861180.00,0.00,0.00,297,251,74,7,20213348.39,22514145.85,0.00,28,4,369,2.64,0.00,28,74475875.26,system,2021-01-10 00:07:09.257,system,NULL,4
ICOOL Nguyễn Trãi,952499C1-9C52-EB11-80FC-509A4C8C9FAC,2021-01-09,11,33391200.00,31846695.00,1066265.00,50270.00,427970.00,171473.50,0.00,81,79,28,5,6587311.84,6990463.77,2404400.00,11,5,160,1.75,0.00,16,20844792.89,system,2021-01-10 00:04:39.133,system,NULL,4
ICOOL Mạc Đỉnh Chi,B977D29D-9C52-EB11-80FC-509A4C8C9FAC,2021-01-09,12,106184800.00,104098233.75,1535705.00,347781.25,203080.00,307010.00,110000.00,240,180,62,6,22741935.48,18343640.91,0.00,18,4,300,2.95,0.00,21,63429667.36,system,2021-01-10 00:03:39.110,system,NULL,4
ICOOL Trần Bình Trọng,DD7ED73E-9D52-EB11-80FC-509A4C8C9FAC,2021-01-09,13,49144200.00,47211595.00,990905.00,0.00,941700.00,0.00,0.00,111,111,38,10,9345161.29,7409025.80,0.00,11,5.79,220,2.24,0.00,17,30457407.91,system,2021-01-10 00:08:09.257,system,NULL,4
ICOOL Cách Mạng Tháng 8,3E815B44-9C52-EB11-80FC-509A4C8C9FAC,2021-01-09,14,150183500.00,144949470.00,3094820.00,48790.00,2090420.00,1449956.00,0.00,317,270,80,17,18661290.32,27452772.37,0.00,20,4,360,2.86,0.00,28,100285363.31,system,2021-01-10 00:01:09.013,system,NULL,4
ICOOL Cầu Chữ Y,AA513B56-9C52-EB11-80FC-509A4C8C9FAC,2021-01-09,16,29129100.00,28543510.00,482330.00,0.00,103260.00,0.00,0.00,68,58,24,5,4903225.80,4924171.27,0.00,16,5,130,1.71,0.00,14,18716112.93,system,2021-01-10 00:01:39.003,system,NULL,4
ICOOL Nhị Thiên Đường,859E5CE5-9C52-EB11-80FC-509A4C8C9FAC,2021-01-09,17,60521100.00,59409932.00,610048.00,0.00,501120.00,0.00,0.00,98,89,35,2,10135483.88,12963664.34,1599166.66,7,5,190,2.19,0.00,16,37909950.44,system,2021-01-10 00:05:39.133,system,NULL,4
ICOOL Trần Não,A6C5BA50-9D52-EB11-80FC-509A4C8C9FAC,2021-01-09,18,116517400.00,113227400.00,1294400.00,0.00,1995600.00,1920800.00,0.00,301,241,67,4,16096774.20,63450583.50,37696689.43,27,4,300,3.35,0.00,20,73297531.73,system,2021-01-10 00:08:39.267,system,NULL,4
ICOOL Nguyễn Tri Phương,8F3684D3-9C52-EB11-80FC-509A4C8C9FAC,2021-01-09,19,46098800.00,45414640.00,310000.00,55230.00,318930.00,0.00,0.00,126,128,42,1,8090241.94,8227340.58,0.00,2,6.67,280,2.63,0.00,16,29097057.48,system,2021-01-10 00:05:09.197,system,NULL,4
ICOOL Đồng Đen,2C171F68-9C52-EB11-80FC-509A4C8C9FAC,2021-01-09,22,103347800.00,101422017.00,803573.00,37890.00,1084320.00,301820.00,0.00,245,206,56,9,10775806.45,21092692.55,0.00,30,4,260,2.24,0.00,25,69855338.00,system,2021-01-10 00:02:09.017,system,NULL,4
ICOOL Phan Chu Trinh,51C33CF7-9C52-EB11-80FC-509A4C8C9FAC,2021-01-09,23,66276601.00,64844562.00,535795.00,300514.00,595730.00,248950.00,100000.00,147,103,47,7,8152338.71,13941608.35,0.00,12,3.19,150,3.36,0.00,14,43099564.94,system,2021-01-10 00:06:09.123,system,NULL,4
ICOOL Phan Xích Long,AD4D2609-9D52-EB11-80FC-509A4C8C9FAC,2021-01-09,24,97871900.00,96141879.00,1099655.00,84786.00,545580.00,372581.50,0.00,213,181,65,6,14032258.06,16377956.31,0.00,18,3.69,240,2.6,0.00,25,66104246.13,system,2021-01-10 00:06:39.177,system,NULL,4
ICOOL Xô Viết Nghệ Tĩnh,BF597486-9D52-EB11-80FC-509A4C8C9FAC,2021-01-09,4,124998200.00,121800395.00,1492605.00,0.00,1705200.00,253900.00,0.00,364,255,76,2,16209677.42,27876198.15,0.00,26,4,320,2.62,0.00,29,77968419.43,system,2021-01-10 00:10:09.403,system,NULL,4
ICOOL Tô Ký,A454F12C-9D52-EB11-80FC-509A4C8C9FAC,2021-01-09,5,54739300.00,52910270.00,1122325.00,196365.00,510340.00,0.00,0.00,103,88,41,2,10919354.84,11904649.35,0.00,24,4,200,1.58,0.00,26,30086265.81,system,2021-01-10 00:07:39.227,system,NULL,4
ICOOL Bình Phú,DCC9D832-9C52-EB11-80FC-509A4C8C9FAC,2021-01-09,6,91265400.00,87441024.00,2626066.00,305550.00,892760.00,221440.00,200000.00,215,183,55,8,21487512.59,17765583.55,0.00,16,5,310,2.29,0.00,24,48609367.86,system,2021-01-10 00:00:39.637,system,NULL,4
ICOOL Dương Bá Trạc,7165047A-9C52-EB11-80FC-509A4C8C9FAC,2021-01-09,7,152078900.00,147788063.00,2073007.00,27640.00,2190190.00,0.00,0.00,274,258,82,7,18865550.10,31770652.46,0.00,21,3.9,320,3.57,0.00,23,97151860.44,system,2021-01-10 00:02:39.040,system,NULL,4
ICOOL Nguyễn Sơn,5E1EB4AF-9C52-EB11-80FC-509A4C8C9FAC,2021-01-09,9,49905000.00,49250570.00,281910.00,0.00,372520.00,348600.00,0.00,142,135,38,2,8019064.52,11405887.20,0.00,15,5.26,200,2.71,0.00,14,30174218.28,system,2021-01-10 00:04:09.110,system,NULL,4
ICOOL Ung Văn Khiêm,6A1B488D-6653-EB11-80FC-509A4C8C9FAC,2021-01-10,1,122746200.00,117100175.00,2039865.00,0.00,3606160.00,253700.00,0.00,375,181,79,6,25600000.01,25794509.83,87880.00,46,3,300,2.26,0.00,35,66047245.16,system,2021-01-11 00:09:09.700,system,NULL,4
ICOOL Thành Thái,B60CBA45-6653-EB11-80FC-509A4C8C9FAC,2021-01-10,10,86761700.00,85687100.00,580120.00,0.00,494480.00,0.00,50000.00,227,199,57,8,20213348.39,17595053.13,0.00,35,6,346,2.04,0.00,28,47928698.48,system,2021-01-11 00:07:09.650,system,NULL,4
ICOOL Nguyễn Trãi,5A1945EC-6553-EB11-80FC-509A4C8C9FAC,2021-01-10,11,28092700.00,27350955.00,574755.00,0.00,166990.00,0.00,0.00,73,75,24,1,6587311.84,4961632.23,0.00,11,6,160,1.5,0.00,16,15802010.93,system,2021-01-11 00:04:39.567,system,NULL,4
ICOOL Mạc Đỉnh Chi,985F8CC8-6553-EB11-80FC-509A4C8C9FAC,2021-01-10,12,87568200.00,86246815.00,487365.00,0.00,834020.00,276120.00,0.00,193,157,55,6,22741935.48,15295566.73,0.00,34,4,270,2.62,0.00,21,48485432.79,system,2021-01-11 00:03:39.637,system,NULL,4
ICOOL Trần Bình Trọng,42318169-6653-EB11-80FC-509A4C8C9FAC,2021-01-10,13,28678700.00,27654060.00,847940.00,0.00,176700.00,0.00,0.00,64,58,19,4,9345161.29,5873589.75,0.00,16,9.47,180,1.12,0.00,17,12435308.96,system,2021-01-11 00:08:09.677,system,NULL,4
ICOOL Cách Mạng Tháng 8,2A140D6F-6553-EB11-80FC-509A4C8C9FAC,2021-01-10,14,93394801.00,90926170.90,1670415.00,86475.00,711740.10,0.00,0.00,215,184,65,10,18661290.32,15313033.23,0.00,23,5,340,2.32,0.00,28,56951847.35,system,2021-01-11 00:01:09.483,system,NULL,4
ICOOL Cầu Chữ Y,E58BE380-6553-EB11-80FC-509A4C8C9FAC,2021-01-10,16,20801000.00,19594807.00,1206193.00,0.00,0.00,0.00,0.00,47,35,17,5,4903225.80,4066171.54,0.00,12,7,120,1.21,0.00,14,10625409.66,system,2021-01-11 00:01:39.410,system,NULL,4
ICOOL Nhị Thiên Đường,C6341410-6653-EB11-80FC-509A4C8C9FAC,2021-01-10,17,36748000.00,35780680.00,606650.00,0.00,360670.00,0.00,50000.00,71,56,26,4,10135483.88,0.00,0.00,8,7,200,1.63,0.00,16,25695196.12,system,2021-01-11 00:05:39.643,system,NULL,4
ICOOL Trần Não,4196687B-6653-EB11-80FC-509A4C8C9FAC,2021-01-10,18,98764700.00,97510583.00,1058117.00,0.00,196000.00,277680.00,418000.00,274,219,61,2,16096774.20,22004899.39,47079.00,31,4,260,3.05,0.00,20,60151668.41,system,2021-01-11 00:08:39.713,system,NULL,4
ICOOL Nguyễn Tri Phương,616A30FE-6553-EB11-80FC-509A4C8C9FAC,2021-01-10,19,29031800.00,28745995.00,39515.00,0.00,246290.00,332050.00,0.00,69,74,28,8,8090241.94,5119865.44,0.00,3,10,280,1.75,0.00,16,15867937.62,system,2021-01-11 00:05:09.630,system,NULL,4
ICOOL Đồng Đen,8F66CA92-6553-EB11-80FC-509A4C8C9FAC,2021-01-10,22,75202400.00,73807385.00,652745.00,0.00,742270.00,0.00,0.00,212,168,59,12,10775806.45,13221636.60,0.00,25,4,240,2.36,0.00,25,49809941.95,system,2021-01-11 00:02:09.447,system,NULL,4
ICOOL Phan Chu Trinh,D6C7E921-6653-EB11-80FC-509A4C8C9FAC,2021-01-10,23,28278500.00,26899765.00,1093005.00,0.00,285730.00,0.00,180000.00,58,50,24,0,8152338.71,5385321.01,0.00,9,5.83,140,1.71,0.00,14,13542105.28,system,2021-01-11 00:06:09.567,system,NULL,4
ICOOL Phan Xích Long,584FCF33-6653-EB11-80FC-509A4C8C9FAC,2021-01-10,24,73381900.00,72801305.00,245795.00,0.00,334800.00,0.00,0.00,182,172,58,6,14032258.06,11541688.53,0.00,23,4.14,240,2.32,0.00,25,47227358.41,system,2021-01-11 00:06:39.590,system,NULL,4
ICOOL Xô Viết Nghệ Tĩnh,5DC90FB1-6653-EB11-80FC-509A4C8C9FAC,2021-01-10,4,101026300.00,99451087.00,1104673.00,122320.00,348220.00,45900.00,0.00,267,209,70,12,16209677.42,21103264.43,653786.00,36,4,320,2.41,0.00,29,62837831.15,system,2021-01-11 00:10:09.730,system,NULL,4
ICOOL Tô Ký,35249F57-6653-EB11-80FC-509A4C8C9FAC,2021-01-10,5,72547800.00,70721670.00,779970.00,252080.00,794080.00,316400.00,0.00,120,126,49,2,10919354.84,18405162.07,113188.00,16,4,200,1.88,0.00,26,41826741.09,system,2021-01-11 00:07:39.673,system,NULL,4
ICOOL Bình Phú,F568265D-6553-EB11-80FC-509A4C8C9FAC,2021-01-10,6,82099100.00,79229760.00,938720.00,156830.00,1773790.00,0.00,0.00,214,157,53,3,21487512.59,17690493.16,0.00,11,5,310,2.21,0.00,24,40051754.25,system,2021-01-11 00:00:39.450,system,NULL,4
ICOOL Dương Bá Trạc,D3C0B6A4-6553-EB11-80FC-509A4C8C9FAC,2021-01-10,7,94635900.00,92680390.00,1360860.00,183030.00,411620.00,257080.00,200000.00,175,159,68,3,18865550.10,12145062.01,0.00,21,4.71,320,2.96,0.00,23,62126857.89,system,2021-01-11 00:02:39.513,system,NULL,4
ICOOL Nguyễn Sơn,80E25BDA-6553-EB11-80FC-509A4C8C9FAC,2021-01-10,9,57280200.00,55002236.00,1512104.00,0.00,765860.00,0.00,0.00,156,131,41,1,8019064.52,14152456.59,351472.00,20,4.63,190,2.93,0.00,14,33182186.89,system,2021-01-11 00:04:09.517,system,NULL,4
ICOOL Ung Văn Khiêm,763CEED3-7154-EB11-80E8-00155DC46400,2021-01-11,1,102042400.00,99180296.00,2206934.00,0.00,655170.00,1158540.00,0.00,283,133,60,1,25600000.01,22053568.62,0.00,23,5,300,1.71,0.00,35,52685267.37,system,2021-01-12 08:02:23.860,system,NULL,4
ICOOL Thành Thái,F9563A8C-7154-EB11-80E8-00155DC46400,2021-01-11,10,49310500.00,48183067.00,316773.00,0.00,810660.00,0.00,800000.00,146,119,38,6,20213348.39,11577805.93,0.00,16,8,339,1.36,0.00,28,17191912.68,system,2021-01-12 08:00:23.543,system,NULL,4
ICOOL Nguyễn Trãi,9B0B9632-7154-EB11-80E8-00155DC46400,2021-01-11,11,7646600.00,7328910.00,317690.00,0.00,0.00,0.00,0.00,16,16,9,0,6587311.84,1441669.42,0.00,6,14,130,0.56,0.00,16,-700071.26,system,2021-01-12 07:57:53.177,system,NULL,4
ICOOL Mạc Đỉnh Chi,31B5DA0E-7154-EB11-80E8-00155DC46400,2021-01-11,12,53749300.00,53044870.00,369520.00,33690.00,301220.00,418030.00,0.00,106,112,35,5,22741935.48,11081459.00,35200.00,18,7,250,1.67,0.00,21,19674705.52,system,2021-01-12 07:56:53.227,system,NULL,4
ICOOL Trần Bình Trọng,E6410EB0-7154-EB11-80E8-00155DC46400,2021-01-11,13,25074700.00,23957180.00,551620.00,158900.00,407000.00,0.00,200000.00,73,57,20,1,9345161.29,5122903.09,0.00,6,8.5,170,1.18,0.00,17,9689115.62,system,2021-01-12 08:01:23.680,system,NULL,4
ICOOL Cách Mạng Tháng 8,ED0C2AB5-7054-EB11-80E8-00155DC46400,2021-01-11,14,65952100.00,64057148.00,1272012.00,0.00,622940.00,463800.00,0.00,147,133,45,2,18661290.32,11965744.37,384580.00,18,7,340,1.61,0.00,28,34278493.31,system,2021-01-12 07:54:22.743,system,NULL,4
ICOOL Cầu Chữ Y,DB7D09C7-7054-EB11-80E8-00155DC46400,2021-01-11,16,9259600.00,8824600.00,435000.00,0.00,0.00,0.00,0.00,26,19,7,1,4903225.80,2158846.20,0.00,2,14,100,0.5,0.00,14,1762528.00,system,2021-01-12 07:54:52.723,system,NULL,4
ICOOL Nhị Thiên Đường,401D7456-7154-EB11-80E8-00155DC46400,2021-01-11,17,16936700.00,16836700.00,100000.00,0.00,0.00,0.00,0.00,42,29,18,1,10135483.88,3309016.65,0.00,2,7,130,1.13,0.00,16,3392199.47,system,2021-01-12 07:58:53.337,system,NULL,4
ICOOL Trần Não,EEF007C2-7154-EB11-80E8-00155DC46400,2021-01-11,18,60702400.00,59575531.50,650830.00,223638.50,252400.00,403436.00,0.00,158,153,46,3,16096774.20,13556711.69,0.00,10,4,210,2.3,0.00,20,30325481.61,system,2021-01-12 08:01:53.827,system,NULL,4
ICOOL Nguyễn Tri Phương,96758244-7154-EB11-80E8-00155DC46400,2021-01-11,19,18793400.00,17918400.00,875000.00,0.00,0.00,0.00,0.00,55,38,20,1,8090241.94,4104492.67,0.00,1,14,280,1.25,0.00,16,5723665.39,system,2021-01-12 07:58:23.230,system,NULL,4
ICOOL Đồng Đen,8A43F2D8-7054-EB11-80E8-00155DC46400,2021-01-11,22,28785200.00,27648390.00,446100.00,0.00,690710.00,0.00,0.00,92,121,29,3,10775806.45,5671399.44,0.00,25,7,220,1.16,0.00,25,11201184.11,system,2021-01-12 07:55:22.780,system,NULL,4
ICOOL Phan Chu Trinh,47DE5B68-7154-EB11-80E8-00155DC46400,2021-01-11,23,12461200.00,12400255.00,60945.00,0.00,0.00,0.00,0.00,27,20,12,0,8152338.71,2937547.00,0.00,2,9.17,110,0.86,0.00,14,1310369.29,system,2021-01-12 07:59:23.370,system,NULL,4
ICOOL Phan Xích Long,2D204C7A-7154-EB11-80E8-00155DC46400,2021-01-11,24,49286300.00,48063035.00,1165870.00,57395.00,0.00,0.00,0.00,121,99,42,1,14032258.06,8500669.91,283600.00,15,5.71,240,1.68,0.00,25,25813707.03,system,2021-01-12 07:59:53.483,system,NULL,4
ICOOL Xô Viết Nghệ Tĩnh,688EC5F7-7154-EB11-80E8-00155DC46400,2021-01-11,4,42591200.00,41505990.00,1085210.00,0.00,0.00,0.00,0.00,116,91,35,5,16209677.42,9433844.11,0.00,18,9,320,1.21,0.00,29,15862468.47,system,2021-01-12 08:03:23.993,system,NULL,4
ICOOL Tô Ký,F71D429E-7154-EB11-80E8-00155DC46400,2021-01-11,5,27717300.00,25804165.00,821030.00,113645.00,978460.00,0.00,0.00,44,45,20,1,10919354.84,6756272.64,0.00,8,7,150,0.77,0.00,26,8128537.52,system,2021-01-12 08:00:53.803,system,NULL,4
ICOOL Bình Phú,DB1462A3-7054-EB11-80E8-00155DC46400,2021-01-11,6,34891000.00,33409824.25,563712.00,181993.75,735470.00,296000.00,0.00,103,70,25,2,21487512.59,7345500.29,0.00,1,9,230,1.04,0.00,24,4872811.37,system,2021-01-12 07:53:52.917,system,NULL,4
ICOOL Dương Bá Trạc,7F44E7EA-7054-EB11-80E8-00155DC46400,2021-01-11,7,55623900.00,54166072.00,1152298.00,96450.00,209080.00,0.00,100000.00,101,97,41,1,18865550.10,13107908.66,1775637.11,11,7.8,320,1.78,0.00,23,24068250.35,system,2021-01-12 07:55:52.910,system,NULL,4
ICOOL Nguyễn Sơn,9F93A720-7154-EB11-80E8-00155DC46400,2021-01-11,9,17284300.00,16728795.00,315665.00,0.00,239840.00,0.00,0.00,45,42,16,0,8019064.52,4063953.91,0.00,6,9.38,150,1.14,0.00,14,4645776.57,system,2021-01-12 07:57:23.090,system,NULL,4
ICOOL Ung Văn Khiêm,42577CE1-F854-EB11-80FC-509A4C8C9FAC,2021-01-12,1,108596400.00,104822096.00,3510294.00,0.00,264010.00,321552.00,0.00,314,172,68,2,25600000.01,23960688.41,32190.00,29,4,300,1.94,0.00,35,55615149.58,system,2021-01-13 00:09:08.653,system,NULL,4
ICOOL Thành Thái,B413E399-F854-EB11-80FC-509A4C8C9FAC,2021-01-12,10,72499900.00,69614866.00,2048684.00,0.00,836350.00,48060.00,0.00,248,179,57,4,20213348.39,29531143.31,0.00,8,6,351,2.04,0.00,28,19918434.30,system,2021-01-13 00:07:08.533,system,NULL,4
ICOOL Nguyễn Trãi,D9CA6940-F854-EB11-80FC-509A4C8C9FAC,2021-01-12,11,18043000.00,14959225.00,264775.00,0.00,2819000.00,0.00,0.00,45,44,14,0,6587311.84,3999049.77,0.00,7,8,120,0.88,0.00,16,4372863.39,system,2021-01-13 00:04:38.420,system,NULL,4
ICOOL Mạc Đỉnh Chi,092CA31C-F854-EB11-80FC-509A4C8C9FAC,2021-01-12,12,46223600.00,45414975.00,672995.00,44850.00,90780.00,993449.50,0.00,84,77,26,3,22741935.48,9407790.90,0.00,12,10,260,1.24,0.00,21,14258698.12,system,2021-01-13 00:03:38.400,system,NULL,4
ICOOL Trần Bình Trọng,5EE0A7BD-F854-EB11-80FC-509A4C8C9FAC,2021-01-12,13,21224600.00,20788990.00,238910.00,0.00,196700.00,0.00,0.00,48,60,16,6,9345161.29,3995286.67,0.00,5,11.25,180,0.94,0.00,17,7448542.04,system,2021-01-13 00:08:08.543,system,NULL,4
ICOOL Cách Mạng Tháng 8,C1162FC3-F754-EB11-80FC-509A4C8C9FAC,2021-01-12,14,77598901.00,75058591.00,2015120.00,200900.00,324290.00,0.00,0.00,178,148,49,7,18661290.32,14998483.86,0.00,19,6,320,1.75,0.00,28,41398816.82,system,2021-01-13 00:01:08.320,system,NULL,4
ICOOL Cầu Chữ Y,B83014D5-F754-EB11-80FC-509A4C8C9FAC,2021-01-12,16,11454000.00,11391940.00,11040.00,0.00,51020.00,0.00,0.00,33,31,12,1,4903225.80,2074597.87,0.00,9,9,110,0.86,0.00,14,4414116.33,system,2021-01-13 00:01:38.343,system,NULL,4
ICOOL Nhị Thiên Đường,C6D53164-F854-EB11-80FC-509A4C8C9FAC,2021-01-12,17,11607300.00,11486455.00,26445.00,0.00,94400.00,0.00,0.00,39,19,12,2,10135483.88,2435822.34,0.00,2,12,150,0.75,0.00,16,-1084851.22,system,2021-01-13 00:05:38.453,system,NULL,4
ICOOL Trần Não,E9879ACF-F854-EB11-80FC-509A4C8C9FAC,2021-01-12,18,79120400.00,77277575.00,1561845.00,0.00,280980.00,581925.00,200000.00,223,183,54,6,16096774.20,18809208.06,0.00,21,4,240,2.7,0.00,20,43153517.74,system,2021-01-13 00:08:38.653,system,NULL,4
ICOOL Nguyễn Tri Phương,E8D04E52-F854-EB11-80FC-509A4C8C9FAC,2021-01-12,19,20984900.00,19432190.00,1104350.00,0.00,448360.00,0.00,0.00,83,63,25,1,8090241.94,4516656.57,445953.00,4,11.2,280,1.56,0.00,16,7271244.49,system,2021-01-13 00:05:08.443,system,NULL,4
ICOOL Đồng Đen,2FABF5E6-F754-EB11-80FC-509A4C8C9FAC,2021-01-12,22,37634000.00,36948075.00,145000.00,97815.00,443110.00,0.00,0.00,124,103,35,2,10775806.45,7906247.67,0.00,7,6,220,1.4,0.00,25,18266020.88,system,2021-01-13 00:02:08.343,system,NULL,4
ICOOL Phan Chu Trinh,CE691276-F854-EB11-80FC-509A4C8C9FAC,2021-01-12,23,22650300.00,21544075.00,946705.00,0.00,159520.00,0.00,0.00,64,39,19,3,8152338.71,4980168.24,0.00,2,6.32,120,1.36,0.00,14,8411568.05,system,2021-01-13 00:06:08.443,system,NULL,4
ICOOL Phan Xích Long,21E0F787-F854-EB11-80FC-509A4C8C9FAC,2021-01-12,24,67791800.00,65429622.00,2101518.00,0.00,260660.00,0.00,0.00,163,101,39,6,14032258.06,17431053.26,992880.00,21,6.15,240,1.56,0.00,25,34959190.68,system,2021-01-13 00:06:38.470,system,NULL,4
ICOOL Xô Viết Nghệ Tĩnh,52383F05-F954-EB11-80FC-509A4C8C9FAC,2021-01-12,4,33386100.00,32304005.00,834655.00,0.00,247440.00,0.00,0.00,107,70,33,0,16209677.42,7029727.49,0.00,13,9,320,1.14,0.00,29,9064600.09,system,2021-01-13 00:10:08.653,system,NULL,4
ICOOL Tô Ký,9194C5AB-F854-EB11-80FC-509A4C8C9FAC,2021-01-12,5,23326100.00,22836785.00,253745.00,0.00,235570.00,0.00,0.00,50,44,25,3,10919354.84,4872664.24,0.00,11,6,150,0.96,0.00,26,7044765.92,system,2021-01-13 00:07:38.537,system,NULL,4
ICOOL Bình Phú,09C6EAB1-F754-EB11-80FC-509A4C8C9FAC,2021-01-12,6,60225000.00,58599418.00,930622.00,116960.00,578000.00,0.00,0.00,175,140,45,4,21487512.59,13864268.47,0.00,9,5,230,1.88,0.00,24,23247636.94,system,2021-01-13 00:00:39.350,system,NULL,4
ICOOL Dương Bá Trạc,FA7AE1F8-F754-EB11-80FC-509A4C8C9FAC,2021-01-12,7,75266600.00,73518555.00,989795.00,0.00,758250.00,188000.00,0.00,150,132,52,7,18865550.10,15409806.75,0.00,30,6.15,320,2.26,0.00,23,39431198.16,system,2021-01-13 00:02:38.410,system,NULL,4
ICOOL Nguyễn Sơn,01FE852E-F854-EB11-80FC-509A4C8C9FAC,2021-01-12,9,23570900.00,23431740.00,139160.00,0.00,0.00,0.00,0.00,69,56,20,6,8019064.52,5367003.48,0.00,14,8,160,1.43,0.00,14,10045672.00,system,2021-01-13 00:04:08.407,system,NULL,4
ICOOL Ung Văn Khiêm,F4172F0C-C255-EB11-80FC-509A4C8C9FAC,2021-01-13,1,98581900.00,96807235.00,1220155.00,37430.00,517080.00,666867.00,0.00,336,181,68,5,25600000.01,20760429.23,0.00,27,4,300,1.94,0.00,35,51113672.76,system,2021-01-14 00:09:09.137,system,NULL,4
ICOOL Thành Thái,03A69BC4-C155-EB11-80FC-509A4C8C9FAC,2021-01-13,10,47236000.00,45807180.00,1146250.00,0.00,282570.00,626970.00,0.00,137,128,42,1,20213348.39,9610135.35,0.00,12,8,338,1.5,0.00,28,16610666.26,system,2021-01-14 00:07:09.050,system,NULL,4
ICOOL Nguyễn Trãi,E23C1F6B-C155-EB11-80FC-509A4C8C9FAC,2021-01-13,11,19031801.00,18158701.00,873100.00,0.00,0.00,0.00,0.00,22,31,11,3,6587311.84,4894932.19,0.00,3,10,120,0.69,0.00,16,6676456.97,system,2021-01-14 00:04:38.917,system,NULL,4
ICOOL Mạc Đỉnh Chi,C5185D47-C155-EB11-80FC-509A4C8C9FAC,2021-01-13,12,67187400.00,65388150.00,403550.00,57350.00,1338350.00,788410.00,0.00,130,147,42,4,22741935.48,12498240.09,0.00,16,6,260,2,0.00,21,30936384.43,system,2021-01-14 00:03:38.923,system,NULL,4
ICOOL Trần Bình Trọng,5D3464E8-C155-EB11-80FC-509A4C8C9FAC,2021-01-13,13,19713800.00,18879790.00,834010.00,0.00,0.00,0.00,0.00,54,44,20,3,9345161.29,3842328.67,0.00,4,9,180,1.18,0.00,17,5692300.04,system,2021-01-14 00:08:09.083,system,NULL,4
ICOOL Cách Mạng Tháng 8,9CBCE3ED-C055-EB11-80FC-509A4C8C9FAC,2021-01-13,14,88962600.00,85019920.00,1700820.00,45620.00,2196240.00,0.00,375000.00,214,171,61,2,18661290.32,16543294.46,0.00,19,5,340,2.18,0.00,28,50190335.22,system,2021-01-14 00:01:08.810,system,NULL,4
ICOOL Cầu Chữ Y,4646C4FF-C055-EB11-80FC-509A4C8C9FAC,2021-01-13,16,19248000.00,18799765.00,268485.00,0.00,179750.00,0.00,0.00,46,41,16,0,4903225.80,3467026.74,0.00,1,6,100,1.14,0.00,14,10429512.46,system,2021-01-14 00:01:38.807,system,NULL,4
ICOOL Nhị Thiên Đường,98B2E68E-C155-EB11-80FC-509A4C8C9FAC,2021-01-13,17,14639600.00,14240340.00,100000.00,0.00,299260.00,82080.00,0.00,28,23,13,0,10135483.88,3046483.38,0.00,2,10,130,0.81,0.00,16,1140452.74,system,2021-01-14 00:05:38.943,system,NULL,4
ICOOL Trần Não,886C46FA-C155-EB11-80FC-509A4C8C9FAC,2021-01-13,18,66643200.00,65158475.00,810525.00,102700.00,571500.00,1227020.50,0.00,171,189,44,4,16096774.20,16414750.01,0.00,18,4,210,2.2,0.00,20,33873971.29,system,2021-01-14 00:08:39.090,system,NULL,4
ICOOL Nguyễn Tri Phương,26D20C7D-C155-EB11-80FC-509A4C8C9FAC,2021-01-13,19,16899500.00,16325840.00,488400.00,0.00,85260.00,166200.00,0.00,54,56,20,3,8090241.94,3401436.05,0.00,1,14,280,1.25,0.00,16,5000362.01,system,2021-01-14 00:05:08.997,system,NULL,4
ICOOL Đồng Đen,4867A411-C155-EB11-80FC-509A4C8C9FAC,2021-01-13,22,21601600.00,20751000.00,571550.00,0.00,279050.00,0.00,0.00,82,482,19,3,10775806.45,4642882.29,0.00,19,11,220,0.76,0.00,25,5332311.26,system,2021-01-14 00:02:08.793,system,NULL,4
ICOOL Phan Chu Trinh,3CE7CFA0-C155-EB11-80FC-509A4C8C9FAC,2021-01-13,23,17103600.00,17057160.00,0.00,0.00,46440.00,0.00,0.00,37,29,15,2,8152338.71,3806263.90,0.00,5,7.33,110,1.07,0.00,14,5098557.39,system,2021-01-14 00:06:08.993,system,NULL,4
ICOOL Phan Xích Long,7FFCB2B2-C155-EB11-80FC-509A4C8C9FAC,2021-01-13,24,47053700.00,46057210.00,608290.00,0.00,388200.00,439728.00,0.00,117,112,37,5,14032258.06,13043686.22,3563066.08,9,6.49,240,1.48,0.00,25,22984059.80,system,2021-01-14 00:06:39.003,system,NULL,4
ICOOL Vũng Tàu,5B8F541E-C255-EB11-80FC-509A4C8C9FAC,2021-01-13,25,9680400.00,8647400.00,387000.00,0.00,646000.00,0.00,409000.00,13,8,3,0,4161290.32,2774610.00,0.00,0,40,120,0.19,0.00,16,2120499.68,system,2021-01-14 00:09:39.580,system,NULL,4
ICOOL Xô Viết Nghệ Tĩnh,905CF22F-C255-EB11-80FC-509A4C8C9FAC,2021-01-13,4,48796200.00,47441097.00,1229413.00,30270.00,95420.00,192520.00,0.00,123,91,31,1,16209677.42,11678569.49,0.00,8,10,320,1.07,0.00,29,19745370.09,system,2021-01-14 00:10:09.133,system,NULL,4
ICOOL Tô Ký,68797ED6-C155-EB11-80FC-509A4C8C9FAC,2021-01-13,5,28280200.00,27085735.00,776005.00,0.00,418460.00,0.00,0.00,60,57,24,0,10919354.84,7430985.51,0.00,11,6,150,0.92,0.00,26,8735394.65,system,2021-01-14 00:07:39.057,system,NULL,4
ICOOL Bình Phú,5A3560DC-C055-EB11-80FC-509A4C8C9FAC,2021-01-13,6,42638400.00,40312495.00,1109045.00,156460.00,1060400.00,0.00,0.00,131,81,34,0,21487512.59,9588502.01,0.00,1,6,230,1.42,0.00,24,9236480.40,system,2021-01-14 00:00:39.430,system,NULL,4
ICOOL Dương Bá Trạc,2DB69223-C155-EB11-80FC-509A4C8C9FAC,2021-01-13,7,67187600.00,64981740.00,1077010.00,80150.00,1048700.00,0.00,0.00,146,115,42,6,18865550.10,13368724.30,0.00,14,7.62,320,1.83,0.00,23,32747465.60,system,2021-01-14 00:02:38.877,system,NULL,4
ICOOL Nguyễn Sơn,87A73E59-C155-EB11-80FC-509A4C8C9FAC,2021-01-13,9,20603000.00,19677510.00,115000.00,0.00,810490.00,0.00,0.00,56,51,21,0,8019064.52,4638696.20,0.00,13,7.14,150,1.5,0.00,14,7019749.29,system,2021-01-14 00:04:08.923,system,NULL,4
ICOOL Ung Văn Khiêm,11D67737-8B56-EB11-80FC-509A4C8C9FAC,2021-01-14,1,90176600.00,88514495.00,1536965.00,125140.00,0.00,335340.00,0.00,272,119,55,3,25600000.01,21127854.80,0.00,22,5,300,1.57,0.00,35,42121980.19,system,2021-01-15 00:09:10.597,system,NULL,4
ICOOL Thành Thái,144B923A-BD56-EB11-80FC-509A4C8C9FAC,2021-01-14,10,79136500.00,77857495.00,966185.00,0.00,312820.00,0.00,0.00,219,181,59,5,20213348.39,16678003.31,0.00,16,5,342,2.11,0.00,28,40966143.30,system,2021-01-15 06:07:10.640,system,NULL,4
ICOOL Nguyễn Trãi,532A7796-8A56-EB11-80FC-509A4C8C9FAC,2021-01-14,11,11981800.00,11902840.00,78960.00,0.00,0.00,0.00,0.00,27,41,16,0,6587311.84,1943651.09,0.00,5,7,120,1,0.00,16,3371877.07,system,2021-01-15 00:04:40.480,system,NULL,4
ICOOL Mạc Đỉnh Chi,5398AC72-8A56-EB11-80FC-509A4C8C9FAC,2021-01-14,12,82641600.00,79798820.00,359100.00,0.00,2483680.00,334230.00,0.00,171,168,46,4,22741935.48,18837668.58,576870.00,15,5,260,2.19,0.00,21,39130315.94,system,2021-01-15 00:03:40.430,system,NULL,4
ICOOL Trần Bình Trọng,D5EEAE13-8B56-EB11-80FC-509A4C8C9FAC,2021-01-14,13,25278300.00,23440185.00,1481835.00,80120.00,276160.00,213840.00,0.00,67,49,20,4,9345161.29,5254176.34,295824.00,7,9,180,1.18,0.00,17,9350511.37,system,2021-01-15 00:08:10.560,system,NULL,4
ICOOL Cách Mạng Tháng 8,EADE3F19-8A56-EB11-80FC-509A4C8C9FAC,2021-01-14,14,66153200.00,63537232.00,1302438.00,0.00,1313530.00,320538.00,0.00,165,141,46,9,18661290.32,12592717.41,315950.00,17,7,340,1.64,0.00,28,32919712.27,system,2021-01-15 00:01:10.400,system,NULL,4
ICOOL Cầu Chữ Y,6E0F242B-8A56-EB11-80FC-509A4C8C9FAC,2021-01-14,16,10863200.00,10698165.00,165035.00,0.00,0.00,0.00,0.00,23,27,10,1,4903225.80,2302934.34,0.00,4,10,100,0.71,0.00,14,3492004.86,system,2021-01-15 00:01:40.417,system,NULL,4
ICOOL Nhị Thiên Đường,975940BA-8A56-EB11-80FC-509A4C8C9FAC,2021-01-14,17,11457700.00,11094800.00,0.00,0.00,362900.00,0.00,0.00,23,19,10,0,10135483.88,2639073.19,0.00,0,17,170,0.63,0.00,16,-1679757.07,system,2021-01-15 00:05:40.517,system,NULL,4
ICOOL Trần Não,669D9825-8B56-EB11-80FC-509A4C8C9FAC,2021-01-14,18,84461101.00,83542906.00,918195.00,0.00,0.00,484980.00,0.00,309,177,53,4,16096774.20,20562657.16,463500.00,26,4,240,2.65,0.00,20,47831954.64,system,2021-01-15 00:08:40.610,system,NULL,4
ICOOL Nguyễn Tri Phương,061A58A8-8A56-EB11-80FC-509A4C8C9FAC,2021-01-14,19,14228000.00,14046960.00,145000.00,36040.00,0.00,0.00,0.00,44,50,18,0,8090241.94,2891033.53,0.00,1,15.56,280,1.13,0.00,16,3065684.54,system,2021-01-15 00:05:10.473,system,NULL,4
ICOOL Đồng Đen,A6E0093D-8A56-EB11-80FC-509A4C8C9FAC,2021-01-14,22,39474100.00,38965473.00,301427.00,0.00,207200.00,0.00,1320000.00,112,64,31,4,10775806.45,8541052.39,0.00,16,7,220,1.24,0.00,25,20968614.16,system,2021-01-15 00:02:10.447,system,NULL,4
ICOOL Phan Chu Trinh,A88F24CC-8A56-EB11-80FC-509A4C8C9FAC,2021-01-14,23,20765600.00,20416970.00,348630.00,0.00,0.00,0.00,0.00,48,36,18,1,8152338.71,5390103.00,0.00,3,6.67,120,1.29,0.00,14,6874528.29,system,2021-01-15 00:06:10.533,system,NULL,4
ICOOL Phan Xích Long,066601DE-8A56-EB11-80FC-509A4C8C9FAC,2021-01-14,24,64348800.00,62528840.00,1118880.00,0.00,701080.00,0.00,0.00,144,128,46,5,14032258.06,12593656.14,0.00,19,5.22,240,1.84,0.00,25,35902925.80,system,2021-01-15 00:06:40.503,system,NULL,4
ICOOL Vũng Tàu,5A4A5B49-8B56-EB11-80FC-509A4C8C9FAC,2021-01-14,25,6795000.00,5996200.00,351800.00,0.00,447000.00,350180.00,0.00,18,14,3,1,4161290.32,1583579.28,0.00,0,40,120,0.19,0.00,16,601510.40,system,2021-01-15 00:09:40.610,system,NULL,4
ICOOL Xô Viết Nghệ Tĩnh,6891425B-8B56-EB11-80FC-509A4C8C9FAC,2021-01-14,4,48203500.00,46373295.00,1830205.00,0.00,0.00,0.00,0.00,135,101,35,2,16209677.42,11823061.15,975000.00,16,9,320,1.21,0.00,29,19315556.43,system,2021-01-15 00:10:10.643,system,NULL,4
ICOOL Tô Ký,9240D001-8B56-EB11-80FC-509A4C8C9FAC,2021-01-14,5,35937900.00,34174375.00,343800.00,58775.00,1360950.00,0.00,100000.00,64,58,26,0,10919354.84,8644143.08,0.00,6,5,150,1,0.00,26,14710877.08,system,2021-01-15 00:07:40.577,system,NULL,4
ICOOL Bình Phú,620F6107-8A56-EB11-80FC-509A4C8C9FAC,2021-01-14,6,30643900.00,29531969.00,857916.00,152915.00,101100.00,0.00,0.00,68,66,19,1,21487512.59,8084290.20,0.00,8,12,230,0.79,0.00,24,-39833.79,system,2021-01-15 00:00:40.420,system,NULL,4
ICOOL Dương Bá Trạc,F65FE14E-8A56-EB11-80FC-509A4C8C9FAC,2021-01-14,7,49113000.00,48532710.00,434670.00,43270.00,102350.00,210100.00,0.00,121,69,35,6,18865550.10,9658355.64,0.00,13,9.14,320,1.52,0.00,23,20218904.26,system,2021-01-15 00:02:40.380,system,NULL,4
ICOOL Nguyễn Sơn,E8748F84-8A56-EB11-80FC-509A4C8C9FAC,2021-01-14,9,19684000.00,19106825.00,553775.00,0.00,23400.00,0.00,0.00,52,70,20,4,8019064.52,4486439.77,0.00,6,7.5,150,1.43,0.00,14,6601320.72,system,2021-01-15 00:04:10.440,system,NULL,4
ICOOL Ung Văn Khiêm,8625874B-5457-EB11-80FD-509A4C8C9FAC,2021-01-15,1,179951466.00,166333939.38,4562601.62,19675.00,9035250.00,2362193.50,0.00,444,233,92,6,25600000.01,38712222.83,0.00,38,3,299,2.63,0.00,35,104383910.04,system,2021-01-16 00:08:33.093,system,NULL,4
ICOOL Thành Thái,0EE6F503-5457-EB11-80FD-509A4C8C9FAC,2021-01-15,10,93126900.00,90621370.00,1790960.00,123290.00,591280.00,270880.00,0.00,283,223,73,4,20213348.39,16685674.71,0.00,33,4,351,2.61,0.00,28,53993226.90,system,2021-01-16 00:06:33.023,system,NULL,4
ICOOL Nguyễn Trãi,337E7BAA-5357-EB11-80FD-509A4C8C9FAC,2021-01-15,11,14305300.00,13796465.00,13035.00,0.00,495800.00,0.00,0.00,49,39,12,2,6587311.84,3051513.52,0.00,5,13,160,0.75,0.00,16,4157639.64,system,2021-01-16 00:04:02.903,system,NULL,4
ICOOL Mạc Đỉnh Chi,7A9AB686-5357-EB11-80FD-509A4C8C9FAC,2021-01-15,12,104439900.00,101593980.00,1950180.00,0.00,895740.00,1008260.00,0.00,204,194,50,7,22741935.48,20049089.51,0.00,19,6,300,2.38,0.00,21,59811215.01,system,2021-01-16 00:03:02.893,system,NULL,4
ICOOL Trần Bình Trọng,09D1C227-5457-EB11-80FD-509A4C8C9FAC,2021-01-15,13,41518300.00,39600195.00,995275.00,0.00,922830.00,254241.00,0.00,99,103,31,3,9345161.29,6899101.67,0.00,11,7.1,220,1.82,0.00,17,23610173.04,system,2021-01-16 00:07:33.083,system,NULL,4
ICOOL Cách Mạng Tháng 8,46FEE72E-5357-EB11-80FD-509A4C8C9FAC,2021-01-15,14,135893800.00,130650145.00,2110605.00,0.00,3133050.00,687847.50,0.00,314,278,78,9,18661290.32,25152487.87,0.00,26,4,340,2.79,0.00,28,87524214.31,system,2021-01-16 00:00:35.577,system,NULL,4
ICOOL Cầu Chữ Y,9577233F-5357-EB11-80FD-509A4C8C9FAC,2021-01-15,16,17359800.00,16749230.00,321170.00,0.00,289400.00,0.00,0.00,33,32,12,0,4903225.80,3307774.01,0.00,3,10,130,0.86,0.00,14,8538230.19,system,2021-01-16 00:01:02.810,system,NULL,4
ICOOL Nhị Thiên Đường,F67341CE-5357-EB11-80FD-509A4C8C9FAC,2021-01-15,17,34304200.00,34081440.00,0.00,0.00,222760.00,469140.00,0.00,69,54,25,0,10135483.88,7591781.11,0.00,2,8,200,1.56,0.00,16,16823315.01,system,2021-01-16 00:05:02.920,system,NULL,4
ICOOL Trần Não,71EDA539-5457-EB11-80FD-509A4C8C9FAC,2021-01-15,18,111314600.00,109830130.00,563155.00,316525.00,604790.00,859000.00,0.00,279,222,57,4,16096774.20,25162638.10,47000.00,21,5,300,2.85,0.00,20,69476717.70,system,2021-01-16 00:08:03.097,system,NULL,4
ICOOL Nguyễn Tri Phương,1C1A65BC-5357-EB11-80FD-509A4C8C9FAC,2021-01-15,19,30890000.00,30600000.00,290000.00,0.00,0.00,123600.00,0.00,88,92,31,3,8090241.94,5554525.48,26070.00,2,9.03,280,1.94,0.00,16,17104902.58,system,2021-01-16 00:04:32.957,system,NULL,4
ICOOL Đồng Đen,12F10B51-5357-EB11-80FD-509A4C8C9FAC,2021-01-15,22,70034600.00,69079215.00,709930.00,82555.00,162900.00,0.00,0.00,189,175,48,7,10775806.45,13395749.98,0.00,13,5,260,1.92,0.00,25,44907658.57,system,2021-01-16 00:01:32.853,system,NULL,4
ICOOL Phan Chu Trinh,8D3B27E0-5357-EB11-80FD-509A4C8C9FAC,2021-01-15,23,35171000.00,33976540.00,590500.00,0.00,603960.00,70680.00,0.00,102,58,32,4,8152338.71,6614338.34,0.00,7,4.69,150,2.29,0.00,14,19280542.95,system,2021-01-16 00:05:32.950,system,NULL,4
ICOOL Phan Xích Long,F6060BF2-5357-EB11-80FD-509A4C8C9FAC,2021-01-15,24,103585900.00,102129980.00,659575.00,266435.00,529910.00,94540.00,0.00,220,183,52,10,14032258.06,21451610.50,0.00,18,4.62,240,2.08,0.00,25,66740651.44,system,2021-01-16 00:06:02.963,system,NULL,4
ICOOL Vũng Tàu,9F406A5D-5457-EB11-80FD-509A4C8C9FAC,2021-01-15,25,8630200.00,6997320.00,948200.00,0.00,684680.00,0.00,0.00,23,34,8,3,4161290.32,1759777.10,0.00,2,16,130,0.5,0.00,16,1076252.58,system,2021-01-16 00:09:03.103,system,NULL,4
ICOOL Xô Viết Nghệ Tĩnh,FB8F546F-5457-EB11-80FD-509A4C8C9FAC,2021-01-15,4,88022700.00,85143562.00,1931548.00,119650.00,827940.00,581932.00,0.00,230,184,59,5,16209677.42,19240735.49,0.00,23,5,320,2.03,0.00,29,50275081.09,system,2021-01-16 00:09:33.160,system,NULL,4
ICOOL Tô Ký,7707DC15-5457-EB11-80FD-509A4C8C9FAC,2021-01-15,5,28961600.00,28629905.00,331695.00,0.00,0.00,113530.00,0.00,49,48,24,1,10919354.84,5661720.00,0.00,13,7,170,0.92,0.00,26,12162360.16,system,2021-01-16 00:07:03.053,system,NULL,4
ICOOL Bình Phú,2806521B-5357-EB11-80FD-509A4C8C9FAC,2021-01-15,6,68555900.00,64400562.00,3554908.00,162070.00,438360.00,116793.00,0.00,170,118,36,3,21487512.59,17727421.56,0.00,6,8,290,1.5,0.00,24,25302420.85,system,2021-01-16 00:00:02.717,system,NULL,4
ICOOL Dương Bá Trạc,A50BE262-5357-EB11-80FD-509A4C8C9FAC,2021-01-15,7,91071800.00,89725655.00,1227565.00,0.00,118580.00,947988.00,0.00,151,165,54,7,18865550.10,18769860.75,795027.00,11,5.93,320,2.35,0.00,23,53833259.15,system,2021-01-16 00:02:02.780,system,NULL,4
ICOOL Nguyễn Sơn,171A9398-5357-EB11-80FD-509A4C8C9FAC,2021-01-15,9,33398400.00,32980620.00,417780.00,0.00,0.00,0.00,0.00,94,73,24,4,8019064.52,21875715.94,14174198.02,15,8.33,200,1.71,0.00,14,17260037.56,system,2021-01-16 00:03:32.860,system,NULL,4
ICOOL Ung Văn Khiêm,616D7F79-1D58-EB11-80FD-509A4C8C9FAC,2021-01-16,1,222645800.00,217414127.00,3231493.00,169680.00,1830500.00,728644.00,0.00,607,342,123,8,25600000.01,48741262.34,0.00,57,2,300,3.51,0.00,35,143801508.65,system,2021-01-17 00:08:39.060,system,NULL,4
ICOOL Thành Thái,6D8E9C31-1D58-EB11-80FD-509A4C8C9FAC,2021-01-16,10,118755201.00,116055864.00,1477327.00,0.00,1222010.00,656580.00,0.00,318,255,76,8,20213348.39,24513133.99,0.00,38,4,344,2.71,0.00,28,71985961.62,system,2021-01-17 00:06:38.457,system,NULL,4
ICOOL Nguyễn Trãi,C94615D8-1C58-EB11-80FD-509A4C8C9FAC,2021-01-16,11,34971900.00,33714625.00,977855.00,0.00,279420.00,0.00,0.00,117,86,27,2,6587311.84,6881227.96,0.00,10,5,150,1.69,0.00,16,20246085.20,system,2021-01-17 00:04:08.250,system,NULL,4
ICOOL Mạc Đỉnh Chi,8EBD60B4-1C58-EB11-80FD-509A4C8C9FAC,2021-01-16,12,112477200.00,110360185.00,955465.00,0.00,1161550.00,582300.00,0.00,222,193,62,11,22741935.48,22396100.01,205816.00,30,4,300,2.95,0.00,21,66010265.51,system,2021-01-17 00:03:08.347,system,NULL,4
ICOOL Trần Bình Trọng,6D331957-1D58-EB11-80FD-509A4C8C9FAC,2021-01-16,13,46482100.00,43932541.00,1250324.00,0.00,1299235.00,0.00,0.00,91,83,24,0,9345161.29,10488037.68,315950.00,6,9.17,220,1.41,0.00,17,24415292.03,system,2021-01-17 00:07:41.347,system,NULL,4
ICOOL Cách Mạng Tháng 8,3298D15A-1C58-EB11-80FD-509A4C8C9FAC,2021-01-16,14,151799200.00,147823725.00,2815820.00,147325.00,1012330.00,761385.50,0.00,322,293,77,17,18661290.32,29855931.23,0.00,44,4,340,2.75,0.00,28,100067888.95,system,2021-01-17 00:00:38.093,system,NULL,4
ICOOL Cầu Chữ Y,E0E2B26C-1C58-EB11-80FD-509A4C8C9FAC,2021-01-16,16,34343100.00,34081215.00,132025.00,0.00,129860.00,0.00,0.00,64,73,25,4,4903225.80,6326102.01,0.00,9,5,130,1.79,0.00,14,22851887.19,system,2021-01-17 00:01:08.090,system,NULL,4
ICOOL Nhị Thiên Đường,0109F0FB-1C58-EB11-80FD-509A4C8C9FAC,2021-01-16,17,39243500.00,38049745.00,459905.00,0.00,733850.00,0.00,0.00,71,47,27,3,10135483.88,8362460.63,0.00,7,7,200,1.69,0.00,16,19551800.49,system,2021-01-17 00:05:08.403,system,NULL,4
ICOOL Trần Não,F7855167-1D58-EB11-80FD-509A4C8C9FAC,2021-01-16,18,148022600.00,145865409.00,1694691.00,141500.00,321000.00,1758411.00,0.00,366,304,77,4,16096774.20,35855030.74,0.00,30,3,300,3.85,0.00,20,95672015.06,system,2021-01-17 00:08:08.560,system,NULL,4
ICOOL Nguyễn Tri Phương,66C1FCE9-1C58-EB11-80FD-509A4C8C9FAC,2021-01-16,19,45668400.00,45233400.00,145000.00,0.00,290000.00,0.00,0.00,117,124,39,5,8090241.94,8821939.06,42000.00,3,7.18,280,2.44,0.00,16,28363219.00,system,2021-01-17 00:04:38.290,system,NULL,4
ICOOL Đồng Đen,C1E0977E-1C58-EB11-80FD-509A4C8C9FAC,2021-01-16,22,92477300.00,91447425.00,591875.00,0.00,438000.00,0.00,0.00,252,263,57,3,10775806.45,18971974.10,0.00,42,4,260,2.28,0.00,25,61699644.45,system,2021-01-17 00:01:38.113,system,NULL,4
ICOOL Phan Chu Trinh,FC62CD0D-1D58-EB11-80FD-509A4C8C9FAC,2021-01-16,23,51517700.00,49723470.00,1794230.00,0.00,0.00,96190.00,0.00,113,62,37,3,8152338.71,10416582.34,0.00,15,4.05,150,2.64,0.00,14,31250738.95,system,2021-01-17 00:05:38.377,system,NULL,4
ICOOL Phan Xích Long,312EAF1F-1D58-EB11-80FD-509A4C8C9FAC,2021-01-16,24,106419000.00,104481225.00,1068605.00,41980.00,827190.00,658756.00,0.00,251,214,64,6,14032258.06,21059472.66,315950.00,28,3.75,240,2.56,0.00,25,70364200.28,system,2021-01-17 00:06:08.380,system,NULL,4
ICOOL Vũng Tàu,4065098B-1D58-EB11-80FD-509A4C8C9FAC,2021-01-16,25,17962800.00,14805700.00,2902900.00,0.00,254200.00,0.00,0.00,58,56,16,3,4161290.32,3803558.76,0.00,7,8,130,1,0.00,16,6840850.92,system,2021-01-17 00:09:08.487,system,NULL,4
ICOOL Xô Viết Nghệ Tĩnh,DB2AF59C-1D58-EB11-80FD-509A4C8C9FAC,2021-01-16,4,155693500.00,149576684.00,4577061.00,37355.00,1502400.00,0.00,7770000.00,416,268,91,10,16209677.42,36377619.11,0.00,32,3,320,3.14,0.00,29,104759387.47,system,2021-01-17 00:09:38.553,system,NULL,4
ICOOL Tô Ký,9F45AD43-1D58-EB11-80FD-509A4C8C9FAC,2021-01-16,5,81537600.00,78809404.00,1712006.00,0.00,1016190.00,0.00,0.00,133,117,49,4,10919354.84,19537085.91,0.00,10,4,200,1.88,0.00,26,48352963.25,system,2021-01-17 00:07:08.763,system,NULL,4
ICOOL Bình Phú,5282F448-1C58-EB11-80FD-509A4C8C9FAC,2021-01-16,6,91854600.00,88351111.00,2344994.00,135135.00,1023360.00,398400.00,0.00,231,175,56,4,21487512.59,18935069.73,0.00,4,5,300,2.33,0.00,24,48326928.68,system,2021-01-17 00:00:08.120,system,NULL,4
ICOOL Dương Bá Trạc,14767E90-1C58-EB11-80FD-509A4C8C9FAC,2021-01-16,7,156261700.00,152025371.25,3133665.00,500123.75,602540.00,950235.10,100000.00,281,285,81,9,18865550.10,33545797.99,255616.67,25,3.95,320,3.52,0.00,23,100919874.93,system,2021-01-17 00:02:08.143,system,NULL,4
ICOOL Nguyễn Sơn,598230C6-1C58-EB11-80FD-509A4C8C9FAC,2021-01-16,9,58335000.00,57986080.00,128360.00,0.00,220560.00,0.00,0.00,165,173,47,0,8019064.52,13284855.87,0.00,20,4.26,200,3.36,0.00,14,36682159.62,system,2021-01-17 00:03:38.230,system,NULL,4
ICOOL Ung Văn Khiêm,A291CDA3-E658-EB11-80FD-509A4C8C9FAC,2021-01-17,1,159862200.00,156763427.00,2168343.00,83400.00,847030.00,673928.00,0.00,473,241,96,4,25600000.01,38982750.70,0.00,55,3,300,2.74,0.00,35,92854604.29,system,2021-01-18 00:08:38.880,system,NULL,4
ICOOL Thành Thái,6C6E3B5C-E658-EB11-80FD-509A4C8C9FAC,2021-01-17,10,72478800.00,71470150.00,792380.00,43390.00,172880.00,0.00,0.00,228,195,58,11,20213348.39,24882045.89,0.00,32,0,1,2.07,0.00,28,26374755.72,system,2021-01-18 00:06:38.803,system,NULL,4
ICOOL Nguyễn Trãi,B573CB02-E658-EB11-80FD-509A4C8C9FAC,2021-01-17,11,20861500.00,20361305.00,500195.00,0.00,0.00,0.00,0.00,35,57,23,2,6587311.84,3162056.40,0.00,12,6,160,1.44,0.00,16,10611936.76,system,2021-01-18 00:04:08.753,system,NULL,4
ICOOL Mạc Đỉnh Chi,464EFADE-E558-EB11-80FD-509A4C8C9FAC,2021-01-17,12,65427200.00,63868915.00,861875.00,40730.00,655680.00,170060.00,0.00,131,111,43,3,22741935.48,13105003.67,0.00,19,6,270,2.05,0.00,21,28192035.85,system,2021-01-18 00:03:08.660,system,NULL,4
ICOOL Trần Bình Trọng,69F00080-E658-EB11-80FD-509A4C8C9FAC,2021-01-17,13,23881900.00,22800510.00,670650.00,0.00,410740.00,0.00,0.00,69,63,22,2,9345161.29,4542887.00,0.00,9,8.18,180,1.29,0.00,17,8912461.71,system,2021-01-18 00:07:38.820,system,NULL,4
ICOOL Cách Mạng Tháng 8,8CF88A85-E558-EB11-80FD-509A4C8C9FAC,2021-01-17,14,90364500.00,87170956.00,2483164.00,175280.00,535100.00,233000.00,0.00,215,178,58,8,18661290.32,14357157.79,0.00,35,5,340,2.07,0.00,28,54385507.89,system,2021-01-18 00:00:38.613,system,NULL,4
ICOOL Cầu Chữ Y,2E236997-E558-EB11-80FD-509A4C8C9FAC,2021-01-17,16,30119800.00,29531672.00,457768.00,0.00,130360.00,0.00,0.00,70,59,23,5,4903225.80,5629390.57,0.00,5,5,120,1.64,0.00,14,18999055.63,system,2021-01-18 00:01:08.590,system,NULL,4
ICOOL Nhị Thiên Đường,4ABE8F26-E658-EB11-80FD-509A4C8C9FAC,2021-01-17,17,35358001.00,34339280.90,215110.00,0.00,803610.10,0.00,0.00,75,51,24,3,10135483.88,8002592.44,0.00,7,7,190,1.5,0.00,16,16201204.58,system,2021-01-18 00:05:08.760,system,NULL,4
ICOOL Trần Não,B242E991-E658-EB11-80FD-509A4C8C9FAC,2021-01-17,18,81674700.00,78836485.00,521595.00,0.00,2316620.00,225405.00,0.00,177,170,55,5,16096774.20,37223980.57,19030911.31,26,4,270,2.75,0.00,20,44772046.54,system,2021-01-18 00:08:08.863,system,NULL,4
ICOOL Nguyễn Tri Phương,BDE0A514-E658-EB11-80FD-509A4C8C9FAC,2021-01-17,19,21829900.00,21578350.00,200000.00,51550.00,0.00,0.00,0.00,55,71,31,2,8090241.94,3225454.29,0.00,5,9.03,280,1.94,0.00,16,10262653.78,system,2021-01-18 00:04:38.703,system,NULL,4
ICOOL Đồng Đen,1B0F51A9-E558-EB11-80FD-509A4C8C9FAC,2021-01-17,22,60322000.00,58651175.00,1423005.00,0.00,247820.00,0.00,0.00,182,121,43,10,10775806.45,11746566.82,0.00,27,5,240,1.72,0.00,25,36128801.73,system,2021-01-18 00:01:38.633,system,NULL,4
ICOOL Phan Chu Trinh,33CF7138-E658-EB11-80FD-509A4C8C9FAC,2021-01-17,23,44957200.00,42546290.00,1589230.00,0.00,821680.00,0.00,0.00,104,56,29,2,8152338.71,9655801.24,0.00,9,4.83,140,2.07,0.00,14,24738150.05,system,2021-01-18 00:05:38.760,system,NULL,4
ICOOL Phan Xích Long,F873534A-E658-EB11-80FD-509A4C8C9FAC,2021-01-17,24,96246800.00,94872760.00,1121920.00,38430.00,213690.00,0.00,0.00,242,213,65,6,14032258.06,16632196.81,0.00,26,3.69,240,2.6,0.00,25,64208305.13,system,2021-01-18 00:06:08.760,system,NULL,4
ICOOL Vũng Tàu,EB0FAEB5-E658-EB11-80FD-509A4C8C9FAC,2021-01-17,25,6897600.00,5142550.00,1755050.00,0.00,0.00,0.00,0.00,18,42,7,0,4161290.32,1465586.77,0.00,4,18,130,0.44,0.00,16,-484327.09,system,2021-01-18 00:09:08.873,system,NULL,4
ICOOL Xô Viết Nghệ Tĩnh,D10793C7-E658-EB11-80FD-509A4C8C9FAC,2021-01-17,4,91333400.00,90164620.00,846550.00,99490.00,222740.00,0.00,0.00,264,184,60,10,16209677.42,21069571.78,0.00,31,5,320,2.07,0.00,29,52885370.80,system,2021-01-18 00:09:38.893,system,NULL,4
ICOOL Tô Ký,864F206E-E658-EB11-80FD-509A4C8C9FAC,2021-01-17,5,41627300.00,40656600.00,452580.00,0.00,518120.00,299240.00,0.00,86,101,37,1,10919354.84,8569342.50,0.00,31,5,200,1.42,0.00,26,21467142.66,system,2021-01-18 00:07:08.823,system,NULL,4
ICOOL Bình Phú,DDAFAB73-E558-EB11-80FD-509A4C8C9FAC,2021-01-17,6,46839700.00,45851935.00,533995.00,36320.00,417450.00,0.00,0.00,127,99,33,4,21487512.59,16920684.05,0.00,11,8,290,1.38,0.00,24,7443738.36,system,2021-01-18 00:00:08.630,system,NULL,4
ICOOL Dương Bá Trạc,C0FB30BB-E558-EB11-80FD-509A4C8C9FAC,2021-01-17,7,93107600.00,91327025.00,1327525.00,266510.00,186540.00,235480.00,0.00,189,158,60,7,18865550.10,18325796.92,1927000.00,20,5.33,320,2.61,0.00,23,56298157.99,system,2021-01-18 00:02:08.623,system,NULL,4
ICOOL Nguyễn Sơn,5596E4F0-E558-EB11-80FD-509A4C8C9FAC,2021-01-17,9,65372700.00,63716690.00,1230510.00,0.00,425500.00,291240.00,0.00,202,125,42,4,8019064.52,16059669.03,0.00,22,4.52,190,3,0.00,14,39929196.46,system,2021-01-18 00:03:38.717,system,NULL,4
ICOOL Ung Văn Khiêm,1A3C8FCE-AF59-EB11-80FD-509A4C8C9FAC,2021-01-18,1,78106200.00,75337910.00,1671840.00,0.00,1096450.00,788223.00,0.00,205,127,49,4,25600000.01,20369929.26,0.00,16,6,300,1.4,0.00,35,30156203.73,system,2021-01-19 00:08:39.457,system,NULL,4
ICOOL Thành Thái,7721FD86-AF59-EB11-80FD-509A4C8C9FAC,2021-01-18,10,61729500.00,60690690.00,514440.00,161390.00,362980.00,88270.00,200000.00,183,168,48,3,20213348.39,14137286.67,0.00,26,0,1,1.71,0.00,28,26628324.94,system,2021-01-19 00:06:39.380,system,NULL,4
ICOOL Nguyễn Trãi,6F9C822D-AF59-EB11-80FD-509A4C8C9FAC,2021-01-18,11,16249300.00,15903810.00,345490.00,0.00,0.00,472300.00,0.00,49,24,11,1,6587311.84,4552705.24,0.00,5,11,130,0.69,0.00,16,5236092.92,system,2021-01-19 00:04:09.260,system,NULL,4
ICOOL Mạc Đỉnh Chi,4128B409-AF59-EB11-80FD-509A4C8C9FAC,2021-01-18,12,54986000.00,53661350.00,846850.00,0.00,477800.00,1331050.00,0.00,124,70,28,5,22741935.48,27925266.36,16422653.00,9,9,270,1.33,0.00,21,20747851.16,system,2021-01-19 00:03:09.187,system,NULL,4
ICOOL Trần Bình Trọng,D7DDC4AA-AF59-EB11-80FD-509A4C8C9FAC,2021-01-18,13,31070600.00,29468675.00,548625.00,0.00,1053300.00,0.00,100000.00,69,50,19,0,9345161.29,6768174.01,0.00,6,8.95,170,1.12,0.00,17,13455339.70,system,2021-01-19 00:07:39.410,system,NULL,4
ICOOL Cách Mạng Tháng 8,10E73EB0-AE59-EB11-80FD-509A4C8C9FAC,2021-01-18,14,62455200.00,60484995.00,1496115.00,0.00,474090.00,203245.00,0.00,120,125,37,5,18661290.32,11806011.90,0.00,16,8,320,1.32,0.00,28,30220937.78,system,2021-01-19 00:00:39.100,system,NULL,4
ICOOL Cầu Chữ Y,6AAE24C2-AE59-EB11-80FD-509A4C8C9FAC,2021-01-18,16,10033100.00,9250890.00,618900.00,0.00,163310.00,0.00,0.00,25,26,9,6,4903225.80,2122858.00,0.00,5,11,100,0.64,0.00,14,2224806.20,system,2021-01-19 00:01:09.127,system,NULL,4
ICOOL Nhị Thiên Đường,6EF75951-AF59-EB11-80FD-509A4C8C9FAC,2021-01-18,17,23713200.00,22760080.00,348000.00,0.00,605120.00,0.00,200000.00,35,38,16,4,10135483.88,5893571.35,0.00,3,9,150,1,0.00,16,6931024.77,system,2021-01-19 00:05:09.390,system,NULL,4
ICOOL Trần Não,A426A8BC-AF59-EB11-80FD-509A4C8C9FAC,2021-01-18,18,78556700.00,76346475.00,1243065.00,478610.00,488550.00,1396126.00,437000.00,166,216,45,5,16096774.20,18063538.69,0.00,18,5,240,2.25,0.00,20,44019288.11,system,2021-01-19 00:08:09.420,system,NULL,4
ICOOL Nguyễn Tri Phương,8FC4773F-AF59-EB11-80FD-509A4C8C9FAC,2021-01-18,19,15470100.00,14794700.00,675400.00,0.00,0.00,0.00,0.00,50,47,20,0,8090241.94,3364170.10,0.00,9,14,280,1.25,0.00,16,3340287.96,system,2021-01-19 00:04:39.387,system,NULL,4
ICOOL Đồng Đen,27FF02D4-AE59-EB11-80FD-509A4C8C9FAC,2021-01-18,22,26326000.00,25773440.00,459790.00,0.00,92770.00,0.00,0.00,88,85,22,2,10775806.45,6086939.48,0.00,23,8,190,0.88,0.00,25,8910694.07,system,2021-01-19 00:01:39.107,system,NULL,4
ICOOL Phan Chu Trinh,04CF2F63-AF59-EB11-80FD-509A4C8C9FAC,2021-01-18,23,13485500.00,12773720.00,711780.00,0.00,0.00,0.00,0.00,42,22,13,1,8152338.71,2624549.34,0.00,6,8.46,110,0.93,0.00,14,1996831.95,system,2021-01-19 00:05:39.313,system,NULL,4
ICOOL Phan Xích Long,A26F1775-AF59-EB11-80FD-509A4C8C9FAC,2021-01-18,24,51932900.00,51180865.00,554970.00,39125.00,157940.00,0.00,0.00,141,130,36,7,14032258.06,10536510.07,0.00,15,6.67,240,1.44,0.00,25,26612096.87,system,2021-01-19 00:06:09.353,system,NULL,4
ICOOL Vũng Tàu,CD425836-C95A-EB11-80E9-00155DC46400,2021-01-18,25,9806800.00,8327400.00,1479400.00,0.00,0.00,0.00,0.00,24,29,7,0,4161290.32,2766149.19,0.00,3,18,130,0.44,0.00,16,1399960.49,system,2021-01-20 09:43:02.163,system,NULL,4
ICOOL Xô Viết Nghệ Tĩnh,9A2F5AF2-AF59-EB11-80FD-509A4C8C9FAC,2021-01-18,4,43934200.00,41420595.00,2400405.00,0.00,113200.00,532800.00,0.00,130,95,32,5,16209677.42,10862564.03,800000.00,7,10,320,1.1,0.00,29,15681153.55,system,2021-01-19 00:09:39.507,system,NULL,4
ICOOL Tô Ký,711BDA98-AF59-EB11-80FD-509A4C8C9FAC,2021-01-18,5,18010100.00,16842130.00,333800.00,0.00,834170.00,0.00,0.00,50,28,16,3,10919354.84,4068904.21,0.00,9,9,150,0.62,0.00,26,1853870.95,system,2021-01-19 00:07:09.350,system,NULL,4
ICOOL Bình Phú,936E5A9E-AE59-EB11-80FD-509A4C8C9FAC,2021-01-18,6,40116400.00,39233039.00,883361.00,0.00,0.00,0.00,0.00,107,70,21,3,21487512.59,18272704.73,0.00,6,10,230,0.88,0.00,24,-527178.32,system,2021-01-19 00:00:09.080,system,NULL,4
ICOOL Dương Bá Trạc,8B6100E6-AE59-EB11-80FD-509A4C8C9FAC,2021-01-18,7,69466500.00,67586480.00,1463475.00,60225.00,356320.00,240400.00,0.00,128,123,44,5,18865550.10,24258578.33,10318000.02,17,7.27,320,1.91,0.00,23,35020751.59,system,2021-01-19 00:02:09.287,system,NULL,4
ICOOL Nguyễn Sơn,ECD69D1B-AF59-EB11-80FD-509A4C8C9FAC,2021-01-18,9,43638000.00,41175280.00,735380.00,0.00,1727340.00,186242.50,240000.00,88,84,24,4,8019064.52,10898406.39,0.00,11,6.25,150,1.71,0.00,14,22684051.59,system,2021-01-19 00:03:39.240,system,NULL,4
ICOOL Ung Văn Khiêm,D5C9E5FA-785A-EB11-80FD-509A4C8C9FAC,2021-01-19,1,99099700.00,97262455.00,371155.00,97300.00,1368790.00,638930.00,0.00,309,102,64,4,25600000.01,21163732.32,0.00,27,4,300,1.83,0.00,35,51137652.67,system,2021-01-20 00:08:42.683,system,NULL,4
ICOOL Thành Thái,76BC56B3-785A-EB11-80FD-509A4C8C9FAC,2021-01-19,10,84680201.00,82228725.90,2043835.00,0.00,407640.10,1166090.00,0.00,251,251,63,5,20213348.39,18739540.20,0.00,30,5,340,2.25,0.00,28,44441927.31,system,2021-01-20 00:06:42.630,system,NULL,4
ICOOL Nguyễn Trãi,E475D959-785A-EB11-80FD-509A4C8C9FAC,2021-01-19,11,15266400.00,14855390.00,220910.00,0.00,190100.00,0.00,0.00,43,46,15,2,6587311.84,10793191.84,7572772.04,2,8,120,0.94,0.00,16,5047658.36,system,2021-01-20 00:04:12.490,system,NULL,4
ICOOL Mạc Đỉnh Chi,FC631736-785A-EB11-80FD-509A4C8C9FAC,2021-01-19,12,71243401.00,68170736.00,2556765.00,0.00,515900.00,650980.00,0.00,161,137,40,4,22741935.48,15449447.60,0.00,17,6,270,1.9,0.00,21,30630332.92,system,2021-01-20 00:03:12.500,system,NULL,4
ICOOL Trần Bình Trọng,722319D7-785A-EB11-80FD-509A4C8C9FAC,2021-01-19,13,30778000.00,29659020.00,815040.00,0.00,303940.00,0.00,400000.00,94,90,25,1,9345161.29,7742176.67,660000.00,7,7.2,180,1.47,0.00,17,13631682.04,system,2021-01-20 00:07:42.623,system,NULL,4
ICOOL Cách Mạng Tháng 8,1CF8C2DC-775A-EB11-80FD-509A4C8C9FAC,2021-01-19,14,56176900.00,53864600.00,260220.00,0.00,2052080.00,257274.00,0.00,115,111,39,7,18661290.32,10915449.00,0.00,22,8,320,1.39,0.00,28,24545134.68,system,2021-01-20 00:00:42.630,system,NULL,4
ICOOL Cầu Chữ Y,0F8480EE-775A-EB11-80FD-509A4C8C9FAC,2021-01-19,16,9275800.00,8827800.00,448000.00,0.00,0.00,0.00,0.00,22,24,9,0,4903225.80,2229407.34,0.00,7,12,110,0.64,0.00,14,1695166.86,system,2021-01-20 00:01:12.393,system,NULL,4
ICOOL Nhị Thiên Đường,A812A77D-785A-EB11-80FD-509A4C8C9FAC,2021-01-19,17,21761000.00,21350845.00,185545.00,0.00,224610.00,0.00,0.00,40,35,18,4,10135483.88,5158032.10,0.00,2,8,150,1.13,0.00,16,6057329.02,system,2021-01-20 00:05:12.560,system,NULL,4
ICOOL Trần Não,835D04E9-785A-EB11-80FD-509A4C8C9FAC,2021-01-19,18,80900000.00,79282035.00,708635.00,0.00,909330.00,321226.00,0.00,190,166,46,3,16096774.20,20353357.73,0.00,17,5,240,2.3,0.00,20,43153129.07,system,2021-01-20 00:08:12.687,system,NULL,4
ICOOL Nguyễn Tri Phương,3E2EC46B-785A-EB11-80FD-509A4C8C9FAC,2021-01-19,19,10497200.00,9769270.00,656790.00,31350.00,39790.00,0.00,0.00,39,31,18,3,8090241.94,1945302.62,108120.00,3,15.56,280,1.13,0.00,16,-158154.56,system,2021-01-20 00:04:42.550,system,NULL,4
ICOOL Đồng Đen,2F336800-785A-EB11-80FD-509A4C8C9FAC,2021-01-19,22,35276600.00,34741105.00,535495.00,0.00,0.00,0.00,0.00,119,82,26,6,10775806.45,8053856.58,319550.00,7,6,180,1.04,0.00,25,16230991.97,system,2021-01-20 00:01:42.430,system,NULL,4
ICOOL Phan Chu Trinh,6AEF848F-785A-EB11-80FD-509A4C8C9FAC,2021-01-19,23,15623200.00,14668100.00,619800.00,0.00,335300.00,0.00,0.00,42,28,16,2,8152338.71,3327064.00,0.00,7,7.5,120,1.14,0.00,14,3188697.29,system,2021-01-20 00:05:42.533,system,NULL,4
ICOOL Phan Xích Long,FF8772A1-785A-EB11-80FD-509A4C8C9FAC,2021-01-19,24,71970000.00,69735695.00,2028545.00,0.00,205760.00,0.00,0.00,210,172,50,12,14032258.06,16883647.75,0.00,13,4.8,240,2,0.00,25,38819789.19,system,2021-01-20 00:06:12.610,system,NULL,4
ICOOL Vũng Tàu,5D09C60C-795A-EB11-80FD-509A4C8C9FAC,2021-01-19,25,8378900.00,6779450.00,1396450.00,0.00,203000.00,0.00,0.00,23,20,7,0,4161290.32,2027289.27,0.00,6,18,130,0.44,0.00,16,590870.41,system,2021-01-20 00:09:12.677,system,NULL,4
ICOOL Xô Viết Nghệ Tĩnh,55C8AA1E-795A-EB11-80FD-509A4C8C9FAC,2021-01-19,4,35856000.00,34621775.00,1109705.00,0.00,124520.00,222343.50,0.00,97,64,31,2,16209677.42,13801323.65,9433100.00,8,10,320,1.07,0.00,29,14266217.43,system,2021-01-20 00:09:42.697,system,NULL,4
ICOOL Tô Ký,7F1933C5-785A-EB11-80FD-509A4C8C9FAC,2021-01-19,5,12758900.00,12509730.00,249170.00,0.00,0.00,0.00,0.00,20,24,10,0,10919354.84,3282292.39,0.00,1,15,150,0.38,0.00,26,-1691917.23,system,2021-01-20 00:07:12.593,system,NULL,4
ICOOL Bình Phú,4225BCCA-775A-EB11-80FD-509A4C8C9FAC,2021-01-19,6,41821800.00,40530750.00,1195700.00,0.00,95350.00,0.00,50000.00,119,105,33,3,21487512.59,16368419.96,0.00,4,6,230,1.38,0.00,24,2724817.45,system,2021-01-20 00:00:12.383,system,NULL,4
ICOOL Dương Bá Trạc,14F15112-785A-EB11-80FD-509A4C8C9FAC,2021-01-19,7,68117500.00,65024753.75,1345140.00,261006.25,1486600.00,335250.00,0.00,127,122,37,6,18865550.10,21258808.38,7352658.41,12,8.65,320,1.61,0.00,23,32588303.68,system,2021-01-20 00:02:12.483,system,NULL,4
ICOOL Nguyễn Sơn,ED65F947-785A-EB11-80FD-509A4C8C9FAC,2021-01-19,9,27941800.00,27441750.00,359370.00,0.00,140680.00,0.00,0.00,85,86,26,4,8019064.52,7060704.06,0.00,18,6.15,160,1.86,0.00,14,12361981.43,system,2021-01-20 00:03:42.503,system,NULL,4
ICOOL Ung Văn Khiêm,C3C89625-425B-EB11-80FD-509A4C8C9FAC,2021-01-20,1,107394300.00,104472613.00,2682087.00,0.00,239600.00,672845.00,0.00,332,202,71,2,25600000.01,24288194.59,0.00,28,4,300,2.03,0.00,35,55257263.40,system,2021-01-21 00:08:43.153,system,NULL,4
ICOOL Thành Thái,CA4702DE-415B-EB11-80FD-509A4C8C9FAC,2021-01-20,10,62090200.00,61363190.00,497330.00,0.00,229680.00,207740.00,0.00,206,218,50,6,20213348.39,27381416.04,13606359.00,20,6,338,1.79,0.00,28,27582524.57,system,2021-01-21 00:06:43.060,system,NULL,4
ICOOL Nguyễn Trãi,B9078F84-415B-EB11-80FD-509A4C8C9FAC,2021-01-20,11,16565400.00,16463710.00,74710.00,0.00,26980.00,0.00,0.00,38,51,14,3,6587311.84,3849736.29,0.00,5,7,110,0.88,0.00,16,6026661.87,system,2021-01-21 00:04:12.990,system,NULL,4
ICOOL Mạc Đỉnh Chi,20B8D160-415B-EB11-80FD-509A4C8C9FAC,2021-01-20,12,68326300.00,66390705.00,937485.00,0.00,998110.00,494050.00,0.00,137,135,42,5,22741935.48,12433457.60,0.00,9,5,240,2,0.00,21,31709361.92,system,2021-01-21 00:03:13.027,system,NULL,4
ICOOL Trần Bình Trọng,4C73CB01-425B-EB11-80FD-509A4C8C9FAC,2021-01-20,13,18882900.00,18212665.00,560675.00,0.00,109560.00,0.00,0.00,57,50,19,1,9345161.29,18564125.00,15017191.00,6,9.47,180,1.12,0.00,17,5320569.71,system,2021-01-21 00:07:43.100,system,NULL,4
ICOOL Cách Mạng Tháng 8,C5835307-415B-EB11-80FD-509A4C8C9FAC,2021-01-20,14,71621900.00,68259425.00,2656015.00,0.00,706460.00,1048672.50,0.00,166,148,54,8,18661290.32,13721508.01,0.00,18,5,320,1.93,0.00,28,36925299.17,system,2021-01-21 00:00:42.883,system,NULL,4
ICOOL Cầu Chữ Y,40DE3519-415B-EB11-80FD-509A4C8C9FAC,2021-01-20,16,5544800.00,5544800.00,0.00,0.00,0.00,0.00,0.00,12,15,6,0,4903225.80,1105016.90,0.00,2,18,110,0.43,0.00,14,-463442.70,system,2021-01-21 00:01:12.887,system,NULL,4
ICOOL Nhị Thiên Đường,899950A8-415B-EB11-80FD-509A4C8C9FAC,2021-01-20,17,11588800.00,11565250.00,23550.00,0.00,0.00,0.00,0.00,35,21,11,0,10135483.88,2811577.00,0.00,3,14,160,0.69,0.00,16,-1381810.88,system,2021-01-21 00:05:12.977,system,NULL,4
ICOOL Trần Não,D3FDB213-425B-EB11-80FD-509A4C8C9FAC,2021-01-20,18,94981900.00,93558811.00,960769.00,21020.00,441300.00,130740.00,830000.00,238,225,55,4,16096774.20,21240306.11,0.00,19,3,210,2.75,0.00,20,57182470.69,system,2021-01-21 00:08:13.137,system,NULL,4
ICOOL Nguyễn Tri Phương,252F7196-415B-EB11-80FD-509A4C8C9FAC,2021-01-20,19,9346700.00,8126350.00,1087000.00,133350.00,0.00,0.00,0.00,36,40,12,0,8090241.94,7018194.48,5245085.00,0,23.33,280,0.75,0.00,16,-1737001.41,system,2021-01-21 00:04:42.993,system,NULL,4
ICOOL Đồng Đen,1DE5192B-415B-EB11-80FD-509A4C8C9FAC,2021-01-20,22,43984800.00,43030500.00,851300.00,0.00,103000.00,0.00,0.00,141,139,38,4,10775806.45,9107074.87,0.00,42,4,180,1.52,0.00,25,23147618.68,system,2021-01-21 00:01:42.903,system,NULL,4
ICOOL Phan Chu Trinh,4F6539BA-415B-EB11-80FD-509A4C8C9FAC,2021-01-20,23,17094100.00,16364445.00,729655.00,0.00,0.00,0.00,0.00,42,24,15,0,8152338.71,3921494.67,0.00,2,7.33,110,1.07,0.00,14,4290611.62,system,2021-01-21 00:05:43.023,system,NULL,4
ICOOL Phan Xích Long,64951DCC-415B-EB11-80FD-509A4C8C9FAC,2021-01-20,24,56919000.00,55802565.00,769475.00,0.00,346960.00,191040.00,0.00,174,124,45,8,14032258.06,11572592.67,0.00,21,5.33,240,1.8,0.00,25,30388754.27,system,2021-01-21 00:06:13.040,system,NULL,4
ICOOL Vũng Tàu,F8FF7537-425B-EB11-80FD-509A4C8C9FAC,2021-01-20,25,3286900.00,2805950.00,480950.00,0.00,0.00,0.00,0.00,11,8,3,0,4161290.32,743873.27,0.00,2,46,140,0.19,0.00,16,-2099213.59,system,2021-01-21 00:09:13.137,system,NULL,4
ICOOL Xô Viết Nghệ Tĩnh,E4115A49-425B-EB11-80FD-509A4C8C9FAC,2021-01-20,4,46285400.00,44862375.00,924990.00,80735.00,417300.00,0.00,0.00,143,110,36,0,16209677.42,10368987.72,0.00,14,8,320,1.24,0.00,29,18283709.86,system,2021-01-21 00:09:43.153,system,NULL,4
ICOOL Tô Ký,A29BEBEF-415B-EB11-80FD-509A4C8C9FAC,2021-01-20,5,32081100.00,31003845.00,250605.00,0.00,826650.00,0.00,0.00,56,57,26,1,10919354.84,8434823.38,0.00,2,5,140,1,0.00,26,11649666.78,system,2021-01-21 00:07:13.110,system,NULL,4
ICOOL Bình Phú,52856EF5-405B-EB11-80FD-509A4C8C9FAC,2021-01-20,6,46159800.00,45168214.00,950586.00,41000.00,0.00,210380.00,0.00,137,98,32,3,21487512.59,20188361.44,0.00,8,7,240,1.33,0.00,24,3702719.97,system,2021-01-21 00:00:12.860,system,NULL,4
ICOOL Dương Bá Trạc,135BFD3C-415B-EB11-80FD-509A4C8C9FAC,2021-01-20,7,83962700.00,80807455.00,1723085.00,0.00,1432160.00,178500.00,0.00,170,143,48,11,18865550.10,19179286.35,79208.00,18,6.67,320,2.09,0.00,23,43020326.56,system,2021-01-21 00:02:12.917,system,NULL,4
ICOOL Nguyễn Sơn,794CAF72-415B-EB11-80FD-509A4C8C9FAC,2021-01-20,9,32607200.00,31870370.00,262970.00,92840.00,381020.00,0.00,0.00,93,64,23,0,8019064.52,8504880.06,0.00,16,6.52,150,1.64,0.00,14,15346425.42,system,2021-01-21 00:03:43.000,system,NULL,4
ICOOL Ung Văn Khiêm,11594750-0B5C-EB11-80FD-509A4C8C9FAC,2021-01-21,1,136983000.00,133463368.00,2801672.00,129840.00,588120.00,987540.00,0.00,409,243,80,6,25600000.00,30874224.01,875700.00,37,3.75,300,2.29,0.00,35,78852383.99,system,2021-01-22 00:08:43.617,system,NULL,4
ICOOL Thành Thái,01A8B908-0B5C-EB11-80FD-509A4C8C9FAC,2021-01-21,10,86495801.00,82250685.00,2872586.00,0.00,1372530.00,938853.40,0.00,247,177,65,5,20213348.39,18370400.34,230907.00,26,5,338,2.32,0.00,28,44836696.67,system,2021-01-22 00:06:43.570,system,NULL,4
ICOOL Nguyễn Trãi,177E42AF-0A5C-EB11-80FD-509A4C8C9FAC,2021-01-21,11,9624800.00,9476375.00,148425.00,0.00,0.00,0.00,0.00,31,22,10,1,6587311.84,2274504.95,0.00,5,12,120,0.63,0.00,16,614558.21,system,2021-01-22 00:04:13.470,system,NULL,4
ICOOL Mạc Đỉnh Chi,D707938B-0A5C-EB11-80FD-509A4C8C9FAC,2021-01-21,12,89172602.00,85229776.90,426075.00,51325.00,3465425.10,873160.00,0.00,186,98,43,16,22741935.48,19201765.01,0.00,11,6,270,2.05,0.00,21,44159236.41,system,2021-01-22 00:03:13.600,system,NULL,4
ICOOL Trần Bình Trọng,D541832C-0B5C-EB11-80FD-509A4C8C9FAC,2021-01-21,13,28891500.00,27509260.00,1099720.00,0.00,282520.00,0.00,0.00,75,72,23,3,9345161.29,6503719.67,0.00,10,7.83,180,1.35,0.00,17,11660379.04,system,2021-01-22 00:07:43.610,system,NULL,4
ICOOL Cách Mạng Tháng 8,D1420632-0A5C-EB11-80FD-509A4C8C9FAC,2021-01-21,14,108551200.00,104038300.00,2343900.00,0.00,2169000.00,1397597.00,0.00,235,196,60,3,18661290.32,24087028.01,0.00,24,5,320,2.14,0.00,28,62687578.67,system,2021-01-22 00:00:43.360,system,NULL,4
ICOOL Cầu Chữ Y,130FE943-0A5C-EB11-80FD-509A4C8C9FAC,2021-01-21,16,6760900.00,6715485.00,14950.00,30465.00,0.00,0.00,0.00,23,13,8,0,4903225.80,1449243.00,0.00,2,13,110,0.57,0.00,14,363016.20,system,2021-01-22 00:01:13.370,system,NULL,4
ICOOL Nhị Thiên Đường,28A90FD3-0A5C-EB11-80FD-509A4C8C9FAC,2021-01-21,17,29822501.00,29251430.90,0.00,0.00,571070.10,0.00,0.00,92,20,23,0,10135483.88,8404794.39,0.00,5,6,150,1.44,0.00,16,10711152.63,system,2021-01-22 00:05:13.537,system,NULL,4
ICOOL Trần Não,565C673E-0B5C-EB11-80FD-509A4C8C9FAC,2021-01-21,18,90613900.00,89035550.00,1234365.00,73145.00,270840.00,763147.00,200000.00,232,225,60,4,16096774.20,21178092.63,0.00,28,3,230,3,0.00,20,52723830.17,system,2021-01-22 00:08:13.627,system,NULL,4
ICOOL Nguyễn Tri Phương,66F225C1-0A5C-EB11-80FD-509A4C8C9FAC,2021-01-21,19,23582400.00,22938385.00,564215.00,0.00,79800.00,0.00,0.00,81,68,25,0,8090241.94,5144289.29,0.00,3,11.2,280,1.56,0.00,16,9703853.77,system,2021-01-22 00:04:43.483,system,NULL,4
ICOOL Đồng Đen,CB78CD55-0A5C-EB11-80FD-509A4C8C9FAC,2021-01-21,22,48443900.00,47248915.00,337050.00,92795.00,765140.00,0.00,0.00,150,92,40,3,10775806.45,11024584.24,0.00,13,4,180,1.6,0.00,25,25448524.31,system,2021-01-22 00:01:43.387,system,NULL,4
ICOOL Phan Chu Trinh,AF920FE5-0A5C-EB11-80FD-509A4C8C9FAC,2021-01-21,23,12198900.00,12069580.00,64390.00,0.00,64930.00,0.00,0.00,28,24,13,2,8152338.71,42686660.55,40454137.83,3,9.23,120,0.93,0.00,14,1684718.57,system,2021-01-22 00:05:43.733,system,NULL,4
ICOOL Phan Xích Long,2F5AD4F6-0A5C-EB11-80FD-509A4C8C9FAC,2021-01-21,24,92065500.00,88478145.00,1121625.00,72370.00,2393360.00,527059.00,0.00,232,221,56,6,14032258.06,19995058.35,0.00,14,4.29,240,2.24,0.00,25,54977887.59,system,2021-01-22 00:06:13.547,system,NULL,4
ICOOL Vũng Tàu,37062C62-0B5C-EB11-80FD-509A4C8C9FAC,2021-01-21,25,2131600.00,1768800.00,362800.00,0.00,0.00,0.00,0.00,3,9,2,0,4161290.32,579476.71,0.00,2,70,140,0.13,0.00,16,-2971967.03,system,2021-01-22 00:09:13.637,system,NULL,4
ICOOL Xô Viết Nghệ Tĩnh,3A620674-0B5C-EB11-80FD-509A4C8C9FAC,2021-01-21,4,61865600.00,59103600.00,1639065.00,117925.00,1005010.00,41800.00,0.00,174,126,43,4,16209677.42,15760429.77,0.00,15,7,320,1.48,0.00,29,27175292.81,system,2021-01-22 00:09:43.590,system,NULL,4
ICOOL Tô Ký,32BF961A-0B5C-EB11-80FD-509A4C8C9FAC,2021-01-21,5,32615000.00,31284675.00,1087025.00,0.00,243300.00,0.00,0.00,56,57,22,3,10919354.84,8398615.69,0.00,1,6,150,0.85,0.00,26,11966704.47,system,2021-01-22 00:07:13.540,system,NULL,4
ICOOL Bình Phú,C68E2720-0A5C-EB11-80FD-509A4C8C9FAC,2021-01-21,6,56703900.00,55421376.00,937524.00,0.00,345000.00,346250.00,0.00,133,110,34,4,21487512.58,25319083.54,0.00,6,7.06,240,1.42,0.00,24,8961029.88,system,2021-01-22 00:00:13.380,system,NULL,4
ICOOL Dương Bá Trạc,0C6AB767-0A5C-EB11-80FD-509A4C8C9FAC,2021-01-21,7,71219100.00,68847140.00,1315360.00,0.00,1056600.00,525360.00,0.00,160,114,44,8,18865550.10,15047651.09,0.00,15,7.27,320,1.91,0.00,23,35459298.81,system,2021-01-22 00:02:13.440,system,NULL,4
ICOOL Nguyễn Sơn,A5A15F9D-0A5C-EB11-80FD-509A4C8C9FAC,2021-01-21,9,33007600.00,30984710.00,1946270.00,0.00,76620.00,102444.50,0.00,118,75,28,4,8019064.52,8661779.01,0.00,15,5.36,150,2,0.00,14,14406310.98,system,2021-01-22 00:03:43.463,system,NULL,4
ICOOL Ung Văn Khiêm,E10BF87A-D45C-EB11-80FD-509A4C8C9FAC,2021-01-22,1,171338100.00,164982593.00,3276645.00,223662.00,2855200.00,1640538.00,0.00,395,257,81,9,25600000.00,36380555.36,23500.00,36,3.7,300,2.31,0.00,35,104666075.64,system,2021-01-23 00:08:44.080,system,NULL,4
ICOOL Thành Thái,04966C33-D45C-EB11-80FD-509A4C8C9FAC,2021-01-22,10,121084300.00,117169139.00,2990611.00,0.00,924550.00,370544.00,100000.00,274,247,66,5,20213348.39,24756470.51,0.00,24,5,349,2.36,0.00,28,72669864.10,system,2021-01-23 00:06:44.050,system,NULL,4
ICOOL Nguyễn Trãi,C33DFDD9-D35C-EB11-80FD-509A4C8C9FAC,2021-01-22,11,50235500.00,47881720.00,898620.00,0.00,1455160.00,0.00,0.00,103,123,36,4,6587311.84,10539332.10,0.00,6,4,160,2.25,0.00,16,30755076.06,system,2021-01-23 00:04:14.000,system,NULL,4
ICOOL Mạc Đỉnh Chi,55382DB6-D35C-EB11-80FD-509A4C8C9FAC,2021-01-22,12,153288200.00,147566235.00,2562305.00,108200.00,3051460.00,2554925.00,0.00,298,273,59,9,22741935.48,32093733.54,0.00,25,5,300,2.81,0.00,21,95285490.98,system,2021-01-23 00:03:13.920,system,NULL,4
ICOOL Trần Bình Trọng,06C02A57-D45C-EB11-80FD-509A4C8C9FAC,2021-01-22,13,54570800.00,50928311.40,2092433.00,315045.60,1235010.00,117590.00,0.00,130,138,35,8,9345161.29,10849853.24,0.00,8,6.29,220,2.06,0.00,17,30850886.87,system,2021-01-23 00:07:44.017,system,NULL,4
ICOOL Cách Mạng Tháng 8,2E9BE65C-D35C-EB11-80FD-509A4C8C9FAC,2021-01-22,14,157337800.00,145311990.00,2858640.00,491360.00,8675810.00,3743352.00,200000.00,342,305,66,17,18661290.32,31543667.47,0.00,33,5,380,2.36,0.00,28,99050384.21,system,2021-01-23 00:00:44.140,system,NULL,4
ICOOL Cầu Chữ Y,1594A06E-D35C-EB11-80FD-509A4C8C9FAC,2021-01-22,16,30605300.00,29963225.00,95445.00,0.00,546630.00,0.00,0.00,78,58,24,0,4903225.80,5723913.34,0.00,7,5,130,1.71,0.00,14,19336085.86,system,2021-01-23 00:01:13.880,system,NULL,4
ICOOL Nhị Thiên Đường,6E89BEFD-D35C-EB11-80FD-509A4C8C9FAC,2021-01-22,17,29198500.00,28635623.00,233837.00,0.00,329040.00,163160.00,0.00,73,57,19,3,10135483.88,6786402.25,60000.00,4,10,200,1.19,0.00,16,11936896.87,system,2021-01-23 00:05:13.990,system,NULL,4
ICOOL Trần Não,E0111A69-D45C-EB11-80FD-509A4C8C9FAC,2021-01-22,18,132905100.00,129216130.00,1828020.00,45700.00,1815250.00,1029977.50,0.00,312,262,63,7,16096774.20,29503859.16,47000.00,25,4,300,3.15,0.00,20,84692474.14,system,2021-01-23 00:08:14.103,system,NULL,4
ICOOL Nguyễn Tri Phương,4BBEDFEB-D35C-EB11-80FD-509A4C8C9FAC,2021-01-22,19,33620800.00,32958970.00,525640.00,0.00,136190.00,182950.00,0.00,106,91,32,1,8090241.94,6361691.56,0.00,3,8.75,280,2,0.00,16,18689986.51,system,2021-01-23 00:04:44.007,system,NULL,4
ICOOL Đồng Đen,65AC8680-D35C-EB11-80FD-509A4C8C9FAC,2021-01-22,22,94287000.00,92066780.00,1129930.00,0.00,1090290.00,0.00,0.00,232,272,51,4,10775806.45,19305630.05,0.00,23,5,260,2.04,0.00,25,61985343.50,system,2021-01-23 00:01:43.910,system,NULL,4
ICOOL Phan Chu Trinh,C42A9E0F-D45C-EB11-80FD-509A4C8C9FAC,2021-01-22,23,46863500.00,45186030.00,1379470.00,0.00,298000.00,768400.00,0.00,102,65,34,6,8152338.71,8288034.34,0.00,9,4.41,150,2.43,0.00,14,29514056.95,system,2021-01-23 00:05:43.977,system,NULL,4
ICOOL Phan Xích Long,51DA8321-D45C-EB11-80FD-509A4C8C9FAC,2021-01-22,24,104168800.00,101485805.00,1079840.00,105605.00,1497550.00,316080.00,100000.00,237,204,58,4,14032258.06,19852699.06,150000.00,23,4.14,240,2.32,0.00,25,68166927.88,system,2021-01-23 00:06:14.003,system,NULL,4
ICOOL Vũng Tàu,701CE98C-D45C-EB11-80FD-509A4C8C9FAC,2021-01-22,25,46397000.00,25754850.00,4849750.00,0.00,15792400.00,0.00,0.00,137,81,34,2,4161290.32,9659842.72,0.00,8,4,140,2.13,0.00,16,11933716.96,system,2021-01-23 00:09:14.183,system,NULL,4
ICOOL Xô Viết Nghệ Tĩnh,4EFABE9E-D45C-EB11-80FD-509A4C8C9FAC,2021-01-22,4,104187700.00,101969010.00,1512090.00,0.00,706600.00,1250743.00,0.00,272,175,62,5,16209677.42,22746606.07,0.00,26,5,320,2.14,0.00,29,64263469.51,system,2021-01-23 00:09:44.103,system,NULL,4
ICOOL Tô Ký,4BEB5145-D45C-EB11-80FD-509A4C8C9FAC,2021-01-22,5,50321600.00,48921649.00,826171.00,0.00,573780.00,647540.40,0.00,76,87,29,0,10919354.84,11854115.81,0.00,7,5,170,1.12,0.00,26,26795718.75,system,2021-01-23 00:07:14.073,system,NULL,4
ICOOL Bình Phú,BEB5DE4A-D35C-EB11-80FD-509A4C8C9FAC,2021-01-22,6,65811701.00,64549359.90,819341.00,0.00,443000.10,320450.00,0.00,180,108,45,1,21487512.58,13781597.30,0.00,9,6.44,290,1.88,0.00,24,29600700.02,system,2021-01-23 00:00:13.887,system,NULL,4
ICOOL Dương Bá Trạc,6D7A7A92-D35C-EB11-80FD-509A4C8C9FAC,2021-01-22,7,151114100.00,147553900.00,1950710.00,166000.00,1443490.00,694750.00,0.00,275,267,78,12,18865550.10,31588772.83,0.00,28,4.1,320,3,0.00,26,97794327.08,system,2021-01-23 00:02:14.027,system,NULL,4
ICOOL Nguyễn Sơn,AD7115C8-D35C-EB11-80FD-509A4C8C9FAC,2021-01-22,9,47742700.00,45620040.00,201160.00,0.00,1921500.00,262120.00,0.00,135,88,34,1,8019064.52,10833401.35,0.00,12,5.88,200,2.43,0.00,14,27029694.14,system,2021-01-23 00:03:43.963,system,NULL,4
ICOOL Ung Văn Khiêm,C17EBCA5-9D5D-EB11-80FD-509A4C8C9FAC,2021-01-23,1,227197900.00,220731392.00,5054808.00,71050.00,1340650.00,2609939.60,0.00,570,340,116,11,25600000.00,48411356.89,563500.00,52,3.02,350,3.31,0.00,35,149893474.71,system,2021-01-24 00:08:44.673,system,NULL,4
ICOOL Thành Thái,B794615E-9D5D-EB11-80FD-509A4C8C9FAC,2021-01-23,10,152976100.00,147877710.00,3070830.00,0.00,2027560.00,1312841.80,0.00,344,301,89,24,20213348.39,31700135.89,0.00,45,4,357,3.18,0.00,28,97277067.52,system,2021-01-24 00:06:44.963,system,NULL,4
ICOOL Nguyễn Trãi,7EEAC304-9D5D-EB11-80FD-509A4C8C9FAC,2021-01-23,11,40758800.00,38482410.00,1046290.00,284750.00,945350.00,959585.00,0.00,78,97,27,4,6587311.84,8668381.92,0.00,18,5,160,1.69,0.00,16,24186301.24,system,2021-01-24 00:04:14.610,system,NULL,4
ICOOL Mạc Đỉnh Chi,E577EBE0-9C5D-EB11-80FD-509A4C8C9FAC,2021-01-23,12,165618300.00,158926845.00,5591795.00,0.00,1099660.00,2055246.00,0.00,265,287,74,3,22741935.48,34135935.27,0.00,30,4,300,3.52,0.00,21,104104220.25,system,2021-01-24 00:03:14.473,system,NULL,4
ICOOL Trần Bình Trọng,2188FC81-9D5D-EB11-80FD-509A4C8C9FAC,2021-01-23,13,53055200.00,51445085.00,746505.00,0.00,863610.00,0.00,200000.00,112,121,35,2,9345161.29,10599265.90,0.00,12,6.29,220,2.06,0.00,17,31700657.81,system,2021-01-24 00:07:44.697,system,NULL,4
ICOOL Cách Mạng Tháng 8,DE627E87-9C5D-EB11-80FD-509A4C8C9FAC,2021-01-23,14,162430200.00,158964795.00,1869565.00,269580.00,1326260.00,836154.00,0.00,357,325,101,15,18661290.32,30960401.25,871080.00,32,3,380,3.61,0.00,28,111050337.43,system,2021-01-24 00:00:44.440,system,NULL,4
ICOOL Cầu Chữ Y,1EF55C99-9C5D-EB11-80FD-509A4C8C9FAC,2021-01-23,16,24673500.00,24469980.00,35380.00,0.00,168140.00,0.00,0.00,56,59,21,4,4903225.80,5297169.00,0.00,5,6,130,1.5,0.00,14,14269585.20,system,2021-01-24 00:01:14.420,system,NULL,4
ICOOL Nhị Thiên Đường,30DF8328-9D5D-EB11-80FD-509A4C8C9FAC,2021-01-23,17,43646000.00,42985735.00,272345.00,0.00,387920.00,0.00,0.00,95,65,32,3,10135483.88,8516343.96,400000.00,3,6,200,2,0.00,16,24733907.16,system,2021-01-24 00:05:14.590,system,NULL,4
ICOOL Trần Não,1F71F593-9D5D-EB11-80FD-509A4C8C9FAC,2021-01-23,18,160428800.00,157617640.00,2402935.00,174525.00,233700.00,440045.00,0.00,377,370,78,8,16096774.20,35383553.45,23500.00,32,3,300,3.9,0.00,20,106600857.35,system,2021-01-24 00:08:14.850,system,NULL,4
ICOOL Nguyễn Tri Phương,FEF29E16-9D5D-EB11-80FD-509A4C8C9FAC,2021-01-23,19,57028300.00,55699545.00,766800.00,170225.00,391730.00,0.00,0.00,189,147,42,3,8090241.94,12265274.91,0.00,3,6.67,280,2.63,0.00,16,35344028.15,system,2021-01-24 00:04:44.567,system,NULL,4
ICOOL Đồng Đen,6E503BAB-9C5D-EB11-80FD-509A4C8C9FAC,2021-01-23,22,103876000.00,100868647.00,1583173.00,0.00,1424180.00,0.00,0.00,368,289,65,5,10775806.45,20898987.22,0.00,44,4,260,2.6,0.00,25,69193853.33,system,2021-01-24 00:01:44.400,system,NULL,4
ICOOL Phan Chu Trinh,9BAE5A3A-9D5D-EB11-80FD-509A4C8C9FAC,2021-01-23,23,59763800.00,58705605.00,965030.00,0.00,93165.00,199380.00,0.00,161,92,42,8,8152338.71,12437159.68,279000.00,8,3.57,150,3,0.00,14,38594486.61,system,2021-01-24 00:05:44.520,system,NULL,4
ICOOL Phan Xích Long,7C1B544C-9D5D-EB11-80FD-509A4C8C9FAC,2021-01-23,24,132143501.00,128866922.50,1483325.00,235673.50,1557580.00,926229.00,0.00,369,267,80,10,14032258.06,24104969.20,0.00,24,3,240,3.2,0.00,25,91655924.24,system,2021-01-24 00:06:14.673,system,NULL,4
ICOOL Vũng Tàu,0D94AFB7-9D5D-EB11-80FD-509A4C8C9FAC,2021-01-23,25,37033100.00,28600200.00,7366900.00,0.00,1066000.00,0.00,250000.00,114,100,38,2,4161290.32,7636390.74,0.00,17,3,140,2.38,0.00,16,17052518.94,system,2021-01-24 00:09:14.790,system,NULL,4
ICOOL Xô Viết Nghệ Tĩnh,24D380C9-9D5D-EB11-80FD-509A4C8C9FAC,2021-01-23,4,160580200.00,158632995.00,1918035.00,29170.00,0.00,811988.00,0.00,360,245,87,10,16209677.42,36987171.41,0.00,38,3,320,3,0.00,29,106248134.17,system,2021-01-24 00:09:44.683,system,NULL,4
ICOOL Tô Ký,6EE30D70-9D5D-EB11-80FD-509A4C8C9FAC,2021-01-23,5,64552900.00,62574680.00,752310.00,66570.00,1159340.00,262370.00,0.00,116,99,44,1,10919354.84,14930462.13,0.00,10,4,200,1.69,0.00,26,36987233.03,system,2021-01-24 00:07:14.610,system,NULL,4
ICOOL Bình Phú,31829D75-9C5D-EB11-80FD-509A4C8C9FAC,2021-01-23,6,120114300.00,117449258.00,1165392.00,95370.00,1404280.00,678420.00,0.00,293,205,63,4,21487512.58,27930830.51,0.00,10,4.76,300,2.63,0.00,24,68709334.91,system,2021-01-24 00:00:14.443,system,NULL,4
ICOOL Dương Bá Trạc,7DFF23BD-9C5D-EB11-80FD-509A4C8C9FAC,2021-01-23,7,158880500.00,154712712.00,2449568.00,134600.00,1583620.00,1196385.00,0.00,298,304,82,12,18865550.10,37945653.03,3714664.00,31,3.9,320,3.15,0.00,26,102812557.87,system,2021-01-24 00:02:14.443,system,NULL,4
ICOOL Nguyễn Sơn,3942CEF2-9C5D-EB11-80FD-509A4C8C9FAC,2021-01-23,9,79044600.00,77905295.00,765625.00,0.00,373680.00,559240.00,0.00,223,168,44,6,8019064.52,19859606.93,0.00,25,4.55,200,3.14,0.00,14,50585863.55,system,2021-01-24 00:03:44.480,system,NULL,4
ICOOL Ung Văn Khiêm,67FF73D0-665E-EB11-80FD-509A4C8C9FAC,2021-01-24,1,161786800.00,158748297.00,1894553.00,155900.00,988050.00,962650.00,0.00,439,258,93,14,25600000.00,35219141.38,64380.00,53,3.55,330,2.66,0.00,35,98956185.62,system,2021-01-25 00:08:45.183,system,NULL,4
ICOOL Thành Thái,3980F388-665E-EB11-80FD-509A4C8C9FAC,2021-01-24,10,129439500.00,126574702.00,1508488.00,0.00,1356310.00,0.00,0.00,387,324,83,20,20213348.39,26846660.86,0.00,39,4,347,2.96,0.00,28,79514692.75,system,2021-01-25 00:06:45.223,system,NULL,4
ICOOL Nguyễn Trãi,B2EA732F-665E-EB11-80FD-509A4C8C9FAC,2021-01-24,11,32611100.00,32156100.00,174050.00,95150.00,185800.00,0.00,0.00,68,84,24,1,6587311.84,7295577.24,0.00,19,6,160,1.5,0.00,16,18273210.92,system,2021-01-25 00:04:15.070,system,NULL,4
ICOOL Mạc Đỉnh Chi,5AB8AD0B-665E-EB11-80FD-509A4C8C9FAC,2021-01-24,12,97433802.00,95966757.00,1168480.00,58575.00,239990.00,1082800.00,0.00,187,224,53,4,22741935.48,18626351.25,0.00,22,5,270,2.52,0.00,21,55681270.27,system,2021-01-25 00:03:15.053,system,NULL,4
ICOOL Trần Bình Trọng,9E24B7AC-665E-EB11-80FD-509A4C8C9FAC,2021-01-24,13,27382600.00,26459510.00,290000.00,0.00,633090.00,0.00,0.00,70,62,20,0,9345161.29,6098247.67,0.00,10,9,180,1.18,0.00,17,11016101.04,system,2021-01-25 00:07:45.227,system,NULL,4
ICOOL Cách Mạng Tháng 8,E9C03DB2-655E-EB11-80FD-509A4C8C9FAC,2021-01-24,14,117070300.00,114818495.00,745645.00,14000.00,1492160.00,399474.00,0.00,239,241,72,12,18661290.32,21059231.59,148000.00,36,5,380,2.57,0.00,28,75645447.09,system,2021-01-25 00:00:45.000,system,NULL,4
ICOOL Cầu Chữ Y,589718C4-655E-EB11-80FD-509A4C8C9FAC,2021-01-24,16,23314300.00,22195820.00,1118480.00,0.00,0.00,0.00,0.00,52,41,16,3,4903225.80,4872825.70,0.00,10,7,120,1.14,0.00,14,12419768.50,system,2021-01-25 00:01:14.957,system,NULL,4
ICOOL Nhị Thiên Đường,08133853-665E-EB11-80FD-509A4C8C9FAC,2021-01-24,17,33319400.00,32289030.00,515750.00,0.00,514620.00,0.00,0.00,72,53,27,5,10135483.88,7113273.10,0.00,5,6,180,1.69,0.00,16,15040273.02,system,2021-01-25 00:05:15.077,system,NULL,4
ICOOL Trần Não,9CFB97BE-665E-EB11-80FD-509A4C8C9FAC,2021-01-24,18,92276200.00,91040190.00,781060.00,37330.00,417620.00,213930.00,0.00,295,220,65,4,16096774.20,28377584.97,10198083.13,27,4,300,3.25,0.00,20,56977843.96,system,2021-01-25 00:08:15.223,system,NULL,4
ICOOL Nguyễn Tri Phương,6F7B5941-665E-EB11-80FD-509A4C8C9FAC,2021-01-24,19,47454000.00,46955560.00,267515.00,86550.00,144375.00,0.00,0.00,146,141,49,6,8090241.94,8669260.20,0.00,6,5.71,280,3.06,0.00,16,30196057.86,system,2021-01-25 00:04:45.097,system,NULL,4
ICOOL Đồng Đen,DD7005D6-655E-EB11-80FD-509A4C8C9FAC,2021-01-24,22,101995300.00,99777440.00,1476690.00,0.00,741170.00,0.00,0.00,285,241,66,8,10775806.45,21450145.79,0.00,45,3,250,2.64,0.00,25,67551487.76,system,2021-01-25 00:01:45.030,system,NULL,4
ICOOL Phan Chu Trinh,621F2265-665E-EB11-80FD-509A4C8C9FAC,2021-01-24,23,34323800.00,33718440.00,175340.00,0.00,430020.00,0.00,0.00,85,45,26,1,8152338.71,7394973.34,0.00,21,5.38,140,1.86,0.00,14,18171127.95,system,2021-01-25 00:05:45.133,system,NULL,4
ICOOL Phan Xích Long,D6C90377-665E-EB11-80FD-509A4C8C9FAC,2021-01-24,24,102151300.00,101373904.50,197645.00,89490.50,490260.00,0.00,0.00,268,212,71,7,14032258.06,18681845.14,0.00,27,3.38,240,2.84,0.00,25,68659801.30,system,2021-01-25 00:06:15.130,system,NULL,4
ICOOL Vũng Tàu,8A9D5BE2-665E-EB11-80FD-509A4C8C9FAC,2021-01-24,25,19361500.00,15769250.00,3592250.00,0.00,0.00,277650.00,0.00,64,57,20,7,4161290.32,3728106.03,0.00,14,6,130,1.25,0.00,16,8157503.65,system,2021-01-25 00:09:15.223,system,NULL,4
ICOOL Xô Viết Nghệ Tĩnh,7C823CF4-665E-EB11-80FD-509A4C8C9FAC,2021-01-24,4,110557800.00,107370050.00,2245790.00,268360.00,673600.00,822450.00,0.00,303,204,70,6,16209677.42,24719178.38,0.00,25,4,320,2.41,0.00,29,67263644.20,system,2021-01-25 00:09:45.220,system,NULL,4
ICOOL Tô Ký,D8FFC99A-665E-EB11-80FD-509A4C8C9FAC,2021-01-24,5,67518500.00,65404885.00,715825.00,0.00,1397790.00,411600.00,0.00,123,129,50,2,10919354.84,16544315.11,0.00,14,4,200,1.92,0.00,26,38352815.05,system,2021-01-25 00:07:15.150,system,NULL,4
ICOOL Bình Phú,60F858A0-655E-EB11-80FD-509A4C8C9FAC,2021-01-24,6,90434700.00,86428345.00,3218045.00,0.00,788310.00,0.00,0.00,237,192,52,4,21487512.58,20455581.12,0.00,19,5.58,290,2.17,0.00,24,44485251.30,system,2021-01-25 00:00:14.980,system,NULL,4
ICOOL Dương Bá Trạc,B5E0E0E7-655E-EB11-80FD-509A4C8C9FAC,2021-01-24,7,108785500.00,106293138.00,2057232.00,62720.00,372410.00,464828.00,500000.00,212,171,60,10,18865550.10,25316074.95,2353305.69,25,5.33,320,2.31,0.00,26,65429646.65,system,2021-01-25 00:02:14.990,system,NULL,4
ICOOL Nguyễn Sơn,E6CD951D-665E-EB11-80FD-509A4C8C9FAC,2021-01-24,9,66852200.00,66160060.00,255310.00,0.00,436830.00,0.00,300000.00,222,142,45,7,8019064.52,15908036.39,0.00,30,4.22,190,3.21,0.00,14,42532959.09,system,2021-01-25 00:03:45.093,system,NULL,4
ICOOL Ung Văn Khiêm,10D841FB-2F5F-EB11-80FD-509A4C8C9FAC,2021-01-25,1,113727100.00,111678453.00,1108957.00,0.00,939690.00,502677.00,0.00,332,137,70,4,25600000.00,22703129.68,0.00,32,4.29,300,2,0.00,35,63878000.32,system,2021-01-26 00:08:45.840,system,NULL,4
ICOOL Thành Thái,87E3AEB3-2F5F-EB11-80FD-509A4C8C9FAC,2021-01-25,10,79499400.00,77510160.00,558250.00,0.00,1430990.00,105050.00,0.00,293,257,67,8,20213348.39,16719845.83,0.00,41,5,343,2.39,0.00,28,40682015.78,system,2021-01-26 00:06:45.760,system,NULL,4
ICOOL Nguyễn Trãi,EBD0315A-2F5F-EB11-80FD-509A4C8C9FAC,2021-01-25,11,12088700.00,11447765.00,288185.00,93950.00,258800.00,0.00,0.00,25,35,14,2,6587311.84,2280838.86,0.00,3,9,130,0.88,0.00,16,2579614.30,system,2021-01-26 00:04:15.623,system,NULL,4
ICOOL Mạc Đỉnh Chi,6CFD6A36-2F5F-EB11-80FD-509A4C8C9FAC,2021-01-25,12,87197401.00,84090110.95,1766605.00,0.00,1340685.05,480557.60,0.00,182,159,46,7,22741935.48,39123435.81,21308600.00,17,5,270,2.19,0.00,21,44013897.26,system,2021-01-26 00:03:15.600,system,NULL,4
ICOOL Trần Bình Trọng,98F870D7-2F5F-EB11-80FD-509A4C8C9FAC,2021-01-25,13,20259200.00,18737175.00,1161050.00,66625.00,294350.00,0.00,0.00,59,57,24,4,9345161.29,3672753.67,0.00,2,7.08,170,1.41,0.00,17,5719260.04,system,2021-01-26 00:07:45.750,system,NULL,4
ICOOL Cách Mạng Tháng 8,0EEC0CDD-2E5F-EB11-80FD-509A4C8C9FAC,2021-01-25,14,101785401.00,100251641.00,997720.00,110480.00,425560.00,843201.00,0.00,228,215,69,8,18661290.32,21146799.35,0.00,27,5,350,2.46,0.00,28,61286752.33,system,2021-01-26 00:00:45.667,system,NULL,4
ICOOL Cầu Chữ Y,DB72E3EE-2E5F-EB11-80FD-509A4C8C9FAC,2021-01-25,16,11000000.00,11000000.00,0.00,0.00,0.00,0.00,220000.00,42,25,12,1,4903225.80,2354225.00,0.00,4,8,100,0.86,0.00,14,3962549.20,system,2021-01-26 00:01:15.593,system,NULL,4
ICOOL Nhị Thiên Đường,76A8FC7D-2F5F-EB11-80FD-509A4C8C9FAC,2021-01-25,17,21066700.00,20692460.00,16240.00,0.00,358000.00,0.00,0.00,57,43,20,2,10135483.88,4138953.77,0.00,4,7,150,1.25,0.00,16,6418022.35,system,2021-01-26 00:05:15.673,system,NULL,4
ICOOL Trần Não,628B5AE9-2F5F-EB11-80FD-509A4C8C9FAC,2021-01-25,18,70771400.00,69354042.50,843335.00,287582.50,286440.00,535550.00,300000.00,205,157,46,5,16096774.20,15784417.67,0.00,15,5,230,2.3,0.00,20,38308400.63,system,2021-01-26 00:08:15.803,system,NULL,4
ICOOL Nguyễn Tri Phương,4A4E176C-2F5F-EB11-80FD-509A4C8C9FAC,2021-01-25,19,23454500.00,22791850.00,547950.00,0.00,114700.00,272100.00,0.00,65,92,33,5,8090241.94,3951480.43,0.00,2,8.48,280,2.06,0.00,16,11022227.63,system,2021-01-26 00:04:45.650,system,NULL,4
ICOOL Đồng Đen,1A94CD00-2F5F-EB11-80FD-509A4C8C9FAC,2021-01-25,22,34149500.00,33402580.00,506200.00,0.00,240720.00,0.00,0.00,133,83,29,2,10775806.45,34878972.62,27782324.00,21,6,180,1.16,0.00,25,15530124.93,system,2021-01-26 00:01:45.650,system,NULL,4
ICOOL Phan Chu Trinh,C56CE58F-2F5F-EB11-80FD-509A4C8C9FAC,2021-01-25,23,15362800.00,15289415.00,73385.00,0.00,0.00,0.00,0.00,47,31,16,0,8152338.71,3415551.67,0.00,5,6.88,110,1.14,0.00,14,3721524.62,system,2021-01-26 00:05:45.720,system,NULL,4
ICOOL Phan Xích Long,8C69C3A1-2F5F-EB11-80FD-509A4C8C9FAC,2021-01-25,24,75914500.00,73467410.00,2273890.00,0.00,173200.00,0.00,0.00,195,189,48,3,14032258.06,16028101.98,0.00,14,5,240,1.92,0.00,25,43407049.96,system,2021-01-26 00:06:15.693,system,NULL,4
ICOOL Vũng Tàu,C5F51E0D-305F-EB11-80FD-509A4C8C9FAC,2021-01-25,25,27231000.00,21120500.00,5820500.00,0.00,290000.00,0.00,0.00,61,43,15,2,4161290.32,4190258.52,0.00,8,8,130,0.94,0.00,16,12768951.16,system,2021-01-26 00:09:15.810,system,NULL,4
ICOOL Xô Viết Nghệ Tĩnh,63A2041F-305F-EB11-80FD-509A4C8C9FAC,2021-01-25,4,67001700.00,65541640.00,1273220.00,0.00,186840.00,69760.00,0.00,212,155,53,5,16209677.42,15161082.05,0.00,11,6,320,1.83,0.00,29,34240640.53,system,2021-01-26 00:09:45.840,system,NULL,4
ICOOL Tô Ký,D0D394C5-2F5F-EB11-80FD-509A4C8C9FAC,2021-01-25,5,27026300.00,25774920.00,365170.00,67370.00,818840.00,0.00,0.00,62,55,22,0,10919354.84,6714054.35,0.00,20,6,140,0.85,0.00,26,8141510.81,system,2021-01-26 00:07:15.787,system,NULL,4
ICOOL Bình Phú,796D1BCB-2E5F-EB11-80FD-509A4C8C9FAC,2021-01-25,6,34214900.00,33365450.00,358120.00,0.00,491330.00,113600.00,0.00,116,61,23,3,21487512.58,8400118.29,0.00,4,10,230,0.96,0.00,24,3591419.13,system,2021-01-26 00:00:15.563,system,NULL,4
ICOOL Dương Bá Trạc,66D0A912-2F5F-EB11-80FD-509A4C8C9FAC,2021-01-25,7,76355000.00,74197440.00,753250.00,439630.00,964680.00,0.00,0.00,155,144,47,3,18865550.10,15813390.75,0.00,22,6.81,320,1.81,0.00,26,39518499.15,system,2021-01-26 00:02:15.613,system,NULL,4
ICOOL Nguyễn Sơn,02D44C48-2F5F-EB11-80FD-509A4C8C9FAC,2021-01-25,9,21893900.00,20239650.00,1654250.00,0.00,0.00,0.00,0.00,75,58,23,1,8019064.52,4576545.10,0.00,13,6.52,150,1.64,0.00,14,7644040.39,system,2021-01-26 00:03:45.600,system,NULL,4
ICOOL Ung Văn Khiêm,BD2DE729-F95F-EB11-80FD-509A4C8C9FAC,2021-01-26,1,131077900.00,127215841.00,2348899.00,221750.00,1291410.00,423890.00,0.00,405,268,88,7,25600000.00,27851858.90,0.00,40,3.75,330,2.51,0.00,35,74187872.10,system,2021-01-27 00:08:52.940,system,NULL,4
ICOOL Thành Thái,A8E057E2-F85F-EB11-80FD-509A4C8C9FAC,2021-01-26,10,74190701.00,71676345.90,1747845.00,0.00,766510.10,1182062.00,0.00,256,199,58,11,20213348.39,15097096.29,0.00,22,6,350,2.07,0.00,28,37547963.22,system,2021-01-27 00:06:52.887,system,NULL,4
ICOOL Nguyễn Trãi,08DCDF88-F85F-EB11-80FD-509A4C8C9FAC,2021-01-26,11,26276700.00,25783500.00,493200.00,0.00,0.00,0.00,0.00,43,82,26,3,6587311.84,5332500.67,59814.00,5,5,130,1.63,0.00,16,13923501.49,system,2021-01-27 00:04:22.780,system,NULL,4
ICOOL Mạc Đỉnh Chi,2C1D1565-F85F-EB11-80FD-509A4C8C9FAC,2021-01-26,12,77577800.00,74843175.00,2573575.00,0.00,161050.00,1133449.00,0.00,212,155,38,2,22741935.48,16935232.18,0.00,16,7,300,1.81,0.00,21,36299456.34,system,2021-01-27 00:03:22.733,system,NULL,4
ICOOL Trần Bình Trọng,F6FB1C06-F95F-EB11-80FD-509A4C8C9FAC,2021-01-26,13,25277400.00,24117755.00,808985.00,0.00,350660.00,280050.00,0.00,55,76,18,3,9345161.29,6173275.01,0.00,3,10,180,1.06,0.00,17,8879368.70,system,2021-01-27 00:07:52.897,system,NULL,4
ICOOL Cách Mạng Tháng 8,144CA60B-F85F-EB11-80FD-509A4C8C9FAC,2021-01-26,14,90445600.00,87417265.00,2562895.00,80600.00,384840.00,539260.00,0.00,192,188,52,10,18661290.32,18405772.68,0.00,23,6,350,1.86,0.00,28,50889462.00,system,2021-01-27 00:00:52.690,system,NULL,4
ICOOL Cầu Chữ Y,43EF8A1D-F85F-EB11-80FD-509A4C8C9FAC,2021-01-26,16,10279400.00,9959600.00,319800.00,0.00,0.00,0.00,0.00,27,25,9,2,4903225.81,2730382.67,148000.00,4,12.22,110,0.64,0.00,14,2473991.52,system,2021-01-27 00:01:22.710,system,NULL,4
ICOOL Nhị Thiên Đường,D4BDA5AC-F85F-EB11-80FD-509A4C8C9FAC,2021-01-26,17,28389300.00,27461515.00,706745.00,0.00,221040.00,0.00,0.00,46,46,18,1,10135483.88,6338200.62,0.00,4,8,150,1.13,0.00,16,10987830.50,system,2021-01-27 00:05:22.800,system,NULL,4
ICOOL Trần Não,0F4E0618-F95F-EB11-80FD-509A4C8C9FAC,2021-01-26,18,91907400.00,89757570.00,1907280.00,66050.00,176500.00,459744.00,0.00,243,173,52,4,16096774.20,22113781.45,47000.00,21,4,240,2.6,0.00,20,52053758.35,system,2021-01-27 00:08:22.947,system,NULL,4
ICOOL Nguyễn Tri Phương,B8CBC89A-F85F-EB11-80FD-509A4C8C9FAC,2021-01-26,19,23348100.00,22363050.00,882550.00,0.00,102500.00,0.00,0.00,98,70,29,2,8090241.94,4510820.15,0.00,0,9.66,280,1.81,0.00,16,9761987.91,system,2021-01-27 00:04:52.830,system,NULL,4
ICOOL Đồng Đen,5B43762F-F85F-EB11-80FD-509A4C8C9FAC,2021-01-26,22,50130700.00,48558133.00,955567.00,0.00,617000.00,327953.30,0.00,185,150,46,1,10775806.45,10209963.96,684630.00,10,4,200,1.84,0.00,25,28584945.89,system,2021-01-27 00:01:52.773,system,NULL,4
ICOOL Phan Chu Trinh,638A86BE-F85F-EB11-80FD-509A4C8C9FAC,2021-01-26,23,16369700.00,16092440.00,99200.00,0.00,178060.00,0.00,0.00,58,30,15,0,8152338.71,3755098.67,0.00,3,8,120,1.07,0.00,14,4185002.62,system,2021-01-27 00:05:52.793,system,NULL,4
ICOOL Phan Xích Long,2C9B76D0-F85F-EB11-80FD-509A4C8C9FAC,2021-01-26,24,86018900.00,84223555.00,1189205.00,0.00,606140.00,271401.00,0.00,215,191,58,4,14032258.06,16506613.16,0.00,23,4.14,240,2.32,0.00,25,53956084.78,system,2021-01-27 00:06:22.887,system,NULL,4
ICOOL Vũng Tàu,6B15C23B-F95F-EB11-80FD-509A4C8C9FAC,2021-01-26,25,16739100.00,14059770.00,2620650.00,0.00,58680.00,0.00,120000.00,58,53,16,2,4161290.32,3957485.29,0.00,10,8,140,1,0.00,16,6060994.39,system,2021-01-27 00:09:22.897,system,NULL,4
ICOOL Xô Viết Nghệ Tĩnh,4719AC4D-F95F-EB11-80FD-509A4C8C9FAC,2021-01-26,4,55058100.00,53153235.00,1494435.00,0.00,410430.00,127455.00,0.00,127,107,49,4,16209677.42,11902451.48,0.00,14,6,320,1.69,0.00,29,25168561.10,system,2021-01-27 00:09:52.953,system,NULL,4
ICOOL Tô Ký,BFD55FF4-F85F-EB11-80FD-509A4C8C9FAC,2021-01-26,5,37021400.00,35225075.00,1043025.00,313650.00,439650.00,0.00,0.00,67,92,33,0,10919354.84,8593652.97,0.00,7,4,140,1.27,0.00,26,15712067.19,system,2021-01-27 00:07:23.137,system,NULL,4
ICOOL Bình Phú,C535BEF9-F75F-EB11-80FD-509A4C8C9FAC,2021-01-26,6,53032000.00,51611675.00,753495.00,0.00,666830.00,0.00,300000.00,132,115,39,2,21487512.58,12633312.63,0.00,9,5.9,230,1.63,0.00,24,17790849.79,system,2021-01-27 00:00:22.647,system,NULL,4
ICOOL Dương Bá Trạc,FF375541-F85F-EB11-80FD-509A4C8C9FAC,2021-01-26,7,101705000.00,98882830.00,1401970.00,0.00,1420200.00,404100.00,0.00,172,185,59,7,18865550.10,21804744.16,39524.41,21,5.42,320,2.27,0.00,26,58656160.15,system,2021-01-27 00:02:22.753,system,NULL,4
ICOOL Nguyễn Sơn,78FCFC76-F85F-EB11-80FD-509A4C8C9FAC,2021-01-26,9,22156500.00,20620510.00,1535990.00,0.00,0.00,0.00,0.00,58,53,19,3,8019064.52,5057908.48,0.00,9,8.42,160,1.36,0.00,14,7543537.00,system,2021-01-27 00:03:52.773,system,NULL,4
ICOOL Ung Văn Khiêm,0B3F9654-C260-EB11-80FD-509A4C8C9FAC,2021-01-27,1,143597900.00,138695113.00,3365477.00,73600.00,1463710.00,270670.00,0.00,391,222,85,6,25600000.00,34076347.78,3389135.00,28,3.53,300,2.43,0.00,35,82678570.22,system,2021-01-28 00:08:53.397,system,NULL,4
ICOOL Thành Thái,E874010D-C260-EB11-80FD-509A4C8C9FAC,2021-01-27,10,96242600.00,93847854.00,1996456.00,0.00,398290.00,390520.00,0.00,302,272,65,6,20213348.39,22087605.16,340353.50,24,5,343,2.32,0.00,28,52277773.95,system,2021-01-28 00:06:53.303,system,NULL,4
ICOOL Nguyễn Trãi,934C8CB3-C160-EB11-80FD-509A4C8C9FAC,2021-01-27,11,20832000.00,20633285.00,52965.00,0.00,145750.00,0.00,0.00,77,44,20,0,6587311.84,4366209.39,0.00,21,5,110,1.25,0.00,16,9679763.77,system,2021-01-28 00:04:23.217,system,NULL,4
ICOOL Mạc Đỉnh Chi,05A8C58F-C160-EB11-80FD-509A4C8C9FAC,2021-01-27,12,105158601.00,100556196.00,3163985.00,0.00,1438420.00,2267699.50,0.00,200,216,45,8,22741935.48,21584174.01,0.00,21,6,300,2.14,0.00,21,58497786.01,system,2021-01-28 00:03:23.197,system,NULL,4
ICOOL Trần Bình Trọng,8DB3C330-C260-EB11-80FD-509A4C8C9FAC,2021-01-27,13,33175600.00,31896505.00,780775.00,0.00,498320.00,0.00,0.00,89,93,30,2,9345161.29,7003154.01,0.00,6,6,180,1.76,0.00,17,15548189.70,system,2021-01-28 00:07:53.297,system,NULL,4
ICOOL Cách Mạng Tháng 8,84D05736-C160-EB11-80FD-509A4C8C9FAC,2021-01-27,14,108040800.00,105085860.00,2216620.00,61030.00,677290.00,1748116.00,0.00,253,250,59,9,18661290.32,22463520.02,0.00,27,5,350,2.11,0.00,28,65709165.66,system,2021-01-28 00:00:53.160,system,NULL,4
ICOOL Cầu Chữ Y,D3573648-C160-EB11-80FD-509A4C8C9FAC,2021-01-27,16,20011700.00,19796610.00,102250.00,0.00,112840.00,0.00,0.00,52,47,17,0,4903225.81,4947010.01,0.00,4,5.88,100,1.21,0.00,14,9946374.18,system,2021-01-28 00:01:23.140,system,NULL,4
ICOOL Nhị Thiên Đường,BC706CD7-C160-EB11-80FD-509A4C8C9FAC,2021-01-27,17,19492100.00,19065950.00,21300.00,0.00,404850.00,0.00,0.00,36,28,13,2,10135483.88,9045167.25,6017758.72,0,12,160,0.81,0.00,16,5903057.59,system,2021-01-28 00:05:23.407,system,NULL,4
ICOOL Trần Não,8244AE42-C260-EB11-80FD-509A4C8C9FAC,2021-01-27,18,87949700.00,86496416.00,566814.00,0.00,886470.00,580860.00,620000.00,223,238,55,3,16096774.20,20407052.62,390373.00,16,3,210,2.75,0.00,20,51583822.18,system,2021-01-28 00:08:23.357,system,NULL,4
ICOOL Nguyễn Tri Phương,34EF71C5-C160-EB11-80FD-509A4C8C9FAC,2021-01-27,19,20997900.00,19751300.00,1216800.00,0.00,29800.00,0.00,0.00,73,55,28,6,8090241.94,4149988.29,0.00,5,10,280,1.75,0.00,16,7511069.77,system,2021-01-28 00:04:53.243,system,NULL,4
ICOOL Đồng Đen,0673255A-C160-EB11-80FD-509A4C8C9FAC,2021-01-27,22,35627300.00,34638670.00,369000.00,0.00,619630.00,0.00,0.00,93,99,32,5,10775806.45,6651831.34,0.00,25,6,200,1.28,0.00,25,17211032.21,system,2021-01-28 00:01:53.230,system,NULL,4
ICOOL Phan Chu Trinh,C52D37E9-C160-EB11-80FD-509A4C8C9FAC,2021-01-27,23,24963100.00,24912320.00,50780.00,0.00,0.00,0.00,0.00,79,39,21,0,8152338.71,5765858.01,0.00,7,5.24,110,1.5,0.00,14,10994123.28,system,2021-01-28 00:05:53.260,system,NULL,4
ICOOL Phan Xích Long,797521FB-C160-EB11-80FD-509A4C8C9FAC,2021-01-27,24,78669300.00,75366610.00,844750.00,0.00,2457940.00,572700.00,0.00,189,187,57,13,14032258.06,15041999.21,0.00,22,4.21,240,2.28,0.00,25,46865052.73,system,2021-01-28 00:06:23.313,system,NULL,4
ICOOL Vũng Tàu,63A27466-C260-EB11-80FD-509A4C8C9FAC,2021-01-27,25,11059200.00,9155500.00,1903700.00,0.00,0.00,0.00,0.00,33,23,6,2,4161290.32,2558203.95,0.00,8,21,130,0.38,0.00,16,2436005.73,system,2021-01-28 00:09:23.377,system,NULL,4
ICOOL Xô Viết Nghệ Tĩnh,9B4B5D78-C260-EB11-80FD-509A4C8C9FAC,2021-01-27,4,53392100.00,52036426.00,1225714.00,0.00,129960.00,153680.00,0.00,167,124,43,2,16209677.42,11321901.29,0.00,20,7,320,1.48,0.00,29,24658527.29,system,2021-01-28 00:09:53.420,system,NULL,4
ICOOL Tô Ký,40E3EB1E-C260-EB11-80FD-509A4C8C9FAC,2021-01-27,5,25115500.00,23625405.00,458140.00,78325.00,953630.00,170397.00,0.00,45,59,20,1,10919354.84,6093231.15,0.00,10,7,140,0.77,0.00,26,6783216.01,system,2021-01-28 00:07:23.360,system,NULL,4
ICOOL Bình Phú,DD217124-C160-EB11-80FD-509A4C8C9FAC,2021-01-27,6,31489700.00,30782305.00,319240.00,280585.00,107570.00,178800.00,0.00,92,58,27,2,21487512.58,7111257.05,0.00,9,8.89,240,1.13,0.00,24,2362335.37,system,2021-01-28 00:00:23.127,system,NULL,4
ICOOL Dương Bá Trạc,F62AFF6B-C160-EB11-80FD-509A4C8C9FAC,2021-01-27,7,115613800.00,111114331.00,2242594.00,48225.00,2208650.00,2337900.00,0.00,204,214,58,10,18865550.10,25322297.34,0.00,23,5.52,320,2.23,0.00,26,69264383.56,system,2021-01-28 00:02:23.173,system,NULL,4
ICOOL Nguyễn Sơn,EB87AEA1-C160-EB11-80FD-509A4C8C9FAC,2021-01-27,9,31182000.00,30726850.00,455150.00,0.00,0.00,0.00,0.00,95,83,26,2,8019064.52,7523616.82,0.00,11,5.77,150,1.86,0.00,14,15184168.66,system,2021-01-28 00:03:53.243,system,NULL,4
ICOOL Ung Văn Khiêm,C7E1DA8E-8B61-EB11-80FD-509A4C8C9FAC,2021-01-28,1,175312300.00,170095925.00,4205675.00,0.00,1010700.00,1136795.00,0.00,404,274,80,4,25600000.00,38411376.33,0.00,33,4,320,2.29,0.00,35,107221343.67,system,2021-01-29 00:09:19.997,system,NULL,4
ICOOL Thành Thái,5836D137-8B61-EB11-80FD-509A4C8C9FAC,2021-01-28,10,90645900.00,89855625.00,558435.00,68870.00,162970.00,564170.00,0.00,279,228,70,12,20213348.39,17913318.77,340353.50,33,5,352,2.5,0.00,28,52633481.34,system,2021-01-29 00:06:53.970,system,NULL,4
ICOOL Nguyễn Trãi,7B3BB4DD-8A61-EB11-80FD-509A4C8C9FAC,2021-01-28,11,34782300.00,34144165.00,212515.00,0.00,425620.00,0.00,0.00,54,76,24,3,6587311.84,7296367.15,0.00,4,5,120,1.5,0.00,16,20260486.01,system,2021-01-29 00:04:29.980,system,NULL,4
ICOOL Mạc Đỉnh Chi,178F4DBB-8A61-EB11-80FD-509A4C8C9FAC,2021-01-28,12,109055700.00,105870537.50,2035690.00,285062.50,864410.00,1560425.00,0.00,257,204,52,5,22741935.48,21385422.34,0.00,14,5,300,2.48,0.00,21,63303604.68,system,2021-01-29 00:03:25.070,system,NULL,4
ICOOL Trần Bình Trọng,3ABF3961-8B61-EB11-80FD-509A4C8C9FAC,2021-01-28,13,54894000.00,52776409.00,843861.00,0.00,1273730.00,0.00,0.00,125,113,32,2,9345161.29,20436485.16,4680442.82,12,5.63,180,1.88,0.00,17,27675205.37,system,2021-01-29 00:08:03.443,system,NULL,4
ICOOL Cách Mạng Tháng 8,5B625D6D-8A61-EB11-80FD-509A4C8C9FAC,2021-01-28,14,131306100.00,128701900.00,2413050.00,0.00,191150.00,903485.50,0.00,270,251,74,12,18661290.32,23866192.38,0.00,32,4,360,2.64,0.00,28,87077902.80,system,2021-01-29 00:01:14.313,system,NULL,4
ICOOL Cầu Chữ Y,69A88583-8A61-EB11-80FD-509A4C8C9FAC,2021-01-28,16,32898600.00,32832410.00,66190.00,0.00,0.00,101410.00,85000.00,86,62,24,2,4903225.81,6952411.67,0.00,6,4.17,100,1.71,0.00,14,21163182.52,system,2021-01-29 00:01:51.487,system,NULL,4
ICOOL Nhị Thiên Đường,ED40FB0A-8B61-EB11-80FD-509A4C8C9FAC,2021-01-28,17,20425100.00,19924530.00,0.00,0.00,500570.00,50100.00,0.00,44,31,14,1,10135483.88,4463210.58,0.00,4,12,170,0.88,0.00,16,5375935.54,system,2021-01-29 00:05:38.750,system,NULL,4
ICOOL Trần Não,9A3DCB78-8B61-EB11-80FD-509A4C8C9FAC,2021-01-28,18,106613902.00,104077121.80,929530.00,0.00,1607250.20,1674542.00,0.00,312,184,54,3,16096774.20,23640158.24,0.00,23,4,240,2.7,0.00,20,66014731.36,system,2021-01-29 00:08:42.983,system,NULL,4
ICOOL Nguyễn Tri Phương,428F03F3-8A61-EB11-80FD-509A4C8C9FAC,2021-01-28,19,33773400.00,33189850.00,422200.00,0.00,161350.00,0.00,0.00,86,105,42,2,8090241.94,4845158.05,0.00,9,6.67,280,2.63,0.00,16,20254450.01,system,2021-01-29 00:04:58.540,system,NULL,4
ICOOL Đồng Đen,6AA88583-8A61-EB11-80FD-509A4C8C9FAC,2021-01-28,22,65017000.00,64223045.00,484000.00,86075.00,223880.00,161220.00,0.00,187,176,43,10,10775806.45,16673831.16,3987000.00,20,5,220,1.72,0.00,25,40921627.39,system,2021-01-29 00:01:53.727,system,NULL,4
ICOOL Phan Chu Trinh,DE3A1114-8B61-EB11-80FD-509A4C8C9FAC,2021-01-28,23,43363300.00,42577420.00,498000.00,0.00,287880.00,0.00,0.00,127,72,35,1,8152338.71,8436663.68,0.00,4,3.43,120,2.5,0.00,14,25988417.61,system,2021-01-29 00:05:53.993,system,NULL,4
ICOOL Phan Xích Long,75E73B2F-8B61-EB11-80FD-509A4C8C9FAC,2021-01-28,24,111526000.00,109276678.00,2137772.00,0.00,111550.00,509185.50,0.00,250,310,63,15,14032258.06,22358882.98,0.00,15,3.81,240,2.52,0.00,25,73394722.46,system,2021-01-29 00:06:39.570,system,NULL,4
ICOOL Vũng Tàu,DB7FF396-8B61-EB11-80FD-509A4C8C9FAC,2021-01-28,25,10871800.00,9044400.00,1827400.00,0.00,0.00,0.00,0.00,35,28,12,8,4161290.32,2249907.52,0.00,10,10,130,0.75,0.00,16,2633202.16,system,2021-01-29 00:09:33.580,system,NULL,4
ICOOL Xô Viết Nghệ Tĩnh,A956C5A8-8B61-EB11-80FD-509A4C8C9FAC,2021-01-28,4,79817600.00,77939625.00,1168235.00,324140.00,385600.00,43860.00,0.00,218,137,45,11,16209677.42,18220896.85,0.00,20,7,320,1.55,0.00,29,43552910.73,system,2021-01-29 00:10:03.477,system,NULL,4
ICOOL Tô Ký,6548D052-8B61-EB11-80FD-509A4C8C9FAC,2021-01-28,5,32492300.00,31304790.00,543910.00,137960.00,505640.00,836534.00,0.00,57,55,23,0,10919354.84,16690015.39,9315789.50,4,6,160,0.88,0.00,26,13847743.27,system,2021-01-29 00:07:39.263,system,NULL,4
ICOOL Bình Phú,61575758-8A61-EB11-80FD-509A4C8C9FAC,2021-01-28,6,79031300.00,76863676.00,1749149.00,121735.00,296740.00,142440.00,0.00,156,135,44,3,21487512.58,16881462.16,0.00,6,5.23,230,1.83,0.00,24,38637141.26,system,2021-01-29 00:00:39.040,system,NULL,4
ICOOL Dương Bá Trạc,B57A8397-8A61-EB11-80FD-509A4C8C9FAC,2021-01-28,7,137560100.00,133521775.00,596645.00,0.00,3441680.00,400408.00,0.00,250,148,62,5,18865550.10,28494847.05,0.00,19,5.16,320,2.38,0.00,26,86561785.85,system,2021-01-29 00:02:25.027,system,NULL,4
ICOOL Nguyễn Sơn,7A3BB4DD-8A61-EB11-80FD-509A4C8C9FAC,2021-01-28,9,34514500.00,33061380.00,854520.00,0.00,598600.00,0.00,0.00,108,91,28,1,8019064.52,7467846.87,0.00,12,5.36,150,2,0.00,14,17574468.62,system,2021-01-29 00:04:22.787,system,NULL,4
ICOOL Ung Văn Khiêm,A4B0DBBA-5462-EB11-80FD-509A4C8C9FAC,2021-01-29,1,191198001.00,187091976.50,1981474.00,0.00,2124550.50,1697139.00,0.00,525,275,102,11,25600000.00,38015538.92,47000.00,37,3.43,350,2.91,0.00,35,125220576.58,system,2021-01-30 00:09:22.663,system,NULL,4
ICOOL Thành Thái,DAC85573-5462-EB11-80FD-509A4C8C9FAC,2021-01-29,10,122518010.00,119812465.00,1529054.00,223130.00,953361.00,644330.00,150000.00,339,279,69,7,20213348.39,26211548.21,0.00,42,5,368,2.46,0.00,28,74181898.40,system,2021-01-30 00:07:22.667,system,NULL,4
ICOOL Nguyễn Trãi,C7D5EC07-5462-EB11-80FD-509A4C8C9FAC,2021-01-29,11,33151300.00,32289975.00,122145.00,0.00,739180.00,206440.00,0.00,58,70,23,1,6587311.84,7313736.72,0.00,3,6,150,1.44,0.00,16,18595366.44,system,2021-01-30 00:04:22.467,system,NULL,4
ICOOL Mạc Đỉnh Chi,B1F221E4-5362-EB11-80FD-509A4C8C9FAC,2021-01-29,12,128404801.00,122250041.00,4376200.00,0.00,1778560.00,1073710.00,0.00,248,213,53,1,22741935.48,26090674.01,0.00,16,5,300,2.52,0.00,21,74491141.51,system,2021-01-30 00:03:22.413,system,NULL,4
ICOOL Trần Bình Trọng,CD4B1197-5462-EB11-80FD-509A4C8C9FAC,2021-01-29,13,50236700.00,48424404.00,1696916.00,0.00,115380.00,0.00,0.00,125,122,31,3,9345161.29,10191608.67,0.00,10,7.1,220,1.82,0.00,17,28887634.04,system,2021-01-30 00:08:22.620,system,NULL,4
ICOOL Cách Mạng Tháng 8,3FEEAD8A-5362-EB11-80FD-509A4C8C9FAC,2021-01-29,14,152752600.00,149158985.00,2066490.00,165855.00,1361270.00,2287787.50,0.00,337,298,76,9,18661290.32,28407682.35,0.00,28,4,360,2.71,0.00,28,104377799.83,system,2021-01-30 00:00:52.337,system,NULL,4
ICOOL Cầu Chữ Y,D03D889C-5362-EB11-80FD-509A4C8C9FAC,2021-01-29,16,32422000.00,31921250.00,11750.00,0.00,489000.00,0.00,0.00,75,76,26,1,4903225.81,5940221.68,0.00,7,5,130,1.86,0.00,14,21077802.51,system,2021-01-30 00:01:22.290,system,NULL,4
ICOOL Nhị Thiên Đường,5863B62B-5462-EB11-80FD-509A4C8C9FAC,2021-01-29,17,41700300.00,40099340.00,927000.00,0.00,673960.00,210213.00,0.00,72,55,26,3,10135483.88,9366918.88,0.00,6,7,200,1.63,0.00,16,20807150.24,system,2021-01-30 00:05:22.507,system,NULL,4
ICOOL Trần Não,33FEEDA8-5462-EB11-80FD-509A4C8C9FAC,2021-01-29,18,159619500.00,158007675.00,1412125.00,199700.00,0.00,2349571.00,150000.00,371,314,68,10,16096774.20,34818280.45,202632.00,21,4,300,3.4,0.00,20,109794823.35,system,2021-01-30 00:08:52.587,system,NULL,4
ICOOL Nguyễn Tri Phương,C3F0D319-5462-EB11-80FD-509A4C8C9FAC,2021-01-29,19,38195000.00,37175770.00,702250.00,32635.00,284345.00,0.00,0.00,128,109,41,2,8090241.94,6765342.96,0.00,2,6.83,280,2.56,0.00,16,22320185.10,system,2021-01-30 00:04:52.500,system,NULL,4
ICOOL Đồng Đen,B27D6FAE-5362-EB11-80FD-509A4C8C9FAC,2021-01-29,22,113980300.00,109920407.00,1799243.00,0.00,2260650.00,2299895.70,0.00,260,257,58,4,10775806.45,23450377.70,0.00,29,4,240,2.32,0.00,25,77994118.55,system,2021-01-30 00:01:52.327,system,NULL,4
ICOOL Phan Chu Trinh,717D983D-5462-EB11-80FD-509A4C8C9FAC,2021-01-29,23,55691600.00,54250840.00,583800.00,104150.00,752810.00,0.00,2370000.00,150,104,39,5,8152338.71,13061948.01,2433000.00,9,2.82,110,2.79,0.00,14,37839553.28,system,2021-01-30 00:05:52.510,system,NULL,4
ICOOL Phan Xích Long,D40DDB4F-5462-EB11-80FD-509A4C8C9FAC,2021-01-29,24,110430700.00,107153075.00,1868175.00,0.00,1409450.00,709370.00,20000.00,276,251,66,8,14032258.06,20826324.98,0.00,19,3.64,240,2.64,0.00,25,73023861.96,system,2021-01-30 00:06:23.143,system,NULL,4
ICOOL Vũng Tàu,9BD1BCCC-5462-EB11-80FD-509A4C8C9FAC,2021-01-29,25,27103400.00,21734620.00,4574200.00,0.00,794580.00,0.00,0.00,77,61,18,4,4161290.32,5729041.00,0.00,9,7,140,1.13,0.00,16,11844288.68,system,2021-01-30 00:09:52.660,system,NULL,4
ICOOL Xô Viết Nghệ Tĩnh,AB6899DE-5462-EB11-80FD-509A4C8C9FAC,2021-01-29,4,133625900.00,130955200.00,1847820.00,76920.00,745960.00,588000.00,0.00,311,215,79,9,16209677.42,28960333.66,0.00,22,4,320,2.72,0.00,29,86373188.92,system,2021-01-30 00:10:22.630,system,NULL,4
ICOOL Tô Ký,65313285-5462-EB11-80FD-509A4C8C9FAC,2021-01-29,5,61691801.00,59028012.90,1201828.00,220070.00,1241890.10,0.00,0.00,115,109,38,6,10919354.84,14081429.40,0.00,6,5,200,1.46,0.00,26,34027228.66,system,2021-01-30 00:07:52.633,system,NULL,4
ICOOL Bình Phú,1AACBD78-5362-EB11-80FD-509A4C8C9FAC,2021-01-29,6,101485700.00,97333661.00,3029854.00,249865.00,872320.00,244112.50,0.00,251,172,55,5,21487512.58,21314858.44,0.00,9,5.27,290,2.29,0.00,24,54775402.48,system,2021-01-30 00:00:22.240,system,NULL,4
ICOOL Dương Bá Trạc,49105DC0-5362-EB11-80FD-509A4C8C9FAC,2021-01-29,7,131199900.00,127265030.00,3510095.00,82785.00,341990.00,746432.50,0.00,233,232,62,7,18865550.10,29363787.11,2040988.71,27,5.16,320,2.38,0.00,26,81823114.00,system,2021-01-30 00:02:22.403,system,NULL,4
ICOOL Nguyễn Sơn,94590EF6-5362-EB11-80FD-509A4C8C9FAC,2021-01-29,9,54104200.00,53814680.00,200000.00,89520.00,0.00,107000.00,0.00,161,113,38,6,8019064.52,12557922.54,0.00,17,5.26,200,2.71,0.00,14,33344692.95,system,2021-01-30 00:03:52.483,system,NULL,4
ICOOL Ung Văn Khiêm,6D578EE5-1D63-EB11-80FD-509A4C8C9FAC,2021-01-30,1,273385500.00,268969222.00,3630978.00,201050.00,584250.00,1770880.00,0.00,691,381,138,10,25600000.00,58263854.64,0.00,56,2.54,350,3.94,0.00,35,186876247.36,system,2021-01-31 00:09:23.143,system,NULL,4
ICOOL Thành Thái,C36F519E-1D63-EB11-80FD-509A4C8C9FAC,2021-01-30,10,153026300.00,147726212.00,2983098.00,115870.00,2201120.00,1481112.80,0.00,454,341,90,4,20213348.39,32970165.56,0.00,48,4,382,3.21,0.00,28,96023810.85,system,2021-01-31 00:07:23.623,system,NULL,4
ICOOL Nguyễn Trãi,74379C32-1D63-EB11-80FD-509A4C8C9FAC,2021-01-30,11,66922900.00,64831130.00,1008160.00,0.00,1083610.00,0.00,0.00,118,124,34,3,6587311.84,16193364.83,0.00,17,4,160,2.13,0.00,16,42050453.33,system,2021-01-31 00:04:22.920,system,NULL,4
ICOOL Mạc Đỉnh Chi,713CD60E-1D63-EB11-80FD-509A4C8C9FAC,2021-01-30,12,140965707.00,137924776.90,1382300.00,0.00,1658630.10,957700.20,0.00,324,312,65,3,22741935.48,28221360.69,0.00,27,4,300,3.1,0.00,21,87919180.93,system,2021-01-31 00:03:22.903,system,NULL,4
ICOOL Trần Bình Trọng,0702BBC1-1D63-EB11-80FD-509A4C8C9FAC,2021-01-30,13,62611500.00,57963845.00,1465435.00,0.00,3182220.00,0.00,0.00,153,123,42,5,9345161.29,11289279.68,0.00,19,5.24,220,2.47,0.00,17,37329404.03,system,2021-01-31 00:08:23.037,system,NULL,4
ICOOL Cách Mạng Tháng 8,B1E752B5-1C63-EB11-80FD-509A4C8C9FAC,2021-01-30,14,140689200.00,134395785.00,3909720.00,160945.00,2222750.00,628130.00,0.00,287,254,74,12,18661290.32,26805541.69,426600.00,28,4.86,360,2.64,0.00,28,89983682.99,system,2021-01-31 00:00:52.727,system,NULL,4
ICOOL Cầu Chữ Y,CA1345C7-1C63-EB11-80FD-509A4C8C9FAC,2021-01-30,16,32040200.00,31960430.00,79770.00,0.00,0.00,0.00,450000.00,75,65,25,2,4903225.81,6526555.01,0.00,12,5.2,130,1.79,0.00,14,20980649.18,system,2021-01-31 00:01:22.833,system,NULL,4
ICOOL Nhị Thiên Đường,FC266D56-1D63-EB11-80FD-509A4C8C9FAC,2021-01-30,17,49776600.00,48831965.00,133465.00,0.00,811170.00,0.00,0.00,91,90,32,2,10135483.87,10486934.32,0.00,3,5.94,190,2,0.00,16,28209546.80,system,2021-01-31 00:05:23.010,system,NULL,4
ICOOL Trần Não,BA479ED3-1D63-EB11-80FD-509A4C8C9FAC,2021-01-30,18,176741900.00,174838775.00,1241155.00,100750.00,561220.00,3284270.00,9585000.00,393,380,87,10,16096774.19,41312804.52,23500.00,28,3.45,300,4.35,0.00,20,130321966.29,system,2021-01-31 00:08:53.050,system,NULL,4
ICOOL Nguyễn Tri Phương,6B907E44-1D63-EB11-80FD-509A4C8C9FAC,2021-01-30,19,52723500.00,50888390.00,1052100.00,0.00,783010.00,152600.00,0.00,181,155,48,0,8090241.94,10272836.92,0.00,6,5.83,280,3,0.00,16,32677911.14,system,2021-01-31 00:04:52.927,system,NULL,4
ICOOL Đồng Đen,59E81FD9-1C63-EB11-80FD-509A4C8C9FAC,2021-01-30,22,136546100.00,130652058.00,1568712.00,0.00,4325330.00,495150.00,0.00,371,321,62,4,10775806.45,30343690.60,0.00,29,3.87,240,2.48,0.00,25,90027710.95,system,2021-01-31 00:01:52.790,system,NULL,4
ICOOL Phan Chu Trinh,1E424468-1D63-EB11-80FD-509A4C8C9FAC,2021-01-30,23,54754500.00,54348650.00,306870.00,0.00,98980.00,162580.00,0.00,151,84,42,8,8152338.71,10702626.68,0.00,9,3.57,150,3,0.00,14,35656264.61,system,2021-01-31 00:05:52.940,system,NULL,4
ICOOL Phan Xích Long,1C0B2B7A-1D63-EB11-80FD-509A4C8C9FAC,2021-01-30,24,139001500.00,135293000.00,1891540.00,132670.00,1684290.00,207500.00,100000.00,298,361,74,9,14032258.06,62030996.32,33527274.00,27,3.24,240,2.96,0.00,25,93064519.62,system,2021-01-31 00:06:22.977,system,NULL,4
ICOOL Vũng Tàu,A7C16EF7-1D63-EB11-80FD-509A4C8C9FAC,2021-01-30,25,20172000.00,16530500.00,3351500.00,0.00,290000.00,0.00,0.00,60,59,20,4,4161290.32,4680294.75,0.00,13,7,140,1.25,0.00,16,7688914.93,system,2021-01-31 00:09:53.133,system,NULL,4
ICOOL Xô Viết Nghệ Tĩnh,9FAD5509-1E63-EB11-80FD-509A4C8C9FAC,2021-01-30,4,160256000.00,155842275.00,1797435.00,118800.00,2497490.00,1234210.00,570000.00,396,247,81,6,16209677.42,37497290.89,0.00,27,3.95,320,2.79,0.00,29,103939516.69,system,2021-01-31 00:10:23.170,system,NULL,4
ICOOL Tô Ký,DB01DCAF-1D63-EB11-80FD-509A4C8C9FAC,2021-01-30,5,68019400.00,66342364.00,985156.00,0.00,691880.00,82140.00,0.00,131,123,53,1,10919354.84,15058806.53,0.00,5,3.77,200,2.04,0.00,26,40446342.63,system,2021-01-31 00:07:53.057,system,NULL,4
ICOOL Bình Phú,2D3D78A3-1C63-EB11-80FD-509A4C8C9FAC,2021-01-30,6,134296700.00,130626390.00,2761805.00,220535.00,687970.00,341209.00,0.00,318,233,76,3,21487512.58,40166179.55,9164730.00,15,3.95,300,3.17,0.00,24,78478636.87,system,2021-01-31 00:00:22.770,system,NULL,4
ICOOL Dương Bá Trạc,634518EB-1C63-EB11-80FD-509A4C8C9FAC,2021-01-30,7,212108300.00,207961435.00,3611685.00,0.00,535180.00,810200.00,0.00,380,469,99,9,18865550.10,46624102.45,247790.00,30,3.23,320,3.81,0.00,26,143529772.45,system,2021-01-31 00:02:22.940,system,NULL,4
ICOOL Nguyễn Sơn,CAC6B320-1D63-EB11-80FD-509A4C8C9FAC,2021-01-30,9,87868500.00,85258415.00,1832520.00,58665.00,718900.00,0.00,0.00,238,164,48,5,8019064.52,21627584.60,0.00,17,4.17,200,3.43,0.00,14,55611765.88,system,2021-01-31 00:03:52.877,system,NULL,4
ICOOL Ung Văn Khiêm,CEE92810-E763-EB11-80FD-509A4C8C9FAC,2021-01-31,1,180340200.00,177384352.00,2366133.00,129365.00,460350.00,705665.60,0.00,397,303,83,6,25600000.00,60106324.28,20802849.85,53,4.22,350,2.37,0.00,35,113186543.17,system,2021-02-01 00:09:23.460,system,NULL,4
ICOOL Thành Thái,B80692C8-E663-EB11-80FD-509A4C8C9FAC,2021-01-31,10,118247200.00,115270582.00,2516348.00,0.00,460270.00,988469.80,0.00,338,243,69,7,20213348.39,24374976.85,0.00,42,4.88,337,2.46,0.00,28,71670726.56,system,2021-02-01 00:07:23.357,system,NULL,4
ICOOL Nguyễn Trãi,2B94445D-E663-EB11-80FD-509A4C8C9FAC,2021-01-31,11,34962200.00,34049490.00,258110.00,0.00,654600.00,0.00,220000.00,85,91,32,1,6587311.84,7153311.34,351707.00,11,5,160,2,0.00,16,20880573.82,system,2021-02-01 00:04:23.330,system,NULL,4
ICOOL Mạc Đỉnh Chi,A9747339-E663-EB11-80FD-509A4C8C9FAC,2021-01-31,12,101892200.00,98818660.00,1393820.00,0.00,1679720.00,770750.00,0.00,250,211,62,4,22741935.48,26161148.69,6957936.21,26,4.84,300,2.95,0.00,21,57644262.04,system,2021-02-01 00:03:23.240,system,NULL,4
ICOOL Trần Bình Trọng,0F0A57EC-E663-EB11-80FD-509A4C8C9FAC,2021-01-31,13,42094800.00,39566090.00,893220.00,0.00,1635490.00,0.00,0.00,109,99,33,4,9345161.29,8169782.34,0.00,6,6.67,220,1.94,0.00,17,22051146.37,system,2021-02-01 00:08:23.367,system,NULL,4
ICOOL Cách Mạng Tháng 8,8EAD03E0-E563-EB11-80FD-509A4C8C9FAC,2021-01-31,14,88991200.00,86887020.00,1958580.00,0.00,145600.00,0.00,0.00,200,179,62,5,18661290.32,115816489.42,101602053.00,27,5.97,370,2.21,0.00,28,54011293.25,system,2021-02-01 00:00:53.190,system,NULL,4
ICOOL Cầu Chữ Y,DF47E6F1-E563-EB11-80FD-509A4C8C9FAC,2021-01-31,16,22679900.00,22634030.00,45870.00,0.00,0.00,0.00,0.00,62,48,21,0,4903225.81,4317820.67,0.00,14,5.71,120,1.5,0.00,14,13412983.52,system,2021-02-01 00:01:23.197,system,NULL,4
ICOOL Nhị Thiên Đường,D0090981-E663-EB11-80FD-509A4C8C9FAC,2021-01-31,17,44805000.00,44226545.00,13325.00,0.00,565130.00,163490.00,0.00,93,66,30,2,10135483.87,10448734.01,0.00,3,6,180,1.88,0.00,16,23805817.12,system,2021-02-01 00:05:23.340,system,NULL,4
ICOOL Trần Não,A7FF3EFE-E663-EB11-80FD-509A4C8C9FAC,2021-01-31,18,128312200.00,127103485.00,860740.00,37275.00,310700.00,867862.00,50000.00,305,280,66,4,16096774.19,37339388.20,12254184.53,14,4.55,300,3.3,0.00,20,86839369.13,system,2021-02-01 00:08:53.410,system,NULL,4
ICOOL Nguyễn Tri Phương,016F216F-E663-EB11-80FD-509A4C8C9FAC,2021-01-31,19,35774200.00,34857020.00,529000.00,70600.00,317580.00,0.00,0.00,102,98,38,0,8090241.94,6659511.20,0.00,4,7.37,280,2.38,0.00,16,20107266.86,system,2021-02-01 00:04:53.300,system,NULL,4
ICOOL Đồng Đen,F916CE03-E663-EB11-80FD-509A4C8C9FAC,2021-01-31,22,71494400.00,70785560.00,632000.00,0.00,76840.00,283370.00,0.00,224,142,51,5,10775806.45,12912854.09,0.00,36,4.71,240,2.04,0.00,25,47380269.46,system,2021-02-01 00:01:53.240,system,NULL,4
ICOOL Phan Chu Trinh,FE60EB92-E663-EB11-80FD-509A4C8C9FAC,2021-01-31,23,35688400.00,35113470.00,446620.00,0.00,128310.00,0.00,0.00,101,48,28,1,8152338.71,14379504.17,7081600.00,7,5.36,150,2,0.00,14,19663227.12,system,2021-02-01 00:05:53.343,system,NULL,4
ICOOL Phan Xích Long,F590D9A4-E663-EB11-80FD-509A4C8C9FAC,2021-01-31,24,87483200.00,85415480.00,1059050.00,0.00,1008670.00,360170.50,0.00,228,191,58,3,14032258.06,16753775.97,0.00,27,4.14,240,2.32,0.00,25,54989616.47,system,2021-02-01 00:06:23.427,system,NULL,4
ICOOL Vũng Tàu,F2461322-E763-EB11-80FD-509A4C8C9FAC,2021-01-31,25,17755000.00,14431750.00,3178250.00,0.00,145000.00,0.00,0.00,53,54,16,0,4161290.32,3513891.28,0.00,9,8.13,130,1,0.00,16,6756568.40,system,2021-02-01 00:09:53.520,system,NULL,4
ICOOL Xô Viết Nghệ Tĩnh,1265E933-E763-EB11-80FD-509A4C8C9FAC,2021-01-31,4,88960800.00,87984985.00,763115.00,55200.00,157500.00,0.00,0.00,275,187,67,3,16209677.42,27806699.70,11504425.00,38,4.78,320,2.31,0.00,29,55473032.88,system,2021-02-01 00:10:23.443,system,NULL,4
ICOOL Tô Ký,78B176DA-E663-EB11-80FD-509A4C8C9FAC,2021-01-31,5,60983600.00,58322830.00,989930.00,0.00,1670840.00,0.00,0.00,117,121,48,1,10919354.84,13798821.59,0.00,9,3.96,190,1.85,0.00,26,33604653.57,system,2021-02-01 00:07:53.377,system,NULL,4
ICOOL Bình Phú,F9AD34CE-E563-EB11-80FD-509A4C8C9FAC,2021-01-31,6,93355200.00,91130335.00,2034165.00,0.00,190700.00,0.00,0.00,252,156,59,7,21487512.58,31190412.43,11070105.27,13,4.92,290,2.46,0.00,24,49522515.26,system,2021-02-01 00:00:23.313,system,NULL,4
ICOOL Dương Bá Trạc,7D6CB015-E663-EB11-80FD-509A4C8C9FAC,2021-01-31,7,104231500.00,101583378.00,1607282.00,0.00,1040840.00,256000.00,200000.00,211,174,63,10,18865550.10,48141241.58,28459769.29,30,5.08,320,2.42,0.00,26,63492355.61,system,2021-02-01 00:02:23.243,system,NULL,4
ICOOL Nguyễn Sơn,68F4614B-E663-EB11-80FD-509A4C8C9FAC,2021-01-31,9,58601200.00,57764260.00,469320.00,0.00,367620.00,0.00,780000.00,166,124,40,1,8019064.52,13365709.44,0.00,19,4.75,190,2.86,0.00,14,37159486.04,system,2021-02-01 00:03:53.327,system,NULL,4
ICOOL Ung Văn Khiêm,054DE23A-B064-EB11-80FD-509A4C8C9FAC,2021-02-01,1,161399800.00,155433784.00,4141116.00,386050.00,1438850.00,240600.00,0.00,407,270,81,5,26934107.15,33217520.24,128760.00,24,4,350,2.31,0.00,35,95651516.61,system,2021-02-02 00:09:23.983,system,NULL,4
ICOOL Thành Thái,D46653F3-AF64-EB11-80FD-509A4C8C9FAC,2021-02-01,10,90122400.00,87713020.00,1588390.00,0.00,820990.00,202082.00,250000.00,260,199,59,7,19379603.53,18358567.80,1909202.38,38,5,339,2.11,0.00,28,52336133.05,system,2021-02-02 00:07:23.930,system,NULL,4
ICOOL Nguyễn Trãi,3087F487-AF64-EB11-80FD-509A4C8C9FAC,2021-02-01,11,24450700.00,24411205.00,39495.00,0.00,0.00,0.00,0.00,61,49,20,1,7293095.55,5178153.20,0.00,10,8,160,1.25,0.00,16,11939956.25,system,2021-02-02 00:04:23.790,system,NULL,4
ICOOL Mạc Đỉnh Chi,4D763364-AF64-EB11-80FD-509A4C8C9FAC,2021-02-01,12,106036200.00,102971150.00,1578760.00,0.00,1486290.00,797120.00,0.00,279,216,49,0,17285714.29,21788813.84,0.00,17,6,300,2.33,0.00,21,64693741.87,system,2021-02-02 00:03:23.807,system,NULL,4
ICOOL Trần Bình Trọng,AB4C1217-B064-EB11-80FD-509A4C8C9FAC,2021-02-01,13,45895000.00,43131145.00,1987675.00,0.00,776180.00,0.00,0.00,99,83,28,5,9107142.86,7294428.67,0.00,6,6.07,170,1.65,0.00,17,26729573.47,system,2021-02-02 00:08:23.900,system,NULL,4
ICOOL Cách Mạng Tháng 8,1D13BE0A-AF64-EB11-80FD-509A4C8C9FAC,2021-02-01,14,106296100.00,102835225.00,2350925.00,189970.00,919980.00,642126.00,780000.00,262,203,62,5,22625000.00,17928080.67,0.00,17,6,400,2.21,0.00,28,63704270.33,system,2021-02-02 00:00:53.720,system,NULL,4
ICOOL Cầu Chữ Y,838BA21C-AF64-EB11-80FD-509A4C8C9FAC,2021-02-01,16,24701800.00,24542675.00,159125.00,0.00,0.00,0.00,0.00,59,47,21,3,6045142.86,4876318.34,0.00,5,5.71,120,1.5,0.00,14,13621213.80,system,2021-02-02 00:01:23.737,system,NULL,4
ICOOL Nhị Thiên Đường,62DBCBAB-AF64-EB11-80FD-509A4C8C9FAC,2021-02-01,17,17430500.00,16616010.00,647000.00,0.00,167490.00,0.00,0.00,44,31,16,3,11207142.85,3475258.86,0.00,2,10,170,1,0.00,16,1933608.29,system,2021-02-02 00:05:23.923,system,NULL,4
ICOOL Trần Não,7CD5F628-B064-EB11-80FD-509A4C8C9FAC,2021-02-01,18,131902500.00,129906900.00,1464370.00,32510.00,498720.00,2176920.00,0.00,304,329,63,1,17821428.56,27745651.61,0.00,10,3,240,3.15,0.00,20,86516739.83,system,2021-02-02 00:08:53.920,system,NULL,4
ICOOL Nguyễn Tri Phương,8B11F199-AF64-EB11-80FD-509A4C8C9FAC,2021-02-01,19,20508100.00,19836400.00,199000.00,0.00,472700.00,0.00,0.00,60,49,21,0,8899285.71,3307172.22,35055.00,5,7.14,150,1.31,0.00,16,7664997.07,system,2021-02-02 00:04:53.970,system,NULL,4
ICOOL Đồng Đen,E1B7802E-AF64-EB11-80FD-509A4C8C9FAC,2021-02-01,22,55415000.00,54374981.00,439799.00,0.00,600220.00,0.00,0.00,162,104,37,9,11215357.15,10730306.66,0.00,29,5,200,1.48,0.00,25,32429317.19,system,2021-02-02 00:01:53.717,system,NULL,4
ICOOL Phan Chu Trinh,E2B6A1BD-AF64-EB11-80FD-509A4C8C9FAC,2021-02-01,23,18588200.00,18175740.00,44460.00,0.00,368000.00,0.00,0.00,49,32,15,1,7667857.15,4046328.67,153720.00,10,9,140,1.07,0.00,14,6615274.18,system,2021-02-02 00:05:53.847,system,NULL,4
ICOOL Phan Xích Long,A76885CF-AF64-EB11-80FD-509A4C8C9FAC,2021-02-01,24,109587700.00,107987075.00,589565.00,0.00,1011060.00,460570.00,0.00,220,277,66,9,16964285.71,20232313.49,0.00,20,3,240,2.64,0.00,25,71251045.80,system,2021-02-02 00:06:23.860,system,NULL,4
ICOOL Vũng Tàu,D76BC04C-B064-EB11-80FD-509A4C8C9FAC,2021-02-01,25,16309100.00,13619430.00,0.00,0.00,2689670.00,0.00,0.00,54,45,14,7,6446428.57,3738882.81,0.00,6,9,130,0.88,0.00,16,3434118.62,system,2021-02-02 00:09:53.960,system,NULL,4
ICOOL Xô Viết Nghệ Tĩnh,9F06A25E-B064-EB11-80FD-509A4C8C9FAC,2021-02-01,4,99443700.00,97338690.00,2072410.00,32600.00,0.00,0.00,200000.00,276,184,63,6,8610650.78,21017765.98,0.00,20,4,260,2.17,0.00,29,67910273.24,system,2021-02-02 00:10:23.960,system,NULL,4
ICOOL Tô Ký,71552F05-B064-EB11-80FD-509A4C8C9FAC,2021-02-01,5,37868800.00,37342600.00,327335.00,30085.00,168780.00,203540.00,0.00,63,73,29,4,5616071.43,8296175.98,0.00,11,5,170,1.12,0.00,26,23633892.59,system,2021-02-02 00:07:53.890,system,NULL,4
ICOOL Bình Phú,20E4D8F8-AE64-EB11-80FD-509A4C8C9FAC,2021-02-01,6,52925600.00,51842551.00,709409.00,0.00,373640.00,152130.00,0.00,141,97,30,1,23789746.08,11701949.34,0.00,4,7,220,1.25,0.00,24,16502985.58,system,2021-02-02 00:00:23.697,system,NULL,4
ICOOL Dương Bá Trạc,1F7E6840-AF64-EB11-80FD-509A4C8C9FAC,2021-02-01,7,101555400.00,98609120.00,2728340.00,0.00,217940.00,420172.50,1120000.00,184,200,54,3,17379715.82,20972422.19,0.00,23,6,326,2.08,0.00,26,61797154.49,system,2021-02-02 00:02:23.757,system,NULL,4
ICOOL Nguyễn Sơn,896E0E76-AF64-EB11-80FD-509A4C8C9FAC,2021-02-01,9,41471900.00,40615880.00,390000.00,0.00,466020.00,0.00,0.00,141,100,34,5,8423464.28,8881070.53,0.00,16,4,150,2.43,0.00,14,23311345.19,system,2021-02-02 00:03:53.763,system,NULL,4
ICOOL Ung Văn Khiêm,62697E69-7965-EB11-80FD-509A4C8C9FAC,2021-02-02,1,133570100.00,130536460.00,1767760.00,0.00,1265880.00,1137439.00,0.00,369,211,74,2,26934107.15,27628710.55,0.00,39,4,350,2.11,0.00,35,77111081.30,system,2021-02-03 00:09:31.027,system,NULL,4
ICOOL Thành Thái,67D4ED21-7965-EB11-80FD-509A4C8C9FAC,2021-02-02,10,94149897.90,90693595.42,2910033.00,0.00,546269.90,181840.00,0.00,263,186,54,6,19379603.53,18953376.09,0.00,32,6,333,1.93,0.00,28,52542455.80,system,2021-02-03 00:07:30.960,system,NULL,4
ICOOL Nguyễn Trãi,F66A94B6-7865-EB11-80FD-509A4C8C9FAC,2021-02-02,11,35892800.00,33599305.00,318635.00,0.00,1974860.00,0.00,100000.00,67,79,24,1,7293095.55,8620998.77,0.00,14,5,140,1.5,0.00,16,17785210.68,system,2021-02-03 00:04:30.857,system,NULL,4
ICOOL Mạc Đỉnh Chi,B75BCD92-7865-EB11-80FD-509A4C8C9FAC,2021-02-02,12,83345500.00,80861965.00,1522040.00,119225.00,842270.00,2590871.00,0.00,251,140,38,3,17285714.29,16253286.45,0.00,15,7,300,1.81,0.00,21,49913835.26,system,2021-02-03 00:03:30.833,system,NULL,4
ICOOL Trần Bình Trọng,6E17B545-7965-EB11-80FD-509A4C8C9FAC,2021-02-02,13,42738800.00,41402267.00,608053.00,0.00,728480.00,0.00,0.00,98,92,29,1,9107142.86,8627133.00,0.00,9,5.86,170,1.71,0.00,17,23667991.14,system,2021-02-03 00:08:30.987,system,NULL,4
ICOOL Cách Mạng Tháng 8,19F46239-7865-EB11-80FD-509A4C8C9FAC,2021-02-02,14,99835000.00,97185855.00,707865.00,0.00,1941280.00,348260.00,0.00,221,186,61,10,22625000.00,18551556.00,0.00,28,6,380,2.18,0.00,28,56357559.00,system,2021-02-03 00:01:00.820,system,NULL,4
ICOOL Cầu Chữ Y,FCF0424B-7865-EB11-80FD-509A4C8C9FAC,2021-02-02,16,15123500.00,15049420.00,74080.00,0.00,0.00,0.00,0.00,38,33,15,3,6045142.86,2963539.34,0.00,8,8,120,1.07,0.00,14,6040737.80,system,2021-02-03 00:01:30.807,system,NULL,4
ICOOL Nhị Thiên Đường,BF9E60DA-7865-EB11-80FD-509A4C8C9FAC,2021-02-02,17,19672400.00,19200235.00,12615.00,0.00,459550.00,0.00,0.00,31,30,13,1,11207142.85,4150901.63,0.00,0,13,180,0.81,0.00,16,3842190.52,system,2021-02-03 00:05:30.917,system,NULL,4
ICOOL Trần Não,AC129A57-7965-EB11-80FD-509A4C8C9FAC,2021-02-02,18,76829001.00,74815321.00,959560.00,0.00,1054120.00,1024228.00,100000.00,213,203,40,4,17821428.56,15199464.69,9916.67,18,6,250,2,0.00,20,42928572.42,system,2021-02-03 00:09:01.007,system,NULL,4
ICOOL Nguyễn Tri Phương,7C7779C8-7865-EB11-80FD-509A4C8C9FAC,2021-02-02,19,33402900.00,33012900.00,390000.00,0.00,0.00,0.00,0.00,67,71,24,0,8899285.71,6247067.01,0.00,12,6.25,150,1.5,0.00,16,17866547.28,system,2021-02-03 00:05:00.880,system,NULL,4
ICOOL Đồng Đen,5352275D-7865-EB11-80FD-509A4C8C9FAC,2021-02-02,22,57562500.00,56732460.00,542320.00,0.00,287720.00,0.00,0.00,171,169,44,4,11215357.15,9634081.06,0.00,26,4,200,1.76,0.00,25,35883021.79,system,2021-02-03 00:02:00.823,system,NULL,4
ICOOL Phan Chu Trinh,85A444EC-7865-EB11-80FD-509A4C8C9FAC,2021-02-02,23,41709600.00,41162395.00,73625.00,0.00,473580.00,0.00,0.00,122,70,29,1,7667857.15,9211122.01,837947.00,11,4,140,2.07,0.00,14,25121362.84,system,2021-02-03 00:06:00.930,system,NULL,4
ICOOL Phan Xích Long,EA1126FE-7865-EB11-80FD-509A4C8C9FAC,2021-02-02,24,97721500.00,94459545.00,656395.00,197880.00,2407680.00,1130700.00,0.00,160,261,56,4,16964285.71,19394596.74,0.00,25,4,240,2.24,0.00,25,59231362.55,system,2021-02-03 00:06:30.930,system,NULL,4
ICOOL Vũng Tàu,C40E6F7B-7965-EB11-80FD-509A4C8C9FAC,2021-02-02,25,11896900.00,11661060.00,86560.00,0.00,149280.00,0.00,250000.00,28,16,12,3,6446428.57,2271786.98,0.00,8,10,130,0.75,0.00,16,3192844.45,system,2021-02-03 00:10:01.123,system,NULL,4
ICOOL Xô Viết Nghệ Tĩnh,C0AB488D-7965-EB11-80FD-509A4C8C9FAC,2021-02-02,4,73745500.00,72179165.00,1243820.00,120575.00,201940.00,0.00,0.00,194,144,46,3,8610650.78,16492168.20,0.00,30,5,260,1.59,0.00,29,47076346.02,system,2021-02-03 00:10:31.070,system,NULL,4
ICOOL Tô Ký,1C2ACF33-7965-EB11-80FD-509A4C8C9FAC,2021-02-02,5,33397600.00,32581540.00,672140.00,0.00,143920.00,1090866.00,0.00,50,52,22,1,5616071.43,7262442.35,0.00,7,6,150,0.85,0.00,26,20793892.22,system,2021-02-03 00:08:00.957,system,NULL,4
ICOOL Bình Phú,E4C2F727-7865-EB11-80FD-509A4C8C9FAC,2021-02-02,6,51988400.00,51213738.00,264272.00,47930.00,462460.00,0.00,0.00,136,91,37,0,23789746.08,9731337.58,0.00,9,6,230,1.54,0.00,24,17692654.34,system,2021-02-03 00:00:31.593,system,NULL,4
ICOOL Dương Bá Trạc,0DD80A6F-7865-EB11-80FD-509A4C8C9FAC,2021-02-02,7,82713400.00,81391135.00,1149905.00,0.00,172360.00,0.00,0.00,172,138,54,6,17379715.82,15402112.30,0.00,19,6,352,2.08,0.00,26,48609306.88,system,2021-02-03 00:02:30.837,system,NULL,4
ICOOL Nguyễn Sơn,69C0B4A4-7865-EB11-80FD-509A4C8C9FAC,2021-02-02,9,29699400.00,29210460.00,0.00,0.00,488940.00,0.00,0.00,81,75,25,1,8423464.28,6314294.43,0.00,9,6,150,1.79,0.00,14,14472701.29,system,2021-02-03 00:04:00.870,system,NULL,4
ICOOL Ung Văn Khiêm,F1924794-4266-EB11-80FD-509A4C8C9FAC,2021-02-03,1,99899000.00,98874600.00,788800.00,47450.00,188150.00,780720.00,0.00,318,176,65,3,26934107.15,18381048.67,0.00,35,4,300,1.86,0.00,35,54340164.18,system,2021-02-04 00:09:31.650,system,NULL,4
ICOOL Thành Thái,2D2EB34C-4266-EB11-80FD-509A4C8C9FAC,2021-02-03,10,66256800.00,65447175.00,173410.00,120435.00,515780.00,0.00,0.00,207,216,43,6,19379603.53,12738403.10,0.00,19,7,318,1.54,0.00,28,33329168.37,system,2021-02-04 00:07:31.560,system,NULL,4
ICOOL Nguyễn Trãi,95615DE1-4166-EB11-80FD-509A4C8C9FAC,2021-02-03,11,21740400.00,20707580.00,43400.00,0.00,989420.00,0.00,0.00,48,44,18,3,7293095.54,4080245.29,0.00,6,6.17,111,1.13,0.00,16,9334239.17,system,2021-02-04 00:04:31.480,system,NULL,4
ICOOL Mạc Đỉnh Chi,47449ABD-4166-EB11-80FD-509A4C8C9FAC,2021-02-03,12,72004300.00,69804010.00,958080.00,0.00,1242210.00,209740.00,0.00,250,135,44,3,17285714.29,13510560.24,0.00,28,6,300,2.1,0.00,21,39217475.47,system,2021-02-04 00:03:31.483,system,NULL,4
ICOOL Trần Bình Trọng,3C2A7870-4266-EB11-80FD-509A4C8C9FAC,2021-02-03,13,29811500.00,29163620.00,317640.00,0.00,330240.00,286290.00,0.00,68,84,27,3,9107142.86,5351803.33,0.00,11,6.67,180,1.59,0.00,17,14990963.81,system,2021-02-04 00:08:31.570,system,NULL,4
ICOOL Cách Mạng Tháng 8,03D22A64-4166-EB11-80FD-509A4C8C9FAC,2021-02-03,14,105221200.00,102815920.00,1098690.00,220760.00,1085830.00,775850.00,0.00,230,196,53,4,22625000.00,19701073.69,1260000.00,18,7,380,1.89,0.00,28,62525696.31,system,2021-02-04 00:01:01.437,system,NULL,4
ICOOL Cầu Chữ Y,B5EA0A76-4166-EB11-80FD-509A4C8C9FAC,2021-02-03,16,20078200.00,19814200.00,264000.00,0.00,0.00,0.00,0.00,46,42,16,5,6045142.86,3673419.00,0.00,1,7.5,120,1.14,0.00,14,10095638.14,system,2021-02-04 00:01:31.427,system,NULL,4
ICOOL Nhị Thiên Đường,21712305-4266-EB11-80FD-509A4C8C9FAC,2021-02-03,17,29274800.00,28908455.00,32565.00,0.00,333780.00,0.00,0.00,62,49,23,2,11207142.85,6057656.91,0.00,2,7,170,1.44,0.00,16,11643655.24,system,2021-02-04 00:05:31.500,system,NULL,4
ICOOL Trần Não,50616282-4266-EB11-80FD-509A4C8C9FAC,2021-02-03,18,88290602.00,86861116.90,700465.00,0.00,729020.10,800670.00,375000.00,224,238,43,1,17821428.56,18333829.81,70500.00,13,6,260,2.15,0.00,20,51952028.53,system,2021-02-04 00:09:01.627,system,NULL,4
ICOOL Nguyễn Tri Phương,42364FF3-4166-EB11-80FD-509A4C8C9FAC,2021-02-03,19,16774700.00,16442740.00,0.00,0.00,331960.00,0.00,0.00,47,46,16,0,8899285.71,2951783.77,0.00,3,9.38,150,1,0.00,16,4591670.52,system,2021-02-04 00:05:01.587,system,NULL,4
ICOOL Đồng Đen,E301EE87-4166-EB11-80FD-509A4C8C9FAC,2021-02-03,22,44866500.00,44115440.00,69600.00,0.00,681460.00,0.00,590000.00,135,97,35,2,11215357.15,8179965.86,0.00,10,5,200,1.4,0.00,25,25310116.99,system,2021-02-04 00:02:01.433,system,NULL,4
ICOOL Phan Chu Trinh,CE630917-4266-EB11-80FD-509A4C8C9FAC,2021-02-03,23,22511100.00,21166415.00,774125.00,0.00,570560.00,0.00,0.00,45,25,16,1,7667857.14,5470273.34,371822.00,19,8.75,140,1.14,0.00,14,8400106.52,system,2021-02-04 00:06:01.530,system,NULL,4
ICOOL Phan Xích Long,B6DBED28-4266-EB11-80FD-509A4C8C9FAC,2021-02-03,24,90803100.00,86519740.00,2104180.00,0.00,2179180.00,409700.00,0.00,151,252,54,2,16964285.71,17642989.25,0.00,15,4,240,2.16,0.00,25,52322165.04,system,2021-02-04 00:06:31.547,system,NULL,4
ICOOL Vũng Tàu,76F235A6-4266-EB11-80FD-509A4C8C9FAC,2021-02-03,25,12342300.00,11643470.00,235400.00,0.00,463430.00,0.00,0.00,27,28,10,0,6446428.57,2456407.62,0.00,2,13,130,0.63,0.00,16,2740633.81,system,2021-02-04 00:10:01.733,system,NULL,4
ICOOL Phú Quốc,EA7FD53A-4266-EB11-80FD-509A4C8C9FAC,2021-02-03,26,9739400.00,8299250.00,1440150.00,0.00,0.00,0.00,600000.00,17,10,4,0,7678571.43,1596981.33,0.00,1,0,3,0.16,0.00,25,-376302.76,system,2021-02-04 00:07:01.587,system,NULL,4
ICOOL Xô Viết Nghệ Tĩnh,0F7409B8-4266-EB11-80FD-509A4C8C9FAC,2021-02-03,4,59430200.00,58270638.00,1081402.00,0.00,78160.00,0.00,0.00,165,133,45,4,8610650.78,12712691.44,0.00,15,5,260,1.55,0.00,29,36947295.78,system,2021-02-04 00:10:31.640,system,NULL,4
ICOOL Tô Ký,A7FE9C5E-4266-EB11-80FD-509A4C8C9FAC,2021-02-03,5,34760900.00,32924157.00,672008.00,167725.00,997010.00,0.00,0.00,50,56,21,2,5616071.43,8445402.96,0.00,9,8,170,0.81,0.00,26,18862682.61,system,2021-02-04 00:08:01.613,system,NULL,4
ICOOL Bình Phú,4D684852-4166-EB11-80FD-509A4C8C9FAC,2021-02-03,6,67264200.00,65245383.00,999777.00,174600.00,844440.00,0.00,3100000.00,174,112,38,3,23789746.07,13749562.55,0.00,14,6.05,230,1.58,0.00,24,30806074.38,system,2021-02-04 00:00:31.430,system,NULL,4
ICOOL Dương Bá Trạc,CEDFD299-4166-EB11-80FD-509A4C8C9FAC,2021-02-03,7,152303300.00,147211822.00,3895678.00,73310.00,1122490.00,254250.00,0.00,224,279,58,5,17379715.82,32857706.22,0.00,14,5,334,2.23,0.00,26,97228649.96,system,2021-02-04 00:02:31.453,system,NULL,4
ICOOL Nguyễn Sơn,20A17DCF-4166-EB11-80FD-509A4C8C9FAC,2021-02-03,9,45738900.00,45487540.00,251360.00,0.00,0.00,0.00,0.00,136,101,29,0,8423464.28,10966994.92,0.00,16,5,150,2.07,0.00,14,26097080.80,system,2021-02-04 00:04:01.493,system,NULL,4
ICOOL Ung Văn Khiêm,AFCBF9BE-0B67-EB11-80FD-509A4C8C9FAC,2021-02-04,1,87731300.00,85593350.00,1355000.00,88900.00,694050.00,253350.00,0.00,258,145,53,2,26934107.15,16968388.60,0.00,26,6,330,1.47,0.00,36,41944204.25,system,2021-02-05 00:09:32.127,system,NULL,4
ICOOL Thành Thái,54EE6877-0B67-EB11-80FD-509A4C8C9FAC,2021-02-04,10,68503500.00,67043255.00,726310.00,0.00,733935.00,0.00,200000.00,224,176,42,2,19379603.53,14397821.58,315950.00,20,7,311,1.5,0.00,28,33781779.89,system,2021-02-05 00:07:32.057,system,NULL,4
ICOOL Nguyễn Trãi,9681120C-0B67-EB11-80FD-509A4C8C9FAC,2021-02-04,11,6109800.00,5797680.00,203000.00,0.00,109120.00,0.00,0.00,12,18,7,2,7293095.54,1015339.24,0.00,3,18.57,130,0.44,0.00,16,-2510754.78,system,2021-02-05 00:04:31.977,system,NULL,4
ICOOL Mạc Đỉnh Chi,FFB35CE8-0A67-EB11-80FD-509A4C8C9FAC,2021-02-04,12,88977700.00,84267635.00,2517655.00,155760.00,2036650.00,1788662.50,0.00,267,104,37,7,17285714.29,16764965.54,0.00,11,8,300,1.76,0.00,21,52005617.67,system,2021-02-05 00:03:32.063,system,NULL,4
ICOOL Trần Bình Trọng,6DE1329B-0B67-EB11-80FD-509A4C8C9FAC,2021-02-04,13,31101300.00,30599515.00,406105.00,0.00,95680.00,0.00,0.00,73,78,23,0,9107142.86,6671589.67,0.00,6,8.26,190,1.35,0.00,17,14820782.47,system,2021-02-05 00:08:32.100,system,NULL,4
ICOOL Cách Mạng Tháng 8,9663DF8E-0A67-EB11-80FD-509A4C8C9FAC,2021-02-04,14,71319500.00,70566495.00,406520.00,62425.00,284060.00,271600.00,1073000.00,156,139,51,12,22625000.00,11645463.67,0.00,20,7,380,1.82,0.00,28,37640631.33,system,2021-02-05 00:01:01.927,system,NULL,4
ICOOL Cầu Chữ Y,53F1BCA0-0A67-EB11-80FD-509A4C8C9FAC,2021-02-04,16,5708700.00,5680840.00,27860.00,0.00,0.00,0.00,0.00,15,9,6,0,6045142.86,1126043.00,0.00,5,20,120,0.43,0.00,14,-1490345.86,system,2021-02-05 00:01:31.900,system,NULL,4
ICOOL Nhị Thiên Đường,2966DC2F-0B67-EB11-80FD-509A4C8C9FAC,2021-02-04,17,29363000.00,28576120.00,397870.00,0.00,389010.00,0.00,0.00,58,49,23,2,11207142.85,6299908.44,0.00,2,7,180,1.44,0.00,16,11069068.71,system,2021-02-05 00:05:32.020,system,NULL,4
ICOOL Trần Não,73871FAD-0B67-EB11-80FD-509A4C8C9FAC,2021-02-04,18,83767301.00,82247767.15,916675.00,93238.75,509620.10,521500.00,0.00,217,215,47,5,17821428.56,17076650.98,0.00,18,5,270,2.35,0.00,20,47871187.61,system,2021-02-05 00:09:02.173,system,NULL,4
ICOOL Nguyễn Tri Phương,0E0A011E-0B67-EB11-80FD-509A4C8C9FAC,2021-02-04,19,24890800.00,24421645.00,376335.00,0.00,92820.00,0.00,0.00,59,55,21,0,8899285.71,10249463.53,232000.00,1,7.14,150,1.31,0.00,16,5504895.76,system,2021-02-05 00:05:02.060,system,NULL,4
ICOOL Đồng Đen,6710B3B2-0A67-EB11-80FD-509A4C8C9FAC,2021-02-04,22,64613700.00,62996580.00,534550.00,0.00,1082570.00,0.00,0.00,206,116,43,4,11215357.15,12400039.58,0.00,15,4,200,1.72,0.00,25,39381183.27,system,2021-02-05 00:02:02.030,system,NULL,4
ICOOL Phan Chu Trinh,FCFCC041-0B67-EB11-80FD-509A4C8C9FAC,2021-02-04,23,24763000.00,24361570.00,30290.00,0.00,371140.00,0.00,0.00,65,33,19,3,7667857.14,6380009.67,326678.00,6,7.37,140,1.36,0.00,14,10640381.19,system,2021-02-05 00:06:02.037,system,NULL,4
ICOOL Phan Xích Long,D392A653-0B67-EB11-80FD-509A4C8C9FAC,2021-02-04,24,79324500.00,77383335.00,1297355.00,65770.00,578040.00,0.00,0.00,171,156,50,6,16964285.71,14431491.36,0.00,25,4,240,2,0.00,25,45987557.93,system,2021-02-05 00:06:32.063,system,NULL,4
ICOOL Vũng Tàu,81E9D9D0-0B67-EB11-80FD-509A4C8C9FAC,2021-02-04,25,8650900.00,7747762.00,309978.00,0.00,593160.00,0.00,0.00,27,25,7,2,6446428.57,1764069.31,0.00,4,20,140,0.44,0.00,16,-462735.88,system,2021-02-05 00:10:02.117,system,NULL,4
ICOOL Phú Quốc,93B38A65-0B67-EB11-80FD-509A4C8C9FAC,2021-02-04,26,1819100.00,1461550.00,357550.00,0.00,0.00,0.00,0.00,3,3,1,0,7678571.43,452993.81,0.00,1,3,3,0.04,0.00,25,-6670015.24,system,2021-02-05 00:07:02.080,system,NULL,4
ICOOL Xô Viết Nghệ Tĩnh,1FDDC0E2-0B67-EB11-80FD-509A4C8C9FAC,2021-02-04,4,47676800.00,47000210.00,243680.00,432910.00,0.00,0.00,0.00,118,92,30,5,8610650.78,10319550.06,0.00,14,8,260,1.03,0.00,29,28070009.16,system,2021-02-05 00:10:32.150,system,NULL,4
ICOOL Tô Ký,F11D5289-0B67-EB11-80FD-509A4C8C9FAC,2021-02-04,5,42749900.00,42085175.00,473445.00,0.00,191280.00,0.00,0.00,77,77,29,0,5616071.43,9265324.97,0.00,6,6,190,1.12,0.00,26,27203778.60,system,2021-02-05 00:08:02.110,system,NULL,4
ICOOL Bình Phú,DC00FF7C-0A67-EB11-80FD-509A4C8C9FAC,2021-02-04,6,71037400.00,69186610.00,992540.00,93700.00,764550.00,327550.00,0.00,169,119,46,6,23789746.07,14597474.01,0.00,8,5,230,1.92,0.00,24,31126939.92,system,2021-02-05 00:00:31.933,system,NULL,4
ICOOL Dương Bá Trạc,A19888C4-0A67-EB11-80FD-509A4C8C9FAC,2021-02-04,7,96996900.00,93509350.00,2237310.00,0.00,1250240.00,292380.00,0.00,172,183,50,13,17379715.82,20062399.34,0.00,15,6,324,1.92,0.00,26,56359614.84,system,2021-02-05 00:02:31.953,system,NULL,4
ICOOL Nguyễn Sơn,92ED34FA-0A67-EB11-80FD-509A4C8C9FAC,2021-02-04,9,34015400.00,33315090.00,621410.00,33560.00,45340.00,0.00,0.00,98,82,29,3,8423464.28,7359328.39,0.00,14,5,150,2.07,0.00,14,17532297.33,system,2021-02-05 00:04:02.000,system,NULL,4
ICOOL Ung Văn Khiêm,6E24B6E9-D467-EB11-80FD-509A4C8C9FAC,2021-02-05,1,126060500.00,123491890.00,1560260.00,341000.00,667350.00,1760785.00,0.00,342,223,73,2,26934107.15,25885918.98,64380.00,35,4,300,2.03,0.00,36,72497028.87,system,2021-02-06 00:09:32.667,system,NULL,4
ICOOL Thành Thái,BB4627A2-D467-EB11-80FD-509A4C8C9FAC,2021-02-05,10,101017000.00,98722270.00,1660990.00,0.00,633740.00,405850.00,50000.00,305,259,64,5,19379603.53,19895020.36,0.00,31,4,317,2.29,0.00,28,59903496.11,system,2021-02-06 00:07:32.613,system,NULL,4
ICOOL Nguyễn Trãi,F551D136-D467-EB11-80FD-509A4C8C9FAC,2021-02-05,11,19825800.00,18356620.00,875460.00,0.00,593720.00,0.00,0.00,53,28,11,0,7293095.54,4645945.72,0.00,3,13.64,150,0.69,0.00,16,6417578.74,system,2021-02-06 00:04:32.533,system,NULL,4
ICOOL Mạc Đỉnh Chi,D12E0B13-D467-EB11-80FD-509A4C8C9FAC,2021-02-05,12,105642800.00,102723110.00,1538540.00,0.00,1381150.00,1146470.00,0.00,360,152,49,1,17285714.29,21451451.68,0.00,14,6,300,2.33,0.00,21,65132414.03,system,2021-02-06 00:03:32.513,system,NULL,4
ICOOL Trần Bình Trọng,15D3ECC5-D467-EB11-80FD-509A4C8C9FAC,2021-02-05,13,48011100.00,46956485.00,499395.00,0.00,555220.00,112100.00,0.00,101,101,28,0,9107142.86,14708759.89,4865546.20,12,7.5,210,1.65,0.00,17,28118228.45,system,2021-02-06 00:08:32.627,system,NULL,4
ICOOL Cách Mạng Tháng 8,A7C6A6B9-D367-EB11-80FD-509A4C8C9FAC,2021-02-05,14,142564801.00,138600371.00,2590515.00,117055.00,1256860.00,737337.00,1875000.00,296,260,69,8,22625000.00,26081112.35,0.00,17,5,370,2.46,0.00,28,92506595.65,system,2021-02-06 00:01:02.540,system,NULL,4
ICOOL Cầu Chữ Y,5FD07DCB-D367-EB11-80FD-509A4C8C9FAC,2021-02-05,16,15708400.00,15708400.00,0.00,0.00,0.00,0.00,0.00,38,30,14,2,6045142.86,3140366.34,0.00,1,8.57,120,1,0.00,14,6522890.80,system,2021-02-06 00:01:32.470,system,NULL,4
ICOOL Nhị Thiên Đường,E342975A-D467-EB11-80FD-509A4C8C9FAC,2021-02-05,17,38945600.00,37905995.00,349000.00,0.00,690605.00,0.00,0.00,81,64,31,3,11207142.85,7345396.12,0.00,10,5,180,1.94,0.00,16,19353456.03,system,2021-02-06 00:05:32.550,system,NULL,4
ICOOL Trần Não,FA6533D8-D467-EB11-80FD-509A4C8C9FAC,2021-02-05,18,114522200.00,111891140.00,2401080.00,0.00,229980.00,663370.00,0.00,247,287,63,4,17821428.56,22398772.40,0.00,18,4,270,3.15,0.00,20,72334309.04,system,2021-02-06 00:09:03.290,system,NULL,4
ICOOL Nguyễn Tri Phương,F7AEBF48-D467-EB11-80FD-509A4C8C9FAC,2021-02-05,19,37676500.00,36560150.00,953600.00,0.00,162750.00,0.00,0.00,107,70,30,0,8899285.71,8244507.01,563978.00,6,5,150,1.88,0.00,16,19980335.28,system,2021-02-06 00:05:02.617,system,NULL,4
ICOOL Đồng Đen,BEF769DD-D367-EB11-80FD-509A4C8C9FAC,2021-02-05,22,73686900.00,72561390.00,830560.00,0.00,294950.00,0.00,500000.00,224,126,51,7,11215357.15,7131180.56,0.00,11,3,200,2.04,0.00,25,54714852.29,system,2021-02-06 00:02:02.537,system,NULL,4
ICOOL Phan Chu Trinh,ACBF7B6C-D467-EB11-80FD-509A4C8C9FAC,2021-02-05,23,36988000.00,35867320.00,752170.00,106290.00,262220.00,0.00,0.00,74,42,28,3,7667857.14,8055510.01,612450.00,19,5,140,2,0.00,14,20756402.85,system,2021-02-06 00:06:02.570,system,NULL,4
ICOOL Phan Xích Long,248C627E-D467-EB11-80FD-509A4C8C9FAC,2021-02-05,24,110713400.00,108450203.00,1883597.00,0.00,379600.00,0.00,0.00,177,263,62,9,16964285.71,21048997.30,0.00,27,3,240,2.48,0.00,25,70436919.99,system,2021-02-06 00:06:32.600,system,NULL,4
ICOOL Vũng Tàu,82AEA1FB-D467-EB11-80FD-509A4C8C9FAC,2021-02-05,25,9074300.00,8760680.00,293800.00,0.00,19820.00,0.00,0.00,23,32,10,3,6446428.57,1948751.00,0.00,5,13,130,0.63,0.00,16,365500.43,system,2021-02-06 00:10:02.730,system,NULL,4
ICOOL Phú Quốc,B65C4790-D467-EB11-80FD-509A4C8C9FAC,2021-02-05,26,4576400.00,3738765.00,293750.00,0.00,543885.00,0.00,0.00,12,7,2,0,7678571.43,1122620.24,0.00,1,1,2,0.08,0.00,25,-5062426.67,system,2021-02-06 00:07:02.623,system,NULL,4
ICOOL Xô Viết Nghệ Tĩnh,5F86800D-D567-EB11-80FD-509A4C8C9FAC,2021-02-05,4,83141700.00,80157010.00,2064610.00,0.00,920080.00,156650.00,320000.00,213,162,50,3,8610650.78,18014759.02,0.00,23,5,260,1.72,0.00,29,54008250.20,system,2021-02-06 00:10:32.713,system,NULL,4
ICOOL Tô Ký,BA1509B4-D467-EB11-80FD-509A4C8C9FAC,2021-02-05,5,40700400.00,39171685.00,601410.00,65935.00,861370.00,0.00,0.00,77,72,30,4,5616071.43,9162155.39,0.00,7,6,180,1.15,0.00,26,24393458.18,system,2021-02-06 00:08:02.613,system,NULL,4
ICOOL Bình Phú,67B0B9A7-D367-EB11-80FD-509A4C8C9FAC,2021-02-05,6,93552600.00,89178865.00,2154445.00,240230.00,1979060.00,0.00,0.00,256,143,54,0,23789746.07,22544217.21,369780.00,10,5.37,290,2.25,0.00,24,43214681.72,system,2021-02-06 00:00:32.463,system,NULL,4
ICOOL Dương Bá Trạc,D73371EF-D367-EB11-80FD-509A4C8C9FAC,2021-02-05,7,102443700.00,100051340.00,1326980.00,432930.00,632450.00,0.00,803000.00,178,176,55,2,17379715.82,21938697.13,1576000.00,17,5,324,2.12,0.00,26,63111927.05,system,2021-02-06 00:02:32.783,system,NULL,4
ICOOL Nguyễn Sơn,B30BEE24-D467-EB11-80FD-509A4C8C9FAC,2021-02-05,9,35323100.00,34844830.00,478270.00,0.00,0.00,0.00,0.00,96,73,24,1,8423464.29,8377849.25,0.00,11,8.33,200,1.71,0.00,14,18043516.46,system,2021-02-06 00:04:02.523,system,NULL,4
ICOOL Ung Văn Khiêm,B1A26714-9E68-EB11-80FD-509A4C8C9FAC,2021-02-06,1,121458100.00,117697166.00,3129204.00,337550.00,294180.00,162880.00,0.00,329,248,69,7,26934107.15,23940136.57,0.00,30,4,300,1.92,0.00,36,66985802.28,system,2021-02-07 00:09:33.137,system,NULL,4
ICOOL Thành Thái,0943E0CC-9D68-EB11-80FD-509A4C8C9FAC,2021-02-06,10,97229300.00,95608628.00,699112.00,0.00,921560.00,0.00,0.00,321,247,66,2,19379603.53,18464243.13,0.00,17,4,296,2.36,0.00,28,57764781.34,system,2021-02-07 00:07:33.130,system,NULL,4
ICOOL Nguyễn Trãi,FB727E61-9D68-EB11-80FD-509A4C8C9FAC,2021-02-06,11,44048400.00,43418590.00,347460.00,0.00,282350.00,216500.00,0.00,77,94,26,4,7293095.54,9384175.63,0.00,4,5.77,150,1.63,0.00,16,26957818.83,system,2021-02-07 00:04:32.973,system,NULL,4
ICOOL Mạc Đỉnh Chi,9094B83D-9D68-EB11-80FD-509A4C8C9FAC,2021-02-06,12,82015900.00,79629460.00,1072050.00,187200.00,1127190.00,0.00,0.00,241,129,52,8,17285714.29,13562503.01,0.00,12,5,300,2.48,0.00,21,48781242.70,system,2021-02-07 00:03:32.957,system,NULL,4
ICOOL Trần Bình Trọng,F5769BF0-9D68-EB11-80FD-509A4C8C9FAC,2021-02-06,13,47930400.00,46065434.50,1224900.00,196535.50,443530.00,0.00,0.00,118,90,34,3,9107142.86,10327623.34,539166.66,10,6.18,210,2,0.00,17,27169834.97,system,2021-02-07 00:08:33.080,system,NULL,4
ICOOL Cách Mạng Tháng 8,DAE451E4-9C68-EB11-80FD-509A4C8C9FAC,2021-02-06,14,87012400.00,83143660.00,3075300.00,0.00,793440.00,275372.00,0.00,167,172,45,5,22625000.00,18715488.68,2550000.01,23,8,370,1.61,0.00,28,44628543.33,system,2021-02-07 00:01:02.967,system,NULL,4
ICOOL Cầu Chữ Y,77512DF6-9C68-EB11-80FD-509A4C8C9FAC,2021-02-06,16,33788100.00,33258390.00,146880.00,115180.00,267650.00,0.00,0.00,80,56,27,3,6045142.86,6918494.06,0.00,13,4.44,120,1.93,0.00,14,20294753.08,system,2021-02-07 00:01:32.927,system,NULL,4
ICOOL Nhị Thiên Đường,32684785-9D68-EB11-80FD-509A4C8C9FAC,2021-02-06,17,58590200.00,56353078.00,1374272.00,0.00,862850.00,0.00,0.00,117,87,36,2,11207142.85,13828759.55,0.00,4,5,180,2.25,0.00,16,31317175.60,system,2021-02-07 00:05:33.010,system,NULL,4
ICOOL Trần Não,7A558302-9E68-EB11-80FD-509A4C8C9FAC,2021-02-06,18,119439300.00,115524708.00,1188582.00,1040410.00,1685600.00,1649609.00,0.00,303,256,63,1,17821428.56,24109494.93,0.00,20,4,270,3.15,0.00,20,75243393.51,system,2021-02-07 00:09:03.120,system,NULL,4
ICOOL Nguyễn Tri Phương,C09E7673-9D68-EB11-80FD-509A4C8C9FAC,2021-02-06,19,27700300.00,27028060.00,461000.00,0.00,211240.00,0.00,0.00,70,65,24,1,8899285.71,12678385.04,637704.08,1,6.25,150,1.5,0.00,16,6088093.33,system,2021-02-07 00:05:03.120,system,NULL,4
ICOOL Đồng Đen,A5A91008-9D68-EB11-80FD-509A4C8C9FAC,2021-02-06,22,81362000.00,79395320.00,1008740.00,0.00,957940.00,0.00,0.00,251,194,57,6,11215357.15,16863554.17,0.00,24,4,240,2.28,0.00,25,51316408.68,system,2021-02-07 00:02:02.940,system,NULL,4
ICOOL Phan Chu Trinh,F3E92A97-9D68-EB11-80FD-509A4C8C9FAC,2021-02-06,23,30183800.00,29969640.00,214160.00,0.00,0.00,0.00,0.00,72,43,24,3,7667857.14,6694431.34,898738.00,13,5.83,140,1.71,0.00,14,16506089.52,system,2021-02-07 00:06:03.023,system,NULL,4
ICOOL Phan Xích Long,2BF20BA9-9D68-EB11-80FD-509A4C8C9FAC,2021-02-06,24,72172500.00,71097145.00,861425.00,0.00,213930.00,0.00,0.00,121,187,49,4,16964285.71,12725290.16,0.00,19,4,240,1.96,0.00,25,41407569.13,system,2021-02-07 00:06:33.020,system,NULL,4
ICOOL Vũng Tàu,10BD4626-9E68-EB11-80FD-509A4C8C9FAC,2021-02-06,25,23494500.00,22311500.00,1183000.00,0.00,0.00,0.00,0.00,48,57,19,6,6446428.57,4544361.98,0.00,6,6,130,1.19,0.00,16,11320709.45,system,2021-02-07 00:10:03.120,system,NULL,4
ICOOL Phú Quốc,169FF8BA-9D68-EB11-80FD-509A4C8C9FAC,2021-02-06,26,2012100.00,1314050.00,698050.00,0.00,0.00,0.00,0.00,5,3,3,1,7678571.43,215153.81,0.00,2,1,3,0.12,0.00,25,-6579675.24,system,2021-02-07 00:07:03.093,system,NULL,4
ICOOL Xô Viết Nghệ Tĩnh,3CF92838-9E68-EB11-80FD-509A4C8C9FAC,2021-02-06,4,51970700.00,50518200.00,1263960.00,55180.00,133360.00,0.00,200000.00,124,89,40,3,8610650.78,10128696.39,0.00,21,6,260,1.38,0.00,29,31978852.83,system,2021-02-07 00:10:33.123,system,NULL,4
ICOOL Tô Ký,9083B8DE-9D68-EB11-80FD-509A4C8C9FAC,2021-02-06,5,39673400.00,38260090.00,795330.00,72410.00,545570.00,0.00,210000.00,92,83,34,2,5616071.43,8756799.48,0.00,6,5,180,1.31,0.00,26,24097219.09,system,2021-02-07 00:08:03.070,system,NULL,4
ICOOL Bình Phú,E18C6FD2-9C68-EB11-80FD-509A4C8C9FAC,2021-02-06,6,121591100.00,117928266.00,3048275.00,157009.00,457550.00,200340.00,5940000.00,258,194,65,1,23789746.07,26789650.57,554670.00,11,4.62,300,2.71,0.00,24,74043879.36,system,2021-02-07 00:00:32.963,system,NULL,4
ICOOL Dương Bá Trạc,EB3CF619-9D68-EB11-80FD-509A4C8C9FAC,2021-02-06,7,120595200.00,117064771.00,1567239.00,0.00,1963190.00,0.00,0.00,228,207,67,4,17379715.82,23726262.42,0.00,24,4.72,316,2.58,0.00,26,75958792.76,system,2021-02-07 00:02:32.963,system,NULL,4
ICOOL Nguyễn Sơn,A44BA24F-9D68-EB11-80FD-509A4C8C9FAC,2021-02-06,9,46414700.00,45703180.00,312270.00,0.00,399250.00,0.00,0.00,122,108,37,2,8423464.29,10305328.35,0.00,23,5.41,200,2.64,0.00,14,26974387.36,system,2021-02-07 00:04:03.010,system,NULL,4
ICOOL Ung Văn Khiêm,EFF11B3F-6769-EB11-80FD-509A4C8C9FAC,2021-02-07,1,33099600.00,30483540.00,299860.00,0.00,2316200.00,0.00,0.00,87,71,22,2,26934107.15,7094788.45,0.00,15,13,300,0.61,0.00,36,-3545355.60,system,2021-02-08 00:09:33.627,system,NULL,4
ICOOL Thành Thái,30208BF7-6669-EB11-80FD-509A4C8C9FAC,2021-02-07,10,56412600.00,55885135.00,527465.00,0.00,0.00,0.00,0.00,165,170,40,5,19379603.53,10710321.06,0.00,11,6,277,1.43,0.00,28,25795210.41,system,2021-02-08 00:07:33.557,system,NULL,4
ICOOL Nguyễn Trãi,7FAA398C-6669-EB11-80FD-509A4C8C9FAC,2021-02-07,11,26534300.00,26135885.00,277565.00,0.00,120850.00,0.00,0.00,56,35,16,0,7293095.54,5697899.67,0.00,3,10,160,1,0.00,16,13144889.79,system,2021-02-08 00:04:33.507,system,NULL,4
ICOOL Mạc Đỉnh Chi,25517068-6669-EB11-80FD-509A4C8C9FAC,2021-02-07,12,41524600.00,40677640.00,474760.00,0.00,372200.00,0.00,0.00,126,64,24,6,17285714.29,7407110.34,0.00,19,12,300,1.14,0.00,21,15984815.37,system,2021-02-08 00:03:33.470,system,NULL,4
ICOOL Trần Bình Trọng,4C5C521B-6769-EB11-80FD-509A4C8C9FAC,2021-02-07,13,22389400.00,21427855.00,602435.00,0.00,359110.00,0.00,0.00,53,39,17,4,9107142.86,10504088.34,0.00,8,10,170,1,0.00,17,1816623.80,system,2021-02-08 00:08:33.583,system,NULL,4
ICOOL Cách Mạng Tháng 8,EE8C120F-6669-EB11-80FD-509A4C8C9FAC,2021-02-07,14,58794400.00,57167310.00,1378090.00,92150.00,156850.00,0.00,0.00,175,118,37,4,22625000.00,10558331.33,0.00,15,10,370,1.32,0.00,28,23983978.67,system,2021-02-08 00:01:03.537,system,NULL,4
ICOOL Cầu Chữ Y,2486EE20-6669-EB11-80FD-509A4C8C9FAC,2021-02-07,16,8278000.00,8278000.00,0.00,0.00,0.00,0.00,0.00,16,19,9,1,6045142.86,1653291.72,0.00,6,12.22,110,0.64,0.00,14,579565.42,system,2021-02-08 00:01:33.500,system,NULL,4
ICOOL Nhị Thiên Đường,B478FDAF-6669-EB11-80FD-509A4C8C9FAC,2021-02-07,17,30177200.00,28923822.00,1171388.00,0.00,81990.00,245720.00,0.00,58,42,21,2,11207142.86,6456670.13,0.00,5,8.1,170,1.31,0.00,16,11505729.01,system,2021-02-08 00:05:33.513,system,NULL,4
ICOOL Trần Não,94A23E2D-6769-EB11-80FD-509A4C8C9FAC,2021-02-07,18,43204600.00,42857610.00,290000.00,56990.00,0.00,123300.00,0.00,112,79,30,4,17821428.56,7338292.06,0.00,15,8,250,1.5,0.00,20,17821189.38,system,2021-02-08 00:09:03.653,system,NULL,4
ICOOL Nguyễn Tri Phương,66052A9E-6669-EB11-80FD-509A4C8C9FAC,2021-02-07,19,12508000.00,12049150.00,298000.00,0.00,160850.00,0.00,0.00,32,33,13,0,8899285.71,2759381.91,0.00,2,11.54,150,0.81,0.00,16,390482.38,system,2021-02-08 00:05:03.603,system,NULL,4
ICOOL Đồng Đen,4625C632-6669-EB11-80FD-509A4C8C9FAC,2021-02-07,22,44436100.00,43097245.00,536065.00,0.00,802790.00,0.00,0.00,113,79,31,9,11215357.14,8000976.82,0.00,29,6.45,200,1.24,0.00,25,23880911.04,system,2021-02-08 00:02:03.433,system,NULL,4
ICOOL Phan Chu Trinh,C5C4DFC1-6669-EB11-80FD-509A4C8C9FAC,2021-02-07,23,24475800.00,24005775.00,470025.00,0.00,0.00,0.00,0.00,58,26,20,1,7667857.14,4739976.34,431250.33,18,7,140,1.43,0.00,14,12029191.85,system,2021-02-08 00:06:03.517,system,NULL,4
ICOOL Phan Xích Long,8B2EC4D3-6669-EB11-80FD-509A4C8C9FAC,2021-02-07,24,70983800.00,69377450.00,422575.00,101855.00,1081920.00,0.00,0.00,136,169,46,8,16964285.71,12484108.16,0.00,19,5.22,240,1.84,0.00,25,39929056.13,system,2021-02-08 00:06:33.533,system,NULL,4
ICOOL Vũng Tàu,403A0051-6769-EB11-80FD-509A4C8C9FAC,2021-02-07,25,11865100.00,11559800.00,100000.00,0.00,205300.00,273100.00,0.00,43,31,9,3,6446428.57,2414691.41,0.00,4,13,120,0.56,0.00,16,2971780.02,system,2021-02-08 00:10:03.643,system,NULL,4
ICOOL Phú Quốc,FB4FB3E5-6669-EB11-80FD-509A4C8C9FAC,2021-02-07,26,3665400.00,2894220.00,351500.00,0.00,419680.00,0.00,0.00,15,5,2,0,7678571.43,943079.29,0.00,1,1.5,3,0.08,0.00,25,-5727430.72,system,2021-02-08 00:07:03.623,system,NULL,4
ICOOL Xô Viết Nghệ Tĩnh,D1401163-6769-EB11-80FD-509A4C8C9FAC,2021-02-07,4,46675500.00,45411125.00,1264375.00,0.00,0.00,0.00,0.00,108,101,39,3,8610650.78,9813612.20,0.00,21,6,260,1.34,0.00,29,26986862.02,system,2021-02-08 00:10:33.953,system,NULL,4
ICOOL Tô Ký,E1036D09-6769-EB11-80FD-509A4C8C9FAC,2021-02-07,5,24108800.00,23478505.00,204425.00,177730.00,248140.00,0.00,0.00,48,44,20,6,5616071.43,5701679.10,0.00,5,8,170,0.77,0.00,26,12160754.47,system,2021-02-08 00:08:03.560,system,NULL,4
ICOOL Bình Phú,235826FD-6569-EB11-80FD-509A4C8C9FAC,2021-02-07,6,70759200.00,69854615.00,325935.00,296950.00,281700.00,0.00,0.00,226,147,57,2,23789746.07,13963807.06,0.00,15,5.09,290,2.38,0.00,24,32101061.87,system,2021-02-08 00:00:33.467,system,NULL,4
ICOOL Dương Bá Trạc,BB75AA44-6669-EB11-80FD-509A4C8C9FAC,2021-02-07,7,80629100.00,78723445.00,1467265.00,0.00,438390.00,0.00,0.00,151,132,52,9,17379715.82,14868367.13,0.00,18,6.15,320,2,0.00,26,46475362.05,system,2021-02-08 00:02:33.450,system,NULL,4
ICOOL Nguyễn Sơn,5B43527A-6669-EB11-80FD-509A4C8C9FAC,2021-02-07,9,31137700.00,30634960.00,345880.00,0.00,156860.00,0.00,0.00,81,65,25,3,8423464.29,6575096.13,0.00,11,8,200,1.79,0.00,14,15636399.58,system,2021-02-08 00:04:03.470,system,NULL,4
ICOOL Ung Văn Khiêm,23A4C869-306A-EB11-80FD-509A4C8C9FAC,2021-02-08,1,28160100.00,22332600.00,3953700.00,0.00,1873800.00,0.00,0.00,92,24,18,2,26934107.14,20747131.10,14262819.00,9,16.67,300,0.5,0.00,36,-11085819.24,system,2021-02-09 00:09:34.063,system,NULL,4
ICOOL Thành Thái,31913B22-306A-EB11-80FD-509A4C8C9FAC,2021-02-08,10,19611200.00,19216785.75,261755.00,132659.25,0.00,0.00,0.00,81,75,15,0,19379603.54,3494592.10,0.00,7,18.53,278,0.54,0.00,28,-3657409.88,system,2021-02-09 00:07:34.020,system,NULL,4
ICOOL Nguyễn Trãi,BC34FFB6-2F6A-EB11-80FD-509A4C8C9FAC,2021-02-08,11,20369000.00,18655010.00,1626640.00,87350.00,0.00,0.00,0.00,57,29,15,0,7293095.54,4330949.58,0.00,6,6.4,96,0.94,0.00,16,7030964.89,system,2021-02-09 00:04:34.110,system,NULL,4
ICOOL Mạc Đỉnh Chi,BC5A2393-2F6A-EB11-80FD-509A4C8C9FAC,2021-02-08,12,20720800.00,20372200.00,348600.00,0.00,0.00,0.00,0.00,44,26,11,0,17285714.29,3564306.67,0.00,5,27,300,0.52,0.00,21,-477820.96,system,2021-02-09 00:03:33.947,system,NULL,4
ICOOL Trần Bình Trọng,79390346-306A-EB11-80FD-509A4C8C9FAC,2021-02-08,13,3131500.00,3131500.00,0.00,0.00,0.00,0.00,0.00,10,15,6,1,9107142.86,958068.00,570000.00,1,13.33,80,0.35,0.00,17,-6363710.86,system,2021-02-09 00:08:34.050,system,NULL,4
ICOOL Cách Mạng Tháng 8,49B8B639-2F6A-EB11-80FD-509A4C8C9FAC,2021-02-08,14,27329400.00,25251905.00,1268995.00,0.00,808500.00,83900.00,0.00,77,50,19,2,22625000.00,5220943.67,198020.00,9,19,370,0.68,0.00,28,-2312118.67,system,2021-02-09 00:01:03.920,system,NULL,4
ICOOL Cầu Chữ Y,814D954B-2F6A-EB11-80FD-509A4C8C9FAC,2021-02-08,16,12612300.00,12418300.00,194000.00,0.00,0.00,0.00,320000.00,24,23,10,0,6045142.86,2758207.34,0.00,1,11,110,0.71,0.00,14,3934949.80,system,2021-02-09 00:01:33.900,system,NULL,4
ICOOL Nhị Thiên Đường,7D73B0DA-2F6A-EB11-80FD-509A4C8C9FAC,2021-02-08,17,14768300.00,13372370.00,1295000.00,0.00,100930.00,0.00,0.00,30,15,13,2,11207142.86,2849253.62,0.00,1,11.54,150,0.81,0.00,16,-684026.48,system,2021-02-09 00:05:33.993,system,NULL,4
ICOOL Trần Não,A327E657-306A-EB11-80FD-509A4C8C9FAC,2021-02-08,18,29106200.00,28398705.00,575775.00,0.00,131720.00,0.00,0.00,62,56,16,2,17821428.56,6296472.10,0.00,8,9,150,0.8,0.00,20,4280804.34,system,2021-02-09 00:09:04.060,system,NULL,4
ICOOL Nguyễn Tri Phương,DC07CDC8-2F6A-EB11-80FD-509A4C8C9FAC,2021-02-08,19,15310600.00,14977000.00,298000.00,0.00,35600.00,0.00,0.00,39,32,15,0,8899285.71,7342451.19,4157000.00,0,10,150,0.94,0.00,16,2892263.10,system,2021-02-09 00:05:03.980,system,NULL,4
ICOOL Đồng Đen,1778785D-2F6A-EB11-80FD-509A4C8C9FAC,2021-02-08,22,24507100.00,24188510.00,49800.00,0.00,268790.00,137853.00,0.00,74,70,21,1,11215357.14,4886556.86,688637.00,13,9.52,200,0.84,0.00,25,8913086.00,system,2021-02-09 00:02:03.910,system,NULL,4
ICOOL Phan Chu Trinh,6BA495EC-2F6A-EB11-80FD-509A4C8C9FAC,2021-02-08,23,5728700.00,4678565.00,0.00,61735.00,988400.00,0.00,0.00,6,3,5,0,7667857.14,1234358.00,0.00,8,28,140,0.36,0.00,14,-4223650.14,system,2021-02-09 00:06:04.013,system,NULL,4
ICOOL Phan Xích Long,2C7E75FE-2F6A-EB11-80FD-509A4C8C9FAC,2021-02-08,24,21890600.00,21502000.00,388600.00,0.00,0.00,0.00,0.00,52,47,17,4,16964285.71,3677180.67,0.00,10,14.12,240,0.68,0.00,25,860533.62,system,2021-02-09 00:06:34.003,system,NULL,4
ICOOL Vũng Tàu,136DAE7B-306A-EB11-80FD-509A4C8C9FAC,2021-02-08,25,7833200.00,7079600.00,753600.00,0.00,0.00,0.00,0.00,21,17,7,1,6446428.57,1534629.98,0.00,4,15,110,0.44,0.00,16,-901458.55,system,2021-02-09 00:10:04.093,system,NULL,4
ICOOL Phú Quốc,7A1C5C10-306A-EB11-80FD-509A4C8C9FAC,2021-02-08,26,952000.00,698330.00,105450.00,0.00,148220.00,0.00,0.00,14,4,2,0,7678571.43,147175.48,0.00,1,1.5,3,0.08,0.00,25,-7127416.91,system,2021-02-09 00:07:04.037,system,NULL,4
ICOOL Xô Viết Nghệ Tĩnh,EF16928D-306A-EB11-80FD-509A4C8C9FAC,2021-02-08,4,21746800.00,20324730.00,1375000.00,47070.00,0.00,611313.00,0.00,37,42,14,1,8610650.78,5193457.34,2981040.00,11,18,260,0.48,0.00,29,10112974.88,system,2021-02-09 00:10:34.103,system,NULL,4
ICOOL Tô Ký,295A2834-306A-EB11-80FD-509A4C8C9FAC,2021-02-08,5,7136000.00,6391200.00,174800.00,0.00,570000.00,0.00,0.00,24,10,7,0,5616071.43,7192878.38,5825735.00,2,18,130,0.27,0.00,26,-592014.81,system,2021-02-09 00:08:04.093,system,NULL,4
ICOOL Bình Phú,732ED427-2F6A-EB11-80FD-509A4C8C9FAC,2021-02-08,6,22622800.00,21408958.00,234890.00,67242.00,911710.00,0.00,0.00,74,41,18,0,23789746.07,4868072.20,0.00,5,12.78,230,0.75,0.00,24,-7248860.27,system,2021-02-09 00:00:33.913,system,NULL,4
ICOOL Dương Bá Trạc,70B55C6F-2F6A-EB11-80FD-509A4C8C9FAC,2021-02-08,7,56725000.00,54191015.00,1316615.00,163590.00,1053780.00,0.00,0.00,93,62,31,2,17379715.82,10391064.21,0.00,8,10.32,320,1.19,0.00,26,26420234.97,system,2021-02-09 00:02:33.927,system,NULL,4
ICOOL Nguyễn Sơn,33E902A5-2F6A-EB11-80FD-509A4C8C9FAC,2021-02-08,9,7605800.00,6430800.00,1175000.00,0.00,0.00,0.00,0.00,18,25,8,2,8423464.29,1526193.51,0.00,0,25,200,0.57,0.00,14,-3518857.80,system,2021-02-09 00:04:03.937,system,NULL,4
ICOOL Thành Thái,68F5C850-F96A-EB11-80FD-509A4C8C9FAC,2021-02-09,10,0.00,0.00,0.00,0.00,0.00,0.00,0.00,0,0,0,0,19379603.54,3754832.00,3754832.00,0,0,1,0,0.00,28,-19379603.54,system,2021-02-10 00:07:40.967,system,NULL,4
ICOOL Trần Bình Trọng,C6DA8E74-F96A-EB11-80FD-509A4C8C9FAC,2021-02-09,13,0.00,0.00,0.00,0.00,0.00,0.00,0.00,0,0,0,0,9107142.86,0.00,5863000.00,0,0,80,0,0.00,17,-3244142.86,system,2021-02-10 00:08:40.983,system,NULL,4
ICOOL Cách Mạng Tháng 8,9FA53C68-F86A-EB11-80FD-509A4C8C9FAC,2021-02-09,14,0.00,0.00,0.00,0.00,0.00,0.00,0.00,0,0,0,0,22625000.00,8525000.00,8525000.00,0,0,370,0,0.00,28,-22625000.00,system,2021-02-10 00:01:10.813,system,NULL,4
ICOOL Cầu Chữ Y,89B8287A-F86A-EB11-80FD-509A4C8C9FAC,2021-02-09,16,0.00,0.00,0.00,0.00,0.00,0.00,0.00,0,0,0,0,6045142.86,0.00,0.00,0,0,100,0,0.00,14,-6045142.86,system,2021-02-10 00:01:40.883,system,NULL,4
ICOOL Vũng Tàu,A34C37AA-F96A-EB11-80FD-509A4C8C9FAC,2021-02-09,25,5736900.00,5332700.00,100000.00,0.00,304200.00,0.00,0.00,19,5,5,0,6446428.57,1232007.15,0.00,2,22,110,0.31,0.00,16,-2345735.72,system,2021-02-10 00:10:11.007,system,NULL,4
ICOOL Phú Quốc,BA1AE63E-F96A-EB11-80FD-509A4C8C9FAC,2021-02-09,26,2277500.00,2111250.00,166250.00,0.00,0.00,0.00,0.00,7,3,1,0,7678571.43,850823.81,0.00,3,3,3,0.04,0.00,25,-6418145.24,system,2021-02-10 00:07:10.957,system,NULL,4
ICOOL Vũng Tàu,A691EDD4-C26B-EB11-80FD-509A4C8C9FAC,2021-02-10,25,2327100.00,2327100.00,0.00,0.00,0.00,0.00,0.00,6,4,2,0,6446428.57,449714.71,0.00,0,55,110,0.13,0.00,16,-4569043.28,system,2021-02-11 00:10:11.507,system,NULL,4
ICOOL Phú Quốc,82559969-C26B-EB11-80FD-509A4C8C9FAC,2021-02-10,26,3881000.00,2660000.00,1221000.00,0.00,0.00,0.00,0.00,17,11,3,0,7678571.43,489151.19,0.00,1,1,3,0.12,0.00,25,-5507722.62,system,2021-02-11 00:07:11.440,system,NULL,4
ICOOL Phú Quốc,8B2A4C94-8B6C-EB11-80FD-509A4C8C9FAC,2021-02-11,26,6267000.00,5007500.00,1259500.00,0.00,0.00,0.00,0.00,15,5,1,0,7678571.43,1478860.48,0.00,1,3,3,0.04,0.00,25,-4149931.91,system,2021-02-12 00:07:11.920,system,NULL,4
ICOOL Vũng Tàu,83E60630-556D-EB11-80FE-509A4C8C9FAC,2021-02-12,25,11785300.00,11785300.00,0.00,0.00,0.00,0.00,0.00,28,25,10,3,6446428.57,2245063.14,0.00,1,13,130,0.63,0.00,16,3093808.29,system,2021-02-13 00:10:22.033,system,NULL,4
ICOOL Phú Quốc,5FA62AC3-546D-EB11-80FE-509A4C8C9FAC,2021-02-12,26,8148400.00,5853200.00,2295200.00,0.00,0.00,0.00,0.00,19,13,5,0,7678571.43,1575882.86,0.00,3,0.6,3,0.2,0.00,25,-3401254.29,system,2021-02-13 00:07:19.393,system,NULL,4
ICOOL Vũng Tàu,6FF5FA58-1E6E-EB11-80FE-509A4C8C9FAC,2021-02-13,25,15718400.00,15718400.00,0.00,0.00,0.00,0.00,0.00,40,29,14,0,6446428.57,3489492.71,0.00,11,10,140,0.88,0.00,16,5782478.72,system,2021-02-14 00:10:19.580,system,NULL,4
ICOOL Phú Quốc,B58994ED-1D6E-EB11-80FE-509A4C8C9FAC,2021-02-13,26,306000.00,230500.00,75500.00,0.00,0.00,0.00,0.00,2,3,1,0,7678571.43,50583.33,0.00,0,3,3,0.04,0.00,25,-7498654.76,system,2021-02-14 00:07:19.397,system,NULL,4
ICOOL Vũng Tàu,1243B183-E76E-EB11-80FE-509A4C8C9FAC,2021-02-14,25,15667500.00,15435900.00,168550.00,63050.00,0.00,0.00,0.00,40,38,14,0,6446428.57,3307737.14,0.00,6,11,160,0.88,0.00,16,5681734.29,system,2021-02-15 00:10:20.087,system,NULL,4
ICOOL Phú Quốc,12455318-E76E-EB11-80FE-509A4C8C9FAC,2021-02-14,26,5358900.00,3193000.00,2165900.00,0.00,0.00,0.00,0.00,21,12,3,0,7678571.43,1127604.29,0.00,1,1,3,0.12,0.00,25,-5613175.72,system,2021-02-15 00:07:19.953,system,NULL,4
ICOOL Vũng Tàu,29855976-DE70-EB11-80FE-509A4C8C9FAC,2021-02-16,25,15658800.00,15469150.00,189650.00,0.00,0.00,0.00,0.00,55,53,20,1,6446428.57,3095482.11,0.00,12,8,160,1.25,0.00,16,5927239.32,system,2021-02-17 12:10:34.553,system,NULL,4
ICOOL Phú Quốc,F467AC0A-DE70-EB11-80FE-509A4C8C9FAC,2021-02-16,26,524000.00,97000.00,427000.00,0.00,0.00,0.00,0.00,3,0,1,0,7678571.43,43830.00,0.00,0,3,3,0.04,0.00,25,-7625401.43,system,2021-02-17 12:07:33.903,system,NULL,4
ICOOL Vũng Tàu,67A01109-4371-EB11-80FE-509A4C8C9FAC,2021-02-17,25,15308200.00,14571960.00,437800.00,0.00,298440.00,0.00,0.00,44,37,14,1,6446428.57,2896826.38,0.00,7,11,160,0.88,0.00,16,5228705.05,system,2021-02-18 00:10:30.380,system,NULL,4
ICOOL Phú Quốc,EA13AC9D-4271-EB11-80FE-509A4C8C9FAC,2021-02-17,26,9829300.00,7596260.00,2065400.00,0.00,167640.00,0.00,0.00,23,18,6,1,7678571.43,1584065.72,0.00,4,0.5,3,0.24,0.00,25,-1666377.15,system,2021-02-18 00:07:30.200,system,NULL,4
ICOOL Trần Não,A690D63E-3E72-EB11-80FE-509A4C8C9FAC,2021-02-18,18,0.00,0.00,0.00,0.00,0.00,0.00,0.00,0,0,0,0,17821428.57,0.00,0.00,0,0,40,0,0.00,20,-17821428.57,system,2021-02-19 06:08:44.270,system,NULL,4
ICOOL Vũng Tàu,A81AFD0F-0C72-EB11-80FE-509A4C8C9FAC,2021-02-18,25,17920200.00,17175195.00,531525.00,0.00,213480.00,0.00,0.00,40,44,18,2,6446428.57,3640220.17,0.00,7,9,170,1.13,0.00,16,7088546.26,system,2021-02-19 00:09:30.833,system,NULL,4
ICOOL Phú Quốc,B395A5A4-0B72-EB11-80FE-509A4C8C9FAC,2021-02-18,26,10154500.00,6778050.00,3376450.00,0.00,0.00,0.00,0.00,12,11,4,2,7678571.43,1752386.67,0.00,2,0.75,3,0.16,0.00,25,-2652908.10,system,2021-02-19 00:06:30.743,system,NULL,4
ICOOL Ung Văn Khiêm,2797D228-D572-EB11-80FE-509A4C8C9FAC,2021-02-19,1,1680000.00,1680000.00,0.00,0.00,0.00,0.00,0.00,0,0,0,0,26934107.14,218444.00,18489.00,0,0,20,0,0.00,36,-25454062.14,system,2021-02-20 00:09:01.340,system,NULL,4
ICOOL Nguyễn Trãi,51810676-D472-EB11-80FE-509A4C8C9FAC,2021-02-19,11,711000.00,474000.00,237000.00,0.00,0.00,0.00,0.00,1,0,0,0,7293095.54,406910.00,0.00,0,0,160,0,0.00,16,-7226005.54,system,2021-02-20 00:04:01.367,system,NULL,4
ICOOL Phan Xích Long,2F717DBD-D472-EB11-80FE-509A4C8C9FAC,2021-02-19,24,0.00,0.00,0.00,0.00,0.00,0.00,0.00,0,0,0,0,16964285.71,0.00,1127515.00,0,0,240,0,0.00,25,-15836770.71,system,2021-02-20 00:06:01.267,system,NULL,4
ICOOL Vũng Tàu,3B98E63A-D572-EB11-80FE-509A4C8C9FAC,2021-02-19,25,24895100.00,24260110.00,313005.00,96865.00,225120.00,0.00,0.00,67,57,26,2,6446428.57,4491326.05,0.00,10,6,170,1.63,0.00,16,13322355.38,system,2021-02-20 00:09:31.670,system,NULL,4
ICOOL Phú Quốc,C48764CF-D472-EB11-80FE-509A4C8C9FAC,2021-02-19,26,16188600.00,13523300.00,2665300.00,0.00,0.00,0.00,0.00,37,25,6,0,7678571.43,3752050.72,0.00,3,0.5,3,0.24,0.00,25,2092677.85,system,2021-02-20 00:06:31.300,system,NULL,4
ICOOL Bình Phú,8DD4F1E6-D372-EB11-80FE-509A4C8C9FAC,2021-02-19,6,0.00,0.00,0.00,0.00,0.00,0.00,0.00,0,0,0,0,23789746.07,0.00,0.00,0,0,290,0,0.00,24,-23789746.07,system,2021-02-20 00:00:01.320,system,NULL,4
ICOOL Ung Văn Khiêm,3EC77D53-9E73-EB11-80FE-509A4C8C9FAC,2021-02-20,1,437646.00,390246.00,0.00,0.00,47400.00,0.00,0.00,1,0,0,0,26934107.14,2806579.86,2422159.91,0,0,20,0,0.00,36,-26928281.09,system,2021-02-21 00:09:01.770,system,NULL,4
ICOOL Nguyễn Trãi,54E8A0A0-9D73-EB11-80FE-509A4C8C9FAC,2021-02-20,11,0.00,0.00,0.00,0.00,0.00,0.00,0.00,0,0,0,0,7293095.54,115731.00,115731.00,0,0,160,0,0.00,16,-7293095.54,system,2021-02-21 00:04:01.687,system,NULL,4
ICOOL Mạc Đỉnh Chi,82B5DB7C-9D73-EB11-80FE-509A4C8C9FAC,2021-02-20,12,2508000.00,2124000.00,384000.00,0.00,0.00,0.00,0.00,2,0,0,0,17285714.29,721331.33,113188.00,0,0,300,0,0.00,21,-15769857.62,system,2021-02-21 00:03:01.677,system,NULL,4
ICOOL Trần Bình Trọng,A16BB72F-9E73-EB11-80FE-509A4C8C9FAC,2021-02-20,13,158000.00,126400.00,0.00,0.00,31600.00,0.00,0.00,1,0,0,0,9107142.86,102480.00,0.00,0,0,200,0,0.00,17,-9083222.86,system,2021-02-21 00:08:01.750,system,NULL,4
ICOOL Vũng Tàu,A9886C65-9E73-EB11-80FE-509A4C8C9FAC,2021-02-20,25,15742700.00,15742700.00,0.00,0.00,0.00,0.00,0.00,49,36,16,0,6446428.57,3027040.82,0.00,6,10,160,1,0.00,16,6269230.61,system,2021-02-21 00:09:31.857,system,NULL,4
ICOOL Phú Quốc,60C70DFA-9D73-EB11-80FE-509A4C8C9FAC,2021-02-20,26,8224900.00,6185450.00,2039450.00,0.00,0.00,0.00,0.00,10,11,4,0,7678571.43,1380615.72,0.00,4,0.75,3,0.16,0.00,25,-2873737.15,system,2021-02-21 00:06:31.717,system,NULL,4
ICOOL Dương Bá Trạc,A1D01359-9D73-EB11-80FE-509A4C8C9FAC,2021-02-20,7,316000.00,252800.00,0.00,0.00,63200.00,0.00,0.00,0,0,0,0,17379715.82,150044.00,0.00,0,0,320,0,0.00,26,-17276959.82,system,2021-02-21 00:02:01.643,system,NULL,4
ICOOL Nguyễn Trãi,1BA754CB-6674-EB11-80FE-509A4C8C9FAC,2021-02-21,11,6896000.00,1835000.00,5061000.00,0.00,0.00,0.00,0.00,1,1,0,0,7293095.54,1846678.33,0.00,0,0,160,0,0.00,16,-7304773.87,system,2021-02-22 00:04:02.170,system,NULL,4
ICOOL Mạc Đỉnh Chi,A4C389A7-6674-EB11-80FE-509A4C8C9FAC,2021-02-21,12,0.00,0.00,0.00,0.00,0.00,0.00,0.00,0,0,0,0,17285714.29,0.00,0.00,0,0,300,0,0.00,21,-17285714.29,system,2021-02-22 00:03:02.120,system,NULL,4
ICOOL Cách Mạng Tháng 8,E1EC204E-6674-EB11-80FE-509A4C8C9FAC,2021-02-21,14,1139000.00,1139000.00,0.00,0.00,0.00,0.00,450000.00,4,0,0,0,22625000.00,497273.33,0.00,0,0,50,0,0.00,28,-21533273.33,system,2021-02-22 00:00:32.117,system,NULL,4
ICOOL Vũng Tàu,0B901990-6774-EB11-80FE-509A4C8C9FAC,2021-02-21,25,7107400.00,7065080.00,0.00,0.00,42320.00,0.00,0.00,18,22,11,0,6446428.57,1264390.01,0.00,6,16,180,0.69,0.00,16,-645738.58,system,2021-02-22 00:09:32.297,system,NULL,4
ICOOL Phú Quốc,1C3CC524-6774-EB11-80FE-509A4C8C9FAC,2021-02-21,26,3683000.00,2374550.00,1308450.00,0.00,0.00,0.00,0.00,6,6,2,0,7678571.43,293765.57,0.00,2,1.5,3,0.08,0.00,25,-5597787.00,system,2021-02-22 00:06:32.227,system,NULL,4
ICOOL Nguyễn Trãi,227802F6-2F75-EB11-80FE-509A4C8C9FAC,2021-02-22,11,0.00,0.00,0.00,0.00,0.00,0.00,0.00,0,0,0,0,7293095.54,0.00,0.00,0,0,130,0,0.00,16,-7293095.54,system,2021-02-23 00:04:02.617,system,NULL,4
ICOOL Mạc Đỉnh Chi,5A0440D2-2F75-EB11-80FE-509A4C8C9FAC,2021-02-22,12,1480000.00,1100000.00,370000.00,0.00,10000.00,0.00,0.00,1,0,0,0,17285714.29,441431.00,0.00,0,0,300,0,0.00,21,-16627145.29,system,2021-02-23 00:03:02.623,system,NULL,4
ICOOL Trần Bình Trọng,2F211F85-3075-EB11-80FE-509A4C8C9FAC,2021-02-22,13,0.00,0.00,0.00,0.00,0.00,0.00,0.00,0,0,0,0,9107142.86,0.00,0.00,0,0,170,0,0.00,17,-9107142.86,system,2021-02-23 00:08:02.720,system,NULL,4
ICOOL Vũng Tàu,B22CCEBA-3075-EB11-80FE-509A4C8C9FAC,2021-02-22,25,5672500.00,5502900.00,100000.00,0.00,69600.00,0.00,0.00,13,18,7,0,6446428.57,933890.21,0.00,2,21,150,0.44,0.00,16,-1877418.78,system,2021-02-23 00:09:32.787,system,NULL,4
ICOOL Phú Quốc,3A13744F-3075-EB11-80FE-509A4C8C9FAC,2021-02-22,26,5198100.00,3826750.00,1371350.00,0.00,0.00,0.00,0.00,15,9,3,0,7678571.43,1017841.38,0.00,3,1,3,0.12,0.00,25,-4869662.81,system,2021-02-23 00:06:32.680,system,NULL,4
ICOOL Tô Ký,84645A73-3075-EB11-80FE-509A4C8C9FAC,2021-02-22,5,129000.00,103200.00,0.00,0.00,25800.00,0.00,0.00,0,1,0,0,5616071.43,1852519.00,2478000.00,0,0,20,0,0.00,26,-4887390.43,system,2021-02-23 00:07:32.910,system,NULL,4
ICOOL Nguyễn Trãi,39F84B23-F975-EB11-80FE-509A4C8C9FAC,2021-02-23,11,0.00,0.00,0.00,0.00,0.00,0.00,0.00,0,0,0,0,7293095.54,0.00,0.00,0,0,130,0,0.00,16,-7293095.54,system,2021-02-24 00:04:07.440,system,NULL,4
ICOOL Mạc Đỉnh Chi,27E082FF-F875-EB11-80FE-509A4C8C9FAC,2021-02-23,12,279000.00,203200.00,50000.00,0.00,25800.00,0.00,0.00,0,0,0,0,17285714.29,181755.00,0.00,0,0,300,0,0.00,21,-17264269.29,system,2021-02-24 00:03:07.400,system,NULL,4
ICOOL Cách Mạng Tháng 8,B6DE15A6-F875-EB11-80FE-509A4C8C9FAC,2021-02-23,14,6344000.00,1292000.00,5052000.00,0.00,0.00,0.00,0.00,0,1,0,0,22625000.00,1014705.00,0.00,0,0,50,0,0.00,28,-22347705.00,system,2021-02-24 00:00:37.370,system,NULL,4
ICOOL Vũng Tàu,48381AE8-F975-EB11-80FE-509A4C8C9FAC,2021-02-23,25,9663500.00,8978880.00,188770.00,0.00,495850.00,0.00,440300.00,29,23,11,0,6446428.57,1900893.81,0.00,3,13,150,0.69,0.00,16,1071857.62,system,2021-02-24 00:09:37.623,system,NULL,4
ICOOL Phú Quốc,C8DABE7C-F975-EB11-80FE-509A4C8C9FAC,2021-02-23,26,9734500.00,6974800.00,2759700.00,0.00,0.00,0.00,0.00,12,16,4,0,7678571.43,1790601.91,0.00,2,0.75,3,0.16,0.00,25,-2494373.34,system,2021-02-24 00:06:37.510,system,NULL,4
ICOOL Tô Ký,4CC885A0-F975-EB11-80FE-509A4C8C9FAC,2021-02-23,5,0.00,0.00,0.00,0.00,0.00,0.00,0.00,0,0,0,0,5616071.43,0.00,0.00,0,0,30,0,0.00,26,-5616071.43,system,2021-02-24 00:07:37.533,system,NULL,4
ICOOL Dương Bá Trạc,DF23C0DB-F875-EB11-80FE-509A4C8C9FAC,2021-02-23,7,1836000.00,882000.00,954000.00,0.00,0.00,0.00,0.00,0,0,0,0,17379715.82,563879.00,0.00,0,0,320,0,0.00,26,-17061594.82,system,2021-02-24 00:02:07.407,system,NULL,4
ICOOL Nguyễn Trãi,356AFC4D-C276-EB11-80FE-509A4C8C9FAC,2021-02-24,11,2414000.00,470000.00,1944000.00,0.00,0.00,0.00,0.00,2,0,0,0,7293095.54,463792.00,0.00,0,0,120,0,0.00,16,-7286887.54,system,2021-02-25 00:04:07.903,system,NULL,4
ICOOL Mạc Đỉnh Chi,E82B372A-C276-EB11-80FE-509A4C8C9FAC,2021-02-24,12,2295400.00,2031400.00,264000.00,0.00,0.00,0.00,0.00,2,2,0,0,17285714.29,728016.67,0.00,0,0,300,0,0.00,21,-15982330.96,system,2021-02-25 00:03:07.890,system,NULL,4
ICOOL Vũng Tàu,5C15C912-C376-EB11-80FE-509A4C8C9FAC,2021-02-24,25,11507100.00,10624420.00,736000.00,0.00,146680.00,0.00,0.00,32,33,13,1,6446428.57,1965429.48,0.00,3,11,150,0.81,0.00,16,2212561.95,system,2021-02-25 00:09:38.080,system,NULL,4
ICOOL Phú Quốc,240E6AA7-C276-EB11-80FE-509A4C8C9FAC,2021-02-24,26,7352600.00,5726800.00,1129600.00,0.00,496200.00,0.00,0.00,8,8,2,0,7678571.43,841607.71,0.00,2,1.5,3,0.08,0.00,25,-2793379.14,system,2021-02-25 00:06:37.940,system,NULL,4
ICOOL Tô Ký,B81F2FCB-C276-EB11-80FE-509A4C8C9FAC,2021-02-24,5,2262000.00,837000.00,1425000.00,0.00,0.00,0.00,0.00,1,1,0,0,5616071.43,833207.00,0.00,0,0,30,0,0.00,26,-5612278.43,system,2021-02-25 00:07:37.950,system,NULL,4
ICOOL Dương Bá Trạc,7F567D06-C276-EB11-80FE-509A4C8C9FAC,2021-02-24,7,179000.00,100240.00,0.00,0.00,78760.00,0.00,0.00,0,0,0,0,17379715.82,180256.00,160476.00,0,0,320,0,0.00,26,-17299255.82,system,2021-02-25 00:02:07.953,system,NULL,4
ICOOL Ung Văn Khiêm,7F08912B-8C77-EB11-80FE-509A4C8C9FAC,2021-02-25,1,0.00,0.00,0.00,0.00,0.00,0.00,0.00,0,0,0,0,26934107.14,956241.91,956241.91,0,0,20,0,0.00,36,-26934107.14,system,2021-02-26 00:09:08.497,system,NULL,4
ICOOL Nguyễn Trãi,3467AD78-8B77-EB11-80FE-509A4C8C9FAC,2021-02-25,11,582000.00,114000.00,468000.00,0.00,0.00,0.00,0.00,1,0,0,0,7293095.54,110928.00,0.00,0,0,130,0,0.00,16,-7290023.54,system,2021-02-26 00:04:08.370,system,NULL,4
ICOOL Mạc Đỉnh Chi,BDE4E354-8B77-EB11-80FE-509A4C8C9FAC,2021-02-25,12,0.00,0.00,0.00,0.00,0.00,0.00,0.00,0,0,0,0,17285714.29,0.00,0.00,0,0,300,0,0.00,21,-17285714.29,system,2021-02-26 00:03:08.330,system,NULL,4
ICOOL Vũng Tàu,4CD3733D-8C77-EB11-80FE-509A4C8C9FAC,2021-02-25,25,7772800.00,7537645.00,119475.00,0.00,115680.00,0.00,0.00,33,13,11,1,6446428.57,1206394.39,0.00,2,13,150,0.69,0.00,16,-115177.96,system,2021-02-26 00:09:38.503,system,NULL,4
ICOOL Phú Quốc,624B1ED2-8B77-EB11-80FE-509A4C8C9FAC,2021-02-25,26,6902200.00,4972350.00,1929850.00,0.00,0.00,0.00,0.00,12,13,6,0,7678571.43,1053688.58,0.00,1,0.5,3,0.24,0.00,25,-3759910.01,system,2021-02-26 00:06:38.427,system,NULL,4
ICOOL Tô Ký,FE1CE4F5-8B77-EB11-80FE-509A4C8C9FAC,2021-02-25,5,200000.00,94000.00,106000.00,0.00,0.00,0.00,0.00,0,0,0,0,5616071.43,72122.00,0.00,0,0,30,0,0.00,26,-5594193.43,system,2021-02-26 00:07:38.443,system,NULL,4
ICOOL Nguyễn Trãi,E86F65A3-5478-EB11-80FE-509A4C8C9FAC,2021-02-26,11,0.00,0.00,0.00,0.00,0.00,0.00,0.00,0,0,0,0,7293095.54,250314.00,250314.00,0,0,160,0,0.00,16,-7293095.54,system,2021-02-27 00:04:08.883,system,NULL,4
ICOOL Mạc Đỉnh Chi,DF1EA37F-5478-EB11-80FE-509A4C8C9FAC,2021-02-26,12,791600.00,791600.00,0.00,0.00,0.00,0.00,0.00,1,1,0,0,17285714.29,163493.33,0.00,0,0,300,0,0.00,21,-16657607.62,system,2021-02-27 00:03:08.890,system,NULL,4
ICOOL Vũng Tàu,FA702D68-5578-EB11-80FE-509A4C8C9FAC,2021-02-26,25,19357000.00,19056880.00,300120.00,0.00,0.00,0.00,0.00,53,57,20,2,6446428.57,3533873.19,0.00,4,7,150,1.25,0.00,16,9076578.24,system,2021-02-27 00:09:39.027,system,NULL,4
ICOOL Phú Quốc,128FD6FC-5478-EB11-80FE-509A4C8C9FAC,2021-02-26,26,7189400.00,5016700.00,2172700.00,0.00,0.00,0.00,0.00,10,9,4,0,7678571.43,1152913.81,0.00,2,0.75,3,0.16,0.00,25,-3814785.24,system,2021-02-27 00:06:38.940,system,NULL,4
ICOOL Tô Ký,4CD09D20-5578-EB11-80FE-509A4C8C9FAC,2021-02-26,5,1501000.00,644000.00,857000.00,0.00,0.00,0.00,0.00,0,0,0,0,5616071.43,638556.00,0.00,0,0,30,0,0.00,26,-5610627.43,system,2021-02-27 00:07:38.970,system,NULL,4
ICOOL Bình Phú,41DC5514-5478-EB11-80FE-509A4C8C9FAC,2021-02-26,6,79000.00,31600.00,0.00,0.00,47400.00,0.00,0.00,1,0,0,0,23789746.07,36849.00,0.00,0,0,290,0,0.00,24,-23794995.07,system,2021-02-27 00:00:08.867,system,NULL,4
ICOOL Mạc Đỉnh Chi,36595BAA-1D79-EB11-80FE-509A4C8C9FAC,2021-02-27,12,0.00,0.00,0.00,0.00,0.00,0.00,0.00,0,0,0,0,17285714.29,0.00,0.00,0,0,300,0,0.00,21,-17285714.29,system,2021-02-28 00:03:09.403,system,NULL,4
ICOOL Vũng Tàu,4AFEEF92-1E79-EB11-80FE-509A4C8C9FAC,2021-02-27,25,35343400.00,35032150.00,311250.00,0.00,0.00,0.00,0.00,104,102,35,0,6446428.57,6765335.68,0.00,10,4.29,150,2.19,0.00,16,21820385.75,system,2021-02-28 00:09:39.610,system,NULL,4
ICOOL Phú Quốc,EE5F8927-1E79-EB11-80FE-509A4C8C9FAC,2021-02-27,26,4290000.00,3166400.00,1123600.00,0.00,0.00,0.00,0.00,13,9,3,0,7678571.43,896580.96,0.00,4,1,3,0.12,0.00,25,-5408752.38,system,2021-02-28 00:06:39.420,system,NULL,4
ICOOL Xô Viết Nghệ Tĩnh,1ED4E3A4-1E79-EB11-80FE-509A4C8C9FAC,2021-02-27,4,403357.00,261157.00,118500.00,0.00,23700.00,0.00,0.00,0,0,0,0,8610650.78,233274.00,166376.00,0,0,100,0,0.00,29,-8416391.78,system,2021-02-28 00:10:09.730,system,NULL,4
ICOOL Tô Ký,E276504B-1E79-EB11-80FE-509A4C8C9FAC,2021-02-27,5,1077000.00,457000.00,620000.00,0.00,0.00,0.00,0.00,0,0,0,0,5616071.43,473429.00,0.00,0,0,30,0,0.00,26,-5632500.43,system,2021-02-28 00:07:39.447,system,NULL,4
ICOOL Ung Văn Khiêm,4842B3AB-E779-EB11-80FE-509A4C8C9FAC,2021-02-28,1,560000.00,323000.00,0.00,0.00,237000.00,0.00,0.00,2,0,0,0,26934107.14,1328599.48,1262343.48,0,0,20,0,0.00,36,-26677363.14,system,2021-03-01 00:09:09.997,system,NULL,4
ICOOL Nguyễn Trãi,5A53CDF8-E679-EB11-80FE-509A4C8C9FAC,2021-02-28,11,150000.00,100000.00,50000.00,0.00,0.00,0.00,0.00,1,0,0,0,7293095.54,108183.00,0.00,0,0,160,0,0.00,16,-7301278.54,system,2021-03-01 00:04:09.857,system,NULL,4
ICOOL Mạc Đỉnh Chi,D8EE0AD5-E679-EB11-80FE-509A4C8C9FAC,2021-02-28,12,158000.00,63200.00,0.00,0.00,94800.00,0.00,0.00,0,0,0,0,17285714.29,76916.00,0.00,0,0,300,0,0.00,21,-17299430.29,system,2021-03-01 00:03:09.860,system,NULL,4
ICOOL Trần Bình Trọng,27F1E887-E779-EB11-80FE-509A4C8C9FAC,2021-02-28,13,448000.00,448000.00,0.00,0.00,0.00,0.00,0.00,0,0,0,0,9107142.86,180000.00,0.00,0,0,170,0,0.00,17,-8839142.86,system,2021-03-01 00:08:09.950,system,NULL,4
ICOOL Vũng Tàu,5B549CBD-E779-EB11-80FE-509A4C8C9FAC,2021-02-28,25,15370200.00,15242765.00,57605.00,0.00,69830.00,0.00,0.00,38,52,16,0,6446428.57,3249561.38,0.00,12,11.25,180,1,0.00,16,5546775.05,system,2021-03-01 00:09:40.047,system,NULL,4
ICOOL Phú Quốc,FBFC3D52-E779-EB11-80FE-509A4C8C9FAC,2021-02-28,26,688600.00,688600.00,0.00,0.00,0.00,0.00,0.00,2,2,1,0,7678571.43,131150.00,5602541.00,0,3,3,0.04,0.00,25,-1518580.43,system,2021-03-01 00:06:39.910,system,NULL,4
ICOOL Tô Ký,36890176-E779-EB11-80FE-509A4C8C9FAC,2021-02-28,5,0.00,0.00,0.00,0.00,0.00,0.00,0.00,0,0,0,0,5616071.43,0.00,0.00,0,0,30,0,0.00,26,-5616071.43,system,2021-03-01 00:07:39.913,system,NULL,4
ICOOL Nguyễn Trãi,7A8B8323-B07A-EB11-80FE-509A4C8C9FAC,2021-03-01,11,129000.00,64500.00,0.00,0.00,64500.00,0.00,0.00,1,0,0,0,3496782.94,1080166.00,1001860.00,0,0,20,0,0.00,16,-3510588.94,system,2021-03-02 00:04:10.357,system,NULL,4
ICOOL Vũng Tàu,DFDC42E8-B07A-EB11-80FE-509A4C8C9FAC,2021-03-01,25,6506200.00,5730400.00,87000.00,0.00,688800.00,0.00,0.00,19,18,6,0,6209677.42,1489092.62,0.00,2,23,140,0.38,0.00,16,-1968370.04,system,2021-03-02 00:09:40.443,system,NULL,4
ICOOL Phú Quốc,1C82F07C-B07A-EB11-80FE-509A4C8C9FAC,2021-03-01,26,9748800.00,7563400.00,2185400.00,0.00,0.00,446000.00,0.00,24,16,4,2,13354838.71,2131961.10,0.00,1,2.25,9,0.16,0.00,25,-7477399.81,system,2021-03-02 00:06:40.387,system,NULL,4
ICOOL Tô Ký,D5FBB8A0-B07A-EB11-80FE-509A4C8C9FAC,2021-03-01,5,208000.00,83200.00,104000.00,0.00,20800.00,0.00,0.00,0,0,0,0,10919354.84,114538.00,0.00,0,0,30,0,0.00,26,-10950692.84,system,2021-03-02 00:07:40.420,system,NULL,4
ICOOL Nguyễn Trãi,93292451-797B-EB11-80FE-509A4C8C9FAC,2021-03-02,11,0.00,0.00,0.00,0.00,0.00,0.00,0.00,0,0,0,0,3496782.94,611171.00,611171.00,0,0,20,0,0.00,16,-3496782.94,system,2021-03-03 00:04:15.750,system,NULL,4
ICOOL Cách Mạng Tháng 8,C137F5D3-787B-EB11-80FE-509A4C8C9FAC,2021-03-02,14,0.00,0.00,0.00,0.00,0.00,0.00,0.00,0,0,0,0,20435483.87,633675.00,633675.00,0,0,50,0,0.00,28,-20435483.87,system,2021-03-03 00:00:45.727,system,NULL,4
ICOOL Vũng Tàu,7299E715-7A7B-EB11-80FE-509A4C8C9FAC,2021-03-02,25,7968900.00,7501310.00,263140.00,0.00,204450.00,0.00,0.00,25,23,8,1,6209677.42,1643070.52,0.00,1,17,140,0.5,0.00,16,-351437.94,system,2021-03-03 00:09:45.863,system,NULL,4
ICOOL Phú Quốc,7B1394AA-797B-EB11-80FE-509A4C8C9FAC,2021-03-02,26,8505800.00,7166900.00,1338900.00,0.00,0.00,0.00,0.00,15,10,3,0,13354838.71,1510642.20,0.00,2,3,9,0.12,0.00,25,-7698580.91,system,2021-03-03 00:06:45.800,system,NULL,4
ICOOL Tô Ký,23EA59CE-797B-EB11-80FE-509A4C8C9FAC,2021-03-02,5,0.00,0.00,0.00,0.00,0.00,0.00,0.00,0,0,0,0,10919354.84,0.00,0.00,0,0,30,0,0.00,26,-10919354.84,system,2021-03-03 00:07:45.817,system,NULL,4
ICOOL Mạc Đỉnh Chi,5BBC1B58-427C-EB11-80FE-509A4C8C9FAC,2021-03-03,12,0.00,0.00,0.00,0.00,0.00,0.00,0.00,0,0,0,0,15516129.03,0.00,0.00,0,0,300,0,0.00,21,-15516129.03,system,2021-03-04 00:03:16.280,system,NULL,4
ICOOL Cách Mạng Tháng 8,E9AAACFE-417C-EB11-80FE-509A4C8C9FAC,2021-03-03,14,8890000.00,2035000.00,6855000.00,0.00,0.00,0.00,0.00,0,0,0,0,20435483.87,2670095.00,844900.00,0,0,50,0,0.00,28,-20225678.87,system,2021-03-04 00:00:46.237,system,NULL,4
ICOOL Vũng Tàu,CC34A740-437C-EB11-80FE-509A4C8C9FAC,2021-03-03,25,7629300.00,7629300.00,0.00,0.00,0.00,0.00,0.00,18,28,9,0,6209677.42,1484437.38,0.00,3,15,140,0.56,0.00,16,-64814.80,system,2021-03-04 00:09:46.427,system,NULL,4
ICOOL Phú Quốc,8CFF4DD5-427C-EB11-80FE-509A4C8C9FAC,2021-03-03,26,5637200.00,4497350.00,1139850.00,0.00,0.00,0.00,0.00,22,10,5,0,13354838.71,1437070.29,0.00,2,1.8,9,0.2,0.00,25,-10294559.00,system,2021-03-04 00:06:46.327,system,NULL,4
ICOOL Tô Ký,BE6710F9-427C-EB11-80FE-509A4C8C9FAC,2021-03-03,5,0.00,0.00,0.00,0.00,0.00,0.00,0.00,0,0,0,0,10919354.84,0.00,0.00,0,0,30,0,0.00,26,-10919354.84,system,2021-03-04 00:07:46.320,system,NULL,4
ICOOL Vũng Tàu,CF9C5A6B-0C7D-EB11-80FE-509A4C8C9FAC,2021-03-04,25,7280400.00,7135400.00,145000.00,0.00,0.00,0.00,0.00,21,17,8,2,6209677.42,1586797.24,0.00,2,17,140,0.5,0.00,16,-661074.66,system,2021-03-05 00:09:46.910,system,NULL,4
ICOOL Phú Quốc,46B00300-0C7D-EB11-80FE-509A4C8C9FAC,2021-03-04,26,8014000.00,6885450.00,1128550.00,0.00,0.00,0.00,0.00,25,11,5,1,13354838.71,2627526.62,0.00,3,1.8,9,0.2,0.00,25,-9096915.33,system,2021-03-05 00:06:46.823,system,NULL,4
ICOOL Tô Ký,959FC823-0C7D-EB11-80FE-509A4C8C9FAC,2021-03-04,5,0.00,0.00,0.00,0.00,0.00,0.00,0.00,0,0,0,0,10919354.84,0.00,0.00,0,0,30,0,0.00,26,-10919354.84,system,2021-03-05 00:07:46.833,system,NULL,4
ICOOL Vũng Tàu,BE1C1496-D57D-EB11-80FE-509A4C8C9FAC,2021-03-05,25,8226100.00,7961875.00,264225.00,0.00,0.00,0.00,0.00,26,23,10,0,6209677.42,1596240.62,0.00,3,14,140,0.63,0.00,16,155956.96,system,2021-03-06 00:09:47.430,system,NULL,4
ICOOL Phú Quốc,456AB22A-D57D-EB11-80FE-509A4C8C9FAC,2021-03-05,26,997000.00,703000.00,294000.00,0.00,0.00,0.00,0.00,3,3,1,0,13354838.71,174764.57,0.00,2,7,7,0.04,0.00,25,-12826603.28,system,2021-03-06 00:06:47.277,system,NULL,4
ICOOL Tô Ký,A7CB7B4E-D57D-EB11-80FE-509A4C8C9FAC,2021-03-05,5,0.00,0.00,0.00,0.00,0.00,0.00,0.00,0,0,0,0,10919354.84,0.00,0.00,0,0,30,0,0.00,26,-10919354.84,system,2021-03-06 00:07:47.317,system,NULL,4
ICOOL Mạc Đỉnh Chi,50944ADF-9D7E-EB11-80FE-509A4C8C9FAC,2021-03-06,12,4349000.00,4349000.00,0.00,0.00,0.00,0.00,0.00,9,9,0,0,15516129.03,858019.33,0.00,0,0,300,0,0.00,21,-12025148.36,system,2021-03-07 00:03:29.610,system,NULL,4
ICOOL Vũng Tàu,A2F1EEC0-9E7E-EB11-80FE-509A4C8C9FAC,2021-03-06,25,27175500.00,25466270.00,1709230.00,0.00,0.00,0.00,1156000.00,57,62,16,5,6209677.42,6221462.43,0.00,8,10,170,1,0.00,16,14191130.15,system,2021-03-07 00:09:48.173,system,NULL,4
ICOOL Phú Quốc,FA026C55-9E7E-EB11-80FE-509A4C8C9FAC,2021-03-06,26,6108400.00,5004000.00,866400.00,0.00,238000.00,0.00,0.00,15,9,4,0,13354838.71,1301993.05,0.00,0,2,8,0.16,0.00,25,-9652831.76,system,2021-03-07 00:06:47.800,system,NULL,4
ICOOL Xô Viết Nghệ Tĩnh,BDF3A4D2-9E7E-EB11-80FE-509A4C8C9FAC,2021-03-06,4,208000.00,83200.00,0.00,0.00,124800.00,0.00,0.00,0,0,0,0,14232787.10,97729.00,0.00,0,0,10,0,0.00,29,-14247316.10,system,2021-03-07 00:10:17.887,system,NULL,4
ICOOL Tô Ký,533C3D79-9E7E-EB11-80FE-509A4C8C9FAC,2021-03-06,5,1119000.00,466200.00,622000.00,0.00,30800.00,0.00,0.00,0,0,0,0,10919354.84,519015.00,0.00,0,0,30,0,0.00,26,-10972169.84,system,2021-03-07 00:07:47.890,system,NULL,4
ICOOL Nguyễn Trãi,A897B326-677F-EB11-80FE-509A4C8C9FAC,2021-03-07,11,158000.00,63200.00,0.00,0.00,94800.00,0.00,0.00,1,0,0,0,3496782.94,102480.00,0.00,0,0,30,0,0.00,16,-3536062.94,system,2021-03-08 00:04:18.257,system,NULL,4
ICOOL Vũng Tàu,1BEB7EEB-677F-EB11-80FE-509A4C8C9FAC,2021-03-07,25,9685300.00,9405250.00,280050.00,0.00,0.00,0.00,0.00,30,39,15,2,6209677.42,1680145.76,0.00,3,11,170,0.94,0.00,16,1515426.82,system,2021-03-08 00:09:48.423,system,NULL,4
ICOOL Phú Quốc,880F2580-677F-EB11-80FE-509A4C8C9FAC,2021-03-07,26,5662400.00,4914500.00,413450.00,0.00,334450.00,0.00,0.00,9,13,4,0,13354838.71,1078745.05,0.00,1,1.5,6,0.16,0.00,25,-9519083.76,system,2021-03-08 00:06:48.320,system,NULL,4
ICOOL Vũng Tàu,827E3216-3180-EB11-80FE-509A4C8C9FAC,2021-03-08,25,7644100.00,7499100.00,145000.00,0.00,0.00,170540.00,0.00,24,17,9,1,6209677.42,2225312.55,925143.45,4,18,170,0.56,0.00,16,159793.48,system,2021-03-09 00:09:48.907,system,NULL,4
ICOOL Phú Quốc,36DADEAA-3080-EB11-80FE-509A4C8C9FAC,2021-03-08,26,7028000.00,4212750.00,2815250.00,0.00,0.00,0.00,0.00,13,9,4,0,13354838.71,1278966.43,0.00,0,2.25,9,0.16,0.00,25,-10421055.14,system,2021-03-09 00:06:48.843,system,NULL,4
ICOOL Tô Ký,849DAACE-3080-EB11-80FE-509A4C8C9FAC,2021-03-08,5,337000.00,134800.00,168500.00,0.00,33700.00,0.00,0.00,0,0,0,0,10919354.84,142765.00,0.00,0,0,20,0,0.00,26,-10927319.84,system,2021-03-09 00:07:48.900,system,NULL,4
ICOOL Ung Văn Khiêm,7CA01332-FA80-EB11-80FE-509A4C8C9FAC,2021-03-09,1,158000.00,63200.00,0.00,0.00,94800.00,0.00,0.00,1,0,0,0,22280225.81,3476173.14,3095037.00,0,0,100,0,0.00,36,-22598161.95,system,2021-03-10 00:09:24.523,system,NULL,4
ICOOL Mạc Đỉnh Chi,73DDB85B-F980-EB11-80FE-509A4C8C9FAC,2021-03-09,12,708700.00,708700.00,0.00,0.00,0.00,0.00,0.00,0,0,0,0,15516129.03,219620.00,0.00,0,0,300,0,0.00,21,-15027049.03,system,2021-03-10 00:03:24.897,system,NULL,4
ICOOL Vũng Tàu,AFF2F643-FA80-EB11-80FE-509A4C8C9FAC,2021-03-09,25,5492100.00,4995100.00,0.00,0.00,497000.00,0.00,0.00,15,18,7,0,6209677.42,1303018.81,0.00,2,20,140,0.44,0.00,16,-2517596.23,system,2021-03-10 00:09:54.533,system,NULL,4
ICOOL Phú Quốc,A14495D8-F980-EB11-80FE-509A4C8C9FAC,2021-03-09,26,4388000.00,3548400.00,484000.00,0.00,355600.00,0.00,0.00,14,2,2,0,13354838.71,628347.43,0.00,0,4.5,9,0.08,0.00,25,-10434786.14,system,2021-03-10 00:06:54.380,system,NULL,4
ICOOL Tô Ký,42F25FFC-F980-EB11-80FE-509A4C8C9FAC,2021-03-09,5,129000.00,51600.00,64500.00,0.00,12900.00,0.00,0.00,1,0,0,0,10919354.84,59205.00,0.00,0,0,50,0,0.00,26,-10926959.84,system,2021-03-10 00:07:54.427,system,NULL,4
ICOOL Vũng Tàu,0B899C6E-C381-EB11-80FE-509A4C8C9FAC,2021-03-10,25,11512600.00,10537830.00,464500.00,0.00,510270.00,0.00,0.00,32,22,10,1,6209677.42,3016391.19,0.00,5,14,140,0.63,0.00,16,1311761.39,system,2021-03-11 00:09:54.927,system,NULL,4
ICOOL Phú Quốc,AAD94603-C381-EB11-80FE-509A4C8C9FAC,2021-03-10,26,2950700.00,2223350.00,727350.00,0.00,0.00,0.00,0.00,4,4,2,0,13354838.71,568555.34,0.00,0,3.5,7,0.08,0.00,25,-11700044.05,system,2021-03-11 00:06:54.850,system,NULL,4
ICOOL Xô Viết Nghệ Tĩnh,01DE7A80-C381-EB11-80FE-509A4C8C9FAC,2021-03-10,4,595000.00,238000.00,0.00,0.00,357000.00,0.00,0.00,0,0,0,0,14232787.10,3866729.00,3663577.00,0,0,10,0,0.00,29,-14197939.10,system,2021-03-11 00:10:24.907,system,NULL,4
ICOOL Tô Ký,B40D0927-C381-EB11-80FE-509A4C8C9FAC,2021-03-10,5,0.00,0.00,0.00,0.00,0.00,0.00,0.00,0,0,0,0,10919354.84,0.00,0.00,0,0,30,0,0.00,26,-10919354.84,system,2021-03-11 00:07:54.843,system,NULL,4
ICOOL Mạc Đỉnh Chi,100928B1-8B82-EB11-80FE-509A4C8C9FAC,2021-03-11,12,79000.00,63200.00,0.00,0.00,15800.00,0.00,0.00,0,0,0,0,15516129.03,42245.00,0.00,0,0,300,0,0.00,21,-15495174.03,system,2021-03-12 00:03:25.917,system,NULL,4
ICOOL Vũng Tàu,42506599-8C82-EB11-80FE-509A4C8C9FAC,2021-03-11,25,11247700.00,11047700.00,200000.00,0.00,0.00,0.00,0.00,23,26,11,2,6209677.42,2249278.43,0.00,4,12,140,0.69,0.00,16,2588744.15,system,2021-03-12 00:09:55.550,system,NULL,4
ICOOL Phú Quốc,298FFE2D-8C82-EB11-80FE-509A4C8C9FAC,2021-03-11,26,6543200.00,5022800.00,1139800.00,0.00,380600.00,0.00,0.00,13,14,5,0,13354838.71,1181409.15,0.00,0,1.6,8,0.2,0.00,25,-9513447.86,system,2021-03-12 00:06:55.360,system,NULL,4
ICOOL Vũng Tàu,A7710CC4-5583-EB11-80FE-509A4C8C9FAC,2021-03-12,25,12006100.00,12006100.00,0.00,0.00,0.00,0.00,0.00,22,25,12,0,6209677.42,2419773.19,0.00,6,15,180,0.75,0.00,16,3376649.39,system,2021-03-13 00:09:55.953,system,NULL,4
ICOOL Phú Quốc,E539AF58-5583-EB11-80FE-509A4C8C9FAC,2021-03-12,26,4266000.00,2924500.00,1341500.00,0.00,0.00,0.00,0.00,12,5,3,0,13354838.71,1062120.91,0.00,1,2,6,0.12,0.00,25,-11492459.62,system,2021-03-13 00:06:55.823,system,NULL,4
ICOOL Tô Ký,68C77A7C-5583-EB11-80FE-509A4C8C9FAC,2021-03-12,5,0.00,0.00,0.00,0.00,0.00,0.00,0.00,0,0,0,0,10919354.84,0.00,0.00,0,0,30,0,0.00,26,-10919354.84,system,2021-03-13 00:07:55.880,system,NULL,4
ICOOL Ung Văn Khiêm,77E8E4DC-1E84-EB11-80FE-509A4C8C9FAC,2021-03-13,1,79000.00,31600.00,0.00,0.00,47400.00,0.00,0.00,1,0,0,0,22280225.81,5076072.05,5076072.05,0,0,100,0,0.00,36,-22248625.81,system,2021-03-14 00:09:26.480,system,NULL,4
ICOOL Thành Thái,846B6D95-1E84-EB11-80FE-509A4C8C9FAC,2021-03-13,10,158000.00,63200.00,0.00,0.00,94800.00,0.00,0.00,1,0,0,0,16161290.32,75969.00,0.00,1,0,1,0,0.00,28,-16174059.32,system,2021-03-14 00:07:26.577,system,NULL,4
ICOOL Mạc Đỉnh Chi,C055310D-1E84-EB11-80FE-509A4C8C9FAC,2021-03-13,12,957600.00,733600.00,224000.00,0.00,0.00,0.00,0.00,1,1,0,0,15516129.03,173888.00,0.00,0,0,300,0,0.00,21,-14956417.03,system,2021-03-14 00:03:38.013,system,NULL,4
ICOOL Vũng Tàu,08F0E6EE-1E84-EB11-80FE-509A4C8C9FAC,2021-03-13,25,52502000.00,49996360.00,2248760.00,0.00,256880.00,260360.00,200000.00,121,116,45,7,6209677.42,9989818.78,0.00,9,4,180,2.81,0.00,16,34257223.80,system,2021-03-14 00:09:56.690,system,NULL,4
ICOOL Phú Quốc,BD696283-1E84-EB11-80FE-509A4C8C9FAC,2021-03-13,26,7544500.00,5262000.00,2282500.00,0.00,0.00,0.00,0.00,17,17,6,0,13354838.71,1276489.39,0.00,0,1.17,7,0.24,0.00,25,-9369328.10,system,2021-03-14 00:06:56.307,system,NULL,4
ICOOL Tô Ký,003129A7-1E84-EB11-80FE-509A4C8C9FAC,2021-03-13,5,0.00,0.00,0.00,0.00,0.00,0.00,0.00,0,0,0,0,10919354.84,0.00,0.00,0,0,30,0,0.00,26,-10919354.84,system,2021-03-14 00:07:56.327,system,NULL,4
ICOOL Thành Thái,00E2FCBF-E784-EB11-80FE-509A4C8C9FAC,2021-03-14,10,79000.00,31600.00,0.00,0.00,47400.00,0.00,0.00,1,0,0,0,16161290.32,32190.00,0.00,0,0,1,0,0.00,28,-16161880.32,system,2021-03-15 00:07:26.823,system,NULL,4
ICOOL Vũng Tàu,75826C19-E884-EB11-80FE-509A4C8C9FAC,2021-03-14,25,9495500.00,9271450.00,224050.00,0.00,0.00,0.00,0.00,29,24,14,1,6209677.42,1469044.83,0.00,8,12,170,0.88,0.00,16,1592727.75,system,2021-03-15 00:09:56.873,system,NULL,4
ICOOL Phú Quốc,43A217AE-E784-EB11-80FE-509A4C8C9FAC,2021-03-14,26,1961400.00,1358750.00,602650.00,0.00,0.00,0.00,0.00,7,4,3,0,13354838.71,342264.91,0.00,0,2.33,7,0.12,0.00,25,-12338353.62,system,2021-03-15 00:06:56.800,system,NULL,4
ICOOL Mạc Đỉnh Chi,ED0FA65B-B085-EB11-80FE-509A4C8C9FAC,2021-03-15,12,287000.00,114800.00,0.00,0.00,172200.00,0.00,0.00,0,0,0,0,15516129.03,162088.00,0.00,0,0,300,0,0.00,21,-15563417.03,system,2021-03-16 00:03:27.327,system,NULL,4
ICOOL Vũng Tàu,54952D44-B185-EB11-80FE-509A4C8C9FAC,2021-03-15,25,10352900.00,9564560.00,78000.00,0.00,710340.00,344970.00,0.00,25,35,12,0,6209677.42,2671481.38,0.00,7,11,140,0.71,0.00,17,1028371.20,system,2021-03-16 00:09:57.447,system,NULL,4
ICOOL Phú Quốc,462EC8D8-B085-EB11-80FE-509A4C8C9FAC,2021-03-15,26,8616000.00,6809900.00,1806100.00,0.00,0.00,0.00,0.00,13,14,5,0,13354838.71,2304924.14,0.00,0,1.4,7,0.2,0.00,25,-8849862.85,system,2021-03-16 00:06:57.263,system,NULL,4
ICOOL Mạc Đỉnh Chi,AEF06395-7986-EB11-80FF-509A4C8C9FAC,2021-03-16,12,79000.00,63200.00,15800.00,0.00,0.00,0.00,0.00,0,0,0,0,15516129.03,38458.00,0.00,0,0,300,0,0.00,21,-15491387.03,system,2021-03-17 00:03:53.043,system,NULL,4
ICOOL Vũng Tàu,F000E07D-7A86-EB11-80FF-509A4C8C9FAC,2021-03-16,25,4950900.00,4950900.00,0.00,0.00,0.00,0.00,0.00,13,14,5,0,6209677.42,842240.83,0.00,3,26,130,0.29,0.00,17,-2101018.25,system,2021-03-17 00:10:23.090,system,NULL,4
ICOOL Phú Quốc,AFB68712-7A86-EB11-80FF-509A4C8C9FAC,2021-03-16,26,790000.00,790000.00,0.00,0.00,0.00,0.00,0.00,4,3,1,0,13354838.71,154515.25,0.00,1,9,9,0.04,0.00,25,-12719353.96,system,2021-03-17 00:07:22.993,system,NULL,4
ICOOL Vũng Tàu,CA3872A8-4387-EB11-80FF-509A4C8C9FAC,2021-03-17,25,11763200.00,10959910.00,290000.00,0.00,513290.00,0.00,0.00,24,22,8,0,6209677.42,2583177.73,0.00,4,16,130,0.47,0.00,17,2167054.85,system,2021-03-18 00:10:23.353,system,NULL,4
ICOOL Phú Quốc,A0FB1D3D-4387-EB11-80FF-509A4C8C9FAC,2021-03-17,26,12096600.00,9534300.00,2562300.00,0.00,0.00,0.00,0.00,14,17,6,0,13354838.71,2898697.78,0.00,0,1.5,9,0.24,0.00,25,-6719236.49,system,2021-03-18 00:07:23.287,system,NULL,4
ICOOL Tô Ký,2188EF60-4387-EB11-80FF-509A4C8C9FAC,2021-03-17,5,0.00,0.00,0.00,0.00,0.00,0.00,0.00,0,0,0,0,10919354.84,0.00,0.00,0,0,30,0,0.00,26,-10919354.84,system,2021-03-18 00:08:23.377,system,NULL,4
ICOOL Thành Thái,4CCFEA79-0C88-EB11-80FF-509A4C8C9FAC,2021-03-18,10,0.00,0.00,0.00,0.00,0.00,0.00,0.00,0,0,0,0,16161290.32,0.00,0.00,0,0,1,0,0.00,28,-16161290.32,system,2021-03-19 00:07:54.133,system,NULL,4
ICOOL Nguyễn Tri Phương,48197627-0C88-EB11-80FF-509A4C8C9FAC,2021-03-18,19,0.00,0.00,0.00,0.00,0.00,0.00,0.00,0,0,0,0,8038064.52,0.00,0.00,0,0,24,0,0.00,16,-8038064.52,system,2021-03-19 00:05:35.793,system,NULL,4
ICOOL Vũng Tàu,64644CD3-0C88-EB11-80FF-509A4C8C9FAC,2021-03-18,25,19171400.00,18718030.00,17930.00,0.00,435440.00,128736.00,180000.00,45,44,15,2,6209677.42,4595625.62,0.00,7,8,120,0.88,0.00,17,8221462.96,system,2021-03-19 00:10:24.090,system,NULL,4
ICOOL Phú Quốc,7DFBDD67-0C88-EB11-80FF-509A4C8C9FAC,2021-03-18,26,4350500.00,3319250.00,1031250.00,0.00,0.00,0.00,0.00,8,8,3,0,13354838.71,1040115.00,0.00,0,3,9,0.12,0.00,25,-11075703.71,system,2021-03-19 00:07:23.850,system,NULL,4
ICOOL Tô Ký,0F4FB18B-0C88-EB11-80FF-509A4C8C9FAC,2021-03-18,5,7680500.00,7358900.00,189000.00,0.00,132600.00,0.00,0.00,0,0,0,0,10919354.84,2193629.67,0.00,0,0,30,0,0.00,26,-5754084.51,system,2021-03-19 00:08:23.957,system,NULL,4
ICOOL Ung Văn Khiêm,D9D329EC-D588-EB11-80FF-509A4C8C9FAC,2021-03-19,1,71870200.00,71587550.00,149000.00,0.00,133650.00,205500.00,0.00,241,34,46,1,22280225.81,13377329.28,0.00,3,2,100,1.28,0.00,36,36135494.91,system,2021-03-20 00:09:54.647,system,NULL,4
ICOOL Thành Thái,88559AA4-D588-EB11-80FF-509A4C8C9FAC,2021-03-19,10,34015300.00,33523960.00,4000.00,0.00,487340.00,262900.00,1786900.00,131,131,27,5,19791149.19,6756808.05,0.00,10,0,1,0.96,0.00,28,9025802.76,system,2021-03-20 00:07:54.590,system,NULL,4
ICOOL Nguyễn Trãi,FD5A3439-D588-EB11-80FF-509A4C8C9FAC,2021-03-19,11,3634100.00,3634100.00,0.00,0.00,0.00,0.00,0.00,11,10,5,3,3496782.94,440596.91,0.00,2,8,40,0.31,0.00,16,-303279.85,system,2021-03-20 00:04:54.407,system,NULL,4
ICOOL Mạc Đỉnh Chi,1E377515-D588-EB11-80FF-509A4C8C9FAC,2021-03-19,12,30428100.00,29933790.00,397150.00,0.00,97160.00,294250.00,0.00,53,53,19,1,15516129.03,5045469.34,0.00,0,15,300,0.9,0.00,21,9666441.63,system,2021-03-20 00:03:54.433,system,NULL,4
ICOOL Trần Bình Trọng,6B175AC8-D588-EB11-80FF-509A4C8C9FAC,2021-03-19,13,30700200.00,30157560.00,290000.00,0.00,252640.00,0.00,368000.00,69,80,27,2,8548387.10,8217102.05,0.00,2,7,210,1.59,0.00,17,13760070.85,system,2021-03-20 00:08:54.567,system,NULL,4
ICOOL Cách Mạng Tháng 8,49E90FBC-D488-EB11-80FF-509A4C8C9FAC,2021-03-19,14,51260600.00,50844930.00,0.00,0.00,415670.00,0.00,0.00,111,97,36,1,20435483.87,6911349.62,0.00,0,2,100,1.29,0.00,28,23498096.51,system,2021-03-20 00:01:24.450,system,NULL,4
ICOOL Cầu Chữ Y,D36AE6CD-D488-EB11-80FF-509A4C8C9FAC,2021-03-19,16,7856700.00,7755220.00,0.00,101480.00,0.00,0.00,0.00,20,14,6,1,5451612.90,1483361.67,0.00,0,8,50,0.43,0.00,14,820245.43,system,2021-03-20 00:01:54.377,system,NULL,4
ICOOL Nhị Thiên Đường,E9B3FE5C-D588-EB11-80FF-509A4C8C9FAC,2021-03-19,17,4311600.00,4205190.00,0.00,0.00,106410.00,0.00,0.00,11,11,4,0,0.16,884512.33,0.00,2,0,1,0.25,0.00,16,3320677.51,system,2021-03-20 00:05:54.453,system,NULL,4
ICOOL Trần Não,278E3FDA-D588-EB11-80FF-509A4C8C9FAC,2021-03-19,18,35767500.00,35254420.00,203000.00,0.00,310080.00,322260.00,0.00,105,71,24,2,16096774.19,7153038.68,500000.00,7,1,30,1.2,0.00,20,12826867.13,system,2021-03-20 00:09:24.593,system,NULL,4
ICOOL Nguyễn Tri Phương,1B1C214B-D588-EB11-80FF-509A4C8C9FAC,2021-03-19,19,15169200.00,14988140.00,181060.00,0.00,0.00,0.00,0.00,52,60,20,1,8038064.52,1912132.62,0.00,0,3,70,1.25,0.00,16,5037942.86,system,2021-03-20 00:05:24.480,system,NULL,4
ICOOL Phan Chu Trinh,88BCE06E-D588-EB11-80FF-509A4C8C9FAC,2021-03-19,23,9405300.00,9405300.00,0.00,0.00,0.00,0.00,0.00,28,14,11,0,7302258.06,1294487.67,0.00,3,6,70,0.79,0.00,14,808554.27,system,2021-03-20 00:06:24.457,system,NULL,4
ICOOL Phan Xích Long,125DD080-D588-EB11-80FF-509A4C8C9FAC,2021-03-19,24,55175900.00,53908080.00,0.00,209560.00,1058260.00,0.00,0.00,96,127,40,4,14032258.06,8802326.87,0.00,2,1,60,1.6,0.00,25,31073495.07,system,2021-03-20 00:06:54.547,system,NULL,4
ICOOL Vũng Tàu,C78305FE-D588-EB11-80FF-509A4C8C9FAC,2021-03-19,25,17998600.00,17642400.00,245000.00,0.00,111200.00,0.00,0.00,47,46,18,4,6209677.42,3014833.57,0.00,5,7,140,1.06,0.00,17,8417889.01,system,2021-03-20 00:10:24.610,system,NULL,4
ICOOL Phú Quốc,1E1AAC92-D588-EB11-80FF-509A4C8C9FAC,2021-03-19,26,12924500.00,10056500.00,2868000.00,0.00,0.00,0.00,0.00,23,23,6,0,13354838.71,3183194.84,0.00,0,1.5,9,0.24,0.00,25,-6481533.55,system,2021-03-20 00:07:24.507,system,NULL,4
ICOOL Xô Viết Nghệ Tĩnh,07001910-D688-EB11-80FF-509A4C8C9FAC,2021-03-19,4,44940500.00,44760500.00,180000.00,0.00,0.00,0.00,0.00,129,91,37,5,9176999.77,13855805.40,5140436.68,6,2,80,1.28,0.00,29,26868131.51,system,2021-03-20 00:10:54.937,system,NULL,4
ICOOL Tô Ký,9F6E79B6-D588-EB11-80FF-509A4C8C9FAC,2021-03-19,5,14086500.00,13961920.00,42000.00,0.00,82580.00,0.00,0.00,31,31,16,1,10919354.84,2286040.48,0.00,0,1,30,0.62,0.00,26,756524.68,system,2021-03-20 00:08:24.573,system,NULL,4
ICOOL Bình Phú,27EF28AA-D488-EB11-80FF-509A4C8C9FAC,2021-03-19,6,34550600.00,33214972.00,1169940.00,165688.00,0.00,0.00,250000.00,94,73,25,2,21645161.29,6719384.63,0.00,3,11,280,1.04,0.00,24,5100426.08,system,2021-03-20 00:00:54.417,system,NULL,4
ICOOL Dương Bá Trạc,143CB4F1-D488-EB11-80FF-509A4C8C9FAC,2021-03-19,7,44523800.00,44271300.00,0.00,0.00,252500.00,0.00,0.00,100,72,29,0,15613936.87,8979841.10,0.00,2,3,100,1.12,0.00,26,19677522.03,system,2021-03-20 00:02:54.447,system,NULL,4
ICOOL Nguyễn Sơn,B7D85427-D588-EB11-80FF-509A4C8C9FAC,2021-03-19,9,27717500.00,27484980.00,0.00,0.00,232520.00,0.00,0.00,80,59,20,2,9582580.65,6445278.35,0.00,0,5,100,1.43,0.00,14,11457121.00,system,2021-03-20 00:04:24.420,system,NULL,4
ICOOL Ung Văn Khiêm,EF4DED16-9F89-EB11-80FF-509A4C8C9FAC,2021-03-20,1,156319000.00,154638800.00,1353900.00,70700.00,255600.00,102800.00,0.00,433,254,93,6,22280225.81,31146961.80,0.00,19,1,100,2.58,0.00,36,101314412.39,system,2021-03-21 00:09:55.237,system,NULL,4
ICOOL Thành Thái,F7215DCF-9E89-EB11-80FF-509A4C8C9FAC,2021-03-20,10,102579301.00,100692882.90,1275878.00,0.00,610540.10,764880.00,0.00,319,281,74,10,19791149.19,19019166.11,0.00,19,0,1,2.64,0.00,28,62647447.60,system,2021-03-21 00:07:55.173,system,NULL,4
ICOOL Nguyễn Trãi,DAD0F363-9E89-EB11-80FF-509A4C8C9FAC,2021-03-20,11,26743400.00,25521220.00,994100.00,0.00,228080.00,0.00,0.00,39,69,29,0,3496782.94,4221077.39,0.00,4,2,80,1.81,0.00,16,17803359.67,system,2021-03-21 00:04:54.967,system,NULL,4
ICOOL Mạc Đỉnh Chi,13722F40-9E89-EB11-80FF-509A4C8C9FAC,2021-03-20,12,50398900.00,49881320.00,50550.00,0.00,467030.00,0.00,0.00,118,104,38,1,15516129.03,6991699.51,0.00,12,7,300,1.81,0.00,21,27373491.46,system,2021-03-21 00:03:54.960,system,NULL,4
ICOOL Trần Bình Trọng,BE8C22F3-9E89-EB11-80FF-509A4C8C9FAC,2021-03-20,13,39651100.00,38089000.00,704850.00,180550.00,676700.00,0.00,0.00,112,103,36,6,8548387.10,7059223.76,0.00,11,5,210,2.12,0.00,17,22481389.14,system,2021-03-21 00:08:55.187,system,NULL,4
ICOOL Cách Mạng Tháng 8,4D75C9E6-9D89-EB11-80FF-509A4C8C9FAC,2021-03-20,14,76667500.00,75029020.00,400000.00,225080.00,1013400.00,0.00,80000.00,160,140,59,5,20435483.87,11513802.20,0.00,5,2,150,2.11,0.00,28,43159733.93,system,2021-03-21 00:01:24.973,system,NULL,4
ICOOL Cầu Chữ Y,3618A3F8-9D89-EB11-80FF-509A4C8C9FAC,2021-03-20,16,22852400.00,21853380.00,779000.00,0.00,220020.00,0.00,0.00,59,53,21,4,5451612.90,4353895.00,0.00,7,3,80,1.5,0.00,14,12047872.10,system,2021-03-21 00:01:54.920,system,NULL,4
ICOOL Nhị Thiên Đường,CFB7C587-9E89-EB11-80FF-509A4C8C9FAC,2021-03-20,17,36003500.00,35390200.00,194000.00,0.00,419300.00,0.00,0.00,61,44,26,5,0.16,6493058.96,0.00,1,6,160,1.63,0.00,16,28897140.88,system,2021-03-21 00:05:55.063,system,NULL,4
ICOOL Trần Não,522D0E05-9F89-EB11-80FF-509A4C8C9FAC,2021-03-20,18,117760300.00,116972870.00,435500.00,0.00,351930.00,1321500.00,0.00,290,233,63,5,16096774.19,25782648.10,343000.00,18,2,150,3.15,0.00,20,76757947.70,system,2021-03-21 00:09:25.253,system,NULL,4
ICOOL Nguyễn Tri Phương,8831E175-9E89-EB11-80FF-509A4C8C9FAC,2021-03-20,19,34417300.00,33833765.00,583535.00,0.00,0.00,0.00,0.00,109,97,33,1,8038064.52,5887169.39,0.00,0,3,100,2.06,0.00,16,19908531.09,system,2021-03-21 00:05:25.043,system,NULL,4
ICOOL Đồng Đen,9237930A-9E89-EB11-80FF-509A4C8C9FAC,2021-03-20,22,91139300.00,90374230.00,29800.00,0.00,735270.00,251890.00,0.00,257,176,60,3,10130000.00,16808667.77,0.00,8,1,110,2.4,0.00,25,63687452.23,system,2021-03-21 00:02:25.017,system,NULL,4
ICOOL Phan Chu Trinh,C64AB099-9E89-EB11-80FF-509A4C8C9FAC,2021-03-20,23,42621500.00,42520975.00,0.00,100525.00,0.00,0.00,0.00,107,71,40,1,7302258.06,7389061.68,0.00,3,2,80,2.86,0.00,14,27829655.26,system,2021-03-21 00:06:25.123,system,NULL,4
ICOOL Phan Xích Long,942088AB-9E89-EB11-80FF-509A4C8C9FAC,2021-03-20,24,92448100.00,91745400.00,580000.00,0.00,122700.00,0.00,0.00,168,227,52,3,14032258.06,16825831.79,0.00,3,2,130,2.08,0.00,25,60887310.15,system,2021-03-21 00:06:55.057,system,NULL,4
ICOOL Vũng Tàu,2825C828-9F89-EB11-80FF-509A4C8C9FAC,2021-03-20,25,52660500.00,51728545.00,335775.00,54000.00,542180.00,0.00,0.00,161,120,43,1,6209677.42,11523417.48,0.00,16,3,140,2.53,0.00,17,33995450.10,system,2021-03-21 00:10:25.193,system,NULL,4
ICOOL Phú Quốc,A5B375BD-9E89-EB11-80FF-509A4C8C9FAC,2021-03-20,26,18632000.00,13574550.00,5057450.00,0.00,0.00,0.00,0.00,52,39,10,0,13354838.71,4108365.58,0.00,1,0.9,9,0.4,0.00,25,-3888654.29,system,2021-03-21 00:07:25.137,system,NULL,4
ICOOL Xô Viết Nghệ Tĩnh,0142AD3A-9F89-EB11-80FF-509A4C8C9FAC,2021-03-20,4,86303800.00,85387715.00,580000.00,188145.00,147940.00,0.00,0.00,229,155,74,7,9176999.77,18901254.02,0.00,31,2,150,2.55,0.00,29,57309461.21,system,2021-03-21 00:10:55.217,system,NULL,4
ICOOL Tô Ký,5B6763E1-9E89-EB11-80FF-509A4C8C9FAC,2021-03-20,5,56766800.00,54038960.00,920810.00,0.00,1807030.00,0.00,0.00,98,97,49,3,10919354.84,12476272.96,0.00,6,2,100,1.88,0.00,26,30643332.20,system,2021-03-21 00:08:25.413,system,NULL,4
ICOOL Bình Phú,8320ECD4-9D89-EB11-80FF-509A4C8C9FAC,2021-03-20,6,74768000.00,73718220.00,632240.00,196780.00,220760.00,750070.00,0.00,240,209,62,8,21645161.29,15550395.07,0.00,17,4,280,2.58,0.00,24,37272733.64,system,2021-03-21 00:00:55.003,system,NULL,4
ICOOL Dương Bá Trạc,8C91711C-9E89-EB11-80FF-509A4C8C9FAC,2021-03-20,7,111449200.00,108883220.00,1963410.00,0.00,602570.00,190110.00,0.00,240,251,71,3,15613936.87,21228755.26,0.00,13,1,100,2.73,0.00,26,72230637.87,system,2021-03-21 00:02:54.997,system,NULL,4
ICOOL Nguyễn Sơn,BE981F52-9E89-EB11-80FF-509A4C8C9FAC,2021-03-20,9,32117800.00,31381160.00,736640.00,0.00,0.00,0.00,0.00,107,74,30,1,9582580.65,6866679.10,0.00,0,5,150,2,0.00,15,14931900.25,system,2021-03-21 00:04:25.057,system,NULL,4
ICOOL Ung Văn Khiêm,BC439341-688A-EB11-80FF-509A4C8C9FAC,2021-03-21,1,84063700.00,79982650.00,2717000.00,0.00,1364050.00,0.00,0.00,279,137,57,4,22280225.81,16272951.50,0.00,33,1,100,1.58,0.00,36,41429472.69,system,2021-03-22 00:09:55.630,system,NULL,4
ICOOL Thành Thái,862605FA-678A-EB11-80FF-509A4C8C9FAC,2021-03-21,10,55176700.00,54643150.00,428350.00,105200.00,0.00,0.00,50000.00,171,122,53,9,19791149.19,7486748.67,64800.00,34,0,1,1.89,0.00,28,27480052.14,system,2021-03-22 00:07:55.583,system,NULL,4
ICOOL Nguyễn Trãi,96ACA98E-678A-EB11-80FF-509A4C8C9FAC,2021-03-21,11,16229200.00,16229200.00,0.00,0.00,0.00,0.00,0.00,35,43,14,1,3496782.94,3499269.29,0.00,5,8,120,0.88,0.00,16,9233147.77,system,2021-03-22 00:04:55.467,system,NULL,4
ICOOL Mạc Đỉnh Chi,6C8AE76A-678A-EB11-80FF-509A4C8C9FAC,2021-03-21,12,55058501.00,54384136.00,467405.00,0.00,206960.00,0.00,0.00,148,109,40,5,15516129.03,9216212.34,0.00,3,7,300,1.9,0.00,21,29651794.63,system,2021-03-22 00:03:55.473,system,NULL,4
ICOOL Trần Bình Trọng,E120CA1D-688A-EB11-80FF-509A4C8C9FAC,2021-03-21,13,23773200.00,23158320.00,290000.00,0.00,324880.00,0.00,0.00,70,68,26,0,8548387.10,3457516.72,0.00,7,8,210,1.53,0.00,17,11152416.18,system,2021-03-22 00:08:55.593,system,NULL,4
ICOOL Cách Mạng Tháng 8,E11C7211-678A-EB11-80FF-509A4C8C9FAC,2021-03-21,14,64488200.00,63121750.00,854630.00,0.00,511820.00,0.00,0.00,124,136,53,7,20435483.87,9258472.96,0.00,12,2,150,1.89,0.00,28,33427793.17,system,2021-03-22 00:01:25.387,system,NULL,4
ICOOL Cầu Chữ Y,56B35623-678A-EB11-80FF-509A4C8C9FAC,2021-03-21,16,17839700.00,17692700.00,0.00,0.00,147000.00,0.00,0.00,42,39,18,0,5451612.90,2972060.39,0.00,8,4,80,1.29,0.00,14,9269026.71,system,2021-03-22 00:01:55.407,system,NULL,4
ICOOL Nhị Thiên Đường,B97E75B2-678A-EB11-80FF-509A4C8C9FAC,2021-03-21,17,32484500.00,31210310.00,1015000.00,0.00,259190.00,0.00,0.00,53,46,26,3,0.16,7170116.63,0.00,5,6,160,1.63,0.00,16,24040193.21,system,2021-03-22 00:05:55.523,system,NULL,4
ICOOL Trần Não,77BDB12F-688A-EB11-80FF-509A4C8C9FAC,2021-03-21,18,65593500.00,65132380.00,290000.00,0.00,171120.00,0.00,200000.00,175,142,52,3,16096774.19,10876977.29,0.00,15,3,200,2.6,0.00,20,38358628.52,system,2021-03-22 00:09:25.630,system,NULL,4
ICOOL Nguyễn Tri Phương,3C3B91A0-678A-EB11-80FF-509A4C8C9FAC,2021-03-21,19,18159200.00,18036690.00,0.00,0.00,122510.00,0.00,0.00,65,41,22,1,8038064.52,2927213.43,0.00,3,4,100,1.38,0.00,16,7071412.05,system,2021-03-22 00:05:25.507,system,NULL,4
ICOOL Đồng Đen,CB163A35-678A-EB11-80FF-509A4C8C9FAC,2021-03-21,22,48025200.00,47529470.00,394000.00,0.00,101730.00,0.00,0.00,157,114,51,7,10130000.00,6645158.44,0.00,7,2,120,2.04,0.00,25,30754311.56,system,2021-03-22 00:02:25.417,system,NULL,4
ICOOL Phan Chu Trinh,B83457C4-678A-EB11-80FF-509A4C8C9FAC,2021-03-21,23,32546800.00,32050540.00,349600.00,146660.00,0.00,0.00,80000.00,83,50,28,1,7302258.06,5963573.01,0.00,5,2,80,2,0.00,14,18864708.93,system,2021-03-22 00:06:25.523,system,NULL,4
ICOOL Phan Xích Long,0CDE3CD6-678A-EB11-80FF-509A4C8C9FAC,2021-03-21,24,75465201.00,74293101.00,1172100.00,0.00,0.00,98000.00,0.00,152,245,58,3,14032258.06,13062755.92,0.00,13,2,130,2.32,0.00,25,47296087.02,system,2021-03-22 00:06:55.550,system,NULL,4
ICOOL Vũng Tàu,7BFB7553-688A-EB11-80FF-509A4C8C9FAC,2021-03-21,25,12884500.00,12295820.00,278800.00,0.00,309880.00,0.00,0.00,30,46,13,1,6209677.42,2360258.43,0.00,10,10,140,0.76,0.00,17,3725884.15,system,2021-03-22 00:10:25.640,system,NULL,4
ICOOL Phú Quốc,701D1FE8-678A-EB11-80FF-509A4C8C9FAC,2021-03-21,26,5536000.00,3537300.00,1998700.00,0.00,0.00,0.00,0.00,11,13,4,0,13354838.71,807248.19,0.00,1,1.75,7,0.16,0.00,25,-10624786.90,system,2021-03-22 00:07:25.553,system,NULL,4
ICOOL Xô Viết Nghệ Tĩnh,1C2E5B65-688A-EB11-80FF-509A4C8C9FAC,2021-03-21,4,50807500.00,50330925.00,199000.00,277575.00,0.00,0.00,0.00,120,93,44,1,9176999.77,4176789.33,0.00,24,3,150,1.52,0.00,29,36977135.90,system,2021-03-22 00:10:55.660,system,NULL,4
ICOOL Tô Ký,773EEA0B-688A-EB11-80FF-509A4C8C9FAC,2021-03-21,5,61024200.00,59899415.00,672495.00,188140.00,264150.00,0.00,0.00,130,115,53,5,10919354.84,13839834.68,0.00,5,2,150,2.04,0.00,26,35140225.48,system,2021-03-22 00:08:25.607,system,NULL,4
ICOOL Bình Phú,EED396FF-668A-EB11-80FF-509A4C8C9FAC,2021-03-21,6,70772500.00,69123175.00,685555.00,617360.00,346410.00,0.00,0.00,196,159,51,5,21645161.29,14464296.92,0.00,12,5,280,2.13,0.00,24,33013716.79,system,2021-03-22 00:00:55.430,system,NULL,4
ICOOL Dương Bá Trạc,F9CD1D47-678A-EB11-80FF-509A4C8C9FAC,2021-03-21,7,94593200.00,91840939.00,1839266.00,90975.00,822020.00,0.00,0.00,207,185,65,9,15613936.87,17572689.13,0.00,21,1,100,2.5,0.00,26,58654313.00,system,2021-03-22 00:02:55.430,system,NULL,4
ICOOL Nguyễn Sơn,C3FCC67C-678A-EB11-80FF-509A4C8C9FAC,2021-03-21,9,37967400.00,37371700.00,539800.00,0.00,55900.00,0.00,230000.00,96,93,37,1,9582580.65,8873869.58,0.00,2,4,150,2.47,0.00,15,19145249.77,system,2021-03-22 00:04:25.460,system,NULL,4
ICOOL Ung Văn Khiêm,F10BDE53-318B-EB11-80FF-509A4C8C9FAC,2021-03-22,1,70342400.00,68688140.00,969600.00,0.00,684660.00,347540.00,0.00,259,125,61,13,22280225.81,13226287.20,0.00,25,1,100,1.69,0.00,36,33529166.99,system,2021-03-23 00:09:15.163,system,NULL,4
ICOOL Thành Thái,9B20450C-318B-EB11-80FF-509A4C8C9FAC,2021-03-22,10,51024100.00,50107275.00,823875.00,0.00,92950.00,376240.00,0.00,159,120,47,7,19791149.19,12316938.49,2404888.00,15,0,1,1.68,0.00,28,20780315.32,system,2021-03-23 00:07:15.040,system,NULL,4
ICOOL Nguyễn Trãi,875CE4A0-308B-EB11-80FF-509A4C8C9FAC,2021-03-22,11,11409300.00,11252630.00,20710.00,0.00,135960.00,0.00,0.00,19,25,14,1,3496782.94,2052587.96,0.00,1,9,130,0.88,0.00,16,5703259.10,system,2021-03-23 00:04:14.893,system,NULL,4
ICOOL Mạc Đỉnh Chi,3F341F7D-308B-EB11-80FF-509A4C8C9FAC,2021-03-22,12,39307200.00,37563680.00,1203150.00,0.00,540370.00,579805.00,0.00,130,74,28,5,15516129.03,9166635.95,2826748.00,6,10,300,1.33,0.00,21,16287468.02,system,2021-03-23 00:03:14.880,system,NULL,4
ICOOL Trần Bình Trọng,F01C0A30-318B-EB11-80FF-509A4C8C9FAC,2021-03-22,13,26303300.00,24649100.00,701200.00,0.00,953000.00,0.00,0.00,62,76,25,0,8548387.10,7543800.15,0.00,2,8,210,1.47,0.00,17,8556912.75,system,2021-03-23 00:08:15.053,system,NULL,4
ICOOL Cách Mạng Tháng 8,00D1AF23-308B-EB11-80FF-509A4C8C9FAC,2021-03-22,14,73124500.00,71869600.00,599540.00,0.00,655360.00,437670.00,0.00,138,137,49,9,20435483.87,12860955.34,0.00,15,3,180,1.75,0.00,28,39010830.79,system,2021-03-23 00:00:44.833,system,NULL,4
ICOOL Cầu Chữ Y,10768D35-308B-EB11-80FF-509A4C8C9FAC,2021-03-22,16,5504600.00,5357980.00,0.00,0.00,146620.00,0.00,0.00,16,15,7,0,5451612.90,1069923.29,0.00,6,12,90,0.5,0.00,14,-1163556.19,system,2021-03-23 00:01:14.807,system,NULL,4
ICOOL Nhị Thiên Đường,085DB0C4-308B-EB11-80FF-509A4C8C9FAC,2021-03-22,17,5572700.00,5572700.00,0.00,0.00,0.00,0.00,0.00,9,8,6,2,9800000.00,1339856.72,0.00,0,26,160,0.38,0.00,16,-5567156.72,system,2021-03-23 00:05:14.950,system,NULL,4
ICOOL Trần Não,C83CF541-318B-EB11-80FF-509A4C8C9FAC,2021-03-22,18,66025100.00,65144640.00,410700.00,80500.00,389260.00,252200.00,0.00,201,169,44,2,16096774.19,14653635.01,0.00,8,4,200,2.2,0.00,20,34646430.79,system,2021-03-23 00:08:45.117,system,NULL,4
ICOOL Nguyễn Tri Phương,0EA0CCB2-308B-EB11-80FF-509A4C8C9FAC,2021-03-22,19,12647400.00,12335970.00,70350.00,0.00,241080.00,0.00,0.00,40,47,21,2,8038064.52,1772104.29,0.00,1,4,100,1.31,0.00,16,2525801.19,system,2021-03-23 00:04:44.937,system,NULL,4
ICOOL Đồng Đen,00797847-308B-EB11-80FF-509A4C8C9FAC,2021-03-22,22,27541000.00,27214230.00,210000.00,0.00,116770.00,0.00,0.00,79,87,32,7,10130000.00,4949782.43,0.00,23,4,140,1.28,0.00,25,12134447.57,system,2021-03-23 00:01:44.870,system,NULL,4
ICOOL Phan Chu Trinh,52AA93D6-308B-EB11-80FF-509A4C8C9FAC,2021-03-22,23,14558900.00,14558900.00,0.00,0.00,0.00,0.00,0.00,40,28,15,3,4964516.13,2549835.67,0.00,5,7.33,110,1.07,0.00,14,7044548.20,system,2021-03-23 00:05:44.960,system,NULL,4
ICOOL Phan Xích Long,1F0078E8-308B-EB11-80FF-509A4C8C9FAC,2021-03-22,24,63129100.00,61399345.00,1123755.00,0.00,606000.00,123134.50,0.00,110,173,46,4,14032258.06,12421728.65,0.00,18,2,130,1.84,0.00,25,35068492.79,system,2021-03-23 00:06:14.980,system,NULL,4
ICOOL Vũng Tàu,F59EBB65-318B-EB11-80FF-509A4C8C9FAC,2021-03-22,25,10758100.00,10468100.00,290000.00,0.00,0.00,0.00,0.00,23,30,13,3,6209677.42,2212203.31,0.00,5,7,100,0.76,0.00,17,2046219.27,system,2021-03-23 00:09:45.137,system,NULL,4
ICOOL Phú Quốc,5CC05FFA-308B-EB11-80FF-509A4C8C9FAC,2021-03-22,26,8950800.00,7175900.00,1774900.00,0.00,0.00,0.00,0.00,26,20,6,0,13354838.71,1844844.10,0.00,0,1.33,8,0.24,0.00,25,-8023782.81,system,2021-03-23 00:06:45.020,system,NULL,4
ICOOL Xô Viết Nghệ Tĩnh,BB9D0E78-318B-EB11-80FF-509A4C8C9FAC,2021-03-22,4,23688700.00,23398700.00,290000.00,0.00,0.00,0.00,220000.00,66,55,29,6,9176999.77,1212766.67,0.00,11,5,150,1,0.00,29,13228933.56,system,2021-03-23 00:10:15.880,system,NULL,4
ICOOL Tô Ký,391B251E-318B-EB11-80FF-509A4C8C9FAC,2021-03-22,5,17880500.00,17516690.00,218700.00,0.00,145110.00,0.00,0.00,48,38,19,2,10919354.84,4433073.12,49785.00,7,7,150,0.73,0.00,26,2214047.04,system,2021-03-23 00:07:45.030,system,NULL,4
ICOOL Bình Phú,4D1FD411-308B-EB11-80FF-509A4C8C9FAC,2021-03-22,6,43795700.00,42838400.00,849740.00,70560.00,37000.00,0.00,0.00,118,91,31,2,21645161.29,9794598.40,0.00,5,9,280,1.29,0.00,24,11398640.31,system,2021-03-23 00:00:14.870,system,NULL,4
ICOOL Dương Bá Trạc,9EFC5659-308B-EB11-80FF-509A4C8C9FAC,2021-03-22,7,49887300.00,47885150.00,1581800.00,0.00,420350.00,0.00,0.00,124,108,38,7,15613936.87,9188616.96,0.00,10,2,100,1.46,0.00,26,23082596.17,system,2021-03-23 00:02:14.847,system,NULL,4
ICOOL Nguyễn Sơn,3959018F-308B-EB11-80FF-509A4C8C9FAC,2021-03-22,9,13497000.00,13447520.00,0.00,0.00,49480.00,0.00,0.00,44,28,14,0,9582580.65,3291621.20,0.00,0,10.71,150,0.93,0.00,15,573318.16,system,2021-03-23 00:03:44.883,system,NULL,4
ICOOL Ung Văn Khiêm,A2861C82-FA8B-EB11-80FF-509A4C8C9FAC,2021-03-23,1,89268600.00,87896525.00,471275.00,491940.00,408860.00,751020.00,0.00,325,76,67,1,22280225.81,19050378.59,0.00,24,1,100,1.86,0.00,36,47316940.60,system,2021-03-24 00:09:21.590,system,NULL,4
ICOOL Thành Thái,B2008B3A-FA8B-EB11-80FF-509A4C8C9FAC,2021-03-23,10,55963500.00,53840207.00,941943.00,0.00,1181350.00,0.00,0.00,184,157,50,6,19791149.19,11130439.11,0.00,29,0,1,1.79,0.00,28,22918618.70,system,2021-03-24 00:07:21.520,system,NULL,4
ICOOL Nguyễn Trãi,E68F26CF-F98B-EB11-80FF-509A4C8C9FAC,2021-03-23,11,14448000.00,14170715.00,277285.00,0.00,0.00,0.00,0.00,41,34,16,1,3496782.94,2751964.05,0.00,2,8,130,1,0.00,16,7921968.01,system,2021-03-24 00:04:21.343,system,NULL,4
ICOOL Mạc Đỉnh Chi,7C1268AB-F98B-EB11-80FF-509A4C8C9FAC,2021-03-23,12,61735600.00,60623770.00,760485.00,58635.00,292710.00,612310.00,0.00,174,98,42,7,15516129.03,11772358.06,0.00,5,7,300,2,0.00,21,33947592.91,system,2021-03-24 00:03:21.373,system,NULL,4
ICOOL Trần Bình Trọng,83454F5E-FA8B-EB11-80FF-509A4C8C9FAC,2021-03-23,13,16929800.00,16019015.00,841250.00,20775.00,48760.00,0.00,0.00,51,53,23,6,8548387.10,2233637.86,0.00,3,9,210,1.35,0.00,17,5236990.04,system,2021-03-24 00:08:21.527,system,NULL,4
ICOOL Cách Mạng Tháng 8,5428E651-F98B-EB11-80FF-509A4C8C9FAC,2021-03-23,14,56766700.00,55788451.25,82825.00,171143.75,724280.00,472873.10,0.00,137,118,46,3,20435483.87,8783409.76,0.00,22,3,180,1.64,0.00,28,27042430.72,system,2021-03-24 00:00:51.207,system,NULL,4
ICOOL Cầu Chữ Y,627AFE63-F98B-EB11-80FF-509A4C8C9FAC,2021-03-23,16,9753400.00,9554400.00,199000.00,0.00,0.00,147860.00,0.00,33,21,10,2,5451612.90,3995403.91,2832000.00,1,10,100,0.71,0.00,14,3087243.19,system,2021-03-24 00:01:21.563,system,NULL,4
ICOOL Nhị Thiên Đường,A708F5F2-F98B-EB11-80FF-509A4C8C9FAC,2021-03-23,17,23122300.00,22719130.00,194000.00,40650.00,168520.00,0.00,0.00,47,32,20,3,9800000.00,5118601.20,0.00,1,7,150,1.25,0.00,16,7800528.80,system,2021-03-24 00:05:21.417,system,NULL,4
ICOOL Trần Não,BC973370-FA8B-EB11-80FF-509A4C8C9FAC,2021-03-23,18,62611201.00,60844050.90,463400.00,177170.00,1126580.10,414636.00,0.00,144,153,36,7,16096774.19,13196315.73,0.00,9,6,250,1.8,0.00,20,31965596.98,system,2021-03-24 00:08:51.543,system,NULL,4
ICOOL Nguyễn Tri Phương,94FE0CE1-F98B-EB11-80FF-509A4C8C9FAC,2021-03-23,19,14567200.00,14248700.00,0.00,0.00,318500.00,0.00,0.00,44,38,20,0,8038064.52,2464990.24,21195.00,2,5,100,1.25,0.00,16,3766840.24,system,2021-03-24 00:04:51.377,system,NULL,4
ICOOL Đồng Đen,A482B875-F98B-EB11-80FF-509A4C8C9FAC,2021-03-23,22,20855300.00,20760100.00,95200.00,0.00,0.00,201600.00,0.00,71,65,25,2,10130000.00,3547548.05,0.00,11,6,170,1,0.00,25,7284151.95,system,2021-03-24 00:01:51.303,system,NULL,4
ICOOL Phan Chu Trinh,754DD704-FA8B-EB11-80FF-509A4C8C9FAC,2021-03-23,23,14984600.00,14819380.00,165220.00,0.00,0.00,0.00,0.00,29,23,12,0,4964516.13,2911228.34,0.00,4,9.17,110,0.86,0.00,14,6943635.53,system,2021-03-24 00:05:51.420,system,NULL,4
ICOOL Phan Xích Long,6819BD16-FA8B-EB11-80FF-509A4C8C9FAC,2021-03-23,24,51467400.00,50391405.00,1075995.00,0.00,0.00,380197.00,0.00,110,146,45,8,14032258.06,9333540.74,380000.00,19,2,130,1.8,0.00,25,27785803.20,system,2021-03-24 00:06:21.450,system,NULL,4
ICOOL Vũng Tàu,6E9AF993-FA8B-EB11-80FF-509A4C8C9FAC,2021-03-23,25,6041200.00,5836200.00,0.00,0.00,205000.00,0.00,0.00,15,16,6,1,6209677.42,1475525.00,0.00,8,16,100,0.35,0.00,17,-1849002.42,system,2021-03-24 00:09:51.560,system,NULL,4
ICOOL Phú Quốc,B147A228-FA8B-EB11-80FF-509A4C8C9FAC,2021-03-23,26,13541000.00,10649350.00,2891650.00,0.00,0.00,0.00,0.00,38,43,9,0,13354838.71,2592848.01,0.00,1,0.67,6,0.36,0.00,25,-5298336.72,system,2021-03-24 00:06:51.470,system,NULL,4
ICOOL Xô Viết Nghệ Tĩnh,D648DEA5-FA8B-EB11-80FF-509A4C8C9FAC,2021-03-23,4,37582800.00,36970820.00,448000.00,0.00,163980.00,247180.00,0.00,105,77,37,4,9176999.77,6428633.01,0.00,15,4,180,1.28,0.00,29,21612367.22,system,2021-03-24 00:10:21.580,system,NULL,4
ICOOL Tô Ký,0DA0694C-FA8B-EB11-80FF-509A4C8C9FAC,2021-03-23,5,24430300.00,23956575.00,265100.00,85115.00,123510.00,0.00,0.00,55,52,24,7,10919354.84,5837012.48,0.00,2,6,150,0.92,0.00,26,7200207.68,system,2021-03-24 00:07:51.500,system,NULL,4
ICOOL Bình Phú,0EA6F93F-F98B-EB11-80FF-509A4C8C9FAC,2021-03-23,6,34959100.00,34001670.00,891600.00,0.00,65830.00,0.00,0.00,104,80,29,6,21645161.29,7705409.11,0.00,10,9.66,280,1.21,0.00,24,4651099.60,system,2021-03-24 00:00:21.137,system,NULL,4
ICOOL Dương Bá Trạc,DF50A587-F98B-EB11-80FF-509A4C8C9FAC,2021-03-23,7,87179200.00,85355005.00,1371930.00,0.00,452265.00,0.00,0.00,220,183,61,10,15613936.87,18727154.93,0.00,14,1,100,2.35,0.00,26,51013913.20,system,2021-03-24 00:02:21.380,system,NULL,4
ICOOL Nguyễn Sơn,0BC447BD-F98B-EB11-80FF-509A4C8C9FAC,2021-03-23,9,11152400.00,11002050.00,0.00,0.00,150350.00,0.00,0.00,41,41,20,1,9582580.65,2184447.10,0.00,4,7.5,150,1.33,0.00,15,-764977.74,system,2021-03-24 00:03:51.363,system,NULL,4
ICOOL Ung Văn Khiêm,5A77B8AC-C38C-EB11-80FF-509A4C8C9FAC,2021-03-24,1,68187800.00,67556060.00,461300.00,0.00,170440.00,279830.00,0.00,221,91,49,0,22280225.81,14913363.28,0.00,22,5,250,1.36,0.00,36,30642300.91,system,2021-03-25 00:09:21.920,system,NULL,4
ICOOL Thành Thái,67802A65-C38C-EB11-80FF-509A4C8C9FAC,2021-03-24,10,57628600.00,56165065.00,934195.00,0.00,529340.00,0.00,0.00,188,160,53,4,19791149.19,11249481.96,0.00,28,0.02,1,1.89,0.00,28,25124433.85,system,2021-03-25 00:07:21.870,system,NULL,4
ICOOL Nguyễn Trãi,5204D1F9-C28C-EB11-80FF-509A4C8C9FAC,2021-03-24,11,12552400.00,12276265.00,276135.00,0.00,0.00,0.00,0.00,31,30,15,0,3496782.94,3433189.99,1170338.15,6,8,120,0.94,0.00,16,6516630.23,system,2021-03-25 00:04:21.767,system,NULL,4
ICOOL Mạc Đỉnh Chi,A5F808D6-C28C-EB11-80FF-509A4C8C9FAC,2021-03-24,12,71028800.00,70458455.00,480415.00,0.00,89930.00,110280.00,0.00,235,116,42,3,15516129.03,14860665.87,65000.00,5,7,300,2,0.00,21,40256940.10,system,2021-03-25 00:03:21.737,system,NULL,4
ICOOL Trần Bình Trọng,1F76F388-C38C-EB11-80FF-509A4C8C9FAC,2021-03-24,13,22210701.00,20668480.90,1240500.00,0.00,301720.10,0.00,0.00,74,79,29,2,8548387.10,11337453.10,7910340.00,9,7,210,1.71,0.00,17,8692980.70,system,2021-03-25 00:08:21.907,system,NULL,4
ICOOL Cách Mạng Tháng 8,5EAE9F7C-C28C-EB11-80FF-509A4C8C9FAC,2021-03-24,14,63685500.00,61680285.00,1149755.00,0.00,855460.00,451912.50,0.00,122,144,44,6,20435483.87,11751303.11,0.00,24,5,250,1.57,0.00,28,29945410.52,system,2021-03-25 00:00:51.730,system,NULL,4
ICOOL Cầu Chữ Y,733A7D8E-C28C-EB11-80FF-509A4C8C9FAC,2021-03-24,16,11159100.00,11159100.00,0.00,0.00,0.00,0.00,0.00,37,34,12,2,5451612.90,2442820.96,0.00,3,6,80,0.86,0.00,14,3264666.14,system,2021-03-25 00:01:21.703,system,NULL,4
ICOOL Nhị Thiên Đường,FE079C1D-C38C-EB11-80FF-509A4C8C9FAC,2021-03-24,17,22265500.00,22007500.00,0.00,0.00,258000.00,0.00,0.00,47,44,20,2,9800000.00,4829852.64,0.00,4,7,150,1.25,0.00,16,7377647.36,system,2021-03-25 00:05:21.820,system,NULL,4
ICOOL Trần Não,3595D59A-C38C-EB11-80FF-509A4C8C9FAC,2021-03-24,18,66831700.00,66085420.00,435000.00,0.00,311280.00,1468810.00,300000.00,230,196,49,2,16096774.19,13840716.25,9916.67,15,4,230,2.45,0.00,20,37926656.22,system,2021-03-25 00:08:51.910,system,NULL,4
ICOOL Nguyễn Tri Phương,FF15B70B-C38C-EB11-80FF-509A4C8C9FAC,2021-03-24,19,19138400.00,18465340.00,375000.00,0.00,298060.00,0.00,0.00,64,45,27,3,8038064.52,3124807.34,0.00,1,4.44,120,1.69,0.00,16,7302468.14,system,2021-03-25 00:04:51.797,system,NULL,4
ICOOL Đồng Đen,B27A5EA0-C28C-EB11-80FF-509A4C8C9FAC,2021-03-24,22,24459300.00,24002250.00,174000.00,0.00,283050.00,0.00,0.00,69,67,25,2,10130000.00,4990446.58,0.00,5,7,190,1,0.00,25,8881803.42,system,2021-03-25 00:01:51.700,system,NULL,4
ICOOL Phan Chu Trinh,2A617C2F-C38C-EB11-80FF-509A4C8C9FAC,2021-03-24,23,11343100.00,11226860.00,116240.00,0.00,0.00,0.00,0.00,33,35,12,1,4964516.13,2457179.34,0.00,7,9.17,110,0.86,0.00,14,3805164.54,system,2021-03-25 00:05:51.810,system,NULL,4
ICOOL Phan Xích Long,52736141-C38C-EB11-80FF-509A4C8C9FAC,2021-03-24,24,53896600.00,52073085.00,902505.00,0.00,921010.00,0.00,7240000.00,110,121,36,4,14032258.06,9623804.15,0.00,20,3,130,1.44,0.00,25,35657022.79,system,2021-03-25 00:06:21.833,system,NULL,4
ICOOL Vũng Tàu,E9EB9BBE-C38C-EB11-80FF-509A4C8C9FAC,2021-03-24,25,10031500.00,9844560.00,186940.00,0.00,0.00,0.00,0.00,19,29,9,2,6209677.42,2158925.91,0.00,7,11,100,0.53,0.00,17,1475956.67,system,2021-03-25 00:09:51.930,system,NULL,4
ICOOL Phú Quốc,99CB4853-C38C-EB11-80FF-509A4C8C9FAC,2021-03-24,26,4386100.00,3348550.00,1037550.00,0.00,0.00,0.00,0.00,9,8,3,0,13354838.71,1077694.14,0.00,8,1.33,4,0.12,0.00,25,-11083982.85,system,2021-03-25 00:06:51.870,system,NULL,4
ICOOL Xô Viết Nghệ Tĩnh,54ED80D0-C38C-EB11-80FF-509A4C8C9FAC,2021-03-24,4,28625100.00,27985495.00,614350.00,25255.00,0.00,0.00,0.00,73,68,33,1,9176999.77,5239902.68,0.00,9,6.06,200,1.14,0.00,29,13568592.55,system,2021-03-25 00:10:21.953,system,NULL,4
ICOOL Tô Ký,FE700B77-C38C-EB11-80FF-509A4C8C9FAC,2021-03-24,5,13757200.00,13316340.00,215570.00,0.00,225290.00,0.00,150000.00,34,50,17,0,10919354.84,3067390.10,0.00,12,10,170,0.65,0.00,26,-520404.94,system,2021-03-25 00:07:51.867,system,NULL,4
ICOOL Bình Phú,2499BC6A-C28C-EB11-80FF-509A4C8C9FAC,2021-03-24,6,44117300.00,42251890.00,1010350.00,0.00,855060.00,268515.00,0.00,124,84,37,5,21645161.29,9676852.82,0.00,12,7.57,280,1.54,0.00,24,11198390.89,system,2021-03-25 00:00:21.720,system,NULL,4
ICOOL Dương Bá Trạc,7A4246B2-C28C-EB11-80FF-509A4C8C9FAC,2021-03-24,7,58354300.00,56600565.00,1060975.00,76200.00,616560.00,0.00,0.00,153,118,41,4,15613936.87,11048041.87,0.00,15,2,100,1.58,0.00,26,29938586.26,system,2021-03-25 00:02:21.740,system,NULL,4
ICOOL Nguyễn Sơn,E740EDE7-C28C-EB11-80FF-509A4C8C9FAC,2021-03-24,9,24984700.00,24557740.00,200000.00,0.00,226960.00,0.00,0.00,87,74,30,1,9582580.65,5715347.01,0.00,15,5,150,2,0.00,15,9259812.34,system,2021-03-25 00:03:51.753,system,NULL,4
ICOOL Ung Văn Khiêm,141A79D7-8C8D-EB11-80FF-509A4C8C9FAC,2021-03-25,1,103470300.00,98670840.00,2272740.00,63520.00,2463200.00,322440.00,0.00,370,169,76,1,22280225.81,22758693.71,0.00,24,3,300,2.11,0.00,36,53954360.48,system,2021-03-26 00:09:22.490,system,NULL,4
ICOOL Thành Thái,EDC9E98F-8C8D-EB11-80FF-509A4C8C9FAC,2021-03-25,10,64671800.00,62425955.00,1146660.00,29255.00,1069930.00,0.00,0.00,234,164,57,10,19791149.19,14035007.39,0.00,22,0.02,1,2.04,0.00,28,28599798.42,system,2021-03-26 00:07:22.430,system,NULL,4
ICOOL Nguyễn Trãi,209C8F24-8C8D-EB11-80FF-509A4C8C9FAC,2021-03-25,11,18982100.00,18664985.00,267565.00,0.00,49550.00,0.00,0.00,37,45,16,3,3496782.94,4088993.05,0.00,4,8.13,130,1,0.00,16,11079209.01,system,2021-03-26 00:04:22.323,system,NULL,4
ICOOL Mạc Đỉnh Chi,DBAFCB00-8C8D-EB11-80FF-509A4C8C9FAC,2021-03-25,12,62375500.00,60247830.00,1069850.00,0.00,1057820.00,390145.00,0.00,192,113,43,2,15516129.03,13037998.72,0.00,4,6,300,2.05,0.00,21,32083847.25,system,2021-03-26 00:03:22.320,system,NULL,4
ICOOL Trần Bình Trọng,07D4ACB3-8C8D-EB11-80FF-509A4C8C9FAC,2021-03-25,13,37602900.00,34806597.00,1369593.00,0.00,1426710.00,0.00,0.00,91,86,33,5,6491790.23,1730187084.26,23690484.77,5,6.36,210,1.94,0.00,17,-1678181792.72,system,2021-03-26 00:08:22.430,system,NULL,4
ICOOL Cách Mạng Tháng 8,ADA559A7-8B8D-EB11-80FF-509A4C8C9FAC,2021-03-25,14,64512100.00,62920320.00,1106840.00,0.00,484940.00,445231.00,500000.00,161,151,56,1,20435483.87,11109423.77,0.00,17,5,300,2,0.00,28,32320643.36,system,2021-03-26 00:00:52.257,system,NULL,4
ICOOL Cầu Chữ Y,CE2138B9-8B8D-EB11-80FF-509A4C8C9FAC,2021-03-25,16,6216300.00,6216300.00,0.00,0.00,0.00,0.00,0.00,23,17,7,0,5451612.90,1372685.48,0.00,2,11,80,0.5,0.00,14,-607998.38,system,2021-03-26 00:01:22.233,system,NULL,4
ICOOL Nhị Thiên Đường,C9C55448-8C8D-EB11-80FF-509A4C8C9FAC,2021-03-25,17,12233400.00,12233400.00,0.00,0.00,0.00,0.00,0.00,25,25,11,0,9800000.00,2594931.49,0.00,2,13,150,0.69,0.00,16,-161531.49,system,2021-03-26 00:05:22.337,system,NULL,4
ICOOL Trần Não,F4D996C5-8C8D-EB11-80FF-509A4C8C9FAC,2021-03-25,18,76433100.00,76079145.00,353955.00,0.00,0.00,550450.00,0.00,253,158,51,5,16096774.19,16787592.64,16956.00,19,4,230,2.55,0.00,20,43762184.17,system,2021-03-26 00:08:52.487,system,NULL,4
ICOOL Nguyễn Tri Phương,42607336-8C8D-EB11-80FF-509A4C8C9FAC,2021-03-25,19,16280200.00,15229310.00,967850.00,27740.00,55300.00,0.00,0.00,43,50,23,1,8038064.52,2596631.05,0.00,1,6.09,140,1.44,0.00,16,4594614.43,system,2021-03-26 00:04:52.337,system,NULL,4
ICOOL Đồng Đen,1E712CCB-8B8D-EB11-80FF-509A4C8C9FAC,2021-03-25,22,45238100.00,43810895.00,302000.00,57475.00,1067730.00,0.00,0.00,149,103,36,8,10130000.00,10469756.34,2388191.67,11,5,200,1.44,0.00,25,25599330.33,system,2021-03-26 00:01:52.357,system,NULL,4
ICOOL Phan Chu Trinh,3811395A-8C8D-EB11-80FF-509A4C8C9FAC,2021-03-25,23,25426100.00,22478500.00,447600.00,0.00,2500000.00,0.00,200000.00,70,64,20,3,4964516.13,8324532.00,2579305.33,3,6.5,130,1.43,0.00,14,11968757.20,system,2021-03-26 00:05:52.353,system,NULL,4
ICOOL Phan Xích Long,F0691C6C-8C8D-EB11-80FF-509A4C8C9FAC,2021-03-25,24,67687400.00,65503290.00,1234560.00,140270.00,809280.00,167600.00,0.00,159,173,52,6,14032258.06,13229272.11,0.00,27,2,130,2.08,0.00,25,38409359.83,system,2021-03-26 00:06:22.367,system,NULL,4
ICOOL Vũng Tàu,88C05CE9-8C8D-EB11-80FF-509A4C8C9FAC,2021-03-25,25,8534400.00,8184820.00,269320.00,0.00,80260.00,0.00,0.00,19,32,7,1,6209677.42,2060434.53,0.00,5,14,100,0.41,0.00,17,-85291.95,system,2021-03-26 00:09:52.500,system,NULL,4
ICOOL Phú Quốc,F9D0007E-8C8D-EB11-80FF-509A4C8C9FAC,2021-03-25,26,4838000.00,3532500.00,1305500.00,0.00,0.00,0.00,0.00,15,10,4,0,13354838.71,990146.29,0.00,0,0.75,3,0.16,0.00,25,-10812485.00,system,2021-03-26 00:06:52.383,system,NULL,4
ICOOL Xô Viết Nghệ Tĩnh,7E7F44FB-8C8D-EB11-80FF-509A4C8C9FAC,2021-03-25,4,34739700.00,34042500.00,697200.00,0.00,0.00,439780.00,0.00,75,71,32,0,9176999.77,7135050.53,0.00,13,6.25,200,1.1,0.00,29,18170229.69,system,2021-03-26 00:10:22.543,system,NULL,4
ICOOL Tô Ký,B787C8A1-8C8D-EB11-80FF-509A4C8C9FAC,2021-03-25,5,28887600.00,28259600.00,429790.00,50250.00,147960.00,0.00,0.00,60,60,27,0,10919354.84,6868776.48,0.00,3,6,170,1.04,0.00,26,10471468.68,system,2021-03-26 00:07:52.413,system,NULL,4
ICOOL Bình Phú,19947B95-8B8D-EB11-80FF-509A4C8C9FAC,2021-03-25,6,42706500.00,41762200.00,944300.00,0.00,0.00,0.00,0.00,115,80,36,1,21645161.29,8391037.91,0.00,5,7.78,280,1.5,0.00,24,11726000.80,system,2021-03-26 00:00:22.280,system,NULL,4
ICOOL Dương Bá Trạc,A75E04DD-8B8D-EB11-80FF-509A4C8C9FAC,2021-03-25,7,85616600.00,83173922.50,1314640.00,202737.50,925300.00,93900.00,0.00,224,179,62,2,15613936.87,21095922.30,2997000.00,17,1,100,2.38,0.00,26,49554963.33,system,2021-03-26 00:02:22.290,system,NULL,4
ICOOL Nguyễn Sơn,7496AE12-8C8D-EB11-80FF-509A4C8C9FAC,2021-03-25,9,19287900.00,18859260.00,63000.00,0.00,365640.00,0.00,0.00,60,50,21,1,9582580.65,3933762.53,0.00,6,7.14,150,1.4,0.00,15,5342916.83,system,2021-03-26 00:03:52.330,system,NULL,4
ICOOL Ung Văn Khiêm,FA372C02-568E-EB11-80FF-509A4C8C9FAC,2021-03-26,1,146115500.00,142849460.00,1196840.00,176750.00,1892450.00,475150.00,0.00,401,239,84,9,22280225.81,28105816.49,0.00,31,3,300,2.33,0.00,36,92938567.70,system,2021-03-27 00:09:22.970,system,NULL,4
ICOOL Thành Thái,DDD39BBA-558E-EB11-80FF-509A4C8C9FAC,2021-03-26,10,85075500.00,81943275.00,1165305.00,1005100.00,961820.00,241970.50,0.00,250,185,62,7,19791149.19,16219988.25,38070.00,26,0.02,1,2.21,0.00,28,46212178.06,system,2021-03-27 00:07:22.903,system,NULL,4
ICOOL Nguyễn Trãi,C398384F-558E-EB11-80FF-509A4C8C9FAC,2021-03-26,11,20643100.00,20274580.00,290290.00,0.00,78230.00,0.00,0.00,50,52,21,3,3496782.94,4080392.96,0.00,5,6.67,140,1.31,0.00,16,12697404.10,system,2021-03-27 00:04:22.740,system,NULL,4
ICOOL Mạc Đỉnh Chi,1B90722B-558E-EB11-80FF-509A4C8C9FAC,2021-03-26,12,104664100.00,102526300.00,1248740.00,0.00,889060.00,175560.00,11620000.00,303,187,60,3,15516129.03,19521329.78,0.00,9,4,240,2.86,0.00,21,79284401.19,system,2021-03-27 00:03:22.720,system,NULL,4
ICOOL Trần Bình Trọng,9CD167DE-558E-EB11-80FF-509A4C8C9FAC,2021-03-26,13,44294900.00,43067214.00,668976.00,0.00,558710.00,150610.00,0.00,105,103,35,2,6491790.23,8614306.15,0.00,8,6,210,2.06,0.00,17,28111727.62,system,2021-03-27 00:08:22.963,system,NULL,4
ICOOL Cách Mạng Tháng 8,D2430ED2-548E-EB11-80FF-509A4C8C9FAC,2021-03-26,14,118699100.00,116005755.00,2044605.00,212220.00,436520.00,807447.50,0.00,252,212,66,6,20435483.87,19789344.16,0.00,20,4,300,2.36,0.00,28,76588374.47,system,2021-03-27 00:00:52.747,system,NULL,4
ICOOL Cầu Chữ Y,BEFCE3E3-548E-EB11-80FF-509A4C8C9FAC,2021-03-26,16,20141000.00,20141000.00,0.00,0.00,0.00,0.00,0.00,61,41,18,1,5451612.90,4366209.24,0.00,2,4,80,1.29,0.00,14,10323177.86,system,2021-03-27 00:01:22.667,system,NULL,4
ICOOL Nhị Thiên Đường,0747FE72-558E-EB11-80FF-509A4C8C9FAC,2021-03-26,17,22870100.00,22713790.00,0.00,0.00,156310.00,274000.00,0.00,45,39,18,1,9800000.00,4511927.77,0.00,3,8,160,1.13,0.00,16,8675862.23,system,2021-03-27 00:05:22.753,system,NULL,4
ICOOL Trần Não,B4E341F0-558E-EB11-80FF-509A4C8C9FAC,2021-03-26,18,98092800.00,97193255.00,899545.00,0.00,0.00,447880.00,0.00,267,218,59,6,16096774.19,18203523.78,0.00,26,4,260,2.95,0.00,20,63340837.03,system,2021-03-27 00:08:52.913,system,NULL,4
ICOOL Nguyễn Tri Phương,084C2661-558E-EB11-80FF-509A4C8C9FAC,2021-03-26,19,40162100.00,39834230.00,0.00,0.00,327870.00,197730.00,0.00,107,88,34,0,8038064.52,0.00,0.00,5,4.12,140,2.13,0.00,16,31993895.48,system,2021-03-27 00:04:52.820,system,NULL,4
ICOOL Đồng Đen,08DEC9F5-548E-EB11-80FF-509A4C8C9FAC,2021-03-26,22,65806100.00,63820050.00,1383440.00,0.00,602610.00,0.00,0.00,203,147,51,2,10130000.00,11702947.40,0.00,11,3,200,2.04,0.00,25,41987102.60,system,2021-03-27 00:01:52.697,system,NULL,4
ICOOL Phan Chu Trinh,7C60E384-558E-EB11-80FF-509A4C8C9FAC,2021-03-26,23,38429600.00,37627150.00,169000.00,0.00,633450.00,121970.00,200000.00,101,65,31,8,4964516.13,7932910.00,0.00,6,4.19,130,2.21,0.00,14,25051693.87,system,2021-03-27 00:05:52.777,system,NULL,4
ICOOL Phan Xích Long,B1FA0797-558E-EB11-80FF-509A4C8C9FAC,2021-03-26,24,105007300.00,98910415.00,3073140.00,0.00,3023745.00,125150.00,0.00,231,263,66,15,14032258.06,18083952.87,0.00,25,1,130,2.64,0.00,25,66919354.07,system,2021-03-27 00:06:23.217,system,NULL,4
ICOOL Vũng Tàu,1FCA0C14-568E-EB11-80FF-509A4C8C9FAC,2021-03-26,25,18010000.00,17849520.00,17930.00,0.00,142550.00,279400.00,0.00,53,39,15,1,6209677.42,4770772.60,0.00,5,8,130,0.88,0.00,17,7148469.98,system,2021-03-27 00:09:52.963,system,NULL,4
ICOOL Phú Quốc,D0B1B1A8-558E-EB11-80FF-509A4C8C9FAC,2021-03-26,26,6975200.00,5382600.00,1592600.00,0.00,0.00,0.00,0.00,13,15,5,0,13354838.71,1660604.38,0.00,1,1.6,8,0.2,0.00,25,-9632843.09,system,2021-03-27 00:06:52.850,system,NULL,4
ICOOL Xô Viết Nghệ Tĩnh,52D7EE25-568E-EB11-80FF-509A4C8C9FAC,2021-03-26,4,69045000.00,68465000.00,580000.00,0.00,0.00,0.00,0.00,165,122,54,3,9176999.77,14142148.59,0.00,16,3.7,200,1.86,0.00,29,45145851.64,system,2021-03-27 00:10:22.967,system,NULL,4
ICOOL Tô Ký,DC607ECC-558E-EB11-80FF-509A4C8C9FAC,2021-03-26,5,42850901.00,41166280.90,453850.00,39580.00,1191190.10,0.00,380000.00,95,85,35,3,10919354.84,9811504.68,0.00,7,4,170,1.35,0.00,26,20815421.38,system,2021-03-27 00:07:52.910,system,NULL,4
ICOOL Bình Phú,7E4E27C0-548E-EB11-80FF-509A4C8C9FAC,2021-03-26,6,57804100.00,55906250.00,841820.00,331920.00,724110.00,0.00,0.00,181,117,42,3,21645161.29,11817673.88,0.00,10,6.67,280,1.75,0.00,24,22443414.83,system,2021-03-27 00:00:22.710,system,NULL,4
ICOOL Dương Bá Trạc,B64FAC07-558E-EB11-80FF-509A4C8C9FAC,2021-03-26,7,91934100.00,89872495.00,1197995.00,0.00,863610.00,0.00,343000.00,207,201,66,9,15613936.87,15334209.70,0.00,19,1.52,100,2.54,0.00,26,59267348.43,system,2021-03-27 00:02:22.703,system,NULL,4
ICOOL Nguyễn Sơn,3BF4513D-558E-EB11-80FF-509A4C8C9FAC,2021-03-26,9,23416100.00,23416100.00,0.00,0.00,0.00,0.00,0.00,85,58,27,4,9582580.65,5529105.38,763833.33,16,5.56,150,1.8,0.00,15,9068247.30,system,2021-03-27 00:03:52.703,system,NULL,4
ICOOL Ung Văn Khiêm,269CDA2C-1F8F-EB11-80FF-509A4C8C9FAC,2021-03-27,1,166737600.00,163044408.50,2912774.00,423667.50,356750.00,253900.00,0.00,507,237,106,9,22280225.81,31743266.63,0.00,42,2,300,2.94,0.00,36,109274816.06,system,2021-03-28 00:09:23.420,system,NULL,4
ICOOL Thành Thái,113E47E5-1E8F-EB11-80FF-509A4C8C9FAC,2021-03-27,10,114742600.00,111600604.00,2088034.00,217472.00,836490.00,163840.00,0.00,344,234,71,8,19791149.19,22943619.48,0.00,27,0.01,1,2.54,0.00,28,69029675.33,system,2021-03-28 00:07:23.337,system,NULL,4
ICOOL Nguyễn Trãi,CC47EA79-1E8F-EB11-80FF-509A4C8C9FAC,2021-03-27,11,28185400.00,27346815.00,661625.00,43680.00,133280.00,0.00,710000.00,58,69,24,1,3496782.94,5118844.01,0.00,6,6.25,150,1.5,0.00,16,19441188.05,system,2021-03-28 00:04:23.210,system,NULL,4
ICOOL Mạc Đỉnh Chi,A5F52456-1E8F-EB11-80FF-509A4C8C9FAC,2021-03-27,12,92209200.00,90088300.00,1915800.00,0.00,205100.00,0.00,0.00,210,152,54,3,15516129.03,15581686.86,0.00,9,5,300,2.57,0.00,21,58990484.11,system,2021-03-28 00:03:23.197,system,NULL,4
ICOOL Trần Bình Trọng,45280C09-1F8F-EB11-80FF-509A4C8C9FAC,2021-03-27,13,44535300.00,42915185.00,1231655.00,0.00,388460.00,0.00,3100000.00,105,103,38,1,6491790.23,7932102.96,0.00,8,5.53,210,2.24,0.00,17,31591291.81,system,2021-03-28 00:08:23.343,system,NULL,4
ICOOL Cách Mạng Tháng 8,DFFABFFC-1D8F-EB11-80FF-509A4C8C9FAC,2021-03-27,14,115727500.00,113488273.00,1588567.00,0.00,650660.00,285000.00,0.00,240,217,74,3,20435483.87,19823131.22,0.00,24,4,300,2.64,0.00,28,73514657.91,system,2021-03-28 00:00:53.217,system,NULL,4
ICOOL Cầu Chữ Y,5728940E-1E8F-EB11-80FF-509A4C8C9FAC,2021-03-27,16,28816600.00,28076700.00,580000.00,0.00,159900.00,0.00,0.00,67,48,20,8,5451612.90,5492410.82,0.00,3,5,100,1.43,0.00,14,17132676.28,system,2021-03-28 00:01:23.130,system,NULL,4
ICOOL Nhị Thiên Đường,5656B49D-1E8F-EB11-80FF-509A4C8C9FAC,2021-03-27,17,38655300.00,37267010.00,30210.00,146920.00,1211160.00,0.00,0.00,67,67,28,0,9800000.00,7402305.14,0.00,4,5,160,1.75,0.00,16,20064704.86,system,2021-03-28 00:05:23.253,system,NULL,4
ICOOL Trần Não,61F2F01A-1F8F-EB11-80FF-509A4C8C9FAC,2021-03-27,18,103312900.00,102114275.00,880325.00,0.00,318300.00,289400.00,0.00,265,233,70,4,16096774.19,40888022.54,20550399.39,27,3,260,3.5,0.00,20,65969277.66,system,2021-03-28 00:08:53.367,system,NULL,4
ICOOL Nguyễn Tri Phương,1CEED18B-1E8F-EB11-80FF-509A4C8C9FAC,2021-03-27,19,42103700.00,40937265.00,247135.00,0.00,919300.00,0.00,0.00,107,105,38,4,8038064.52,7335800.67,0.00,2,3.68,140,2.38,0.00,16,25563399.81,system,2021-03-28 00:04:53.250,system,NULL,4
ICOOL Đồng Đen,9EC58720-1E8F-EB11-80FF-509A4C8C9FAC,2021-03-27,22,92773000.00,90798270.00,948000.00,0.00,1026730.00,151800.00,0.00,289,224,67,9,10130000.00,17001462.07,400000.00,39,2,200,2.68,0.00,25,64218607.93,system,2021-03-28 00:01:53.247,system,NULL,4
ICOOL Phan Chu Trinh,54189EAF-1E8F-EB11-80FF-509A4C8C9FAC,2021-03-27,23,41879200.00,40866130.00,899800.00,0.00,113270.00,0.00,300000.00,112,74,36,3,4964516.13,7609179.34,0.00,10,3.61,130,2.57,0.00,14,28592434.53,system,2021-03-28 00:05:53.307,system,NULL,4
ICOOL Phan Xích Long,521B82C1-1E8F-EB11-80FF-509A4C8C9FAC,2021-03-27,24,89775600.00,88500170.00,815540.00,0.00,459890.00,208457.00,0.00,203,194,57,10,14032258.06,15489030.69,0.00,28,2,130,2.28,0.00,25,59187338.25,system,2021-03-28 00:06:23.323,system,NULL,4
ICOOL Vũng Tàu,BCD2B53E-1F8F-EB11-80FF-509A4C8C9FAC,2021-03-27,25,47985900.00,46620980.00,373220.00,0.00,991700.00,0.00,360000.00,131,131,41,3,6209677.42,10901178.04,828000.00,9,3,140,2.41,0.00,17,30698124.54,system,2021-03-28 00:09:53.380,system,NULL,4
ICOOL Phú Quốc,249E64D3-1E8F-EB11-80FF-509A4C8C9FAC,2021-03-27,26,11736500.00,8534250.00,3202250.00,0.00,0.00,0.00,0.00,22,22,7,0,13354838.71,2063535.47,0.00,0,1.14,8,0.28,0.00,25,-6884124.18,system,2021-03-28 00:06:53.330,system,NULL,4
ICOOL Xô Viết Nghệ Tĩnh,40079E50-1F8F-EB11-80FF-509A4C8C9FAC,2021-03-27,4,97678700.00,96572870.00,825000.00,42130.00,238700.00,0.00,0.00,230,184,67,6,9176999.77,21132363.83,0.00,27,2.99,200,2.31,0.00,29,66263506.40,system,2021-03-28 00:10:23.420,system,NULL,4
ICOOL Tô Ký,B4AC2EF7-1E8F-EB11-80FF-509A4C8C9FAC,2021-03-27,5,35960700.00,34905010.00,829190.00,0.00,226500.00,0.00,0.00,69,71,30,1,10919354.84,8061480.01,0.00,5,5,170,1.15,0.00,26,15924175.15,system,2021-03-28 00:07:53.373,system,NULL,4
ICOOL Bình Phú,E309DAEA-1D8F-EB11-80FF-509A4C8C9FAC,2021-03-27,6,90169200.00,86679075.00,1733770.00,130805.00,1625550.00,0.00,0.00,254,134,56,2,21645161.29,18238150.30,0.00,9,5,280,2.33,0.00,24,46795763.41,system,2021-03-28 00:00:23.190,system,NULL,4
ICOOL Dương Bá Trạc,6D977832-1E8F-EB11-80FF-509A4C8C9FAC,2021-03-27,7,108801500.00,106271130.00,1377405.00,64125.00,1088840.00,0.00,0.00,250,222,69,3,15613936.87,20958208.36,0.00,21,1.45,100,2.65,0.00,26,69698984.77,system,2021-03-28 00:02:23.347,system,NULL,4
ICOOL Nguyễn Sơn,629A0A68-1E8F-EB11-80FF-509A4C8C9FAC,2021-03-27,9,43969400.00,43826160.00,15480.00,0.00,127760.00,0.00,0.00,150,120,44,3,9582580.65,8527377.53,0.00,17,3.41,150,2.93,0.00,15,25716201.82,system,2021-03-28 00:03:53.223,system,NULL,4
ICOOL Ung Văn Khiêm,9254774C-E88F-EB11-80FF-509A4C8C9FAC,2021-03-28,1,81234200.00,80135020.00,104700.00,182480.00,812000.00,196240.00,0.00,275,171,61,3,22280225.81,16396775.41,0.00,34,4.92,300,1.69,0.00,36,41654258.78,system,2021-03-29 00:09:05.300,system,NULL,4
ICOOL Thành Thái,EB76E504-E88F-EB11-80FF-509A4C8C9FAC,2021-03-28,10,62884300.00,62344650.00,320780.00,0.00,218870.00,0.00,0.00,210,144,56,8,19791149.19,10430875.45,0.00,32,0.02,1,2,0.00,28,32122625.36,system,2021-03-29 00:07:05.227,system,NULL,4
ICOOL Nguyễn Trãi,807A8699-E78F-EB11-80FF-509A4C8C9FAC,2021-03-28,11,24273600.00,23902580.00,3800.00,0.00,367220.00,0.00,0.00,63,79,32,3,3496782.94,3220275.15,0.00,5,4.38,140,2,0.00,16,17185521.91,system,2021-03-29 00:04:05.087,system,NULL,4
ICOOL Mạc Đỉnh Chi,5045C075-E78F-EB11-80FF-509A4C8C9FAC,2021-03-28,12,63328000.00,62937455.00,224600.00,165945.00,0.00,187700.00,0.00,154,136,50,5,15516129.03,10064512.05,83200.00,11,6,300,2.38,0.00,21,37627713.91,system,2021-03-29 00:03:05.063,system,NULL,4
ICOOL Trần Bình Trọng,A799B528-E88F-EB11-80FF-509A4C8C9FAC,2021-03-28,13,46831900.00,45017516.00,1145044.00,292560.00,376780.00,350255.60,90000.00,111,112,37,3,6491790.23,8251502.62,0.00,17,5.68,210,2.18,0.00,17,30714478.75,system,2021-03-29 00:08:05.310,system,NULL,4
ICOOL Cách Mạng Tháng 8,301C5F1C-E78F-EB11-80FF-509A4C8C9FAC,2021-03-28,14,72566800.00,70849375.00,736405.00,145200.00,835820.00,275880.00,300000.00,155,165,58,6,20435483.87,11267905.49,260000.00,22,4,280,2.07,0.00,28,39981865.64,system,2021-03-29 00:00:35.113,system,NULL,4
ICOOL Cầu Chữ Y,259E542E-E78F-EB11-80FF-509A4C8C9FAC,2021-03-28,16,16550200.00,16471425.00,78775.00,0.00,0.00,0.00,0.00,40,30,14,1,5451612.90,6111869.72,0.00,3,7,100,1,0.00,14,4907942.38,system,2021-03-29 00:01:05.243,system,NULL,4
ICOOL Nhị Thiên Đường,621854BD-E78F-EB11-80FF-509A4C8C9FAC,2021-03-28,17,29583100.00,28803290.00,492980.00,0.00,286830.00,0.00,0.00,54,41,22,5,9800000.00,6566188.09,0.00,4,7,160,1.38,0.00,16,12437101.91,system,2021-03-29 00:05:05.153,system,NULL,4
ICOOL Trần Não,F94A903A-E88F-EB11-80FF-509A4C8C9FAC,2021-03-28,18,56193500.00,56036950.00,156550.00,0.00,0.00,132100.00,0.00,153,121,36,1,16096774.19,11882050.82,0.00,21,7,260,1.8,0.00,20,28190224.99,system,2021-03-29 00:08:35.263,system,NULL,4
ICOOL Nguyễn Tri Phương,08366DAB-E78F-EB11-80FF-509A4C8C9FAC,2021-03-28,19,21552800.00,21501125.00,0.00,51675.00,0.00,0.00,0.00,60,72,30,5,8038064.52,2326378.86,0.00,4,4.67,140,1.88,0.00,16,11136681.62,system,2021-03-29 00:04:35.120,system,NULL,4
ICOOL Đồng Đen,6DF22340-E78F-EB11-80FF-509A4C8C9FAC,2021-03-28,22,60910000.00,59943665.00,554800.00,135405.00,276130.00,0.00,0.00,183,133,47,2,10130000.00,11407440.96,0.00,22,4,190,1.88,0.00,25,38406224.04,system,2021-03-29 00:01:35.120,system,NULL,4
ICOOL Phan Chu Trinh,18B131CF-E78F-EB11-80FF-509A4C8C9FAC,2021-03-28,23,18294100.00,17487885.00,789180.00,17035.00,0.00,0.00,0.00,39,38,16,1,4964516.13,3264055.86,0.00,5,8.13,130,1.14,0.00,14,9259313.01,system,2021-03-29 00:05:35.127,system,NULL,4
ICOOL Phan Xích Long,906423E1-E78F-EB11-80FF-509A4C8C9FAC,2021-03-28,24,65241700.00,63232750.00,1568200.00,0.00,440750.00,0.00,462000.00,159,165,52,8,14032258.06,10708882.06,155400.00,29,2,130,2.08,0.00,25,39109009.88,system,2021-03-29 00:06:05.233,system,NULL,4
ICOOL Vũng Tàu,D066585E-E88F-EB11-80FF-509A4C8C9FAC,2021-03-28,25,8833200.00,8539200.00,294000.00,0.00,0.00,0.00,0.00,37,42,11,1,6209677.42,1783545.95,0.00,6,12,140,0.65,0.00,17,545976.63,system,2021-03-29 00:09:35.293,system,NULL,4
ICOOL Phú Quốc,AB15FEF2-E78F-EB11-80FF-509A4C8C9FAC,2021-03-28,26,10041100.00,7720300.00,2320800.00,0.00,0.00,0.00,0.00,15,13,4,0,13354838.71,2509137.07,0.00,0,2,8,0.16,0.00,25,-8143675.78,system,2021-03-29 00:06:35.187,system,NULL,4
ICOOL Xô Viết Nghệ Tĩnh,48724670-E88F-EB11-80FF-509A4C8C9FAC,2021-03-28,4,52788400.00,52342060.00,249000.00,197340.00,0.00,0.00,0.00,149,132,49,8,9176999.77,8923754.25,0.00,23,4.08,200,1.69,0.00,29,34241305.97,system,2021-03-29 00:10:05.377,system,NULL,4
ICOOL Tô Ký,6217C716-E88F-EB11-80FF-509A4C8C9FAC,2021-03-28,5,53822800.00,52029110.00,692515.00,236545.00,864630.00,0.00,0.00,101,113,46,3,10919354.84,12496277.68,0.00,6,3,170,1.77,0.00,26,28613477.48,system,2021-03-29 00:07:35.223,system,NULL,4
ICOOL Bình Phú,7451750A-E78F-EB11-80FF-509A4C8C9FAC,2021-03-28,6,83925300.00,83173134.00,416766.00,0.00,335400.00,0.00,0.00,241,169,60,3,21645161.29,16462925.63,73256.00,17,4.67,280,2.5,0.00,24,45138303.08,system,2021-03-29 00:00:05.060,system,NULL,4
ICOOL Dương Bá Trạc,09D61452-E78F-EB11-80FF-509A4C8C9FAC,2021-03-28,7,91521600.00,89324280.00,1509420.00,0.00,687900.00,0.00,0.00,218,172,67,8,15613936.87,16503897.44,0.00,30,1.49,100,2.58,0.00,26,57206445.69,system,2021-03-29 00:02:05.223,system,NULL,4
ICOOL Nguyễn Sơn,BCDBA487-E78F-EB11-80FF-509A4C8C9FAC,2021-03-28,9,49253000.00,47833820.00,870000.00,0.00,549180.00,0.00,0.00,158,116,41,3,9582580.65,11408443.30,0.00,27,3.66,150,2.73,0.00,15,26842796.05,system,2021-03-29 00:03:35.087,system,NULL,4
ICOOL Ung Văn Khiêm,FEDD5D7A-B190-EB11-80FF-509A4C8C9FAC,2021-03-29,1,63121000.00,62000590.00,946420.00,0.00,173990.00,0.00,21740000.00,204,93,42,3,22280225.81,13303384.63,0.00,10,7.14,300,1.17,0.00,36,48156979.56,system,2021-03-30 00:09:11.150,system,NULL,4
ICOOL Thành Thái,F351CA32-B190-EB11-80FF-509A4C8C9FAC,2021-03-29,10,38587700.00,37616205.00,478025.00,140550.00,352920.00,880074.50,170000.00,123,113,35,3,19791149.19,8132294.59,0.00,21,0.03,1,1.25,0.00,28,10742835.72,system,2021-03-30 00:07:11.063,system,NULL,4
ICOOL Nguyễn Trãi,B51C74C7-B090-EB11-80FF-509A4C8C9FAC,2021-03-29,11,7312300.00,6758300.00,554000.00,0.00,0.00,0.00,0.00,14,31,12,1,3496782.94,1244978.62,214000.00,3,10.83,130,0.75,0.00,16,2230538.44,system,2021-03-30 00:04:10.983,system,NULL,4
ICOOL Mạc Đỉnh Chi,E699A5A3-B090-EB11-80FF-509A4C8C9FAC,2021-03-29,12,53718700.00,52175200.00,632100.00,0.00,911400.00,297493.00,0.00,165,96,35,7,15516129.03,10220984.10,81600.00,7,8,300,1.67,0.00,21,26817179.87,system,2021-03-30 00:03:10.910,system,NULL,4
ICOOL Trần Bình Trọng,49449356-B190-EB11-80FF-509A4C8C9FAC,2021-03-29,13,20007300.00,19172740.00,549000.00,0.00,285560.00,0.00,0.00,54,60,21,2,6491790.23,4137165.10,0.00,2,10,210,1.24,0.00,17,8543784.67,system,2021-03-30 00:08:11.103,system,NULL,4
ICOOL Cách Mạng Tháng 8,8FFD3C4A-B090-EB11-80FF-509A4C8C9FAC,2021-03-29,14,74715000.00,72543615.00,771335.00,0.00,1400050.00,0.00,960000.00,148,176,55,6,20435483.87,13225293.44,149200.00,14,5,280,1.96,0.00,28,39992037.69,system,2021-03-30 00:00:40.907,system,NULL,4
ICOOL Cầu Chữ Y,E9081A5C-B090-EB11-80FF-509A4C8C9FAC,2021-03-29,16,12346800.00,12297620.00,0.00,0.00,49180.00,161940.00,1210000.00,33,28,10,0,5451612.90,5674732.00,0.00,2,8,80,0.71,0.00,14,2543215.10,system,2021-03-30 00:01:10.877,system,NULL,4
ICOOL Nhị Thiên Đường,1EDE39EB-B090-EB11-80FF-509A4C8C9FAC,2021-03-29,17,19055700.00,18167440.00,158400.00,0.00,729860.00,0.00,0.00,50,37,18,1,9800000.00,4009067.91,0.00,1,6,120,1.13,0.00,16,4358372.09,system,2021-03-30 00:05:11.000,system,NULL,4
ICOOL Trần Não,E7367668-B190-EB11-80FF-509A4C8C9FAC,2021-03-29,18,73892900.00,72952530.00,290000.00,650370.00,0.00,0.00,2920000.00,230,117,41,3,16096774.19,17437590.30,0.00,12,5,220,2.05,0.00,20,42338165.50,system,2021-03-30 00:08:41.110,system,NULL,4
ICOOL Nguyễn Tri Phương,AA1053D9-B090-EB11-80FF-509A4C8C9FAC,2021-03-29,19,17212300.00,16597900.00,614400.00,0.00,0.00,0.00,1610000.00,39,61,20,1,8038064.52,3210851.91,0.00,3,7,140,1.25,0.00,16,6958983.57,system,2021-03-30 00:04:40.967,system,NULL,4
ICOOL Đồng Đen,E1A1FE6D-B090-EB11-80FF-509A4C8C9FAC,2021-03-29,22,45452100.00,44343500.00,673300.00,0.00,435300.00,0.00,1660000.00,144,93,32,5,10130000.00,10609706.68,0.00,3,5,180,1.28,0.00,25,25263793.32,system,2021-03-30 00:01:40.897,system,NULL,4
ICOOL Phan Chu Trinh,F81C1BFD-B090-EB11-80FF-509A4C8C9FAC,2021-03-29,23,15635400.00,15368170.00,39800.00,0.00,227430.00,0.00,0.00,42,35,15,1,4964516.13,2893301.76,0.00,5,8.67,130,1.07,0.00,14,7510352.11,system,2021-03-30 00:05:40.997,system,NULL,4
ICOOL Phan Xích Long,FDCAFF0E-B190-EB11-80FF-509A4C8C9FAC,2021-03-29,24,60902700.00,59976910.00,680070.00,21150.00,224570.00,0.00,0.00,138,170,43,4,14032258.06,11416097.15,200200.00,15,3,130,1.72,0.00,25,34728754.79,system,2021-03-30 00:06:11.017,system,NULL,4
ICOOL Vũng Tàu,E971428C-B190-EB11-80FF-509A4C8C9FAC,2021-03-29,25,8419600.00,8325320.00,0.00,0.00,94280.00,128280.00,80000.00,10,5,4,0,6209677.42,2636488.53,0.00,0,35,140,0.24,0.00,17,-312565.95,system,2021-03-30 00:09:41.170,system,NULL,4
ICOOL Phú Quốc,2CF9E520-B190-EB11-80FF-509A4C8C9FAC,2021-03-29,26,2519400.00,1908100.00,611300.00,0.00,0.00,0.00,0.00,7,7,3,0,13354838.71,575137.33,0.00,0,2.67,8,0.12,0.00,25,-12021876.04,system,2021-03-30 00:06:41.047,system,NULL,4
ICOOL Xô Viết Nghệ Tĩnh,F5E1249E-B190-EB11-80FF-509A4C8C9FAC,2021-03-29,4,32804500.00,31835670.00,526500.00,344700.00,97630.00,0.00,4920000.00,104,75,34,2,9176999.77,5934491.06,0.00,14,5.88,200,1.17,0.00,29,21644179.17,system,2021-03-30 00:10:11.173,system,NULL,4
ICOOL Tô Ký,BBF3AC44-B190-EB11-80FF-509A4C8C9FAC,2021-03-29,5,19354300.00,18800450.00,145000.00,193690.00,215160.00,0.00,0.00,50,45,21,2,10919354.84,4651335.91,0.00,6,7,150,0.81,0.00,26,3229759.25,system,2021-03-30 00:07:41.070,system,NULL,4
ICOOL Bình Phú,A6C45438-B090-EB11-80FF-509A4C8C9FAC,2021-03-29,6,30043800.00,28658920.00,1030600.00,191650.00,162630.00,0.00,0.00,101,58,26,2,21645161.29,6588377.58,0.00,6,10.77,280,1.08,0.00,24,425381.13,system,2021-03-30 00:00:10.863,system,NULL,4
ICOOL Dương Bá Trạc,F107E07F-B090-EB11-80FF-509A4C8C9FAC,2021-03-29,7,48737500.00,47350510.00,1386990.00,0.00,0.00,0.00,11130000.00,108,93,35,1,15613936.87,10261956.30,800000.00,11,2.86,100,1.35,0.00,26,33404616.83,system,2021-03-30 00:02:10.893,system,NULL,4
ICOOL Nguyễn Sơn,844988B5-B090-EB11-80FF-509A4C8C9FAC,2021-03-29,9,30421500.00,29356100.00,288750.00,0.00,776650.00,256770.00,7530000.00,83,59,23,1,9582580.65,7398664.92,0.00,13,6.52,150,1.53,0.00,15,20161624.43,system,2021-03-30 00:03:40.917,system,NULL,4
ICOOL Ung Văn Khiêm,A09C1AA9-7A91-EB11-80FF-509A4C8C9FAC,2021-03-30,1,79507100.00,78553020.00,954080.00,0.00,0.00,389630.00,0.00,295,139,61,3,22280225.81,15738853.64,0.00,25,4.92,300,1.69,0.00,36,40923570.55,system,2021-03-31 00:09:18.403,system,NULL,4
ICOOL Thành Thái,27398761-7A91-EB11-80FF-509A4C8C9FAC,2021-03-30,10,64598000.00,61533620.00,1560860.00,0.00,1503520.00,99380.00,10090000.00,189,145,50,10,19791149.19,13464706.63,161000.00,16,0.02,1,1.79,0.00,28,38628144.18,system,2021-03-31 00:07:18.320,system,NULL,4
ICOOL Nguyễn Trãi,47B22AF6-7991-EB11-80FF-509A4C8C9FAC,2021-03-30,11,9041800.00,8856530.00,42600.00,0.00,142670.00,0.00,0.00,25,26,11,1,3496782.94,1784189.53,0.00,2,11.82,130,0.69,0.00,16,3575557.53,system,2021-03-31 00:04:18.197,system,NULL,4
ICOOL Mạc Đỉnh Chi,BFC068D2-7991-EB11-80FF-509A4C8C9FAC,2021-03-30,12,72650800.00,71556765.00,627555.00,0.00,466480.00,403950.00,0.00,208,129,48,6,15516129.03,14447138.62,0.00,8,6.25,300,2.29,0.00,21,41997447.35,system,2021-03-31 00:03:18.207,system,NULL,4
ICOOL Trần Bình Trọng,C0C35285-7A91-EB11-80FF-509A4C8C9FAC,2021-03-30,13,27230700.00,25946375.00,581525.00,0.00,702800.00,0.00,0.00,63,66,23,5,6491790.23,4788882.62,120000.00,9,9.13,210,1.35,0.00,17,14785702.15,system,2021-03-31 00:08:18.373,system,NULL,4
ICOOL Cách Mạng Tháng 8,85DCF878-7991-EB11-80FF-509A4C8C9FAC,2021-03-30,14,76528100.00,74502425.00,858075.00,0.00,1167600.00,805520.00,0.00,164,137,48,6,20435483.87,13787785.48,64000.00,18,6,300,1.71,0.00,28,41148675.65,system,2021-03-31 00:00:48.157,system,NULL,4
ICOOL Cầu Chữ Y,C350D58A-7991-EB11-80FF-509A4C8C9FAC,2021-03-30,16,8368000.00,8288000.00,80000.00,0.00,0.00,0.00,0.00,30,23,11,1,5451612.90,4304467.38,0.00,5,7,80,0.79,0.00,14,-1468080.28,system,2021-03-31 00:01:18.123,system,NULL,4
ICOOL Nhị Thiên Đường,D530F919-7A91-EB11-80FF-509A4C8C9FAC,2021-03-30,17,22441100.00,21945360.00,330900.00,0.00,164840.00,0.00,6720000.00,44,24,15,2,9800000.00,5929718.90,0.00,2,8.67,130,0.94,0.00,16,12935641.10,system,2021-03-31 00:05:18.270,system,NULL,4
ICOOL Trần Não,70E13397-7A91-EB11-80FF-509A4C8C9FAC,2021-03-30,18,82757800.00,81946650.00,313750.00,0.00,497400.00,211500.00,0.00,241,245,54,4,16096774.19,18984958.01,0.00,32,4.26,230,2.7,0.00,20,47076417.79,system,2021-03-31 00:08:48.370,system,NULL,4
ICOOL Nguyễn Tri Phương,33941408-7A91-EB11-80FF-509A4C8C9FAC,2021-03-30,19,13084800.00,12192500.00,803400.00,0.00,88900.00,0.00,0.00,42,58,20,1,8038064.52,2215685.00,0.00,2,7,140,1.25,0.00,16,1938750.48,system,2021-03-31 00:04:48.250,system,NULL,4
ICOOL Đồng Đen,C887BB9C-7991-EB11-80FF-509A4C8C9FAC,2021-03-30,22,31537100.00,30151890.00,274000.00,152850.00,958360.00,0.00,0.00,172,92,32,2,10130000.00,6228170.96,0.00,12,5.94,190,1.28,0.00,25,13793719.04,system,2021-03-31 00:01:48.150,system,NULL,4
ICOOL Phan Chu Trinh,7542DA2B-7A91-EB11-80FF-509A4C8C9FAC,2021-03-30,23,21919400.00,21163860.00,439000.00,176290.00,140250.00,0.00,0.00,46,42,18,0,4964516.13,5057104.26,0.00,4,7.22,130,1.29,0.00,14,11142239.61,system,2021-03-31 00:05:48.267,system,NULL,4
ICOOL Phan Xích Long,B75AC73D-7A91-EB11-80FF-509A4C8C9FAC,2021-03-30,24,81431200.00,79355515.00,1291655.00,0.00,784030.00,201910.00,0.00,190,204,57,6,14032258.06,15979721.21,85000.00,22,2.28,130,2.28,0.00,25,49630445.73,system,2021-03-31 00:06:18.343,system,NULL,4
ICOOL Vũng Tàu,0921FABA-7A91-EB11-80FF-509A4C8C9FAC,2021-03-30,25,5714000.00,5714000.00,0.00,0.00,0.00,0.00,0.00,23,13,6,1,6209677.42,7420330.91,6720390.00,2,23.33,140,0.35,0.00,17,-1195618.33,system,2021-03-31 00:09:48.390,system,NULL,4
ICOOL Phú Quốc,D44BA34F-7A91-EB11-80FF-509A4C8C9FAC,2021-03-30,26,649500.00,395250.00,254250.00,0.00,0.00,0.00,698300.00,2,2,1,0,13354838.71,124179.00,0.00,0,9,9,0.04,0.00,25,-12385467.71,system,2021-03-31 00:06:48.307,system,NULL,4
ICOOL Xô Viết Nghệ Tĩnh,BD9FE4CC-7A91-EB11-80FF-509A4C8C9FAC,2021-03-30,4,34907100.00,34578575.00,99000.00,64325.00,165200.00,149880.00,0.00,91,74,32,5,9176999.77,22811541.37,15600000.00,12,6.25,200,1.1,0.00,29,18339913.86,system,2021-03-31 00:10:18.450,system,NULL,4
ICOOL Tô Ký,45947073-7A91-EB11-80FF-509A4C8C9FAC,2021-03-30,5,21247300.00,20786280.00,199500.00,0.00,261520.00,0.00,2500000.00,38,52,17,1,10919354.84,5422579.58,34686.00,1,8.82,150,0.65,0.00,26,6979031.58,system,2021-03-31 00:07:48.370,system,NULL,4
ICOOL Bình Phú,EA9E1867-7991-EB11-80FF-509A4C8C9FAC,2021-03-30,6,39714600.00,38092200.00,1119000.00,0.00,503400.00,0.00,5210000.00,97,76,33,7,21645161.29,8771010.05,0.00,8,8.48,280,1.38,0.00,24,12886028.66,system,2021-03-31 00:00:18.167,system,NULL,4
ICOOL Dương Bá Trạc,0D82A7AE-7991-EB11-80FF-509A4C8C9FAC,2021-03-30,7,89361200.00,85913710.00,2740230.00,58700.00,648560.00,181100.00,0.00,185,182,67,10,15613936.87,16782077.70,295000.00,15,1.49,100,2.58,0.00,26,53993795.43,system,2021-03-31 00:02:18.220,system,NULL,4
ICOOL Nguyễn Sơn,347C4BE4-7991-EB11-80FF-509A4C8C9FAC,2021-03-30,9,22765000.00,22596560.00,110260.00,0.00,58180.00,0.00,0.00,63,48,17,0,9582580.65,5637333.34,0.00,8,8.82,150,1.13,0.00,15,7376646.02,system,2021-03-31 00:03:48.213,system,NULL,4
ICOOL Ung Văn Khiêm,E5B899E7-4392-EB11-80FF-509A4C8C9FAC,2021-03-31,1,116920100.00,115218610.00,1028000.00,0.00,673490.00,794400.00,0.00,377,193,80,7,22280225.81,22546271.04,450062.00,31,3.75,300,2.22,0.00,36,71636575.16,system,2021-04-01 00:09:52.100,system,NULL,4
ICOOL Thành Thái,4AD004A0-4392-EB11-80FF-509A4C8C9FAC,2021-03-31,10,61047800.00,60119840.00,753060.00,0.00,174900.00,0.00,0.00,219,183,48,8,19791149.19,42752715.08,16250252.00,19,0.02,1,1.71,0.00,28,13826227.73,system,2021-04-01 00:07:52.003,system,NULL,4
ICOOL Nguyễn Trãi,73D8AA34-4392-EB11-80FF-509A4C8C9FAC,2021-03-31,11,14316900.00,13967980.00,248100.00,0.00,100820.00,0.00,0.00,33,46,18,2,3496782.94,11140668.60,8440314.58,4,7.22,130,1.13,0.00,16,7770843.04,system,2021-04-01 00:04:51.900,system,NULL,4
ICOOL Mạc Đỉnh Chi,E1A5E210-4392-EB11-80FF-509A4C8C9FAC,2021-03-31,12,71777300.00,69558875.00,1436555.00,0.00,781870.00,798893.00,0.00,219,122,46,5,15516129.03,22909763.63,9714505.66,13,6.52,300,2.19,0.00,21,41646381.00,system,2021-04-01 00:03:51.867,system,NULL,4
ICOOL Trần Bình Trọng,180CD0C3-4392-EB11-80FF-509A4C8C9FAC,2021-03-31,13,35109900.00,33338300.00,953930.00,0.00,817670.00,0.00,0.00,74,85,31,3,6491790.23,6844859.25,0.00,5,6.77,210,1.82,0.00,17,20001650.52,system,2021-04-01 00:08:52.057,system,NULL,4
ICOOL Cách Mạng Tháng 8,606675B7-4292-EB11-80FF-509A4C8C9FAC,2021-03-31,14,71655000.00,70679960.00,798540.00,73300.00,103200.00,161760.00,0.00,169,161,51,6,20435483.87,38765990.09,26663935.34,9,5,280,1.82,0.00,28,38304181.38,system,2021-04-01 00:01:21.833,system,NULL,4
ICOOL Cầu Chữ Y,65BA51C9-4292-EB11-80FF-509A4C8C9FAC,2021-03-31,16,15417400.00,15268400.00,149000.00,0.00,0.00,0.00,0.00,44,41,16,1,5451612.90,6508350.77,0.00,1,5,80,1.14,0.00,14,3308436.33,system,2021-04-01 00:01:51.800,system,NULL,4
ICOOL Nhị Thiên Đường,D6567258-4392-EB11-80FF-509A4C8C9FAC,2021-03-31,17,18842900.00,18413320.00,39870.00,0.00,389710.00,112149.00,0.00,63,38,19,2,9800000.00,18021605.71,14542915.00,2,7.37,140,1.19,0.00,16,5246778.29,system,2021-04-01 00:05:51.927,system,NULL,4
ICOOL Trần Não,73F1B8D5-4392-EB11-80FF-509A4C8C9FAC,2021-03-31,18,71064800.00,70230260.00,724120.00,0.00,110420.00,495700.00,0.00,181,207,50,3,16096774.19,14388503.23,23500.00,19,4.2,210,2.5,0.00,20,40264182.57,system,2021-04-01 00:09:22.103,system,NULL,4
ICOOL Nguyễn Tri Phương,A71C9146-4392-EB11-80FF-509A4C8C9FAC,2021-03-31,19,21947500.00,20858820.00,865900.00,0.00,222780.00,0.00,0.00,74,74,25,0,8038064.52,5013647.53,0.00,3,5.6,140,1.56,0.00,16,7807107.95,system,2021-04-01 00:05:21.930,system,NULL,4
ICOOL Đồng Đen,103632DB-4292-EB11-80FF-509A4C8C9FAC,2021-03-31,22,41282300.00,40366020.00,590800.00,0.00,325480.00,134500.00,0.00,119,134,38,8,10130000.00,27767825.05,19502678.00,15,4.47,170,1.52,0.00,25,22105372.95,system,2021-04-01 00:02:21.790,system,NULL,4
ICOOL Phan Chu Trinh,4CF0546A-4392-EB11-80FF-509A4C8C9FAC,2021-03-31,23,26220800.00,25595165.00,249000.00,0.00,376635.00,0.00,910000.00,54,42,19,1,4964516.13,13699606.14,8201859.66,2,6.84,130,1.36,0.00,14,16042902.39,system,2021-04-01 00:06:21.933,system,NULL,4
ICOOL Phan Xích Long,4B98357C-4392-EB11-80FF-509A4C8C9FAC,2021-03-31,24,76889700.00,72008785.00,860970.00,0.00,4019945.00,262048.00,0.00,157,187,47,12,14032258.06,40068769.30,25341324.00,27,2.77,130,1.88,0.00,25,43511129.64,system,2021-04-01 00:06:51.927,system,NULL,4
ICOOL Vũng Tàu,E2157BF9-4392-EB11-80FF-509A4C8C9FAC,2021-03-31,25,10028800.00,9833820.00,155900.00,39080.00,0.00,0.00,0.00,46,13,10,0,6209677.42,2309584.43,0.00,3,10,100,0.59,0.00,17,1314558.15,system,2021-04-01 00:10:22.097,system,NULL,4
ICOOL Phú Quốc,83471B8E-4392-EB11-80FF-509A4C8C9FAC,2021-03-31,26,16040100.00,10950250.00,5089850.00,0.00,0.00,0.00,0.00,20,21,6,0,13354838.71,6905409.38,3181582.28,0,1.5,9,0.24,0.00,25,-6128415.81,system,2021-04-01 00:07:21.953,system,NULL,4
ICOOL Xô Viết Nghệ Tĩnh,0FFF5A0B-4492-EB11-80FF-509A4C8C9FAC,2021-03-31,4,43823600.00,43168977.00,496503.00,0.00,158120.00,0.00,0.00,139,91,39,4,9176999.77,72148265.54,62758834.68,18,5.13,200,1.34,0.00,29,24602546.37,system,2021-04-01 00:10:52.087,system,NULL,4
ICOOL Tô Ký,718CE4B1-4392-EB11-80FF-509A4C8C9FAC,2021-03-31,5,25770700.00,24873324.00,613821.00,88755.00,194800.00,0.00,0.00,69,58,23,1,10919354.84,5757562.43,0.00,3,7.39,170,0.88,0.00,26,8196406.73,system,2021-04-01 00:08:21.990,system,NULL,4
ICOOL Bình Phú,BBE292A5-4292-EB11-80FF-509A4C8C9FAC,2021-03-31,6,50260900.00,48424070.00,1743310.00,0.00,93520.00,0.00,0.00,88,98,34,2,21645161.29,11052867.72,149000.00,5,8.24,280,1.42,0.00,24,15875040.99,system,2021-04-01 00:00:51.830,system,NULL,4
ICOOL Dương Bá Trạc,149D19ED-4292-EB11-80FF-509A4C8C9FAC,2021-03-31,7,63648400.00,62576240.00,851005.00,44475.00,176680.00,0.00,0.00,153,129,50,5,15613936.87,12378957.26,1001800.00,11,2,100,1.92,0.00,26,35585145.87,system,2021-04-01 00:02:51.830,system,NULL,4
ICOOL Nguyễn Sơn,DDE5C322-4392-EB11-80FF-509A4C8C9FAC,2021-03-31,9,25113700.00,24389570.00,580000.00,0.00,144130.00,0.00,0.00,78,61,23,0,9582580.65,9058194.45,3538681.83,12,6.52,150,1.53,0.00,15,9287476.73,system,2021-04-01 00:04:21.863,system,NULL,4
ICOOL Ung Văn Khiêm,91B358F3-0C93-EB11-80FF-509A4C8C9FAC,2021-04-01,1,108361500.00,105191148.00,1739917.00,30805.00,1399630.00,1013390.00,0.00,392,168,78,3,23799500.00,22917647.75,875754.00,29,3,300,2.17,0.00,36,60363144.25,system,2021-04-02 00:09:00.647,system,NULL,4
ICOOL Thành Thái,F85AD4AB-0C93-EB11-80FF-509A4C8C9FAC,2021-04-01,10,68729500.00,67311776.00,1082869.00,141450.00,193405.00,372050.00,0.00,243,171,62,10,23105266.67,16156466.57,255150.00,27,3,237,2.21,0.00,28,28677242.76,system,2021-04-02 00:07:00.660,system,NULL,4
ICOOL Nguyễn Trãi,8C5A7040-0C93-EB11-80FF-509A4C8C9FAC,2021-04-01,11,17429700.00,16397960.00,908050.00,0.00,123690.00,0.00,0.00,39,46,19,2,5906609.71,3217316.33,0.00,3,6,120,1.19,0.00,16,7274033.96,system,2021-04-02 00:04:00.490,system,NULL,4
ICOOL Mạc Đỉnh Chi,E9F6B41C-0C93-EB11-80FF-509A4C8C9FAC,2021-04-01,12,63767400.00,62452425.00,1048380.00,22865.00,243730.00,162500.00,0.00,182,125,45,6,16440000.00,12057299.82,0.00,16,6,300,2.14,0.00,21,34117625.18,system,2021-04-02 00:03:00.543,system,NULL,4
ICOOL Trần Bình Trọng,9D7191CF-0C93-EB11-80FF-509A4C8C9FAC,2021-04-01,13,37745700.00,35929850.00,1128840.00,0.00,687010.00,0.00,0.00,99,95,33,7,9755466.67,11958196.68,4339108.00,8,5.15,170,1.94,0.00,17,18555294.65,system,2021-04-02 00:08:00.620,system,NULL,4
ICOOL Cách Mạng Tháng 8,2CA03EC3-0B93-EB11-80FF-509A4C8C9FAC,2021-04-01,14,53905800.00,51788315.00,1606895.00,132250.00,378340.00,229860.00,325000.00,120,102,40,4,21450000.01,9250411.15,42000.00,12,7,280,1.43,0.00,28,21684763.84,system,2021-04-02 00:00:30.450,system,NULL,4
ICOOL Cầu Chữ Y,4BEB1CD5-0B93-EB11-80FF-509A4C8C9FAC,2021-04-01,16,12393000.00,12351100.00,41900.00,0.00,0.00,0.00,0.00,33,24,11,2,10633333.36,6906264.91,0.00,7,7,80,0.79,0.00,14,-5188498.27,system,2021-04-02 00:01:00.430,system,NULL,4
ICOOL Nhị Thiên Đường,751B3764-0C93-EB11-80FF-509A4C8C9FAC,2021-04-01,17,15271700.00,14955075.00,113545.00,0.00,203080.00,0.00,0.00,34,25,13,1,10126666.66,3629417.60,0.00,1,11,150,0.81,0.00,16,1198990.74,system,2021-04-02 00:05:00.513,system,NULL,4
ICOOL Trần Não,8C2777E1-0C93-EB11-80FF-509A4C8C9FAC,2021-04-01,18,98395701.00,97633540.90,443660.00,0.00,318500.10,799040.00,0.00,222,214,57,4,16633333.34,22877011.54,21195.00,15,4,250,2.85,0.00,20,58943431.02,system,2021-04-02 00:08:30.650,system,NULL,4
ICOOL Nguyễn Tri Phương,9EEA5352-0C93-EB11-80FF-509A4C8C9FAC,2021-04-01,19,25240000.00,23971260.00,603400.00,0.00,665340.00,0.00,0.00,80,89,27,1,9670000.00,5345069.72,0.00,1,4,130,1.69,0.00,16,8956190.28,system,2021-04-02 00:04:30.503,system,NULL,4
ICOOL Đồng Đen,746B1CE7-0B93-EB11-80FF-509A4C8C9FAC,2021-04-01,22,43702100.00,42943750.00,250000.00,112650.00,395700.00,0.00,0.00,123,105,32,4,13614000.00,9787616.44,152000.00,16,6,210,1.28,0.00,25,19694133.56,system,2021-04-02 00:01:30.623,system,NULL,4
ICOOL Phan Chu Trinh,82181D76-0C93-EB11-80FF-509A4C8C9FAC,2021-04-01,23,18192700.00,17950500.00,193500.00,0.00,48700.00,0.00,0.00,44,42,21,0,6901866.67,3153813.76,0.00,9,6.19,130,1.5,0.00,14,7894819.57,system,2021-04-02 00:05:30.540,system,NULL,4
ICOOL Phan Xích Long,45DF0388-0C93-EB11-80FF-509A4C8C9FAC,2021-04-01,24,76902500.00,74893775.00,1414855.00,0.00,593870.00,0.00,0.00,179,250,58,8,14500000.00,15712163.25,188416.67,48,4,280,2.32,0.00,25,44870028.42,system,2021-04-02 00:06:00.577,system,NULL,4
ICOOL Vũng Tàu,E8EF3C05-0D93-EB11-80FF-509A4C8C9FAC,2021-04-01,25,13211400.00,12906280.00,305120.00,0.00,0.00,87740.00,0.00,40,37,11,0,6566666.67,2894764.91,0.00,2,13,150,0.65,0.00,17,3532588.42,system,2021-04-02 00:09:30.663,system,NULL,4
ICOOL Phú Quốc,87DEE799-0C93-EB11-80FF-509A4C8C9FAC,2021-04-01,26,5465000.00,3445650.00,2019350.00,0.00,0.00,0.00,0.00,13,11,4,0,12933333.33,979510.06,0.00,0,2,9,0.16,0.00,25,-10467193.39,system,2021-04-02 00:06:30.593,system,NULL,4
ICOOL Xô Viết Nghệ Tĩnh,90842217-0D93-EB11-80FF-509A4C8C9FAC,2021-04-01,4,57093600.00,55811625.00,704805.00,0.00,577170.00,0.00,0.00,137,106,48,9,12916666.67,12941652.11,0.00,21,4,200,1.66,0.00,29,29953306.22,system,2021-04-02 00:10:00.690,system,NULL,4
ICOOL Tô Ký,3A01ADBD-0C93-EB11-80FF-509A4C8C9FAC,2021-04-01,5,17916400.00,17164260.00,508770.00,0.00,243370.00,0.00,0.00,53,44,20,1,11283333.35,4306901.34,0.00,6,8,170,0.77,0.00,26,1574025.31,system,2021-04-02 00:07:30.603,system,NULL,4
ICOOL Bình Phú,08F962B1-0B93-EB11-80FF-509A4C8C9FAC,2021-04-01,6,46094300.00,45669875.00,366300.00,58125.00,0.00,0.00,0.00,142,89,37,5,3833333.34,9783629.48,0.00,5,4,180,1.54,0.00,24,32052912.18,system,2021-04-02 00:00:00.490,system,NULL,4
ICOOL Dương Bá Trạc,93BDE7F8-0B93-EB11-80FF-509A4C8C9FAC,2021-04-01,7,75139000.00,73126635.00,1465595.00,45320.00,501450.00,0.00,0.00,194,117,56,8,16166666.66,18675065.88,3533723.96,19,6,340,2.15,0.00,26,41818626.42,system,2021-04-02 00:02:00.477,system,NULL,4
ICOOL Nguyễn Sơn,BE8C8C2E-0C93-EB11-80FF-509A4C8C9FAC,2021-04-01,9,38666400.00,37139755.00,150085.00,0.00,1376560.00,0.00,160000.00,111,91,33,5,10582583.33,9241694.53,0.00,19,4.24,140,2.2,0.00,15,17475477.14,system,2021-04-02 00:03:30.477,system,NULL,4
ICOOL Ung Văn Khiêm,1118413F-D693-EB11-80FF-509A4C8C9FAC,2021-04-02,1,114909600.00,110433500.00,1527300.00,0.00,2948800.00,848500.00,0.00,327,220,69,2,23799500.00,23921082.21,0.00,24,4,300,1.86,0.00,37,63561417.79,system,2021-04-03 00:09:56.843,system,NULL,4
ICOOL Thành Thái,3576ACF7-D593-EB11-80FF-509A4C8C9FAC,2021-04-02,10,83995300.00,82028885.00,1019315.00,86250.00,860850.00,769893.00,0.00,259,193,63,9,23105266.67,15704339.01,235050.00,37,4,268,2.25,0.00,28,44224222.32,system,2021-04-03 00:07:56.750,system,NULL,4
ICOOL Nguyễn Trãi,465D4A8C-D593-EB11-80FF-509A4C8C9FAC,2021-04-02,11,29360400.00,28204315.00,928285.00,0.00,227800.00,0.00,0.00,50,74,24,3,5906609.71,5666855.19,42000.00,4,5,140,1.5,0.00,16,16672850.10,system,2021-04-03 00:04:56.590,system,NULL,4
ICOOL Mạc Đỉnh Chi,ED7D8668-D593-EB11-80FF-509A4C8C9FAC,2021-04-02,12,87550500.00,85147315.00,1673325.00,0.00,729860.00,636602.50,0.00,239,139,45,7,16440000.00,15858090.15,230400.00,11,6,280,2.05,0.00,22,53716227.35,system,2021-04-03 00:03:56.587,system,NULL,4
ICOOL Trần Bình Trọng,150D751B-D693-EB11-80FF-509A4C8C9FAC,2021-04-02,13,46668500.00,44952385.00,768415.00,0.00,947700.00,0.00,0.00,117,136,37,3,9755466.67,8007921.06,510000.00,15,4.59,170,2.18,0.00,17,27698997.28,system,2021-04-03 00:08:56.787,system,NULL,4
ICOOL Cách Mạng Tháng 8,1E431F0F-D593-EB11-80FF-509A4C8C9FAC,2021-04-02,14,117789900.00,114763230.00,1698700.00,33970.00,1294000.00,639460.00,0.00,232,237,70,12,21450000.01,18555699.24,48000.00,17,5,350,2.5,0.00,28,75444990.75,system,2021-04-03 00:01:26.593,system,NULL,4
ICOOL Cầu Chữ Y,4CFDF120-D593-EB11-80FF-509A4C8C9FAC,2021-04-02,16,11415700.00,11117500.00,298200.00,0.00,0.00,0.00,0.00,36,31,10,1,10633333.36,5005476.38,0.00,2,8,80,0.71,0.00,14,-4521309.74,system,2021-04-03 00:01:56.497,system,NULL,4
ICOOL Nhị Thiên Đường,F29B13B0-D593-EB11-80FF-509A4C8C9FAC,2021-04-02,17,25288500.00,23759036.00,1186934.00,0.00,342530.00,0.00,0.00,40,32,14,0,10126666.66,4537077.08,0.00,2,12,170,0.88,0.00,16,9095292.26,system,2021-04-03 00:05:56.630,system,NULL,4
ICOOL Trần Não,F81C502D-D693-EB11-80FF-509A4C8C9FAC,2021-04-02,18,96156700.00,93897112.00,1689168.00,172520.00,397900.00,860700.00,0.00,224,274,53,5,16633333.34,19316382.06,0.00,20,4,260,2.65,0.00,20,58808096.60,system,2021-04-03 00:09:26.743,system,NULL,4
ICOOL Nguyễn Tri Phương,8E8D309E-D593-EB11-80FF-509A4C8C9FAC,2021-04-02,19,21718200.00,21260080.00,290000.00,0.00,168120.00,0.00,0.00,62,59,24,2,9670000.00,3289844.43,0.00,3,5,140,1.5,0.00,16,8300235.57,system,2021-04-03 00:05:26.620,system,NULL,4
ICOOL Đồng Đen,6987D832-D593-EB11-80FF-509A4C8C9FAC,2021-04-02,22,61366400.00,60202670.00,756560.00,0.00,407170.00,70870.00,0.00,167,137,48,5,13614000.00,10327377.58,0.00,18,4,210,1.92,0.00,25,36332162.42,system,2021-04-03 00:02:26.527,system,NULL,4
ICOOL Phan Chu Trinh,587EFFC1-D593-EB11-80FF-509A4C8C9FAC,2021-04-02,23,31160900.00,29489165.00,1671735.00,0.00,0.00,0.00,0.00,80,56,28,5,6901866.67,5261956.44,0.00,8,4.64,130,2,0.00,14,17325341.90,system,2021-04-03 00:06:26.697,system,NULL,4
ICOOL Phan Xích Long,035FE4D3-D593-EB11-80FF-509A4C8C9FAC,2021-04-02,24,103888500.00,101341075.00,1423355.00,0.00,1124070.00,1021600.00,0.00,223,285,63,4,14500000.00,18395320.79,0.00,28,4,280,2.52,0.00,25,69467354.21,system,2021-04-03 00:06:56.720,system,NULL,4
ICOOL Vũng Tàu,16C61D51-D693-EB11-80FF-509A4C8C9FAC,2021-04-02,25,7925500.00,7925500.00,0.00,0.00,0.00,0.00,140000.00,36,30,10,0,6566666.67,1429046.58,0.00,4,15,150,0.59,0.00,17,69786.75,system,2021-04-03 00:10:26.810,system,NULL,4
ICOOL Phú Quốc,1D37C3E5-D593-EB11-80FF-509A4C8C9FAC,2021-04-02,26,5647600.00,4661800.00,985800.00,0.00,0.00,0.00,0.00,21,4,4,0,12933333.33,1229680.24,0.00,0,2,11,0.16,0.00,25,-9501213.57,system,2021-04-03 00:07:26.700,system,NULL,4
ICOOL Xô Viết Nghệ Tĩnh,37A70063-D693-EB11-80FF-509A4C8C9FAC,2021-04-02,4,48935200.00,48071400.00,863800.00,0.00,0.00,468920.00,0.00,130,114,43,6,12916666.67,9659201.15,0.00,9,5,230,1.48,0.00,29,25964452.18,system,2021-04-03 00:10:56.820,system,NULL,4
ICOOL Tô Ký,12D08B09-D693-EB11-80FF-509A4C8C9FAC,2021-04-02,5,27849300.00,26296981.00,1270704.00,86085.00,195530.00,0.00,0.00,55,57,23,1,11283333.35,6601729.06,0.00,2,6,160,0.88,0.00,26,8411918.59,system,2021-04-03 00:08:26.733,system,NULL,4
ICOOL Bình Phú,98412FFD-D493-EB11-80FF-509A4C8C9FAC,2021-04-02,6,73643400.00,71077931.00,2298069.00,76150.00,191250.00,0.00,0.00,191,150,56,7,3833333.34,14735161.59,0.00,15,3,190,2.33,0.00,24,52509436.07,system,2021-04-03 00:00:56.500,system,NULL,4
ICOOL Dương Bá Trạc,149CBB44-D593-EB11-80FF-509A4C8C9FAC,2021-04-02,7,99622800.00,97657360.00,1442830.00,60650.00,461960.00,441140.00,100000.00,241,239,66,10,16166666.66,17459524.42,0.00,18,5,340,2.54,0.00,26,64572308.92,system,2021-04-03 00:02:56.537,system,NULL,4
ICOOL Nguyễn Sơn,7AC8637A-D593-EB11-80FF-509A4C8C9FAC,2021-04-02,9,23109200.00,23034230.00,74970.00,0.00,0.00,133140.00,0.00,65,49,19,2,10582583.33,7225933.10,2345645.00,12,8.42,160,1.27,0.00,15,7704498.56,system,2021-04-03 00:04:26.560,system,NULL,4
ICOOL Ung Văn Khiêm,361EF769-9F94-EB11-80FF-509A4C8C9FAC,2021-04-03,1,165340100.00,164018160.00,1110940.00,0.00,211000.00,131500.00,0.00,528,293,110,4,23799500.00,32043642.37,100000.00,47,2,300,2.97,0.00,37,108406517.63,system,2021-04-04 00:09:57.343,system,NULL,4
ICOOL Thành Thái,F7786622-9F94-EB11-80FF-509A4C8C9FAC,2021-04-03,10,105557400.00,103529959.00,1548521.00,0.00,478920.00,407040.00,0.00,345,231,82,6,23105266.67,22051913.77,349200.00,41,3,264,2.93,0.00,28,59129018.56,system,2021-04-04 00:07:57.277,system,NULL,4
ICOOL Nguyễn Trãi,053702B7-9E94-EB11-80FF-509A4C8C9FAC,2021-04-03,11,37285201.00,36687576.00,260595.00,0.00,337030.00,0.00,0.00,82,97,35,5,5906609.71,7257693.01,0.00,6,4,140,2.19,0.00,16,23523273.28,system,2021-04-04 00:04:57.103,system,NULL,4
ICOOL Mạc Đỉnh Chi,49514493-9E94-EB11-80FF-509A4C8C9FAC,2021-04-03,12,84531700.00,82298950.00,2048255.00,58995.00,125500.00,409737.50,0.00,218,140,52,5,16440000.00,15383285.20,0.00,18,5,290,2.36,0.00,22,50885402.30,system,2021-04-04 00:03:57.140,system,NULL,4
ICOOL Trần Bình Trọng,75382C46-9F94-EB11-80FF-509A4C8C9FAC,2021-04-03,13,50962100.00,48783760.00,1475600.00,158040.00,544700.00,0.00,200000.00,97,146,40,2,9755466.67,8506194.29,0.00,6,4.25,170,2.35,0.00,17,30722099.04,system,2021-04-04 00:08:57.293,system,NULL,4
ICOOL Cách Mạng Tháng 8,346AC739-9E94-EB11-80FF-509A4C8C9FAC,2021-04-03,14,124566400.00,120301695.00,2347310.00,113225.00,1804170.00,394314.50,0.00,269,244,89,9,21450000.01,21328300.01,940800.00,25,3,350,3.18,0.00,28,78858509.48,system,2021-04-04 00:01:27.000,system,NULL,4
ICOOL Cầu Chữ Y,D7A5A64B-9E94-EB11-80FF-509A4C8C9FAC,2021-04-03,16,30837700.00,29484454.00,527746.00,0.00,825500.00,0.00,0.00,66,62,22,1,10633333.36,12600954.01,0.00,1,3,80,1.57,0.00,14,6250166.63,system,2021-04-04 00:01:56.987,system,NULL,4
ICOOL Nhị Thiên Đường,0761D0DA-9E94-EB11-80FF-509A4C8C9FAC,2021-04-03,17,47623200.00,46299230.00,574250.00,0.00,749720.00,0.00,0.00,90,73,31,2,10126666.66,11003016.36,0.00,2,5,170,1.94,0.00,16,25169546.98,system,2021-04-04 00:05:57.173,system,NULL,4
ICOOL Trần Não,F1A81558-9F94-EB11-80FF-509A4C8C9FAC,2021-04-03,18,123868000.00,122318535.00,1004410.00,157325.00,387730.00,406300.00,0.00,338,346,82,7,16633333.34,23367614.78,0.00,22,3,260,4.1,0.00,20,82723886.88,system,2021-04-04 00:09:27.343,system,NULL,4
ICOOL Nguyễn Tri Phương,5724EEC8-9E94-EB11-80FF-509A4C8C9FAC,2021-04-03,19,43225500.00,42504460.00,435000.00,0.00,286040.00,0.00,0.00,122,127,43,2,9670000.00,7470591.67,0.00,9,3,140,2.69,0.00,16,25363868.33,system,2021-04-04 00:05:27.170,system,NULL,4
ICOOL Đồng Đen,3767925D-9E94-EB11-80FF-509A4C8C9FAC,2021-04-03,22,106422400.00,104319900.00,980710.00,0.00,1121790.00,0.00,0.00,322,260,68,12,13614000.00,21760709.74,112000.00,19,3,210,2.72,0.00,25,69057190.26,system,2021-04-04 00:02:27.053,system,NULL,4
ICOOL Phan Chu Trinh,B50FB2EC-9E94-EB11-80FF-509A4C8C9FAC,2021-04-03,23,47505500.00,47001085.00,220055.00,60340.00,224020.00,0.00,0.00,101,86,38,5,6901866.67,8884224.35,0.00,13,3.42,130,2.71,0.00,14,31214993.98,system,2021-04-04 00:06:27.173,system,NULL,4
ICOOL Phan Xích Long,16ED99FE-9E94-EB11-80FF-509A4C8C9FAC,2021-04-03,24,119991800.00,118459080.00,783725.00,109450.00,639545.00,325980.00,0.00,250,307,71,13,14500000.00,22356451.93,0.00,37,3,280,2.84,0.00,25,81928608.07,system,2021-04-04 00:06:57.217,system,NULL,4
ICOOL Vũng Tàu,FCD2D27B-9F94-EB11-80FF-509A4C8C9FAC,2021-04-03,25,45899800.00,45030755.00,503525.00,0.00,365520.00,0.00,0.00,139,129,41,2,6566666.67,9837951.13,0.00,15,3,160,2.41,0.00,17,28626137.20,system,2021-04-04 00:10:27.303,system,NULL,4
ICOOL Phú Quốc,E7E87E10-9F94-EB11-80FF-509A4C8C9FAC,2021-04-03,26,7794100.00,5562500.00,2231600.00,0.00,0.00,0.00,0.00,19,12,4,2,12933333.33,1202288.19,0.00,1,2,11,0.16,0.00,25,-8573121.52,system,2021-04-04 00:07:27.240,system,NULL,4
ICOOL Xô Viết Nghệ Tĩnh,1CA0C28D-9F94-EB11-80FF-509A4C8C9FAC,2021-04-03,4,106152600.00,103867050.00,1558440.00,0.00,727110.00,0.00,0.00,256,189,76,8,12916666.67,22819223.36,0.00,25,3,230,2.62,0.00,29,68131159.97,system,2021-04-04 00:10:57.397,system,NULL,4
ICOOL Tô Ký,268B4734-9F94-EB11-80FF-509A4C8C9FAC,2021-04-03,5,57734300.00,55626885.00,1244315.00,185710.00,677390.00,190062.00,0.00,129,122,47,2,11283333.35,13193751.15,100000.00,6,3,160,1.81,0.00,26,31439862.50,system,2021-04-04 00:08:27.273,system,NULL,4
ICOOL Bình Phú,D430EA27-9E94-EB11-80FF-509A4C8C9FAC,2021-04-03,6,114690200.00,109008225.75,3488183.00,819601.25,1374190.00,0.00,0.00,281,216,75,6,3833333.33,24063937.88,990000.00,16,2.8,210,3.13,0.00,24,82100954.54,system,2021-04-04 00:00:57.030,system,NULL,4
ICOOL Dương Bá Trạc,6929716F-9E94-EB11-80FF-509A4C8C9FAC,2021-04-03,7,100154400.00,96950505.00,1759115.00,95150.00,1349630.00,0.00,0.00,233,192,69,4,16166666.66,17302322.95,0.00,18,4,340,2.65,0.00,26,63481515.39,system,2021-04-04 00:02:57.033,system,NULL,4
ICOOL Nguyễn Sơn,BF261FA5-9E94-EB11-80FF-509A4C8C9FAC,2021-04-03,9,63721000.00,62477660.00,840000.00,0.00,403340.00,0.00,0.00,171,147,49,4,10582583.33,14415824.44,67824.00,21,3.27,160,3.27,0.00,15,37547076.23,system,2021-04-04 00:04:27.093,system,NULL,4
ICOOL Ung Văn Khiêm,416CA594-6895-EB11-80FF-509A4C8C9FAC,2021-04-04,1,124351300.00,120626615.00,3362125.00,362560.00,0.00,211850.00,0.00,388,183,76,9,23799500.00,24757726.29,0.00,34,3,300,2.05,0.00,37,72281238.71,system,2021-04-05 00:09:57.790,system,NULL,4
ICOOL Thành Thái,6E3E144D-6895-EB11-80FF-509A4C8C9FAC,2021-04-04,10,81032200.00,77981990.00,355150.00,153120.00,2541940.00,0.00,0.00,241,220,64,6,23105266.67,15675225.83,255000.00,41,3,255,2.29,0.00,28,39456497.50,system,2021-04-05 00:07:57.720,system,NULL,4
ICOOL Nguyễn Trãi,A0F0B8E1-6795-EB11-80FF-509A4C8C9FAC,2021-04-04,11,22668800.00,21618800.00,1050000.00,0.00,0.00,0.00,0.00,63,74,26,5,5906609.71,3894679.57,165200.00,5,5,140,1.63,0.00,16,11982710.72,system,2021-04-05 00:04:57.607,system,NULL,4
ICOOL Mạc Đỉnh Chi,532BF3BD-6795-EB11-80FF-509A4C8C9FAC,2021-04-04,12,72491600.00,71746100.00,635000.00,110500.00,0.00,580250.00,0.00,217,138,54,3,16440000.00,11247159.49,0.00,21,5,270,2.45,0.00,22,44639190.51,system,2021-04-05 00:03:57.590,system,NULL,4
ICOOL Trần Bình Trọng,0D1ADA70-6895-EB11-80FF-509A4C8C9FAC,2021-04-04,13,22431700.00,21501150.00,290000.00,0.00,640550.00,0.00,200000.00,68,74,24,1,9755466.67,3249267.58,0.00,10,5.83,140,1.41,0.00,17,8696415.75,system,2021-04-05 00:08:57.740,system,NULL,4
ICOOL Cách Mạng Tháng 8,079D7F64-6795-EB11-80FF-509A4C8C9FAC,2021-04-04,14,77834100.00,76571070.00,1168230.00,0.00,94800.00,0.00,0.00,170,172,61,7,21450000.01,11399231.06,0.00,34,5,350,2.18,0.00,28,43721838.93,system,2021-04-05 00:01:27.517,system,NULL,4
ICOOL Cầu Chữ Y,CF8C6476-6795-EB11-80FF-509A4C8C9FAC,2021-04-04,16,16039000.00,15166710.00,518150.00,0.00,354140.00,0.00,0.00,42,51,15,2,10633333.36,5824840.43,0.00,8,4,70,1.07,0.00,14,-1291463.79,system,2021-04-05 00:01:57.537,system,NULL,4
ICOOL Nhị Thiên Đường,D8E37E05-6895-EB11-80FF-509A4C8C9FAC,2021-04-04,17,28468700.00,28365000.00,87385.00,16315.00,0.00,0.00,0.00,64,50,25,0,10126666.66,6005182.30,0.00,5,6,160,1.56,0.00,16,12233151.04,system,2021-04-05 00:05:57.623,system,NULL,4
ICOOL Trần Não,6CD8BA82-6895-EB11-80FF-509A4C8C9FAC,2021-04-04,18,67950600.00,67616500.00,118400.00,0.00,215700.00,0.00,0.00,160,142,46,6,16633333.34,13193113.22,43999.92,18,5,250,2.3,0.00,20,37834053.36,system,2021-04-05 00:09:27.733,system,NULL,4
ICOOL Nguyễn Tri Phương,91299DF3-6795-EB11-80FF-509A4C8C9FAC,2021-04-04,19,18098200.00,18010250.00,0.00,0.00,87950.00,0.00,0.00,55,72,30,2,9670000.00,2173343.29,0.00,8,4,120,1.88,0.00,16,6166906.71,system,2021-04-05 00:05:27.623,system,NULL,4
ICOOL Đồng Đen,90834688-6795-EB11-80FF-509A4C8C9FAC,2021-04-04,22,57606700.00,56373370.00,470400.00,0.00,762930.00,0.00,0.00,195,164,56,2,13614000.00,10436115.44,651735.00,33,3,210,2.24,0.00,25,32974989.56,system,2021-04-05 00:02:27.540,system,NULL,4
ICOOL Phan Chu Trinh,97D16517-6895-EB11-80FF-509A4C8C9FAC,2021-04-04,23,26790300.00,26156300.00,634000.00,0.00,0.00,0.00,0.00,80,62,27,4,6901866.67,4997848.10,0.00,14,4.81,130,1.93,0.00,14,14256585.23,system,2021-04-05 00:06:27.660,system,NULL,4
ICOOL Phan Xích Long,B5264B29-6895-EB11-80FF-509A4C8C9FAC,2021-04-04,24,82381700.00,81093650.00,1288050.00,0.00,0.00,0.00,0.00,157,233,62,12,14500000.00,13315454.35,0.00,40,4,280,2.48,0.00,25,53278195.65,system,2021-04-05 00:06:57.683,system,NULL,4
ICOOL Vũng Tàu,6D2C83A6-6895-EB11-80FF-509A4C8C9FAC,2021-04-04,25,26845500.00,26738500.00,0.00,0.00,107000.00,0.00,0.00,71,59,21,0,6566666.67,6602288.52,0.00,10,5,120,1.24,0.00,17,13569544.81,system,2021-04-05 00:10:27.767,system,NULL,4
ICOOL Phú Quốc,C5112C3B-6895-EB11-80FF-509A4C8C9FAC,2021-04-04,26,3011000.00,2117000.00,894000.00,0.00,0.00,0.00,0.00,5,6,2,0,12933333.33,727869.44,0.00,0,5,11,0.08,0.00,25,-11544202.77,system,2021-04-05 00:07:27.680,system,NULL,4
ICOOL Xô Viết Nghệ Tĩnh,361868B8-6895-EB11-80FF-509A4C8C9FAC,2021-04-04,4,73370900.00,72462737.00,865823.00,0.00,42340.00,184940.00,0.00,187,205,64,5,12916666.67,12219333.40,0.00,46,3,230,2.21,0.00,29,47511676.93,system,2021-04-05 00:10:57.787,system,NULL,4
ICOOL Tô Ký,D938F85E-6895-EB11-80FF-509A4C8C9FAC,2021-04-04,5,34845000.00,34343699.00,452171.00,0.00,49130.00,0.00,0.00,69,71,29,0,11283333.35,7742602.00,255027.00,8,5,160,1.12,0.00,26,15572790.65,system,2021-04-05 00:08:27.740,system,NULL,4
ICOOL Bình Phú,C030A652-6795-EB11-80FF-509A4C8C9FAC,2021-04-04,6,67046900.00,66703616.00,326904.00,0.00,16380.00,0.00,0.00,220,143,53,6,3833333.33,12901420.92,207972.70,19,3.96,210,2.21,0.00,24,50176834.45,system,2021-04-05 00:00:57.570,system,NULL,4
ICOOL Dương Bá Trạc,A6D52C9A-6795-EB11-80FF-509A4C8C9FAC,2021-04-04,7,58554800.00,57282345.00,715030.00,0.00,557425.00,476132.50,0.00,129,126,39,5,16166666.66,12014375.20,0.00,21,8,340,1.5,0.00,26,29577435.64,system,2021-04-05 00:02:57.573,system,NULL,4
ICOOL Nguyễn Sơn,0C8ED5CF-6795-EB11-80FF-509A4C8C9FAC,2021-04-04,9,28906800.00,28290630.00,200000.00,28720.00,387450.00,0.00,0.00,98,97,37,3,10582583.33,5465286.01,0.00,20,4.32,160,2.47,0.00,15,12242760.66,system,2021-04-05 00:04:27.597,system,NULL,4
ICOOL Ung Văn Khiêm,3C515EBF-3196-EB11-80FF-509A4C8C9FAC,2021-04-05,1,97060801.00,94859291.00,1485080.00,0.00,716430.00,268040.00,0.00,294,171,63,4,23799500.00,21411084.01,938000.00,26,4,300,1.7,0.00,37,50854746.99,system,2021-04-06 00:09:58.310,system,NULL,4
ICOOL Thành Thái,89BBD277-3196-EB11-80FF-509A4C8C9FAC,2021-04-05,10,51004200.00,49386255.00,447825.00,97780.00,1072340.00,118400.00,0.00,173,155,44,6,23105266.67,10197513.39,240000.00,31,4,191,1.57,0.00,28,16441874.94,system,2021-04-06 00:07:58.280,system,NULL,4
ICOOL Nguyễn Trãi,056A870C-3196-EB11-80FF-509A4C8C9FAC,2021-04-05,11,4806500.00,4485060.00,0.00,0.00,321440.00,0.00,0.00,12,15,6,1,5906609.71,754894.95,0.00,0,20,120,0.38,0.00,16,-2176444.66,system,2021-04-06 00:04:58.270,system,NULL,4
ICOOL Mạc Đỉnh Chi,DE51B2E8-3096-EB11-80FF-509A4C8C9FAC,2021-04-05,12,55321500.00,54488690.00,590210.00,0.00,242600.00,183820.00,0.00,126,114,36,1,16440000.00,15598691.29,4347455.00,19,6,240,1.64,0.00,22,26981273.71,system,2021-04-06 00:03:58.150,system,NULL,4
ICOOL Trần Bình Trọng,C992A19B-3196-EB11-80FF-509A4C8C9FAC,2021-04-05,13,32253400.00,30049725.00,1237975.00,0.00,965700.00,0.00,0.00,82,87,30,7,9755466.67,7106569.51,0.00,4,5,150,1.76,0.00,17,13187688.82,system,2021-04-06 00:08:58.353,system,NULL,4
ICOOL Cách Mạng Tháng 8,875F448F-3096-EB11-80FF-509A4C8C9FAC,2021-04-05,14,96735700.00,95230845.00,905005.00,129050.00,470800.00,1338979.00,0.00,219,216,59,3,21450000.01,19506902.49,0.00,18,5,330,2.11,0.00,28,55612921.50,system,2021-04-06 00:01:28.113,system,NULL,4
ICOOL Cầu Chữ Y,707C29A1-3096-EB11-80FF-509A4C8C9FAC,2021-04-05,16,14710400.00,13782725.00,513365.00,0.00,414310.00,0.00,0.00,41,19,10,0,10633333.36,6143998.24,0.00,2,6,60,0.71,0.00,14,-2994606.60,system,2021-04-06 00:01:58.137,system,NULL,4
ICOOL Nhị Thiên Đường,88683E30-3196-EB11-80FF-509A4C8C9FAC,2021-04-05,17,21125900.00,20302520.00,498000.00,0.00,325380.00,0.00,0.00,40,39,19,0,10126666.66,5149698.58,0.00,2,6,130,1.19,0.00,16,5026154.76,system,2021-04-06 00:05:58.187,system,NULL,4
ICOOL Trần Não,4C887DAD-3196-EB11-80FF-509A4C8C9FAC,2021-04-05,18,59144300.00,58397510.00,602330.00,0.00,144460.00,218860.00,0.00,175,170,40,3,16633333.34,12455245.83,0.00,17,5,200,2,0.00,20,29527790.83,system,2021-04-06 00:09:28.317,system,NULL,4
ICOOL Nguyễn Tri Phương,49C75E1E-3196-EB11-80FF-509A4C8C9FAC,2021-04-05,19,20950400.00,19867410.00,663200.00,0.00,419790.00,153100.00,0.00,68,73,28,2,9670000.00,3647812.91,0.00,5,4,120,1.75,0.00,16,6702697.09,system,2021-04-06 00:05:28.200,system,NULL,4
ICOOL Đồng Đen,A3DA08B3-3096-EB11-80FF-509A4C8C9FAC,2021-04-05,22,33455400.00,32309410.00,475600.00,0.00,670390.00,51120.00,0.00,100,92,30,3,13614000.00,6531767.34,150000.00,21,7,210,1.2,0.00,25,12364762.66,system,2021-04-06 00:02:28.120,system,NULL,4
ICOOL Phan Chu Trinh,5E842642-3196-EB11-80FF-509A4C8C9FAC,2021-04-05,23,15100300.00,14635335.00,464965.00,0.00,0.00,224350.00,0.00,37,38,14,2,6901866.67,3414634.77,0.00,6,7.14,100,1,0.00,14,4543183.56,system,2021-04-06 00:06:28.230,system,NULL,4
ICOOL Phan Xích Long,2C300C54-3196-EB11-80FF-509A4C8C9FAC,2021-04-05,24,52240400.00,50343790.00,67450.00,0.00,1829160.00,197187.00,0.00,126,178,44,6,14500000.00,9181453.87,0.00,27,6,280,1.76,0.00,25,26859523.13,system,2021-04-06 00:06:58.257,system,NULL,4
ICOOL Vũng Tàu,457E42D1-3196-EB11-80FF-509A4C8C9FAC,2021-04-05,25,8982100.00,8982100.00,0.00,0.00,0.00,0.00,0.00,17,14,7,1,6566666.67,1289149.97,38458.00,0,15,110,0.41,0.00,17,1164741.36,system,2021-04-06 00:10:28.330,system,NULL,4
ICOOL Phú Quốc,920AF065-3196-EB11-80FF-509A4C8C9FAC,2021-04-05,26,5832400.00,4637000.00,1195400.00,0.00,0.00,0.00,0.00,13,9,3,0,12933333.33,1479974.44,0.00,0,3,9,0.12,0.00,25,-9776307.77,system,2021-04-06 00:07:28.270,system,NULL,4
ICOOL Xô Viết Nghệ Tĩnh,CC612EE3-3196-EB11-80FF-509A4C8C9FAC,2021-04-05,4,41361500.00,39927580.00,950790.00,369480.00,113650.00,0.00,0.00,99,72,34,3,12916666.67,8388064.10,0.00,22,6,230,1.17,0.00,29,18622849.23,system,2021-04-06 00:10:58.397,system,NULL,4
ICOOL Tô Ký,7209B289-3196-EB11-80FF-509A4C8C9FAC,2021-04-05,5,19389400.00,18898065.00,366025.00,0.00,125310.00,0.00,0.00,37,51,20,1,11283333.35,3917593.48,0.00,3,7,140,0.77,0.00,26,3697138.17,system,2021-04-06 00:08:28.260,system,NULL,4
ICOOL Bình Phú,9B27687D-3096-EB11-80FF-509A4C8C9FAC,2021-04-05,6,47691500.00,47122630.00,313570.00,0.00,255300.00,0.00,0.00,99,94,30,0,3833333.33,11179295.20,0.00,9,6,180,1.25,0.00,24,32110001.47,system,2021-04-06 00:00:58.150,system,NULL,4
ICOOL Dương Bá Trạc,FDC6F4C4-3096-EB11-80FF-509A4C8C9FAC,2021-04-05,7,63545300.00,61409500.00,1119850.00,0.00,1015950.00,0.00,0.00,145,145,45,5,16166666.66,12685554.40,0.00,14,7,340,1.73,0.00,26,32557278.94,system,2021-04-06 00:02:58.190,system,NULL,4
ICOOL Nguyễn Sơn,425E97FA-3096-EB11-80FF-509A4C8C9FAC,2021-04-05,9,20705200.00,20511200.00,194000.00,0.00,0.00,0.00,0.00,60,56,21,2,10582583.33,4938212.43,76000.00,9,5.71,120,1.4,0.00,15,5066404.24,system,2021-04-06 00:04:28.173,system,NULL,4
ICOOL Ung Văn Khiêm,883BC9CA-FA96-EB11-80FF-509A4C8C9FAC,2021-04-06,1,83169200.00,80136084.00,1591866.00,242650.00,1198600.00,175840.00,0.00,280,147,61,1,23799500.00,17068235.76,0.00,23,4,300,1.65,0.00,37,39444188.24,system,2021-04-07 00:09:06.310,system,NULL,4
ICOOL Thành Thái,19A43383-FA96-EB11-80FF-509A4C8C9FAC,2021-04-06,10,64169200.00,62665021.00,1204794.00,57295.00,242090.00,145200.00,0.00,202,193,54,4,23105266.67,14815302.48,180000.00,20,3,204,1.93,0.00,28,25069651.85,system,2021-04-07 00:07:06.210,system,NULL,4
ICOOL Nguyễn Trãi,A8076F17-FA96-EB11-80FF-509A4C8C9FAC,2021-04-06,11,13861000.00,12924000.00,387360.00,0.00,549640.00,0.00,0.00,36,39,11,0,5906609.71,2798429.95,56000.00,2,10,110,0.69,0.00,16,4274960.34,system,2021-04-07 00:04:05.403,system,NULL,4
ICOOL Mạc Đỉnh Chi,FD17B3F3-F996-EB11-80FF-509A4C8C9FAC,2021-04-06,12,85385901.00,83409456.00,1188845.00,0.00,787600.00,1787510.10,0.00,195,126,42,3,16440000.00,17759908.96,86800.00,18,5,240,1.91,0.00,22,51083857.14,system,2021-04-07 00:03:05.453,system,NULL,4
ICOOL Trần Bình Trọng,BC69FAA6-FA96-EB11-80FF-509A4C8C9FAC,2021-04-06,13,23168700.00,22264010.00,757100.00,0.00,147590.00,0.00,0.00,63,62,25,4,9755466.67,5446660.49,0.00,9,6,150,1.47,0.00,17,7061882.84,system,2021-04-07 00:08:06.233,system,NULL,4
ICOOL Cách Mạng Tháng 8,2097419A-F996-EB11-80FF-509A4C8C9FAC,2021-04-06,14,75940100.00,73206285.00,1333445.00,0.00,1400370.00,178088.00,0.00,155,128,49,2,21450000.01,15520182.68,0.00,22,6,300,1.75,0.00,28,36414190.31,system,2021-04-07 00:00:35.393,system,NULL,4
ICOOL Cầu Chữ Y,CD7E2CAC-F996-EB11-80FF-509A4C8C9FAC,2021-04-06,16,14789000.00,14499000.00,290000.00,0.00,0.00,0.00,0.00,45,43,17,3,10633333.36,5263731.86,0.00,5,4,70,1.21,0.00,14,-1398065.22,system,2021-04-07 00:01:05.453,system,NULL,4
ICOOL Nhị Thiên Đường,A327463B-FA96-EB11-80FF-509A4C8C9FAC,2021-04-06,17,7196600.00,7170245.00,26355.00,0.00,0.00,0.00,0.00,32,11,10,0,10126666.66,1476668.34,0.00,0,13,130,0.63,0.00,16,-4433090.00,system,2021-04-07 00:05:05.537,system,NULL,4
ICOOL Trần Não,FF40DCB8-FA96-EB11-80FF-509A4C8C9FAC,2021-04-06,18,80768100.00,79489915.00,401030.00,0.00,877155.00,589775.00,0.00,208,247,53,4,16633333.34,17873695.34,0.00,20,3,200,2.65,0.00,20,45572661.32,system,2021-04-07 00:08:36.233,system,NULL,4
ICOOL Nguyễn Tri Phương,3F595729-FA96-EB11-80FF-509A4C8C9FAC,2021-04-06,19,17017400.00,15443650.00,1453750.00,0.00,120000.00,0.00,0.00,54,58,23,1,9670000.00,3585536.91,0.00,9,4,100,1.44,0.00,16,2188113.09,system,2021-04-07 00:04:35.450,system,NULL,4
ICOOL Đồng Đen,4DB805BE-F996-EB11-80FF-509A4C8C9FAC,2021-04-06,22,40929000.00,40138220.00,790780.00,0.00,0.00,321000.00,0.00,120,121,35,4,13614000.00,8538963.49,0.00,23,4,170,1.4,0.00,25,18306256.51,system,2021-04-07 00:01:35.397,system,NULL,4
ICOOL Phan Chu Trinh,3E0A1A4D-FA96-EB11-80FF-509A4C8C9FAC,2021-04-06,23,17908400.00,16629330.00,1082000.00,0.00,197070.00,0.00,0.00,46,54,15,0,6901866.67,4006218.63,0.00,7,6,90,1.07,0.00,14,5721244.70,system,2021-04-07 00:05:35.447,system,NULL,4
ICOOL Phan Xích Long,30A7FD5E-FA96-EB11-80FF-509A4C8C9FAC,2021-04-06,24,69257600.00,67564550.00,1183730.00,0.00,509320.00,169040.00,0.00,172,196,53,7,14500000.00,12397097.73,0.00,11,5,280,2.12,0.00,25,40836492.27,system,2021-04-07 00:06:05.460,system,NULL,4
ICOOL Vũng Tàu,C82EA3DC-FA96-EB11-80FF-509A4C8C9FAC,2021-04-06,25,9747300.00,9735200.00,12100.00,0.00,0.00,0.00,0.00,27,30,11,3,6566666.67,2041706.90,33000.00,4,10,110,0.65,0.00,17,1159826.43,system,2021-04-07 00:09:36.260,system,NULL,4
ICOOL Phú Quốc,D4184F71-FA96-EB11-80FF-509A4C8C9FAC,2021-04-06,26,11071200.00,8563825.00,2265650.00,0.00,241725.00,0.00,0.00,30,13,6,0,12933333.33,2729343.01,0.00,0,1,9,0.24,0.00,25,-7098851.34,system,2021-04-07 00:06:36.190,system,NULL,4
ICOOL Xô Viết Nghệ Tĩnh,888F88EE-FA96-EB11-80FF-509A4C8C9FAC,2021-04-06,4,33830533.00,32719293.00,941715.00,23525.00,146000.00,0.00,0.00,107,97,35,2,12916666.67,6335136.25,209824.00,17,6,230,1.21,0.00,29,13677314.08,system,2021-04-07 00:10:06.283,system,NULL,4
ICOOL Tô Ký,2BFF1495-FA96-EB11-80FF-509A4C8C9FAC,2021-04-06,5,24279400.00,23458700.00,468390.00,59760.00,292550.00,0.00,0.00,71,54,23,1,11283333.35,5855628.67,0.00,2,5,130,0.88,0.00,26,6319737.98,system,2021-04-07 00:07:36.207,system,NULL,4
ICOOL Bình Phú,86116188-F996-EB11-80FF-509A4C8C9FAC,2021-04-06,6,38579200.00,37961580.00,432120.00,0.00,185500.00,0.00,0.00,94,65,29,4,3833333.33,7745035.67,0.00,6,6.55,190,1.21,0.00,24,26383211.00,system,2021-04-07 00:00:05.400,system,NULL,4
ICOOL Dương Bá Trạc,1376E8CF-F996-EB11-80FF-509A4C8C9FAC,2021-04-06,7,64595500.00,63015650.00,1180850.00,0.00,399000.00,0.00,0.00,161,132,52,4,16166666.66,11597756.63,29750.00,23,6,350,2,0.00,26,35280976.71,system,2021-04-07 00:02:05.403,system,NULL,4
ICOOL Nguyễn Sơn,016B8A05-FA96-EB11-80FF-509A4C8C9FAC,2021-04-06,9,21392500.00,21215050.00,177450.00,0.00,0.00,225400.00,0.00,73,55,26,2,10582583.33,5137071.19,0.00,12,5,130,1.73,0.00,15,5720795.48,system,2021-04-07 00:03:35.387,system,NULL,4
ICOOL Ung Văn Khiêm,06F9F306-C497-EB11-80FF-509A4C8C9FAC,2021-04-07,1,81369500.00,79744610.00,1319200.00,0.00,305690.00,76390.00,0.00,277,154,62,7,23799500.00,17598589.53,0.00,23,4,300,1.68,0.00,37,38422910.47,system,2021-04-08 00:09:36.097,system,NULL,4
ICOOL Thành Thái,3AC358BF-C397-EB11-80FF-509A4C8C9FAC,2021-04-07,10,51704300.00,50894051.25,751510.00,58738.75,0.00,0.00,0.00,204,158,55,6,23105266.67,8933798.82,270000.00,30,3,169,1.96,0.00,28,19124985.76,system,2021-04-08 00:07:35.960,system,NULL,4
ICOOL Nguyễn Trãi,BF755554-C397-EB11-80FF-509A4C8C9FAC,2021-04-07,11,17265700.00,17039340.00,27950.00,0.00,198410.00,0.00,0.00,38,56,18,2,5906609.71,3507028.53,0.00,5,6,110,1.13,0.00,16,7625701.76,system,2021-04-08 00:04:36.420,system,NULL,4
ICOOL Mạc Đỉnh Chi,71863130-C397-EB11-80FF-509A4C8C9FAC,2021-04-07,12,75637200.00,72472645.00,2232035.00,0.00,932520.00,642920.00,0.00,221,153,45,16,16440000.00,14888378.48,0.00,13,5,240,2.05,0.00,22,41787186.52,system,2021-04-08 00:03:35.787,system,NULL,4
ICOOL Trần Bình Trọng,501B2DE3-C397-EB11-80FF-509A4C8C9FAC,2021-04-07,13,20709600.00,19926740.00,531760.00,0.00,251100.00,0.00,300000.00,57,66,25,2,9755466.67,4933936.78,923687.18,6,5.6,140,1.47,0.00,17,6461023.73,system,2021-04-08 00:08:36.070,system,NULL,4
ICOOL Cách Mạng Tháng 8,D813C2D6-C297-EB11-80FF-509A4C8C9FAC,2021-04-07,14,72696900.00,70662930.00,1028550.00,0.00,1005420.00,300882.50,0.00,178,156,58,2,21450000.01,12934673.14,0.00,17,5,300,2.07,0.00,28,36579139.35,system,2021-04-08 00:01:05.740,system,NULL,4
ICOOL Cầu Chữ Y,6AB5AEE8-C297-EB11-80FF-509A4C8C9FAC,2021-04-07,16,9599900.00,9034030.00,261500.00,0.00,304370.00,0.00,0.00,28,23,9,0,10633333.36,3729600.53,0.00,5,6,60,0.64,0.00,14,-5328903.89,system,2021-04-08 00:01:35.813,system,NULL,4
ICOOL Nhị Thiên Đường,BDA6C877-C397-EB11-80FF-509A4C8C9FAC,2021-04-07,17,30540500.00,29563790.00,321790.00,0.00,654920.00,0.00,0.00,59,40,20,2,10126666.66,6995472.06,0.00,2,7,140,1.25,0.00,16,12441651.28,system,2021-04-08 00:05:35.897,system,NULL,4
ICOOL Trần Não,F35909F5-C397-EB11-80FF-509A4C8C9FAC,2021-04-07,18,61344200.00,59832730.00,1248570.00,0.00,262900.00,642200.00,0.00,170,172,40,3,16633333.34,13031961.91,0.00,11,5,220,2,0.00,20,30809634.75,system,2021-04-08 00:09:06.037,system,NULL,4
ICOOL Nguyễn Tri Phương,0ADEF065-C397-EB11-80FF-509A4C8C9FAC,2021-04-07,19,14962300.00,13584305.00,1115500.00,0.00,262495.00,0.00,0.00,39,53,18,3,9670000.00,2535621.34,0.00,2,6.11,110,1.13,0.00,16,1378683.66,system,2021-04-08 00:05:05.960,system,NULL,4
ICOOL Đồng Đen,476087FA-C297-EB11-80FF-509A4C8C9FAC,2021-04-07,22,31029400.00,30170440.00,749200.00,62680.00,47080.00,0.00,0.00,88,114,35,5,13614000.00,6019561.01,0.00,20,4,170,1.4,0.00,25,10536878.99,system,2021-04-08 00:02:05.753,system,NULL,4
ICOOL Phan Chu Trinh,2E63AC89-C397-EB11-80FF-509A4C8C9FAC,2021-04-07,23,25311800.00,24876080.00,380360.00,0.00,55360.00,0.00,0.00,62,43,22,4,6901866.67,5237372.91,0.00,7,4.55,100,1.57,0.00,14,12736840.42,system,2021-04-08 00:06:05.910,system,NULL,4
ICOOL Phan Xích Long,C2D0969B-C397-EB11-80FF-509A4C8C9FAC,2021-04-07,24,76267100.00,75379200.00,267500.00,0.00,620400.00,325098.00,0.00,190,211,55,10,14500000.00,14084130.68,0.00,33,5,280,2.2,0.00,25,47120167.32,system,2021-04-08 00:06:35.967,system,NULL,4
ICOOL Vũng Tàu,E65BD118-C497-EB11-80FF-509A4C8C9FAC,2021-04-07,25,4691600.00,4591380.00,0.00,0.00,100220.00,0.00,0.00,12,9,5,0,6566666.67,1237365.64,0.00,2,22,110,0.29,0.00,17,-3212652.31,system,2021-04-08 00:10:06.067,system,NULL,4
ICOOL Phú Quốc,B7B37AAD-C397-EB11-80FF-509A4C8C9FAC,2021-04-07,26,5386600.00,4141400.00,1245200.00,0.00,0.00,0.00,0.00,14,15,4,2,12933333.33,1228265.05,0.00,1,2.25,9,0.16,0.00,25,-10020198.38,system,2021-04-08 00:07:05.983,system,NULL,4
ICOOL Xô Viết Nghệ Tĩnh,573CB42A-C497-EB11-80FF-509A4C8C9FAC,2021-04-07,4,37206100.00,36639210.00,566890.00,0.00,0.00,0.00,0.00,111,88,32,4,12916666.67,6523113.25,0.00,11,7,230,1.1,0.00,29,17199430.08,system,2021-04-08 00:10:36.077,system,NULL,4
ICOOL Tô Ký,2AEA3CD1-C397-EB11-80FF-509A4C8C9FAC,2021-04-07,5,20286600.00,19282975.00,401315.00,65060.00,537250.00,0.00,0.00,37,48,18,0,11283333.35,4853090.20,0.00,1,7,140,0.69,0.00,26,3146551.45,system,2021-04-08 00:08:05.977,system,NULL,4
ICOOL Bình Phú,586DDFC4-C297-EB11-80FF-509A4C8C9FAC,2021-04-07,6,41947200.00,40369110.00,1164010.00,76210.00,337870.00,0.00,0.00,127,91,33,0,3833333.33,8706633.58,0.00,9,5.76,190,1.38,0.00,24,27829143.09,system,2021-04-08 00:00:35.733,system,NULL,4
ICOOL Dương Bá Trạc,86AA6B0C-C397-EB11-80FF-509A4C8C9FAC,2021-04-07,7,71672700.00,69547555.00,1214105.00,87190.00,823850.00,0.00,0.00,171,149,48,3,16166666.66,15092552.69,0.00,15,7,350,1.85,0.00,26,38288335.65,system,2021-04-08 00:02:35.770,system,NULL,4
ICOOL Nguyễn Sơn,35901442-C397-EB11-80FF-509A4C8C9FAC,2021-04-07,9,29203600.00,27870380.00,437250.00,0.00,895970.00,0.00,0.00,94,78,32,5,10582583.33,6271126.25,0.00,11,4.38,140,2.13,0.00,15,11016670.42,system,2021-04-08 00:04:05.797,system,NULL,4
ICOOL Ung Văn Khiêm,64B49A31-8D98-EB11-80FF-509A4C8C9FAC,2021-04-08,1,109462700.00,106256200.00,1810650.00,59000.00,1336850.00,147700.00,0.00,384,184,80,8,23799500.00,22443104.55,0.00,27,3,300,2.16,0.00,37,60161295.45,system,2021-04-09 00:09:36.497,system,NULL,4
ICOOL Thành Thái,C2080BEA-8C98-EB11-80FF-509A4C8C9FAC,2021-04-08,10,55285900.00,52718503.00,1319737.00,160710.00,1086950.00,0.00,150000.00,178,137,57,6,23105266.67,11675865.81,240000.00,31,3,202,2.04,0.00,28,18327370.52,system,2021-04-09 00:07:36.433,system,NULL,4
ICOOL Nguyễn Trãi,9163AC7E-8C98-EB11-80FF-509A4C8C9FAC,2021-04-08,11,11079600.00,10455730.00,290000.00,0.00,333870.00,0.00,0.00,21,32,12,0,5906609.71,2154664.43,0.00,2,9,110,0.75,0.00,16,2394455.86,system,2021-04-09 00:04:36.300,system,NULL,4
ICOOL Mạc Đỉnh Chi,724EE95A-8C98-EB11-80FF-509A4C8C9FAC,2021-04-08,12,75755800.00,73417395.00,1099325.00,0.00,1239080.00,759290.00,0.00,191,140,40,9,16440000.00,14527533.10,0.00,16,6,250,1.82,0.00,22,43209151.90,system,2021-04-09 00:03:36.300,system,NULL,4
ICOOL Trần Bình Trọng,DE20C90D-8D98-EB11-80FF-509A4C8C9FAC,2021-04-08,13,46782700.00,44797355.25,1486645.00,67429.75,431270.00,0.00,0.00,111,105,38,3,9755466.67,9951340.87,0.00,8,4.21,160,2.24,0.00,17,25090547.72,system,2021-04-09 00:08:36.400,system,NULL,4
ICOOL Cách Mạng Tháng 8,18A07701-8C98-EB11-80FF-509A4C8C9FAC,2021-04-08,14,83258400.00,80662490.00,2309830.00,71400.00,214680.00,327450.00,230000.00,215,194,61,9,21450000.01,14957350.43,0.00,20,5,330,2.18,0.00,28,44812589.56,system,2021-04-09 00:01:06.237,system,NULL,4
ICOOL Cầu Chữ Y,E7CC5113-8C98-EB11-80FF-509A4C8C9FAC,2021-04-08,16,10846700.00,10397780.00,394000.00,0.00,54920.00,0.00,0.00,31,24,10,2,10633333.37,4297123.67,0.00,2,7,70,0.71,0.00,14,-4532677.04,system,2021-04-09 00:01:36.190,system,NULL,4
ICOOL Nhị Thiên Đường,D1D672A2-8C98-EB11-80FF-509A4C8C9FAC,2021-04-08,17,16646200.00,15804860.00,300000.00,0.00,541340.00,0.00,0.00,37,26,15,0,10126666.66,3892688.77,49000.00,2,8,130,0.94,0.00,16,1834504.57,system,2021-04-09 00:05:36.320,system,NULL,4
ICOOL Trần Não,63B8B01F-8D98-EB11-80FF-509A4C8C9FAC,2021-04-08,18,90002401.00,85946820.90,1723780.00,101000.00,2230800.10,195840.00,0.00,321,173,56,6,16633333.34,20016892.59,23500.00,21,4,230,2.8,0.00,20,49515934.97,system,2021-04-09 00:09:06.440,system,NULL,4
ICOOL Nguyễn Tri Phương,2C9D9190-8C98-EB11-80FF-509A4C8C9FAC,2021-04-08,19,18285900.00,17438710.00,412550.00,0.00,434640.00,171770.00,0.00,47,55,21,3,9670000.00,3393052.81,0.00,1,6.19,130,1.31,0.00,16,4547427.19,system,2021-04-09 00:05:06.323,system,NULL,4
ICOOL Đồng Đen,089E3625-8C98-EB11-80FF-509A4C8C9FAC,2021-04-08,22,43308200.00,41879190.00,562900.00,0.00,866110.00,0.00,0.00,154,104,38,9,13614000.00,10191502.73,0.00,20,5,211,1.52,0.00,25,18073687.27,system,2021-04-09 00:02:06.210,system,NULL,4
ICOOL Phan Chu Trinh,A0F957B4-8C98-EB11-80FF-509A4C8C9FAC,2021-04-08,23,23082500.00,22640075.00,364905.00,0.00,77520.00,0.00,0.00,55,33,21,5,6901866.67,4496203.63,0.00,6,5.24,110,1.5,0.00,14,11242004.70,system,2021-04-09 00:06:06.343,system,NULL,4
ICOOL Phan Xích Long,07D63DC6-8C98-EB11-80FF-509A4C8C9FAC,2021-04-08,24,76648200.00,76121235.00,526965.00,0.00,0.00,190100.00,0.00,170,241,62,16,14500000.00,12561727.01,444925.00,30,4,280,2.48,0.00,25,49694532.99,system,2021-04-09 00:06:36.370,system,NULL,4
ICOOL Vũng Tàu,87F67D43-8D98-EB11-80FF-509A4C8C9FAC,2021-04-08,25,10309500.00,10164500.00,145000.00,0.00,0.00,0.00,0.00,38,22,9,0,6566666.67,2182252.95,0.00,1,12,110,0.53,0.00,17,1415580.38,system,2021-04-09 00:10:06.503,system,NULL,4
ICOOL Phú Quốc,934724D8-8C98-EB11-80FF-509A4C8C9FAC,2021-04-08,26,2201000.00,1161500.00,1039500.00,0.00,0.00,0.00,0.00,4,4,2,0,12933333.33,289738.81,0.00,0,4.5,9,0.08,0.00,25,-12061572.14,system,2021-04-09 00:07:06.400,system,NULL,4
ICOOL Xô Viết Nghệ Tĩnh,E7C06555-8D98-EB11-80FF-509A4C8C9FAC,2021-04-08,4,47091300.00,45287195.00,1518885.00,0.00,285220.00,0.00,0.00,143,112,44,4,12916666.67,10497186.87,0.00,17,5,230,1.52,0.00,29,21873341.46,system,2021-04-09 00:10:36.543,system,NULL,4
ICOOL Tô Ký,1B30E7FB-8C98-EB11-80FF-509A4C8C9FAC,2021-04-08,5,22464200.00,21637712.00,513728.00,0.00,312760.00,0.00,0.00,62,53,21,1,11283333.35,5135912.92,0.00,10,6,140,0.81,0.00,26,5218465.73,system,2021-04-09 00:08:06.400,system,NULL,4
ICOOL Bình Phú,D18D96EF-8B98-EB11-80FF-509A4C8C9FAC,2021-04-08,6,48373500.00,47789420.00,39800.00,49050.00,495230.00,0.00,0.00,133,105,41,0,3833333.33,11268259.78,0.00,10,4.63,190,1.71,0.00,24,32687826.89,system,2021-04-09 00:00:36.240,system,NULL,4
ICOOL Dương Bá Trạc,8B471C37-8C98-EB11-80FF-509A4C8C9FAC,2021-04-08,7,71991900.00,71272330.00,223880.00,0.00,495690.00,228500.00,0.00,168,130,53,4,16166666.66,14008272.77,0.00,20,6,350,2.04,0.00,26,41325890.57,system,2021-04-09 00:02:36.237,system,NULL,4
ICOOL Nguyễn Sơn,DE45C66C-8C98-EB11-80FF-509A4C8C9FAC,2021-04-08,9,19990600.00,19120600.00,870000.00,0.00,0.00,92440.00,0.00,64,49,22,2,10582583.33,5947083.65,1958918.51,7,6.36,140,1.47,0.00,15,4642291.53,system,2021-04-09 00:04:06.267,system,NULL,4
ICOOL Ung Văn Khiêm,D22C5A5C-5699-EB11-80FF-509A4C8C9FAC,2021-04-09,1,150643000.00,146811123.00,2807127.00,0.00,1024750.00,1031110.00,0.00,424,202,89,8,23799500.00,30365025.97,0.00,29,3,300,2.41,0.00,37,93677707.03,system,2021-04-10 00:09:37.057,system,NULL,4
ICOOL Thành Thái,4CC5CE14-5699-EB11-80FF-509A4C8C9FAC,2021-04-09,10,96176000.00,93922065.00,1170465.00,128690.00,954780.00,653000.00,0.00,294,243,65,6,23105266.67,19590638.78,240000.00,23,4,266,2.32,0.00,28,52119159.55,system,2021-04-10 00:07:37.023,system,NULL,4
ICOOL Nguyễn Trãi,87CF65A9-5599-EB11-80FF-509A4C8C9FAC,2021-04-09,11,21011200.00,20494860.00,437190.00,0.00,79150.00,0.00,0.00,38,47,14,0,5906609.71,4258936.91,142800.00,5,10,140,0.88,0.00,16,10472113.38,system,2021-04-10 00:04:36.820,system,NULL,4
ICOOL Mạc Đỉnh Chi,BBA39E85-5599-EB11-80FF-509A4C8C9FAC,2021-04-09,12,105427500.00,102425030.00,1880270.00,0.00,1122200.00,1145080.00,0.00,304,219,58,9,16440000.00,18529290.73,0.00,27,4,270,2.64,0.00,22,68600819.27,system,2021-04-10 00:03:36.797,system,NULL,4
ICOOL Trần Bình Trọng,E0B89138-5699-EB11-80FF-509A4C8C9FAC,2021-04-09,13,46871400.00,44672909.00,1588401.00,0.00,610090.00,0.00,0.00,110,94,32,4,9755466.67,8974703.68,0.00,11,5.63,180,1.88,0.00,17,25942738.66,system,2021-04-10 00:08:37.023,system,NULL,4
ICOOL Cách Mạng Tháng 8,2E37342C-5599-EB11-80FF-509A4C8C9FAC,2021-04-09,14,111411200.00,109269385.00,1551725.00,131750.00,458340.00,419060.00,0.00,274,211,67,11,21450000.01,18902014.67,0.00,20,5,350,2.39,0.00,28,69336430.32,system,2021-04-10 00:01:06.780,system,NULL,4
ICOOL Cầu Chữ Y,E4FB0D3E-5599-EB11-80FF-509A4C8C9FAC,2021-04-09,16,17587200.00,16881700.00,290000.00,0.00,415500.00,0.00,0.00,46,44,17,3,10633333.37,6579850.47,0.00,6,4.71,80,1.21,0.00,14,-331483.84,system,2021-04-10 00:01:36.730,system,NULL,4
ICOOL Nhị Thiên Đường,F3E330CD-5599-EB11-80FF-509A4C8C9FAC,2021-04-09,17,24859600.00,24317870.00,0.00,0.00,541730.00,0.00,0.00,46,39,21,2,10126666.66,5420505.01,0.00,2,8,170,1.31,0.00,16,8770698.33,system,2021-04-10 00:05:36.870,system,NULL,4
ICOOL Trần Não,C52F6F4A-5699-EB11-80FF-509A4C8C9FAC,2021-04-09,18,128999900.00,126472880.00,1358000.00,138270.00,1030750.00,942010.00,0.00,252,294,61,8,16633333.34,26396845.40,23500.00,17,4,250,3.05,0.00,20,84408211.26,system,2021-04-10 00:09:06.997,system,NULL,4
ICOOL Nguyễn Tri Phương,EA1A5BBB-5599-EB11-80FF-509A4C8C9FAC,2021-04-09,19,27084200.00,26524980.00,435000.00,0.00,124220.00,0.00,0.00,82,88,28,4,9670000.00,5242460.43,0.00,7,5,140,1.75,0.00,16,11612519.57,system,2021-04-10 00:05:06.950,system,NULL,4
ICOOL Đồng Đen,B569F44F-5599-EB11-80FF-509A4C8C9FAC,2021-04-09,22,68045000.00,66941425.00,377000.00,90525.00,636050.00,0.00,0.00,248,187,49,6,13614000.00,11544539.87,0.00,19,5,250,1.96,0.00,25,41782885.13,system,2021-04-10 00:02:06.760,system,NULL,4
ICOOL Phan Chu Trinh,23FA14DF-5599-EB11-80FF-509A4C8C9FAC,2021-04-09,23,31774400.00,31533575.00,240825.00,0.00,0.00,115990.00,0.00,71,56,23,4,6901866.67,6064027.53,0.00,4,5.65,130,1.64,0.00,14,18683670.80,system,2021-04-10 00:06:06.887,system,NULL,4
ICOOL Phan Xích Long,F31EFBF0-5599-EB11-80FF-509A4C8C9FAC,2021-04-09,24,105646600.00,102159894.00,2149476.00,89620.00,1247610.00,228950.00,0.00,236,241,60,15,14500000.00,18952706.58,0.00,30,4,280,2.4,0.00,25,68936137.42,system,2021-04-10 00:06:36.917,system,NULL,4
ICOOL Vũng Tàu,BE2C316E-5699-EB11-80FF-509A4C8C9FAC,2021-04-09,25,19930800.00,19781000.00,149800.00,0.00,0.00,0.00,0.00,53,46,19,1,6566666.67,4248052.86,0.00,4,7,150,1.12,0.00,17,8966280.47,system,2021-04-10 00:10:06.987,system,NULL,4
ICOOL Phú Quốc,D332DD02-5699-EB11-80FF-509A4C8C9FAC,2021-04-09,26,4127000.00,3090500.00,1036500.00,0.00,0.00,0.00,0.00,7,9,3,0,12933333.33,702190.43,0.00,0,3.67,11,0.12,0.00,25,-10545023.76,system,2021-04-10 00:07:06.920,system,NULL,4
ICOOL Xô Viết Nghệ Tĩnh,6A171A80-5699-EB11-80FF-509A4C8C9FAC,2021-04-09,4,75349400.00,73184105.00,1871325.00,0.00,293970.00,238900.00,0.00,222,169,64,2,12916666.67,16075337.42,0.00,30,3,230,2.21,0.00,29,44431000.91,system,2021-04-10 00:10:37.033,system,NULL,4
ICOOL Tô Ký,CCC6A326-5699-EB11-80FF-509A4C8C9FAC,2021-04-09,5,37842200.00,36273325.00,939355.00,20450.00,609070.00,0.00,120000.00,87,71,27,3,11283333.35,8447298.36,0.00,4,6,170,1.04,0.00,26,16662693.29,system,2021-04-10 00:08:06.940,system,NULL,4
ICOOL Bình Phú,F3654D1A-5599-EB11-80FF-509A4C8C9FAC,2021-04-09,6,63198500.00,62514230.00,622270.00,0.00,62000.00,0.00,0.00,160,111,41,5,3833333.33,12629840.53,162291.67,7,5.12,210,1.71,0.00,24,46213347.80,system,2021-04-10 00:00:36.747,system,NULL,4
ICOOL Dương Bá Trạc,C56BDA61-5599-EB11-80FF-509A4C8C9FAC,2021-04-09,7,94942100.00,92571400.00,2077660.00,0.00,293040.00,0.00,0.00,196,171,57,9,16166666.66,18290407.64,0.00,20,6,350,2.19,0.00,26,58114325.70,system,2021-04-10 00:02:36.790,system,NULL,4
ICOOL Nguyễn Sơn,F3168197-5599-EB11-80FF-509A4C8C9FAC,2021-04-09,9,34067900.00,33026940.00,909800.00,0.00,131160.00,118044.00,0.00,103,85,34,3,10582583.33,7209350.24,98000.00,20,4.71,160,2.27,0.00,15,15451050.43,system,2021-04-10 00:04:06.800,system,NULL,4
ICOOL Ung Văn Khiêm,539E1587-1F9A-EB11-80FF-509A4C8C9FAC,2021-04-10,1,206474700.00,201391911.00,2999649.00,185110.00,1898030.00,541537.10,0.00,598,427,122,11,23799500.00,41934061.14,0.00,47,2,300,3.3,0.00,37,136199886.96,system,2021-04-11 00:09:37.590,system,NULL,4
ICOOL Thành Thái,E389A43F-1F9A-EB11-80FF-509A4C8C9FAC,2021-04-10,10,123863200.00,120166472.00,1808768.00,0.00,1887960.00,130720.00,0.00,327,239,78,9,23105266.67,26074452.39,255000.00,39,3,287,2.79,0.00,28,71372472.94,system,2021-04-11 00:07:37.733,system,NULL,4
ICOOL Nguyễn Trãi,6F8A21D4-1E9A-EB11-80FF-509A4C8C9FAC,2021-04-10,11,36200900.00,35236620.00,406000.00,0.00,558280.00,0.00,0.00,69,94,32,1,5906609.71,6243753.01,0.00,7,4,140,2,0.00,16,23086257.28,system,2021-04-11 00:04:37.360,system,NULL,4
ICOOL Mạc Đỉnh Chi,9F0AACB0-1E9A-EB11-80FF-509A4C8C9FAC,2021-04-10,12,101465300.00,98408350.00,2673990.00,0.00,382960.00,291130.00,0.00,299,187,59,8,16440000.00,18699622.92,0.00,19,4,260,2.68,0.00,22,63559857.08,system,2021-04-11 00:03:37.867,system,NULL,4
ICOOL Trần Bình Trọng,A38D4263-1F9A-EB11-80FF-509A4C8C9FAC,2021-04-10,13,35195700.00,34201250.00,414300.00,0.00,580150.00,0.00,0.00,92,88,32,3,9755466.67,6222196.01,0.00,9,5.63,180,1.88,0.00,17,18223587.33,system,2021-04-11 00:08:37.490,system,NULL,4
ICOOL Cách Mạng Tháng 8,A652EF56-1E9A-EB11-80FF-509A4C8C9FAC,2021-04-10,14,123940100.00,120235485.00,1957520.00,166345.00,1580750.00,155250.00,0.00,305,264,82,6,21450000.01,20913707.29,0.00,35,4,360,2.93,0.00,28,78027027.70,system,2021-04-11 00:01:07.313,system,NULL,4
ICOOL Cầu Chữ Y,2FC3D168-1E9A-EB11-80FF-509A4C8C9FAC,2021-04-10,16,27722601.00,26509136.00,831415.00,0.00,382050.00,0.00,0.00,77,60,20,4,10633333.37,9692457.29,0.00,4,4,80,1.43,0.00,14,6183345.34,system,2021-04-11 00:01:37.320,system,NULL,4
ICOOL Nhị Thiên Đường,A1C5EBF7-1E9A-EB11-80FF-509A4C8C9FAC,2021-04-10,17,57488300.00,56634730.00,225000.00,0.00,628570.00,0.00,0.00,116,86,44,3,10126666.66,12485613.02,0.00,4,3,170,2.75,0.00,16,34022450.32,system,2021-04-11 00:05:37.403,system,NULL,4
ICOOL Trần Não,DA6E2475-1F9A-EB11-80FF-509A4C8C9FAC,2021-04-10,18,101891400.00,101426600.00,354725.00,110075.00,0.00,130420.00,363000.00,246,283,61,5,16633333.34,34816794.90,15025632.30,15,4,260,3.05,0.00,20,65495524.06,system,2021-04-11 00:09:07.490,system,NULL,4
ICOOL Nguyễn Tri Phương,EBC208E6-1E9A-EB11-80FF-509A4C8C9FAC,2021-04-10,19,37000400.00,36355695.00,415665.00,0.00,229040.00,0.00,0.00,108,111,37,2,9670000.00,6193843.87,0.00,4,3.78,140,2.31,0.00,16,20491851.13,system,2021-04-11 00:05:07.393,system,NULL,4
ICOOL Đồng Đen,339AB77A-1E9A-EB11-80FF-509A4C8C9FAC,2021-04-10,22,94849500.00,92001840.00,1008410.00,274940.00,1564310.00,254400.00,0.00,301,262,73,8,13614000.00,17881299.55,0.00,38,3,250,2.92,0.00,25,60760940.45,system,2021-04-11 00:02:07.347,system,NULL,4
ICOOL Phan Chu Trinh,1323D209-1F9A-EB11-80FF-509A4C8C9FAC,2021-04-10,23,53115100.00,51191260.00,1572400.00,0.00,351440.00,272950.00,0.00,118,81,40,6,6901866.67,10317851.87,0.00,13,3.25,130,2.86,0.00,14,34244491.46,system,2021-04-11 00:06:07.433,system,NULL,4
ICOOL Phan Xích Long,3763B31B-1F9A-EB11-80FF-509A4C8C9FAC,2021-04-10,24,118136800.00,114749270.00,2555480.00,0.00,832050.00,0.00,0.00,233,288,63,6,14500000.00,24333975.70,95000.00,34,4,280,2.52,0.00,25,76010294.30,system,2021-04-11 00:06:37.433,system,NULL,4
ICOOL Vũng Tàu,920CFE98-1F9A-EB11-80FF-509A4C8C9FAC,2021-04-10,25,52980000.00,51256020.00,966750.00,0.00,757230.00,132300.00,0.00,170,154,48,2,6566666.67,11460432.26,0.00,12,3,150,2.82,0.00,17,33361221.07,system,2021-04-11 00:10:07.637,system,NULL,4
ICOOL Phú Quốc,7B9B942D-1F9A-EB11-80FF-509A4C8C9FAC,2021-04-10,26,10028900.00,7985960.00,1794450.00,0.00,248490.00,0.00,0.00,22,15,6,0,12933333.33,2374346.85,0.00,0,1.83,11,0.24,0.00,25,-7321720.18,system,2021-04-11 00:07:07.430,system,NULL,4
ICOOL Xô Viết Nghệ Tĩnh,7809D0AA-1F9A-EB11-80FF-509A4C8C9FAC,2021-04-10,4,114177900.00,112503028.00,1674872.00,0.00,0.00,0.00,0.00,276,192,83,7,12916666.67,25228580.31,0.00,47,2,230,2.86,0.00,29,74357781.02,system,2021-04-11 00:10:37.533,system,NULL,4
ICOOL Tô Ký,DDC26251-1F9A-EB11-80FF-509A4C8C9FAC,2021-04-10,5,58530000.00,56798464.00,1121936.00,0.00,609600.00,0.00,0.00,132,127,44,2,11283333.35,13122539.50,86510.00,5,4,180,1.69,0.00,26,32479101.15,system,2021-04-11 00:08:07.500,system,NULL,4
ICOOL Bình Phú,75EF0745-1E9A-EB11-80FF-509A4C8C9FAC,2021-04-10,6,109261100.00,107464615.00,808735.00,0.00,987750.00,141200.00,0.00,273,216,76,4,3833333.33,23545352.84,1531250.00,25,2.76,210,3.17,0.00,24,81758378.82,system,2021-04-11 00:00:37.273,system,NULL,4
ICOOL Dương Bá Trạc,C70F9C8C-1E9A-EB11-80FF-509A4C8C9FAC,2021-04-10,7,142546400.00,139185310.00,992240.00,371970.00,1996880.00,0.00,0.00,320,273,90,10,16166666.66,26895925.32,0.00,27,3,350,3.46,0.00,26,96122718.02,system,2021-04-11 00:02:37.367,system,NULL,4
ICOOL Nguyễn Sơn,C18D42C2-1E9A-EB11-80FF-509A4C8C9FAC,2021-04-10,9,61117600.00,60011360.00,931000.00,0.00,175240.00,0.00,300000.00,149,140,46,5,10582583.33,42329740.11,29177200.00,26,3.48,160,3.07,0.00,15,36576236.56,system,2021-04-11 00:04:07.373,system,NULL,4
ICOOL Ung Văn Khiêm,3949C2B1-E89A-EB11-80FF-509A4C8C9FAC,2021-04-11,1,85725200.00,84571160.00,498410.00,524230.00,131400.00,0.00,0.00,316,133,61,8,23799500.00,15178167.92,0.00,31,4,300,1.65,0.00,37,45593492.08,system,2021-04-12 00:09:38.030,system,NULL,4
ICOOL Thành Thái,3E74386A-E89A-EB11-80FF-509A4C8C9FAC,2021-04-11,10,102930600.00,100561038.00,1800202.00,253670.00,315690.00,0.00,0.00,329,303,79,17,23105266.67,18423549.15,330000.00,34,3,298,2.82,0.00,28,59362222.18,system,2021-04-12 00:07:38.007,system,NULL,4
ICOOL Nguyễn Trãi,3619DEFE-E79A-EB11-80FF-509A4C8C9FAC,2021-04-11,11,31658800.00,30956710.00,674280.00,27810.00,0.00,0.00,0.00,67,93,29,1,5906609.71,4608121.91,0.00,8,4,130,1.81,0.00,16,20441978.38,system,2021-04-12 00:04:37.900,system,NULL,4
ICOOL Mạc Đỉnh Chi,B86818DB-E79A-EB11-80FF-509A4C8C9FAC,2021-04-11,12,75980500.00,74756695.00,774275.00,0.00,449530.00,0.00,0.00,177,179,53,3,16440000.00,13251589.11,0.00,23,5,270,2.41,0.00,22,45065105.89,system,2021-04-12 00:03:37.883,system,NULL,4
ICOOL Trần Bình Trọng,D8B7F88D-E89A-EB11-80FF-509A4C8C9FAC,2021-04-11,13,40409700.00,38236728.00,1479292.00,0.00,693680.00,0.00,0.00,90,86,32,4,9755466.67,7954711.10,0.00,8,4.38,140,1.88,0.00,17,20526550.23,system,2021-04-12 00:08:37.990,system,NULL,4
ICOOL Cách Mạng Tháng 8,DDC6A381-E79A-EB11-80FF-509A4C8C9FAC,2021-04-11,14,69492400.00,67187272.00,587230.00,365198.00,1352700.00,215600.00,0.00,134,157,56,6,21450000.01,10833871.95,0.00,23,6,360,2,0.00,28,35119000.04,system,2021-04-12 00:01:07.803,system,NULL,4
ICOOL Cầu Chữ Y,EC78AB93-E79A-EB11-80FF-509A4C8C9FAC,2021-04-11,16,14027300.00,13672000.00,319700.00,0.00,35600.00,0.00,0.00,36,36,13,1,10633333.37,5502253.62,0.00,5,5.38,70,0.93,0.00,14,-2463586.99,system,2021-04-12 00:01:38.053,system,NULL,4
ICOOL Nhị Thiên Đường,59FCA122-E89A-EB11-80FF-509A4C8C9FAC,2021-04-11,17,21114400.00,20888120.00,0.00,0.00,226280.00,0.00,0.00,45,38,22,1,10126666.66,3983828.20,0.00,4,6,150,1.38,0.00,16,6777625.14,system,2021-04-12 00:05:37.903,system,NULL,4
ICOOL Trần Não,FE42DE9F-E89A-EB11-80FF-509A4C8C9FAC,2021-04-11,18,88515700.00,87939750.00,575950.00,0.00,0.00,404400.00,0.00,217,209,56,3,16633333.34,18135145.16,0.00,26,4,250,2.8,0.00,20,53575671.50,system,2021-04-12 00:09:08.017,system,NULL,4
ICOOL Nguyễn Tri Phương,A9F6C510-E89A-EB11-80FF-509A4C8C9FAC,2021-04-11,19,17017200.00,16566570.00,290000.00,0.00,160630.00,0.00,0.00,45,62,24,3,9670000.00,2686813.43,0.00,7,5.83,140,1.5,0.00,16,4209756.57,system,2021-04-12 00:05:07.940,system,NULL,4
ICOOL Đồng Đen,2DA573A5-E79A-EB11-80FF-509A4C8C9FAC,2021-04-11,22,86752000.00,85047675.00,1076425.00,0.00,627900.00,429580.00,0.00,265,176,60,9,13614000.00,17372718.87,0.00,43,4,240,2.4,0.00,25,54490536.13,system,2021-04-12 00:02:07.887,system,NULL,4
ICOOL Phan Chu Trinh,32758534-E89A-EB11-80FF-509A4C8C9FAC,2021-04-11,23,27382400.00,26825275.00,557125.00,0.00,0.00,0.00,0.00,78,55,26,5,6901866.67,4772581.96,0.00,9,4.62,120,1.86,0.00,14,15150826.38,system,2021-04-12 00:06:07.917,system,NULL,4
ICOOL Phan Xích Long,E0926B46-E89A-EB11-80FF-509A4C8C9FAC,2021-04-11,24,75869300.00,74218965.00,1481835.00,0.00,168500.00,0.00,0.00,199,211,61,6,14500000.00,11963869.54,0.00,36,4,280,2.44,0.00,25,47755095.46,system,2021-04-12 00:06:37.947,system,NULL,4
ICOOL Vũng Tàu,52EDA6C3-E89A-EB11-80FF-509A4C8C9FAC,2021-04-11,25,12540000.00,12234200.00,161590.00,0.00,144210.00,0.00,0.00,35,35,14,5,6566666.67,2549277.15,0.00,9,9,130,0.82,0.00,17,3118256.18,system,2021-04-12 00:10:08.050,system,NULL,4
ICOOL Phú Quốc,92465758-E89A-EB11-80FF-509A4C8C9FAC,2021-04-11,26,7524000.00,6050700.00,1473300.00,0.00,0.00,0.00,0.00,18,11,5,0,12933333.33,2102471.58,0.00,4,2.2,11,0.2,0.00,25,-8985104.91,system,2021-04-12 00:07:08.010,system,NULL,4
ICOOL Xô Viết Nghệ Tĩnh,E94790D5-E89A-EB11-80FF-509A4C8C9FAC,2021-04-11,4,71474800.00,70429600.00,822260.00,0.00,222940.00,0.00,0.00,180,140,54,3,12916666.67,6818870.44,0.00,41,4,230,1.86,0.00,29,50694062.89,system,2021-04-12 00:10:38.100,system,NULL,4
ICOOL Tô Ký,07FF187C-E89A-EB11-80FF-509A4C8C9FAC,2021-04-11,5,72107400.00,69692566.00,1115694.00,83940.00,1215200.00,0.00,200000.00,144,144,50,3,11283333.35,16767227.13,0.00,13,3,190,1.92,0.00,26,41842005.52,system,2021-04-12 00:08:08.003,system,NULL,4
ICOOL Bình Phú,0F0DCB6F-E79A-EB11-80FF-509A4C8C9FAC,2021-04-11,6,57214300.00,56257745.00,542430.00,80715.00,333410.00,0.00,0.00,170,138,52,1,3833333.33,10661863.44,557750.00,24,4.04,210,2.17,0.00,24,42320298.23,system,2021-04-12 00:00:37.860,system,NULL,4
ICOOL Dương Bá Trạc,54A751B7-E79A-EB11-80FF-509A4C8C9FAC,2021-04-11,7,81051800.00,79590927.00,1159423.00,0.00,301450.00,0.00,0.00,172,154,56,8,16166666.66,18183881.93,3221560.40,23,6,350,2.15,0.00,26,48461938.81,system,2021-04-12 00:02:37.860,system,NULL,4
ICOOL Nguyễn Sơn,561FF8EC-E79A-EB11-80FF-509A4C8C9FAC,2021-04-11,9,53913400.00,52908500.00,648960.00,0.00,355940.00,0.00,0.00,148,123,42,9,10582583.33,13328555.54,1139330.14,25,3.81,160,2.8,0.00,15,30136691.28,system,2021-04-12 00:04:07.870,system,NULL,4
ICOOL Ung Văn Khiêm,415788DC-B19B-EB11-80FF-509A4C8C9FAC,2021-04-12,1,71448300.00,69255626.00,333164.00,126440.00,1733070.00,119790.00,0.00,290,63,49,4,23799500.00,15317247.37,0.00,18,6,300,1.32,0.00,37,30258668.63,system,2021-04-13 00:09:38.633,system,NULL,4
ICOOL Thành Thái,FBFFF894-B19B-EB11-80FF-509A4C8C9FAC,2021-04-12,10,59243000.00,58428875.00,633935.00,0.00,180190.00,385650.00,0.00,195,154,48,5,23105266.67,13426534.10,210968.00,17,4,222,1.71,0.00,28,22493692.23,system,2021-04-13 00:07:38.577,system,NULL,4
ICOOL Nguyễn Trãi,B6749C29-B19B-EB11-80FF-509A4C8C9FAC,2021-04-12,11,8815100.00,8720525.00,16355.00,0.00,78220.00,0.00,0.00,28,23,10,0,5906609.71,1947832.48,0.00,4,12,120,0.63,0.00,16,866082.81,system,2021-04-13 00:04:38.453,system,NULL,4
ICOOL Mạc Đỉnh Chi,4929CB05-B19B-EB11-80FF-509A4C8C9FAC,2021-04-12,12,37947400.00,36615150.00,835950.00,0.00,496300.00,394740.00,0.00,135,83,29,2,16440000.00,9362253.06,2489477.20,3,9,270,1.32,0.00,22,13697114.14,system,2021-04-13 00:03:38.363,system,NULL,4
ICOOL Trần Bình Trọng,8FD3C0B8-B19B-EB11-80FF-509A4C8C9FAC,2021-04-12,13,38729200.00,35937845.00,2050065.00,0.00,741290.00,788250.00,0.00,83,88,27,4,9755466.67,8043914.53,0.00,7,5.19,140,1.59,0.00,17,18926713.80,system,2021-04-13 00:08:38.607,system,NULL,4
ICOOL Cách Mạng Tháng 8,FC275EAC-B09B-EB11-80FF-509A4C8C9FAC,2021-04-12,14,66227500.00,63818674.00,1840126.00,0.00,568700.00,685014.40,100000.00,146,143,50,4,21450000.01,11690009.58,0.00,23,6,300,1.79,0.00,28,31463678.81,system,2021-04-13 00:01:08.330,system,NULL,4
ICOOL Cầu Chữ Y,94763ABE-B09B-EB11-80FF-509A4C8C9FAC,2021-04-12,16,11312800.00,11084445.00,228355.00,0.00,0.00,0.00,0.00,22,28,8,0,10633333.37,2427286.05,0.00,1,7.5,60,0.57,0.00,14,-1976174.42,system,2021-04-13 00:01:38.297,system,NULL,4
ICOOL Nhị Thiên Đường,623A714D-B19B-EB11-80FF-509A4C8C9FAC,2021-04-12,17,12146100.00,12029800.00,0.00,0.00,116300.00,0.00,0.00,31,21,11,0,10126666.66,2510570.62,0.00,1,10,120,0.69,0.00,16,-607437.28,system,2021-04-13 00:05:38.570,system,NULL,4
ICOOL Trần Não,A68DA6CA-B19B-EB11-80FF-509A4C8C9FAC,2021-04-12,18,79315100.00,77554050.00,947600.00,147900.00,665550.00,517630.00,500000.00,223,204,54,3,16633333.34,17458036.17,0.00,13,3,200,2.7,0.00,20,44480310.49,system,2021-04-13 00:09:08.633,system,NULL,4
ICOOL Nguyễn Tri Phương,33417F3B-B19B-EB11-80FF-509A4C8C9FAC,2021-04-12,19,19000300.00,17712500.00,911700.00,0.00,376100.00,0.00,0.00,56,57,24,2,9670000.00,3612848.76,0.00,8,5.42,130,1.5,0.00,16,4429651.24,system,2021-04-13 00:05:08.463,system,NULL,4
ICOOL Đồng Đen,E8C120D0-B09B-EB11-80FF-509A4C8C9FAC,2021-04-12,22,36772400.00,36340074.00,150846.00,0.00,281480.00,0.00,0.00,116,90,38,4,13614000.00,7349872.06,0.00,28,5,210,1.52,0.00,25,15376201.94,system,2021-04-13 00:02:08.327,system,NULL,4
ICOOL Phan Chu Trinh,5991455F-B19B-EB11-80FF-509A4C8C9FAC,2021-04-12,23,9125000.00,8808200.00,316800.00,0.00,0.00,0.00,0.00,33,22,11,1,6901866.67,1499130.86,0.00,9,9.09,100,0.79,0.00,14,407202.47,system,2021-04-13 00:06:08.483,system,NULL,4
ICOOL Phan Xích Long,42FF2771-B19B-EB11-80FF-509A4C8C9FAC,2021-04-12,24,60444600.00,57344145.00,2280925.00,65630.00,753900.00,678510.00,0.00,92,149,39,3,14500000.00,11218383.48,0.00,22,7,280,1.56,0.00,25,32304271.52,system,2021-04-13 00:06:38.487,system,NULL,4
ICOOL Vũng Tàu,195B6EEE-B19B-EB11-80FF-509A4C8C9FAC,2021-04-12,25,13044600.00,12501600.00,543000.00,0.00,0.00,0.00,0.00,53,29,11,0,6566666.67,3344034.40,0.00,5,9,100,0.65,0.00,17,2590898.93,system,2021-04-13 00:10:08.663,system,NULL,4
ICOOL Phú Quốc,8F5E0D83-B19B-EB11-80FF-509A4C8C9FAC,2021-04-12,26,8804600.00,6162800.00,2641800.00,0.00,0.00,0.00,0.00,22,15,6,0,12933333.33,2048102.54,0.00,0,1.5,9,0.24,0.00,25,-8818635.87,system,2021-04-13 00:07:08.513,system,NULL,4
ICOOL Xô Viết Nghệ Tĩnh,DEA54F00-B29B-EB11-80FF-509A4C8C9FAC,2021-04-12,4,29106000.00,28262495.50,701780.00,141724.50,0.00,0.00,0.00,83,52,28,3,12916666.67,3086663.86,0.00,14,8,230,0.97,0.00,29,12259164.97,system,2021-04-13 00:10:38.663,system,NULL,4
ICOOL Tô Ký,25C9D5A6-B19B-EB11-80FF-509A4C8C9FAC,2021-04-12,5,18995400.00,18559660.00,233480.00,0.00,202260.00,0.00,0.00,42,40,17,3,11283333.35,4760554.92,0.00,8,8,150,0.65,0.00,26,2515771.73,system,2021-04-13 00:08:08.547,system,NULL,4
ICOOL Bình Phú,AB8F749A-B09B-EB11-80FF-509A4C8C9FAC,2021-04-12,6,36213100.00,34501222.00,1320668.00,40610.00,350600.00,0.00,0.00,105,102,32,0,3833333.33,7529961.29,0.00,5,5.94,190,1.33,0.00,24,23137927.38,system,2021-04-13 00:00:38.280,system,NULL,4
ICOOL Dương Bá Trạc,DE0407E2-B09B-EB11-80FF-509A4C8C9FAC,2021-04-12,7,71445200.00,69425735.00,706075.00,21030.00,1292360.00,0.00,0.00,161,142,51,5,16166666.66,14540645.07,252337.00,15,6,350,1.96,0.00,26,38970760.27,system,2021-04-13 00:02:38.357,system,NULL,4
ICOOL Nguyễn Sơn,2805AD17-B19B-EB11-80FF-509A4C8C9FAC,2021-04-12,9,15090700.00,13922410.00,889640.00,0.00,278650.00,0.00,0.00,43,40,15,2,10582583.33,3508428.72,0.00,4,8.67,130,1,0.00,15,-168602.05,system,2021-04-13 00:04:08.363,system,NULL,4
ICOOL Ung Văn Khiêm,59F73D0B-7B9C-EB11-80FF-509A4C8C9FAC,2021-04-13,1,89564400.00,87274255.00,331105.00,83800.00,1875240.00,287080.00,0.00,331,158,66,9,23799500.00,18796245.50,0.00,16,4,300,1.78,0.00,37,44965589.50,system,2021-04-14 00:09:45.843,system,NULL,4
ICOOL Thành Thái,62D4ACC3-7A9C-EB11-80FF-509A4C8C9FAC,2021-04-13,10,73538200.00,69425610.00,3168290.00,0.00,944300.00,710912.00,0.00,219,199,56,8,23105266.67,16329198.91,0.00,40,4,245,2,0.00,28,30702056.42,system,2021-04-14 00:07:45.773,system,NULL,4
ICOOL Nguyễn Trãi,13245658-7A9C-EB11-80FF-509A4C8C9FAC,2021-04-13,11,16244700.00,16180990.00,63710.00,0.00,0.00,0.00,0.00,59,49,20,3,5906609.71,2877462.86,0.00,8,5,110,1.25,0.00,16,7396917.43,system,2021-04-14 00:04:45.690,system,NULL,4
ICOOL Mạc Đỉnh Chi,54BF9134-7A9C-EB11-80FF-509A4C8C9FAC,2021-04-13,12,69292001.00,67900149.90,1131851.00,0.00,260000.10,382200.00,0.00,221,123,42,2,16440000.00,12520101.87,0.00,7,6,270,1.91,0.00,22,39322248.03,system,2021-04-14 00:03:45.680,system,NULL,4
ICOOL Trần Bình Trọng,08A278E7-7A9C-EB11-80FF-509A4C8C9FAC,2021-04-13,13,28692500.00,26979725.00,1087675.00,0.00,625100.00,0.00,0.00,73,78,26,5,9755466.67,5865884.77,0.00,10,5.38,140,1.53,0.00,17,11358373.56,system,2021-04-14 00:08:45.830,system,NULL,4
ICOOL Cách Mạng Tháng 8,324223DB-799C-EB11-80FF-509A4C8C9FAC,2021-04-13,14,60650101.00,57488016.00,1475745.00,0.00,1686340.00,93690.00,0.00,134,134,49,4,21450000.01,10802751.15,0.00,15,6,300,1.75,0.00,28,25328954.84,system,2021-04-14 00:01:15.640,system,NULL,4
ICOOL Cầu Chữ Y,40F812ED-799C-EB11-80FF-509A4C8C9FAC,2021-04-13,16,10499900.00,10053340.00,319960.00,0.00,126600.00,0.00,0.00,24,16,9,0,10633333.37,2352354.15,0.00,1,6.67,60,0.64,0.00,14,-2932347.52,system,2021-04-14 00:01:45.733,system,NULL,4
ICOOL Nhị Thiên Đường,F19C1C7C-7A9C-EB11-80FF-509A4C8C9FAC,2021-04-13,17,9164100.00,9164100.00,0.00,0.00,0.00,0.00,0.00,31,14,9,0,10126666.66,1748352.36,0.00,2,14,130,0.56,0.00,16,-2710919.02,system,2021-04-14 00:05:45.710,system,NULL,4
ICOOL Trần Não,C57FAFF9-7A9C-EB11-80FF-509A4C8C9FAC,2021-04-13,18,88693400.00,87614000.00,773840.00,305560.00,0.00,354300.00,100000.00,209,262,55,0,16633333.34,18364808.30,0.00,18,3,210,2.75,0.00,20,53070158.36,system,2021-04-14 00:09:16.390,system,NULL,4
ICOOL Nguyễn Tri Phương,2D11546A-7A9C-EB11-80FF-509A4C8C9FAC,2021-04-13,19,18516400.00,17977100.00,539300.00,0.00,0.00,0.00,0.00,60,46,21,0,9670000.00,3598464.53,0.00,6,6.19,130,1.31,0.00,16,4708635.47,system,2021-04-14 00:05:15.877,system,NULL,4
ICOOL Đồng Đen,3115E7FE-799C-EB11-80FF-509A4C8C9FAC,2021-04-13,22,35711200.00,34422910.00,866700.00,95070.00,326520.00,0.00,0.00,111,132,34,12,13614000.00,7129837.19,0.00,10,5,180,1.36,0.00,25,13679072.81,system,2021-04-14 00:02:15.643,system,NULL,4
ICOOL Phan Chu Trinh,7896088E-7A9C-EB11-80FF-509A4C8C9FAC,2021-04-13,23,9460400.00,9357300.00,0.00,0.00,103100.00,0.00,0.00,31,15,10,1,6901866.67,1949480.53,0.00,0,9,90,0.71,0.00,14,505952.80,system,2021-04-14 00:06:15.777,system,NULL,4
ICOOL Phan Xích Long,70CDE89F-7A9C-EB11-80FF-509A4C8C9FAC,2021-04-13,24,69490800.00,68246061.00,826455.00,134300.00,283984.00,126180.00,0.00,151,207,52,10,14500000.00,12346841.24,0.00,17,5,280,2.08,0.00,25,41525399.76,system,2021-04-14 00:06:45.770,system,NULL,4
ICOOL Vũng Tàu,8407251D-7B9C-EB11-80FF-509A4C8C9FAC,2021-04-13,25,9777900.00,9524320.00,0.00,0.00,253580.00,0.00,0.00,30,27,8,0,6566666.67,2269471.62,0.00,2,13,110,0.47,0.00,17,688181.71,system,2021-04-14 00:10:15.880,system,NULL,4
ICOOL Phú Quốc,42A3DDB1-7A9C-EB11-80FF-509A4C8C9FAC,2021-04-13,26,2810300.00,2261500.00,548800.00,0.00,0.00,0.00,0.00,10,14,3,0,12933333.33,540824.05,0.00,0,3,9,0.12,0.00,25,-11212657.38,system,2021-04-14 00:07:15.893,system,NULL,4
ICOOL Xô Viết Nghệ Tĩnh,7C37072F-7B9C-EB11-80FF-509A4C8C9FAC,2021-04-13,4,38034000.00,37291875.00,742125.00,0.00,0.00,0.00,0.00,113,78,35,0,12916666.67,8112153.90,192000.00,16,6,230,1.21,0.00,29,16455054.43,system,2021-04-14 00:10:45.883,system,NULL,4
ICOOL Tô Ký,A61A97D5-7A9C-EB11-80FF-509A4C8C9FAC,2021-04-13,5,20761100.00,20195135.00,196515.00,224290.00,145160.00,0.00,100000.00,36,42,14,0,11283333.35,5390204.05,147800.00,6,10,150,0.54,0.00,26,3769397.60,system,2021-04-14 00:08:15.830,system,NULL,4
ICOOL Bình Phú,2A123DC9-799C-EB11-80FF-509A4C8C9FAC,2021-04-13,6,46149200.00,44479756.00,1285344.00,384100.00,0.00,0.00,50000.00,122,102,37,2,3833333.33,9759965.53,0.00,8,5.14,190,1.54,0.00,24,30936457.14,system,2021-04-14 00:00:45.610,system,NULL,4
ICOOL Dương Bá Trạc,54615511-7A9C-EB11-80FF-509A4C8C9FAC,2021-04-13,7,72022300.00,69603235.00,1904875.00,0.00,514190.00,474515.00,0.00,147,145,51,11,16166666.66,14312976.54,0.00,18,6,350,1.96,0.00,26,39598106.80,system,2021-04-14 00:02:46.567,system,NULL,4
ICOOL Nguyễn Sơn,1CAF7146-7A9C-EB11-80FF-509A4C8C9FAC,2021-04-13,9,18937300.00,18429300.00,291500.00,0.00,216500.00,0.00,0.00,57,41,17,1,10582583.33,4539460.05,0.00,9,7.65,130,1.13,0.00,15,3307256.61,system,2021-04-14 00:04:15.670,system,NULL,4
ICOOL Ung Văn Khiêm,F5429A23-449D-EB11-80FF-509A4C8C9FAC,2021-04-14,1,72767200.00,72022740.00,744460.00,0.00,0.00,203250.00,6080000.00,246,104,48,7,23799500.00,15560848.16,0.00,20,6,300,1.3,0.00,37,38945641.84,system,2021-04-15 00:09:15.557,system,NULL,4
ICOOL Thành Thái,4A8C07DC-439D-EB11-80FF-509A4C8C9FAC,2021-04-14,10,66961500.00,64896975.00,1544735.00,0.00,519790.00,0.00,60000.00,203,160,59,11,23105266.67,15813817.91,1890000.00,25,3,224,2.11,0.00,28,27927890.42,system,2021-04-15 00:07:15.477,system,NULL,4
ICOOL Nguyễn Trãi,BA81AF70-439D-EB11-80FF-509A4C8C9FAC,2021-04-14,11,19407000.00,18416860.00,928870.00,0.00,61270.00,0.00,0.00,33,51,14,1,5906609.71,4198462.62,0.00,1,7,110,0.88,0.00,16,8311787.67,system,2021-04-15 00:04:15.383,system,NULL,4
ICOOL Mạc Đỉnh Chi,0BB9E64C-439D-EB11-80FF-509A4C8C9FAC,2021-04-14,12,77225300.00,75030610.00,1622090.00,0.00,572600.00,230700.00,0.00,246,145,51,4,16440000.00,15473450.34,0.00,23,5,270,2.32,0.00,22,43347859.66,system,2021-04-15 00:03:15.347,system,NULL,4
ICOOL Trần Bình Trọng,2ED5D2FF-439D-EB11-80FF-509A4C8C9FAC,2021-04-14,13,18273100.00,17290900.00,442950.00,0.00,539250.00,0.00,0.00,60,46,20,2,9755466.67,4330106.91,0.00,5,7,140,1.18,0.00,17,3205326.42,system,2021-04-15 00:08:15.527,system,NULL,4
ICOOL Cách Mạng Tháng 8,0EA175F3-429D-EB11-80FF-509A4C8C9FAC,2021-04-14,14,68586400.00,66491355.00,1448885.00,60500.00,585660.00,629200.00,0.00,164,126,48,4,21450000.01,12996895.01,0.00,8,6,300,1.71,0.00,28,32673659.98,system,2021-04-15 00:00:45.290,system,NULL,4
ICOOL Cầu Chữ Y,8CC95705-439D-EB11-80FF-509A4C8C9FAC,2021-04-14,16,4232500.00,3862110.00,290000.00,0.00,80390.00,0.00,0.00,16,6,6,0,10633333.37,991929.52,0.00,2,10,60,0.43,0.00,14,-7763152.89,system,2021-04-15 00:01:15.290,system,NULL,4
ICOOL Nhị Thiên Đường,F4ED8F94-439D-EB11-80FF-509A4C8C9FAC,2021-04-14,17,20392600.00,19010380.00,639350.00,0.00,742870.00,0.00,0.00,41,18,15,0,10126666.66,4032589.88,0.00,0,8,120,0.94,0.00,16,4851123.46,system,2021-04-15 00:05:15.573,system,NULL,4
ICOOL Trần Não,2797B211-449D-EB11-80FF-509A4C8C9FAC,2021-04-14,18,87082800.00,86173720.00,327280.00,0.00,581800.00,362916.00,4300000.00,198,199,53,8,16633333.34,20355433.54,0.00,19,3,190,2.65,0.00,20,53847869.12,system,2021-04-15 00:08:45.517,system,NULL,4
ICOOL Nguyễn Tri Phương,59CC9082-439D-EB11-80FF-509A4C8C9FAC,2021-04-14,19,17705000.00,16533200.00,728200.00,0.00,443600.00,0.00,0.00,44,53,20,1,9670000.00,3192552.15,0.00,1,6.5,130,1.25,0.00,16,3670647.85,system,2021-04-15 00:04:45.380,system,NULL,4
ICOOL Đồng Đen,2CD07B17-439D-EB11-80FF-509A4C8C9FAC,2021-04-14,22,43285000.00,42094600.00,856790.00,123960.00,209650.00,0.00,0.00,145,130,38,5,13614000.00,9791070.68,0.00,21,4,180,1.52,0.00,25,18689529.32,system,2021-04-15 00:01:45.727,system,NULL,4
ICOOL Phan Chu Trinh,FDC95FA6-439D-EB11-80FF-509A4C8C9FAC,2021-04-14,23,15206200.00,15091570.00,0.00,0.00,114630.00,0.00,0.00,38,29,14,1,6901866.67,3582606.67,0.00,3,7.14,100,1,0.00,14,4607096.66,system,2021-04-15 00:05:45.457,system,NULL,4
ICOOL Phan Xích Long,3A2C46B8-439D-EB11-80FF-509A4C8C9FAC,2021-04-14,24,67849100.00,64792415.00,2314075.00,58280.00,684330.00,0.00,0.00,140,175,47,4,14500000.00,12831016.87,0.00,31,5,280,1.88,0.00,25,37461398.13,system,2021-04-15 00:06:15.490,system,NULL,4
ICOOL Vũng Tàu,99D57B35-449D-EB11-80FF-509A4C8C9FAC,2021-04-14,25,22426810.00,21889299.00,290000.00,0.00,247511.00,0.00,0.00,74,59,21,2,6566666.67,5304916.52,0.00,8,5,110,1.24,0.00,17,10017715.81,system,2021-04-15 00:09:45.557,system,NULL,4
ICOOL Phú Quốc,A29F24CA-439D-EB11-80FF-509A4C8C9FAC,2021-04-14,26,4483500.00,3603250.00,880250.00,0.00,0.00,0.00,0.00,9,9,3,0,12933333.33,1345190.67,0.00,0,3,9,0.12,0.00,25,-10675274.00,system,2021-04-15 00:06:45.470,system,NULL,4
ICOOL Xô Viết Nghệ Tĩnh,BC866C47-449D-EB11-80FF-509A4C8C9FAC,2021-04-14,4,54865300.00,52923685.00,1639715.00,121820.00,180080.00,0.00,1930000.00,147,113,46,6,12916666.67,12343800.52,342600.00,12,5,230,1.59,0.00,29,29935817.81,system,2021-04-15 00:10:15.653,system,NULL,4
ICOOL Tô Ký,FD42EAED-439D-EB11-80FF-509A4C8C9FAC,2021-04-14,5,17800500.00,16965095.00,482205.00,0.00,353200.00,0.00,0.00,41,42,16,0,11283333.35,4460449.26,0.00,4,9,150,0.62,0.00,26,1221312.39,system,2021-04-15 00:07:45.483,system,NULL,4
ICOOL Bình Phú,3F488FE1-429D-EB11-80FF-509A4C8C9FAC,2021-04-14,6,33690700.00,32526128.00,1013232.00,0.00,151340.00,0.00,0.00,92,77,28,2,3833333.33,7428078.43,0.00,5,6.79,190,1.17,0.00,24,21264716.24,system,2021-04-15 00:00:15.257,system,NULL,4
ICOOL Dương Bá Trạc,04F11E29-439D-EB11-80FF-509A4C8C9FAC,2021-04-14,7,78677100.00,73377145.00,4525955.00,0.00,774000.00,232910.00,0.00,175,150,52,10,16166666.66,17969338.54,1392080.00,15,6,350,2,0.00,26,40866129.80,system,2021-04-15 00:02:15.317,system,NULL,4
ICOOL Nguyễn Sơn,1F59CE5E-439D-EB11-80FF-509A4C8C9FAC,2021-04-14,9,30203600.00,29646880.00,257710.00,68470.00,230540.00,0.00,0.00,72,67,25,5,10582583.33,16495914.77,827131375.00,6,5.2,130,1.67,0.00,15,829699756.90,system,2021-04-15 00:03:45.387,system,NULL,4
ICOOL Ung Văn Khiêm,5AC32B58-0D9E-EB11-8100-509A4C8C9FAC,2021-04-15,1,93832900.00,91381034.00,1905296.00,102750.00,443820.00,691410.00,0.00,323,174,66,4,23799500.00,19129747.97,0.00,22,4,300,1.78,0.00,37,49143196.03,system,2021-04-16 00:09:32.593,system,NULL,4
ICOOL Thành Thái,7CAC8E10-0D9E-EB11-8100-509A4C8C9FAC,2021-04-15,10,62823000.00,60854790.00,1402220.00,0.00,565990.00,0.00,0.00,234,193,62,17,23105266.67,29038888.04,17876442.00,37,5,311,2.21,0.00,28,26587077.29,system,2021-04-16 00:07:32.447,system,NULL,4
ICOOL Nguyễn Trãi,B53D30A5-0C9E-EB11-8100-509A4C8C9FAC,2021-04-15,11,18808400.00,18773940.00,34460.00,0.00,0.00,0.00,0.00,48,39,15,1,5906609.71,7773530.94,3081378.00,4,7,110,0.94,0.00,16,8175177.35,system,2021-04-16 00:04:32.310,system,NULL,4
ICOOL Mạc Đỉnh Chi,D6826D81-0C9E-EB11-8100-509A4C8C9FAC,2021-04-15,12,73307501.00,69754011.00,2153390.00,0.00,1400100.00,1401015.00,0.00,183,128,42,6,16440000.00,14743435.44,0.00,13,6,270,1.91,0.00,22,39971590.56,system,2021-04-16 00:03:32.313,system,NULL,4
ICOOL Trần Bình Trọng,849D5834-0D9E-EB11-8100-509A4C8C9FAC,2021-04-15,13,43851800.00,41790325.00,1754365.00,15750.00,291360.00,334136.00,0.00,119,113,39,4,9755466.67,10333762.81,0.00,9,4.1,160,2.29,0.00,17,22035231.52,system,2021-04-16 00:08:32.490,system,NULL,4
ICOOL Cách Mạng Tháng 8,642E0428-0C9E-EB11-8100-509A4C8C9FAC,2021-04-15,14,92507600.00,90675330.00,833320.00,0.00,998950.00,379032.50,0.00,204,181,61,2,21450000.01,18180614.20,0.00,14,4,300,2.18,0.00,28,51423748.29,system,2021-04-16 00:01:02.307,system,NULL,4
ICOOL Cầu Chữ Y,20FFD739-0C9E-EB11-8100-509A4C8C9FAC,2021-04-15,16,13993301.00,13570715.90,310315.00,0.00,112270.10,0.00,0.00,42,26,13,0,10633333.37,3165938.62,0.00,2,5.38,70,0.93,0.00,14,-228556.09,system,2021-04-16 00:01:32.217,system,NULL,4
ICOOL Nhị Thiên Đường,8B63FFC8-0C9E-EB11-8100-509A4C8C9FAC,2021-04-15,17,34116500.00,33548460.00,430100.00,0.00,137940.00,0.00,0.00,102,63,26,4,10126666.66,12783151.32,5203808.00,4,3,100,1.63,0.00,16,15842450.02,system,2021-04-16 00:05:32.390,system,NULL,4
ICOOL Trần Não,7F1D4046-0D9E-EB11-8100-509A4C8C9FAC,2021-04-15,18,77714801.00,76544541.00,261420.00,128100.00,780740.00,0.00,0.00,180,233,51,4,16633333.34,16572464.74,0.00,12,3,200,2.55,0.00,20,43338742.92,system,2021-04-16 00:09:02.527,system,NULL,4
ICOOL Nguyễn Tri Phương,D08E2DB7-0C9E-EB11-8100-509A4C8C9FAC,2021-04-15,19,27081900.00,25712270.00,1132500.00,91450.00,145680.00,0.00,0.00,83,84,30,2,9670000.00,5061007.73,0.00,7,4.33,130,1.88,0.00,16,10981262.27,system,2021-04-16 00:05:02.493,system,NULL,4
ICOOL Đồng Đen,8F0AC24B-0C9E-EB11-8100-509A4C8C9FAC,2021-04-15,22,60788000.00,60103940.00,562960.00,0.00,121100.00,0.00,0.00,192,185,54,5,13614000.00,28238503.27,16120168.00,31,4,220,2.16,0.00,25,34371604.73,system,2021-04-16 00:02:02.273,system,NULL,4
ICOOL Phan Chu Trinh,6C65E4DA-0C9E-EB11-8100-509A4C8C9FAC,2021-04-15,23,10107200.00,9960765.00,16275.00,0.00,130160.00,0.00,0.00,28,17,10,0,6901866.67,2112547.38,0.00,1,11,110,0.71,0.00,14,946350.95,system,2021-04-16 00:06:02.410,system,NULL,4
ICOOL Phan Xích Long,AFB5C0EC-0C9E-EB11-8100-509A4C8C9FAC,2021-04-15,24,84778201.00,82982780.90,718620.00,0.00,1076800.10,132900.00,3560000.00,209,209,59,6,14500000.00,17221841.51,0.00,37,4,280,2.36,0.00,25,54953839.39,system,2021-04-16 00:06:32.377,system,NULL,4
ICOOL Vũng Tàu,E1DF0F6A-0D9E-EB11-8100-509A4C8C9FAC,2021-04-15,25,12873800.00,12691850.00,0.00,0.00,181950.00,136940.00,0.00,44,38,11,3,6566666.67,2640502.88,0.00,11,10,120,0.65,0.00,17,3621620.45,system,2021-04-16 00:10:02.610,system,NULL,4
ICOOL Phú Quốc,5098B4FE-0C9E-EB11-8100-509A4C8C9FAC,2021-04-15,26,1065500.00,538750.00,526750.00,0.00,0.00,0.00,0.00,2,2,1,0,12933333.33,237379.33,0.00,0,9,9,0.04,0.00,25,-12631962.67,system,2021-04-16 00:07:02.497,system,NULL,4
ICOOL Xô Viết Nghệ Tĩnh,2091EF7B-0D9E-EB11-8100-509A4C8C9FAC,2021-04-15,4,45320900.00,43741965.00,1284475.00,0.00,294460.00,0.00,0.00,136,105,41,2,12916666.67,9157721.68,0.00,18,5,230,1.41,0.00,29,21667576.65,system,2021-04-16 00:10:32.597,system,NULL,4
ICOOL Tô Ký,31287022-0D9E-EB11-8100-509A4C8C9FAC,2021-04-15,5,21670700.00,20731520.00,654860.00,48650.00,235670.00,0.00,0.00,55,39,20,0,11283333.35,5063631.74,0.00,0,8,170,0.77,0.00,26,4384554.91,system,2021-04-16 00:08:02.443,system,NULL,4
ICOOL Bình Phú,DB2D2516-0C9E-EB11-8100-509A4C8C9FAC,2021-04-15,6,57972700.00,55957690.00,1199480.00,33350.00,782180.00,71550.00,0.00,116,112,37,2,3833333.33,14390595.34,0.00,5,5.68,210,1.54,0.00,24,37805311.33,system,2021-04-16 00:00:32.323,system,NULL,4
ICOOL Dương Bá Trạc,7ECFAC5D-0C9E-EB11-8100-509A4C8C9FAC,2021-04-15,7,71602001.00,70277680.90,993620.00,0.00,330700.10,0.00,0.00,159,157,54,11,16166666.66,14692399.91,1234163.00,16,6,350,2.08,0.00,26,40652777.33,system,2021-04-16 00:02:32.330,system,NULL,4
ICOOL Nguyễn Sơn,66B95793-0C9E-EB11-8100-509A4C8C9FAC,2021-04-15,9,18517900.00,18393080.00,0.00,0.00,124820.00,135130.00,0.00,63,60,23,4,10582583.33,11996255.72,8096000.00,12,5.65,130,1.53,0.00,15,4045370.94,system,2021-04-16 00:04:02.370,system,NULL,4
ICOOL Ung Văn Khiêm,8734D182-D69E-EB11-8100-509A4C8C9FAC,2021-04-16,1,139940800.00,137383086.00,1131624.00,1228510.00,197580.00,200582.00,0.00,410,238,84,7,23799500.00,27068188.69,0.00,24,3,300,2.27,0.00,37,86715979.31,system,2021-04-17 00:09:32.983,system,NULL,4
ICOOL Thành Thái,DA573A3B-D69E-EB11-8100-509A4C8C9FAC,2021-04-16,10,106550000.00,103245688.00,2449002.00,281210.00,574100.00,392289.00,0.00,314,247,72,17,23105266.67,21424632.77,225000.00,38,4,304,2.57,0.00,28,59333077.56,system,2021-04-17 00:07:32.880,system,NULL,4
ICOOL Nguyễn Trãi,5BB1DECF-D59E-EB11-8100-509A4C8C9FAC,2021-04-16,11,30337400.00,29345380.00,358900.00,0.00,633120.00,0.00,0.00,48,69,22,3,5906609.71,5789574.63,0.00,8,6,140,1.38,0.00,16,17649195.66,system,2021-04-17 00:04:32.760,system,NULL,4
ICOOL Mạc Đỉnh Chi,2F641FAC-D59E-EB11-8100-509A4C8C9FAC,2021-04-16,12,113149800.00,110291600.00,915150.00,0.00,1943050.00,3260222.00,0.00,207,191,50,5,16440000.00,19994314.01,0.00,25,5,270,2.27,0.00,22,77117507.99,system,2021-04-17 00:03:32.787,system,NULL,4
ICOOL Trần Bình Trọng,744C065F-D69E-EB11-8100-509A4C8C9FAC,2021-04-16,13,55183800.00,52048938.00,1260522.00,0.00,1874340.00,678552.00,870000.00,118,132,38,4,9755466.67,11922604.63,119200.00,15,4.74,180,2.24,0.00,17,32038618.70,system,2021-04-17 00:08:32.933,system,NULL,4
ICOOL Cách Mạng Tháng 8,3EA8B052-D59E-EB11-8100-509A4C8C9FAC,2021-04-16,14,132909702.00,130822427.00,688360.00,0.00,1398915.00,559675.00,200000.00,311,236,72,13,21450000.01,24239204.05,0.00,25,4,350,2.57,0.00,28,85892897.94,system,2021-04-17 00:01:02.743,system,NULL,4
ICOOL Cầu Chữ Y,37509164-D59E-EB11-8100-509A4C8C9FAC,2021-04-16,16,24289801.00,23279725.90,570355.00,0.00,439720.10,0.00,60000.00,50,56,20,1,10633333.37,4539310.93,0.00,2,4,80,1.43,0.00,14,8167081.60,system,2021-04-17 00:01:32.740,system,NULL,4
ICOOL Nhị Thiên Đường,AA06ACF3-D59E-EB11-8100-509A4C8C9FAC,2021-04-16,17,35157400.00,34836601.00,43239.00,0.00,277560.00,0.00,960000.00,59,42,22,3,10126666.66,8005768.62,0.00,4,6,140,1.38,0.00,16,17664165.72,system,2021-04-17 00:05:32.827,system,NULL,4
ICOOL Trần Não,8B38EC70-D69E-EB11-8100-509A4C8C9FAC,2021-04-16,18,112735600.00,111224170.00,522060.00,0.00,989370.00,215700.00,0.00,225,234,65,2,16633333.34,22331326.02,23500.00,20,3,250,3.25,0.00,20,72498710.64,system,2021-04-17 00:09:02.963,system,NULL,4
ICOOL Nguyễn Tri Phương,8FC8D3E1-D59E-EB11-8100-509A4C8C9FAC,2021-04-16,19,24326900.00,23849150.00,290000.00,0.00,187750.00,0.00,0.00,77,82,33,0,9670000.00,3356599.02,0.00,5,4.24,140,2.06,0.00,16,10822550.98,system,2021-04-17 00:05:02.890,system,NULL,4
ICOOL Đồng Đen,77AD7976-D59E-EB11-8100-509A4C8C9FAC,2021-04-16,22,61035600.00,58532595.00,1733225.00,0.00,769780.00,347964.00,0.00,177,141,45,6,13614000.00,10825395.49,215000.00,33,5,250,1.8,0.00,25,34656163.51,system,2021-04-17 00:02:02.780,system,NULL,4
ICOOL Phan Chu Trinh,BC1A9B05-D69E-EB11-8100-509A4C8C9FAC,2021-04-16,23,34356300.00,32963846.00,1225744.00,0.00,166710.00,0.00,0.00,84,51,25,5,6901866.67,6812636.87,0.00,2,5.2,130,1.79,0.00,14,19249342.47,system,2021-04-17 00:06:02.917,system,NULL,4
ICOOL Phan Xích Long,F78A6E17-D69E-EB11-8100-509A4C8C9FAC,2021-04-16,24,124161501.00,119815716.90,3054104.00,0.00,1291680.10,270250.00,0.00,224,289,58,15,14500000.00,23122025.50,295410.00,16,4,280,2.32,0.00,25,82759351.40,system,2021-04-17 00:06:32.823,system,NULL,4
ICOOL Vũng Tàu,F7E6BD94-D69E-EB11-8100-509A4C8C9FAC,2021-04-16,25,33766800.00,33365920.00,51880.00,0.00,349000.00,0.00,0.00,90,75,22,3,6566666.67,7757141.09,0.00,5,6,140,1.29,0.00,17,19042112.24,system,2021-04-17 00:10:03.057,system,NULL,4
ICOOL Phú Quốc,23B05D29-D69E-EB11-8100-509A4C8C9FAC,2021-04-16,26,3457400.00,2690535.00,593150.00,0.00,173715.00,0.00,0.00,11,8,4,0,12933333.33,530939.72,0.00,0,2.75,11,0.16,0.00,25,-10773738.05,system,2021-04-17 00:07:02.910,system,NULL,4
ICOOL Xô Viết Nghệ Tĩnh,66EA93A6-D69E-EB11-8100-509A4C8C9FAC,2021-04-16,4,77862800.00,76928960.00,814600.00,0.00,119240.00,200700.00,0.00,212,141,55,9,12916666.67,14153037.54,59600.00,20,4,230,1.9,0.00,29,50119555.79,system,2021-04-17 00:10:32.980,system,NULL,4
ICOOL Tô Ký,A167214D-D69E-EB11-8100-509A4C8C9FAC,2021-04-16,5,29821900.00,28647465.00,290000.00,279245.00,605190.00,195020.00,0.00,77,61,25,1,11283333.35,6198107.12,0.00,3,7,190,0.96,0.00,26,11361044.53,system,2021-04-17 00:08:02.913,system,NULL,4
ICOOL Bình Phú,15EDCA40-D59E-EB11-8100-509A4C8C9FAC,2021-04-16,6,86293400.00,81847221.00,3741279.00,163060.00,541840.00,258350.00,0.00,188,153,45,2,3833333.33,18038954.45,1056255.95,9,4.67,210,1.88,0.00,24,61289539.17,system,2021-04-17 00:00:32.717,system,NULL,4
ICOOL Dương Bá Trạc,A3E65188-D59E-EB11-8100-509A4C8C9FAC,2021-04-16,7,124469600.00,120872705.50,2836860.00,133534.50,626500.00,0.00,440000.00,253,206,69,6,16166666.66,25308098.82,0.00,24,5,350,2.65,0.00,26,79837940.02,system,2021-04-17 00:02:32.720,system,NULL,4
ICOOL Nguyễn Sơn,2CE2FDBD-D59E-EB11-8100-509A4C8C9FAC,2021-04-16,9,32911700.00,32291942.00,230718.00,0.00,389040.00,0.00,0.00,76,67,24,3,10582583.33,7339656.05,8096000.00,9,6.67,160,1.6,0.00,15,22465702.61,system,2021-04-17 00:04:02.767,system,NULL,4
ICOOL Ung Văn Khiêm,D8FC9CAD-9F9F-EB11-8100-509A4C8C9FAC,2021-04-17,1,172624300.00,170136510.00,1191790.00,0.00,1296000.00,0.00,0.00,499,300,104,12,23799500.00,36455548.32,0.00,34,2,300,2.81,0.00,37,109881461.68,system,2021-04-18 00:09:33.627,system,NULL,4
ICOOL Thành Thái,F4D40B66-9F9F-EB11-8100-509A4C8C9FAC,2021-04-17,10,125685100.00,120192368.00,3694402.00,46310.00,1752020.00,261300.00,185000.00,389,333,97,14,23105266.67,23485096.42,1038541.67,30,3,335,3.46,0.00,28,75086846.58,system,2021-04-18 00:07:33.557,system,NULL,4
ICOOL Nguyễn Trãi,0A09BBFA-9E9F-EB11-8100-509A4C8C9FAC,2021-04-17,11,39601400.00,37960810.00,737390.00,0.00,903200.00,0.00,0.00,79,95,34,4,5906609.71,0.00,0.00,7,4,140,2.13,0.00,16,32054200.29,system,2021-04-18 00:04:33.513,system,NULL,4
ICOOL Mạc Đỉnh Chi,00CAECD6-9E9F-EB11-8100-509A4C8C9FAC,2021-04-17,12,108857700.00,107415546.25,919475.00,79848.75,442830.00,1136696.00,240000.00,311,187,63,8,16440000.00,19783845.63,0.00,18,4,270,2.86,0.00,22,72568396.62,system,2021-04-18 00:03:33.440,system,NULL,4
ICOOL Trần Bình Trọng,9688D989-9F9F-EB11-8100-509A4C8C9FAC,2021-04-17,13,52531600.00,50371167.90,910328.00,187324.10,1062780.00,236097.00,0.00,103,100,34,2,9755466.67,11862763.91,0.00,9,5.29,180,2,0.00,17,28989034.32,system,2021-04-18 00:08:33.627,system,NULL,4
ICOOL Cách Mạng Tháng 8,D0297C7D-9E9F-EB11-8100-509A4C8C9FAC,2021-04-17,14,118147000.00,115675835.00,1300345.00,0.00,1170820.00,0.00,700000.00,274,238,78,8,21450000.01,19755575.30,0.00,26,4,360,2.79,0.00,28,75170259.69,system,2021-04-18 00:01:03.387,system,NULL,4
ICOOL Cầu Chữ Y,FCA6688F-9E9F-EB11-8100-509A4C8C9FAC,2021-04-17,16,33128402.00,31810331.90,1062350.00,0.00,255720.10,0.00,0.00,80,82,24,1,10633333.37,6009936.91,0.00,8,3.33,80,1.71,0.00,14,15167061.62,system,2021-04-18 00:01:33.457,system,NULL,4
ICOOL Nhị Thiên Đường,96507A1E-9F9F-EB11-8100-509A4C8C9FAC,2021-04-17,17,51848000.00,49876155.00,1225765.00,0.00,746080.00,0.00,0.00,86,74,34,0,10126666.66,10755241.20,0.00,4,4,160,2.13,0.00,16,28994247.14,system,2021-04-18 00:05:33.487,system,NULL,4
ICOOL Trần Não,86E2C69B-9F9F-EB11-8100-509A4C8C9FAC,2021-04-17,18,131272400.00,129688497.00,1393143.00,0.00,190760.00,257020.00,100000.00,260,268,68,7,16633333.34,0.00,0.00,20,3,270,3.4,0.00,20,113412183.66,system,2021-04-18 00:09:03.703,system,NULL,4
ICOOL Nguyễn Tri Phương,E51EB20C-9F9F-EB11-8100-509A4C8C9FAC,2021-04-17,19,34045500.00,33369935.00,643165.00,0.00,32400.00,0.00,0.00,85,88,43,2,9670000.00,4740709.77,2451061.00,5,3.26,140,2.69,0.00,16,21410286.23,system,2021-04-18 00:05:03.653,system,NULL,4
ICOOL Đồng Đen,52E749A1-9E9F-EB11-8100-509A4C8C9FAC,2021-04-17,22,91395000.00,89197870.00,1227690.00,0.00,969440.00,0.00,0.00,255,243,62,8,13614000.00,16936133.69,0.00,34,4,250,2.48,0.00,25,58647736.31,system,2021-04-18 00:02:03.453,system,NULL,4
ICOOL Phan Chu Trinh,76856830-9F9F-EB11-8100-509A4C8C9FAC,2021-04-17,23,47041400.00,45815954.00,1046686.00,0.00,178760.00,0.00,0.00,112,86,38,8,6901866.67,0.00,0.00,10,3.42,130,2.71,0.00,14,38914087.33,system,2021-04-18 00:06:03.570,system,NULL,4
ICOOL Phan Xích Long,A62F4B42-9F9F-EB11-8100-509A4C8C9FAC,2021-04-17,24,127500100.00,123685140.00,2472400.00,524710.00,817850.00,525470.00,0.00,257,361,70,2,14500000.00,0.00,78400.00,31,4,280,2.8,0.00,25,109789010.00,system,2021-04-18 00:06:33.577,system,NULL,4
ICOOL Vũng Tàu,342394BF-9F9F-EB11-8100-509A4C8C9FAC,2021-04-17,25,46093500.00,44409520.00,1286260.00,68110.00,329610.00,469600.00,0.00,148,138,41,8,6566666.67,9846348.92,0.00,10,3,140,2.41,0.00,17,28466104.41,system,2021-04-18 00:10:03.767,system,NULL,4
ICOOL Phú Quốc,9AC73254-9F9F-EB11-8100-509A4C8C9FAC,2021-04-17,26,3810000.00,2926500.00,883500.00,0.00,0.00,0.00,0.00,8,6,2,0,12933333.33,702413.33,0.00,0,5.5,11,0.08,0.00,25,-10709246.66,system,2021-04-18 00:07:03.613,system,NULL,4
ICOOL Xô Viết Nghệ Tĩnh,6E6565D1-9F9F-EB11-8100-509A4C8C9FAC,2021-04-17,4,111761500.00,109435500.00,1585390.00,175700.00,564910.00,864500.00,150000.00,315,197,84,10,12916666.67,23416145.68,57400.00,39,2,230,2.9,0.00,29,74174587.65,system,2021-04-18 00:10:33.660,system,NULL,4
ICOOL Tô Ký,555BF477-9F9F-EB11-8100-509A4C8C9FAC,2021-04-17,5,75504900.00,73342895.00,1044785.00,202510.00,914710.00,0.00,0.00,165,146,49,3,11283333.35,17338086.59,0.00,5,4,200,1.88,0.00,26,44721475.06,system,2021-04-18 00:08:03.603,system,NULL,4
ICOOL Bình Phú,3AA2916B-9E9F-EB11-8100-509A4C8C9FAC,2021-04-17,6,105480200.00,103007208.00,2158042.00,186090.00,128860.00,0.00,0.00,238,149,66,4,3833333.33,7558540.67,0.00,17,3.18,210,2.75,0.00,24,91615333.99,system,2021-04-18 00:00:33.327,system,NULL,4
ICOOL Dương Bá Trạc,291426B3-9E9F-EB11-8100-509A4C8C9FAC,2021-04-17,7,134914201.00,129701905.90,2939895.00,197895.00,2074505.10,363180.00,0.00,269,248,87,13,16166666.66,0.00,0.00,38,4,350,3.35,0.00,26,113898419.24,system,2021-04-18 00:02:33.417,system,NULL,4
ICOOL Nguyễn Sơn,E575D9E8-9E9F-EB11-8100-509A4C8C9FAC,2021-04-17,9,46568700.00,43273960.00,447080.00,0.00,2847660.00,0.00,0.00,123,112,41,1,10582583.33,0.00,0.00,24,3.9,160,2.73,0.00,15,32691376.67,system,2021-04-18 00:04:03.513,system,NULL,4
ICOOL Ung Văn Khiêm,B63B3AD8-68A0-EB11-8100-509A4C8C9FAC,2021-04-18,1,93344700.00,90831130.00,2167820.00,0.00,345750.00,222850.00,0.00,323,169,67,5,23799500.00,23507411.00,6670830.00,32,4,300,1.81,0.00,37,50417899.00,system,2021-04-19 00:09:33.967,system,NULL,4
ICOOL Thành Thái,7DA8B990-68A0-EB11-8100-509A4C8C9FAC,2021-04-18,10,77599600.00,75773568.00,1203537.00,70605.00,551890.00,0.00,0.00,243,205,70,5,23105266.67,15708291.80,2882740.00,47,4,315,2.5,0.00,28,39842749.53,system,2021-04-19 00:07:34.003,system,NULL,4
ICOOL Nguyễn Trãi,AD7F5325-68A0-EB11-8100-509A4C8C9FAC,2021-04-18,11,18251600.00,17813964.00,437636.00,0.00,0.00,0.00,0.00,46,41,16,0,5906609.71,3800441.72,0.00,6,8,130,1,0.00,16,8106912.57,system,2021-04-19 00:04:33.820,system,NULL,4
ICOOL Mạc Đỉnh Chi,B7178E01-68A0-EB11-8100-509A4C8C9FAC,2021-04-18,12,67533601.00,66847671.00,685930.00,0.00,0.00,759291.00,0.00,151,144,48,8,16440000.00,10776747.67,0.00,26,5,270,2.18,0.00,22,40390214.33,system,2021-04-19 00:03:33.803,system,NULL,4
ICOOL Trần Bình Trọng,539174B4-68A0-EB11-8100-509A4C8C9FAC,2021-04-18,13,33481800.00,32449855.00,536655.00,0.00,495290.00,0.00,0.00,78,101,37,3,9755466.67,9357720.20,4169340.00,12,4.05,150,2.18,0.00,17,17506008.14,system,2021-04-19 00:08:33.950,system,NULL,4
ICOOL Cách Mạng Tháng 8,651D25A8-67A0-EB11-8100-509A4C8C9FAC,2021-04-18,14,76709400.00,75014855.00,538745.00,26000.00,1129800.00,133650.00,100000.00,155,163,58,5,21450000.01,12441013.06,0.00,23,5,340,2.07,0.00,28,41357491.93,system,2021-04-19 00:01:03.800,system,NULL,4
ICOOL Cầu Chữ Y,57D6FDB9-67A0-EB11-8100-509A4C8C9FAC,2021-04-18,16,20056100.00,19766100.00,290000.00,0.00,0.00,0.00,0.00,48,61,19,5,10633333.37,4109822.53,687800.00,6,4.21,80,1.36,0.00,14,5710744.10,system,2021-04-19 00:01:33.740,system,NULL,4
ICOOL Nhị Thiên Đường,A4C22649-68A0-EB11-8100-509A4C8C9FAC,2021-04-18,17,36396900.00,36006295.00,5005.00,0.00,385600.00,0.00,0.00,75,45,25,0,10126666.66,10467480.30,3520960.00,6,6,150,1.56,0.00,16,18933108.04,system,2021-04-19 00:05:33.923,system,NULL,4
ICOOL Trần Não,B97661C6-68A0-EB11-8100-509A4C8C9FAC,2021-04-18,18,88592800.00,87272989.00,1084991.00,82040.00,152780.00,74200.00,0.00,300,172,61,3,16633333.34,22681152.35,5533880.00,25,4,250,3.05,0.00,20,53566583.31,system,2021-04-19 00:09:04.023,system,NULL,4
ICOOL Nguyễn Tri Phương,D0F14D37-68A0-EB11-8100-509A4C8C9FAC,2021-04-18,19,30354200.00,29775070.00,319800.00,0.00,259330.00,0.00,0.00,70,87,32,1,9670000.00,4460580.62,0.00,5,4.38,140,2,0.00,16,15644489.38,system,2021-04-19 00:05:03.980,system,NULL,4
ICOOL Đồng Đen,B425E8CB-67A0-EB11-8100-509A4C8C9FAC,2021-04-18,22,46564100.00,45947867.00,414463.00,0.00,201770.00,0.00,0.00,126,134,39,6,13614000.00,13261975.25,4946000.00,28,6,250,1.56,0.00,25,24017891.75,system,2021-04-19 00:02:03.800,system,NULL,4
ICOOL Phan Chu Trinh,B5FFFE5A-68A0-EB11-8100-509A4C8C9FAC,2021-04-18,23,35994100.00,35701280.00,79600.00,0.00,213220.00,0.00,0.00,92,56,31,3,6901866.67,7178872.10,0.00,15,3.87,120,2.21,0.00,14,21620541.23,system,2021-04-19 00:06:03.863,system,NULL,4
ICOOL Phan Xích Long,03C8E86C-68A0-EB11-8100-509A4C8C9FAC,2021-04-18,24,78671700.00,77986810.00,384200.00,0.00,300690.00,0.00,0.00,193,248,62,16,14500000.00,14008465.35,1197700.00,37,4,280,2.48,0.00,25,50676044.65,system,2021-04-19 00:06:33.913,system,NULL,4
ICOOL Vũng Tàu,07BB25EA-68A0-EB11-8100-509A4C8C9FAC,2021-04-18,25,12308400.00,12308400.00,0.00,0.00,0.00,0.00,0.00,35,39,14,1,6566666.67,2707534.09,0.00,10,9,130,0.82,0.00,17,3034199.24,system,2021-04-19 00:10:04.030,system,NULL,4
ICOOL Phú Quốc,1E45D27E-68A0-EB11-8100-509A4C8C9FAC,2021-04-18,26,7361400.00,5813650.00,1547750.00,0.00,0.00,0.00,0.00,11,9,3,0,12933333.33,1253470.00,0.00,0,3.67,11,0.12,0.00,25,-8373153.34,system,2021-04-19 00:07:03.967,system,NULL,4
ICOOL Xô Viết Nghệ Tĩnh,E47701FC-68A0-EB11-8100-509A4C8C9FAC,2021-04-18,4,44968500.00,44268550.00,629150.00,0.00,70800.00,0.00,0.00,126,99,42,5,12916666.67,13022300.67,3763600.00,34,5,250,1.45,0.00,29,22093182.66,system,2021-04-19 00:10:33.990,system,NULL,4
ICOOL Tô Ký,B62D94A2-68A0-EB11-8100-509A4C8C9FAC,2021-04-18,5,48495800.00,47467735.00,806215.00,0.00,221850.00,0.00,0.00,104,106,35,3,11283333.35,14915208.00,3813628.04,6,5,200,1.35,0.00,26,25082821.69,system,2021-04-19 00:08:03.957,system,NULL,4
ICOOL Bình Phú,C8B43D96-67A0-EB11-8100-509A4C8C9FAC,2021-04-18,6,71937200.00,70298400.00,912940.00,0.00,725860.00,0.00,0.00,135,120,44,6,3833333.33,16621649.87,1659100.00,20,4.77,210,1.83,0.00,24,51502516.80,system,2021-04-19 00:00:33.760,system,NULL,4
ICOOL Dương Bá Trạc,391CC8DD-67A0-EB11-8100-509A4C8C9FAC,2021-04-18,7,97039400.00,92632421.25,1705375.00,262688.75,2438915.00,224124.00,0.00,217,184,64,4,16166666.66,18430107.97,0.00,20,5,350,2.46,0.00,26,58259770.62,system,2021-04-19 00:02:33.787,system,NULL,4
ICOOL Nguyễn Sơn,7FD77213-68A0-EB11-8100-509A4C8C9FAC,2021-04-18,9,41190800.00,40085730.00,298000.00,0.00,807070.00,173574.00,0.00,107,103,32,6,10582583.33,14079315.20,4851080.00,20,5,160,2.13,0.00,15,20448485.47,system,2021-04-19 00:04:03.827,system,NULL,4
ICOOL Ung Văn Khiêm,F4280904-32A1-EB11-8100-509A4C8C9FAC,2021-04-19,1,59038400.00,57618804.00,990886.00,0.00,428710.00,0.00,0.00,202,102,43,1,23799500.00,12063673.74,0.00,20,4,200,1.16,0.00,37,21755630.26,system,2021-04-20 00:09:36.307,system,NULL,4
ICOOL Thành Thái,06E56FBC-31A1-EB11-8100-509A4C8C9FAC,2021-04-19,10,56223600.00,53596745.00,1981815.00,0.00,645040.00,0.00,0.00,175,139,53,4,23105266.67,11974801.25,150000.00,27,6,329,1.89,0.00,28,18666677.08,system,2021-04-20 00:07:36.183,system,NULL,4
ICOOL Nguyễn Trãi,0AC61651-31A1-EB11-8100-509A4C8C9FAC,2021-04-19,11,13647000.00,12853380.00,739100.00,0.00,54520.00,0.00,200000.00,25,33,10,0,5906609.71,2917028.81,0.00,4,11,110,0.63,0.00,16,4229741.48,system,2021-04-20 00:04:36.083,system,NULL,4
ICOOL Mạc Đỉnh Chi,A873562D-31A1-EB11-8100-509A4C8C9FAC,2021-04-19,12,66873100.00,64100395.00,2044045.00,0.00,728660.00,422733.50,0.00,215,121,38,7,16440000.00,20912162.10,7354760.00,12,7,270,1.73,0.00,22,34525726.40,system,2021-04-20 00:03:36.100,system,NULL,4
ICOOL Trần Bình Trọng,AACF3CE0-31A1-EB11-8100-509A4C8C9FAC,2021-04-19,13,21689700.00,20528170.00,589600.00,0.00,571930.00,0.00,0.00,55,47,20,3,9755466.67,5726455.15,0.00,6,7,140,1.18,0.00,17,5046248.18,system,2021-04-20 00:08:36.247,system,NULL,4
ICOOL Cách Mạng Tháng 8,D86D26D4-30A1-EB11-8100-509A4C8C9FAC,2021-04-19,14,80954700.00,79695980.00,1027220.00,100390.00,131110.00,0.00,1910000.00,163,239,50,4,21450000.01,18944581.01,5577230.00,20,6,300,1.79,0.00,28,46788628.98,system,2021-04-20 00:01:06.470,system,NULL,4
ICOOL Cầu Chữ Y,70D1D1E5-30A1-EB11-8100-509A4C8C9FAC,2021-04-19,16,9194400.00,9194400.00,0.00,0.00,0.00,0.00,0.00,28,27,8,2,10633333.37,1850836.91,0.00,1,7.5,60,0.57,0.00,14,-3289770.28,system,2021-04-20 00:01:36.113,system,NULL,4
ICOOL Nhị Thiên Đường,171AE474-31A1-EB11-8100-509A4C8C9FAC,2021-04-19,17,15298400.00,15107400.00,0.00,0.00,191000.00,0.00,0.00,49,23,16,1,10126666.66,3258182.41,0.00,1,6,110,1,0.00,16,1722550.93,system,2021-04-20 00:05:36.150,system,NULL,4
ICOOL Trần Não,F5941EF2-31A1-EB11-8100-509A4C8C9FAC,2021-04-19,18,74396300.00,72318560.00,1135540.00,0.00,942200.00,1144660.00,0.00,185,193,48,7,16633333.34,13955141.30,23500.00,13,4,210,2.4,0.00,20,42898245.36,system,2021-04-20 00:09:06.247,system,NULL,4
ICOOL Nguyễn Tri Phương,C142FB62-31A1-EB11-8100-509A4C8C9FAC,2021-04-19,19,14586400.00,14193600.00,392800.00,0.00,0.00,0.00,0.00,44,60,22,2,9670000.00,1803791.91,0.00,1,5.91,130,1.38,0.00,16,2719808.09,system,2021-04-20 00:05:06.100,system,NULL,4
ICOOL Đồng Đen,9E53BFF7-30A1-EB11-8100-509A4C8C9FAC,2021-04-19,22,46001200.00,44541985.00,1330115.00,0.00,129100.00,0.00,0.00,156,99,35,7,13614000.00,10051220.92,4946000.00,23,5,190,1.4,0.00,25,25822764.08,system,2021-04-20 00:02:06.190,system,NULL,4
ICOOL Phan Chu Trinh,C9D5C086-31A1-EB11-8100-509A4C8C9FAC,2021-04-19,23,19580600.00,19091945.00,295480.00,0.00,193175.00,0.00,0.00,52,39,18,1,6901866.67,3571066.58,0.00,7,5.56,100,1.29,0.00,14,8619011.76,system,2021-04-20 00:06:06.117,system,NULL,4
ICOOL Phan Xích Long,175AA898-31A1-EB11-8100-509A4C8C9FAC,2021-04-19,24,51918700.00,49412970.00,2136030.00,0.00,369700.00,0.00,0.00,117,169,44,10,14500000.00,9657140.45,0.00,17,6,280,1.76,0.00,25,25255829.55,system,2021-04-20 00:06:36.153,system,NULL,4
ICOOL Vũng Tàu,B2CCEA15-32A1-EB11-8100-509A4C8C9FAC,2021-04-19,25,13964700.00,13760700.00,204000.00,0.00,0.00,0.00,0.00,37,32,16,1,6566666.67,2396549.57,0.00,3,8,130,0.94,0.00,17,4797483.76,system,2021-04-20 00:10:06.307,system,NULL,4
ICOOL Phú Quốc,247694AA-31A1-EB11-8100-509A4C8C9FAC,2021-04-19,26,10086100.00,8672900.00,1413200.00,0.00,0.00,267000.00,0.00,21,22,5,0,12933333.33,1918286.67,0.00,2,1,9,0.2,0.00,25,-5911720.00,system,2021-04-20 00:07:06.223,system,NULL,4
ICOOL Xô Viết Nghệ Tĩnh,C828D127-32A1-EB11-8100-509A4C8C9FAC,2021-04-19,4,40601700.00,39241240.00,1236000.00,0.00,124460.00,0.00,0.00,105,70,40,2,12916666.67,8709895.51,0.00,16,6,250,1.38,0.00,29,17614677.82,system,2021-04-20 00:10:36.337,system,NULL,4
ICOOL Tô Ký,AF4253CE-31A1-EB11-8100-509A4C8C9FAC,2021-04-19,5,18045500.00,17332860.00,336140.00,0.00,376500.00,0.00,50000.00,50,47,16,0,11283333.35,3460120.40,0.00,9,10,160,0.62,0.00,26,2639406.25,system,2021-04-20 00:08:06.197,system,NULL,4
ICOOL Bình Phú,CEEF1DC2-30A1-EB11-8100-509A4C8C9FAC,2021-04-19,6,39871500.00,38745328.00,1126172.00,0.00,0.00,0.00,0.00,86,66,29,2,3833333.33,8163323.44,0.00,8,6.55,190,1.21,0.00,24,26748671.23,system,2021-04-20 00:00:36.217,system,NULL,4
ICOOL Dương Bá Trạc,D34BA709-31A1-EB11-8100-509A4C8C9FAC,2021-04-19,7,59452300.00,56433160.00,2262040.00,0.00,757100.00,0.00,0.00,115,112,42,8,16166666.66,20342622.81,9102269.18,11,8,350,1.62,0.00,26,29026139.71,system,2021-04-20 00:02:36.233,system,NULL,4
ICOOL Nguyễn Sơn,21ED353F-31A1-EB11-8100-509A4C8C9FAC,2021-04-19,9,19856900.00,19059555.00,797345.00,0.00,0.00,0.00,0.00,53,54,19,4,10582583.33,4702669.05,3164500.00,12,6.32,120,1.27,0.00,15,6938802.61,system,2021-04-20 00:04:06.087,system,NULL,4
ICOOL Ung Văn Khiêm,4E07763C-FBA1-EB11-8100-509A4C8C9FAC,2021-04-20,1,188697300.00,180282471.00,4503880.00,177000.00,3733949.00,863189.00,0.00,463,316,102,12,23799500.00,38017141.57,0.00,16,2,300,2.76,0.00,37,119329018.43,system,2021-04-21 00:09:59.813,system,NULL,4
ICOOL Thành Thái,3020E8F4-FAA1-EB11-8100-509A4C8C9FAC,2021-04-20,10,111146298.52,106925864.62,3023774.00,0.00,1196659.90,0.00,200000.00,315,280,80,10,23105266.67,20377834.20,240000.00,25,4,335,2.86,0.00,28,63882763.75,system,2021-04-21 00:07:59.767,system,NULL,4
ICOOL Nguyễn Trãi,69219589-FAA1-EB11-8100-509A4C8C9FAC,2021-04-20,11,44211300.00,41571470.00,1965050.00,0.00,674780.00,0.00,1280000.00,75,82,31,1,5906609.70,8081752.11,0.00,7,3.55,110,1.94,0.00,16,28863108.19,system,2021-04-21 00:04:59.707,system,NULL,4
ICOOL Mạc Đỉnh Chi,9F9FCF65-FAA1-EB11-8100-509A4C8C9FAC,2021-04-20,12,113079400.00,108415322.50,3842310.00,0.00,821767.50,548540.00,0.00,311,187,52,6,16440000.00,21309673.30,0.00,14,5,270,2.36,0.00,22,71214189.20,system,2021-04-21 00:03:59.690,system,NULL,4
ICOOL Trần Bình Trọng,361DB018-FBA1-EB11-8100-509A4C8C9FAC,2021-04-20,13,55411600.00,51223761.00,3268119.00,0.00,919720.00,0.00,0.00,128,137,46,5,9755466.67,9362225.39,0.00,10,3.04,140,2.71,0.00,17,32106068.94,system,2021-04-21 00:08:59.797,system,NULL,4
ICOOL Cách Mạng Tháng 8,46B45E0C-FAA1-EB11-8100-509A4C8C9FAC,2021-04-20,14,138853300.00,127713570.00,4272530.00,0.00,6867200.00,871085.00,0.00,286,257,64,5,21450000.01,25909322.35,0.00,27,4,300,2.29,0.00,28,81225332.64,system,2021-04-21 00:01:29.633,system,NULL,4
ICOOL Cầu Chữ Y,C4D7331E-FAA1-EB11-8100-509A4C8C9FAC,2021-04-20,16,33590600.00,32201230.00,774200.00,0.00,615170.00,95260.00,0.00,90,97,32,7,10633333.37,5811555.91,0.00,6,1.88,60,2.29,0.00,14,15851600.72,system,2021-04-21 00:01:59.553,system,NULL,4
ICOOL Nhị Thiên Đường,1F9457AD-FAA1-EB11-8100-509A4C8C9FAC,2021-04-20,17,36268400.00,34327695.00,1360410.00,0.00,580295.00,0.00,0.00,63,55,27,2,10126666.66,7676346.97,0.00,2,4,120,1.69,0.00,16,16524681.37,system,2021-04-21 00:05:59.700,system,NULL,4
ICOOL Trần Não,B290932A-FBA1-EB11-8100-509A4C8C9FAC,2021-04-20,18,120641500.00,117044178.00,3254562.00,0.00,342760.00,1327870.00,0.00,225,297,64,12,16633333.34,24382565.59,0.00,24,3,200,3.2,0.00,20,77356149.07,system,2021-04-21 00:09:29.810,system,NULL,4
ICOOL Nguyễn Tri Phương,224D749B-FAA1-EB11-8100-509A4C8C9FAC,2021-04-20,19,44169500.00,42587140.00,1343900.00,0.00,238460.00,171850.00,0.00,121,136,40,0,9670000.00,6610062.77,0.00,6,3.25,130,2.5,0.00,16,26478927.23,system,2021-04-21 00:05:29.690,system,NULL,4
ICOOL Đồng Đen,EEC61830-FAA1-EB11-8100-509A4C8C9FAC,2021-04-20,22,82046700.00,79612086.00,2107234.00,0.00,327380.00,141730.00,0.00,240,180,57,9,13614000.00,15370390.34,0.00,28,3,190,2.28,0.00,25,50769425.66,system,2021-04-21 00:02:29.573,system,NULL,4
ICOOL Phan Chu Trinh,5D8041BF-FAA1-EB11-8100-509A4C8C9FAC,2021-04-20,23,42243200.00,41148785.00,1094415.00,0.00,0.00,187330.00,0.00,118,61,32,5,6901866.67,6548685.44,0.00,7,2.81,90,2.29,0.00,14,27885562.89,system,2021-04-21 00:06:29.753,system,NULL,4
ICOOL Phan Xích Long,8B431DD1-FAA1-EB11-8100-509A4C8C9FAC,2021-04-20,24,121079700.00,113127355.00,5249795.00,0.00,2702550.00,312910.00,0.00,214,309,64,15,14500000.00,22105648.10,0.00,25,4,280,2.56,0.00,25,76834616.90,system,2021-04-21 00:06:59.717,system,NULL,4
ICOOL Vũng Tàu,F31E584E-FBA1-EB11-8100-509A4C8C9FAC,2021-04-20,25,21187800.00,20847170.00,92920.00,0.00,247710.00,0.00,0.00,66,65,25,5,6566666.67,3667488.86,0.00,7,5,140,1.47,0.00,17,10613014.47,system,2021-04-21 00:10:29.817,system,NULL,4
ICOOL Phú Quốc,657001E3-FAA1-EB11-8100-509A4C8C9FAC,2021-04-20,26,10014000.00,7352200.00,2661800.00,0.00,0.00,0.00,0.00,23,22,6,0,12933333.33,1409800.05,0.00,0,1.5,9,0.24,0.00,25,-6990933.38,system,2021-04-21 00:07:29.733,system,NULL,4
ICOOL Xô Viết Nghệ Tĩnh,67063E60-FBA1-EB11-8100-509A4C8C9FAC,2021-04-20,4,90615900.00,88299750.00,1244100.00,162600.00,909450.00,629440.00,0.00,254,182,68,7,12916666.67,18395359.83,0.00,23,3,250,2.34,0.00,29,57617163.50,system,2021-04-21 00:10:59.843,system,NULL,4
ICOOL Tô Ký,CCACC806-FBA1-EB11-8100-509A4C8C9FAC,2021-04-20,5,60962901.00,58365550.90,1307110.00,0.00,1290240.10,0.00,0.00,92,127,43,3,11283333.35,11637686.86,37200.00,1,3,160,1.65,0.00,26,35481730.69,system,2021-04-21 00:08:29.760,system,NULL,4
ICOOL Bình Phú,554871FA-F9A1-EB11-8100-509A4C8C9FAC,2021-04-20,6,90568900.00,88053420.00,1498225.00,155145.00,862110.00,0.00,2720000.00,201,170,60,7,3833333.33,0.00,0.00,12,3.17,190,2.5,0.00,24,86940086.67,system,2021-04-21 00:00:59.557,system,NULL,4
ICOOL Dương Bá Trạc,C3D3FC41-FAA1-EB11-8100-509A4C8C9FAC,2021-04-20,7,122190300.00,115941055.00,5109555.00,261170.00,878520.00,312640.00,0.00,218,229,69,11,16166666.66,21305020.92,174000.00,29,5,350,2.65,0.00,26,78956007.42,system,2021-04-21 00:02:59.590,system,NULL,4
ICOOL Nguyễn Sơn,D353A777-FAA1-EB11-8100-509A4C8C9FAC,2021-04-20,9,55010700.00,53122308.00,1468172.00,0.00,420220.00,0.00,0.00,117,114,33,0,10582583.33,11882259.20,0.00,10,3.94,130,2.2,0.00,15,30657465.47,system,2021-04-21 00:04:29.627,system,NULL,4
ICOOL Ung Văn Khiêm,41033667-C4A2-EB11-8100-509A4C8C9FAC,2021-04-21,1,176676900.00,171155991.00,4332519.00,301290.00,887100.00,428620.00,0.00,536,427,123,12,23799500.00,36042448.57,0.00,69,2,300,3.32,0.00,37,111742662.43,system,2021-04-22 00:10:00.380,system,NULL,4
ICOOL Thành Thái,64E39A1F-C4A2-EB11-8100-509A4C8C9FAC,2021-04-21,10,102798100.00,99641520.00,2156580.00,0.00,1000000.00,0.00,0.00,292,235,84,20,23105266.67,17729400.34,0.00,45,4,352,3,0.00,28,58806852.99,system,2021-04-22 00:08:00.243,system,NULL,4
ICOOL Nguyễn Trãi,F05843B4-C3A2-EB11-8100-509A4C8C9FAC,2021-04-21,11,27749500.00,26727720.00,881580.00,0.00,140200.00,0.00,0.00,57,94,34,0,5906609.70,6476922.67,2538620.00,12,4.12,140,2.13,0.00,16,16882807.63,system,2021-04-22 00:05:00.153,system,NULL,4
ICOOL Mạc Đỉnh Chi,C1358290-C3A2-EB11-8100-509A4C8C9FAC,2021-04-21,12,109556301.00,105877006.00,2094485.00,0.00,1584810.00,424370.50,0.00,303,226,73,7,16440000.00,19514359.58,0.00,30,3,270,3.32,0.00,22,70347016.92,system,2021-04-22 00:04:00.170,system,NULL,4
ICOOL Trần Bình Trọng,977B6043-C4A2-EB11-8100-509A4C8C9FAC,2021-04-21,13,61495200.00,58532547.00,1657203.00,0.00,1305450.00,210520.00,0.00,146,146,55,4,9755466.67,11230378.19,0.00,17,3.09,170,3.24,0.00,17,37757222.14,system,2021-04-22 00:09:00.260,system,NULL,4
ICOOL Cách Mạng Tháng 8,1DB21037-C3A2-EB11-8100-509A4C8C9FAC,2021-04-21,14,99188300.00,95870955.00,2558675.00,229570.00,529100.00,326862.50,1100000.00,264,247,76,6,21450000.01,25162840.62,0.00,29,4,350,2.71,0.00,28,50684976.87,system,2021-04-22 00:01:30.107,system,NULL,4
ICOOL Cầu Chữ Y,96C4F248-C3A2-EB11-8100-509A4C8C9FAC,2021-04-21,16,29381900.00,28187550.00,734900.00,0.00,459450.00,0.00,0.00,75,78,27,4,10633333.37,5542591.19,0.00,11,2.22,60,1.93,0.00,14,12011625.44,system,2021-04-22 00:02:00.110,system,NULL,4
ICOOL Nhị Thiên Đường,DCA83CD8-C3A2-EB11-8100-509A4C8C9FAC,2021-04-21,17,64521000.00,61935126.00,1737504.00,0.00,848370.00,0.00,0.00,135,99,51,2,10126666.66,13898778.16,0.00,4,3,170,3.19,0.00,16,37909681.18,system,2021-04-22 00:06:00.510,system,NULL,4
ICOOL Trần Não,A7724955-C4A2-EB11-8100-509A4C8C9FAC,2021-04-21,18,111354700.00,109020775.00,2282325.00,51600.00,0.00,237600.00,0.00,277,262,71,4,16633333.34,21084327.34,0.00,31,3,250,3.55,0.00,20,71540714.32,system,2021-04-22 00:09:30.310,system,NULL,4
ICOOL Nguyễn Tri Phương,4A7825C6-C3A2-EB11-8100-509A4C8C9FAC,2021-04-21,19,46302000.00,45125651.00,649029.00,123300.00,404020.00,0.00,0.00,140,144,50,6,9670000.00,6026280.15,0.00,6,2.6,130,3.13,0.00,16,29429370.85,system,2021-04-22 00:05:30.157,system,NULL,4
ICOOL Đồng Đen,4554D45A-C3A2-EB11-8100-509A4C8C9FAC,2021-04-21,22,84222100.00,82515650.00,1506000.00,0.00,200450.00,0.00,0.00,232,242,78,14,13614000.00,13447669.54,0.00,45,3,260,3.12,0.00,25,55453980.46,system,2021-04-22 00:02:30.110,system,NULL,4
ICOOL Phan Chu Trinh,5FCCEFE9-C3A2-EB11-8100-509A4C8C9FAC,2021-04-21,23,50368600.00,49800020.00,461000.00,0.00,107580.00,0.00,0.00,123,83,40,5,6901866.67,8256837.72,0.00,14,2.5,100,2.86,0.00,14,34641315.61,system,2021-04-22 00:06:30.203,system,NULL,4
ICOOL Phan Xích Long,5366D2FB-C3A2-EB11-8100-509A4C8C9FAC,2021-04-21,24,110905700.00,107168914.75,3226210.00,119085.25,391490.00,556550.00,0.00,246,297,75,11,14500000.00,18350319.41,0.00,45,3,280,3,0.00,25,74875145.34,system,2021-04-22 00:07:00.210,system,NULL,4
ICOOL Vũng Tàu,DE4E1479-C4A2-EB11-8100-509A4C8C9FAC,2021-04-21,25,10929500.00,10749600.00,0.00,0.00,179900.00,0.00,0.00,33,31,11,1,6566666.67,1869469.35,0.00,6,12,140,0.65,0.00,17,2313463.98,system,2021-04-22 00:10:30.357,system,NULL,4
ICOOL Phú Quốc,6E3EB40D-C4A2-EB11-8100-509A4C8C9FAC,2021-04-21,26,2803500.00,1733250.00,1070250.00,0.00,0.00,0.00,0.00,7,3,2,0,12933333.33,438745.00,0.00,0,4.5,9,0.08,0.00,25,-11638828.33,system,2021-04-22 00:07:30.213,system,NULL,4
ICOOL Xô Viết Nghệ Tĩnh,1CD6F98A-C4A2-EB11-8100-509A4C8C9FAC,2021-04-21,4,119478500.00,116728285.00,2656475.00,37200.00,56540.00,579250.00,0.00,311,203,87,11,12916666.67,26008535.05,36000.00,48,2,250,3,0.00,29,78418333.28,system,2021-04-22 00:11:00.383,system,NULL,4
ICOOL Tô Ký,4B688231-C4A2-EB11-8100-509A4C8C9FAC,2021-04-21,5,62860200.00,60071980.00,1431870.00,0.00,1356350.00,0.00,0.00,134,153,52,2,11283333.35,13860542.59,17903.25,2,4,210,2,0.00,26,34946007.31,system,2021-04-22 00:08:30.283,system,NULL,4
ICOOL Bình Phú,041A2F25-C3A2-EB11-8100-509A4C8C9FAC,2021-04-21,6,94776200.00,90999193.75,3176705.00,272311.25,327990.00,0.00,0.00,228,227,74,6,3833333.33,16971558.04,0.00,20,2.57,190,3.08,0.00,24,70194302.38,system,2021-04-22 00:01:00.107,system,NULL,4
ICOOL Dương Bá Trạc,F904B76C-C3A2-EB11-8100-509A4C8C9FAC,2021-04-21,7,145073200.00,137296120.00,5463065.00,85315.00,2228700.00,0.00,0.00,289,275,92,11,16166666.67,26875622.45,569000.00,26,3.8,350,3.54,0.00,26,94822830.89,system,2021-04-22 00:03:00.117,system,NULL,4
ICOOL Nguyễn Sơn,C69F62A2-C3A2-EB11-8100-509A4C8C9FAC,2021-04-21,9,57990000.00,55830050.00,1890680.00,0.00,269270.00,0.00,0.00,170,130,52,5,10582583.33,11848409.31,0.00,26,2.5,130,3.47,0.00,15,33399057.36,system,2021-04-22 00:04:30.160,system,NULL,4
ICOOL Ung Văn Khiêm,788F326E-8DA3-EB11-8100-509A4C8C9FAC,2021-04-22,1,80611100.00,76244984.00,3382566.00,0.00,983550.00,422165.00,0.00,252,131,51,4,23799500.00,17102932.77,0.00,9,5,300,1.38,0.00,37,35764716.23,system,2021-04-23 00:09:00.943,system,NULL,4
ICOOL Thành Thái,55679F26-8DA3-EB11-8100-509A4C8C9FAC,2021-04-22,10,65859400.00,65012858.00,609912.00,0.00,236630.00,433410.00,0.00,208,154,59,8,23105266.67,13976812.48,13666.67,29,6,366,2.11,0.00,28,28377855.52,system,2021-04-23 00:07:00.860,system,NULL,4
ICOOL Nguyễn Trãi,555E44BB-8CA3-EB11-8100-509A4C8C9FAC,2021-04-22,11,17094800.00,16168655.00,45625.00,0.00,880520.00,0.00,0.00,49,24,12,0,5906609.70,3780117.05,0.00,3,9.17,110,0.75,0.00,16,6481928.25,system,2021-04-23 00:04:00.750,system,NULL,4
ICOOL Mạc Đỉnh Chi,D6E17D97-8CA3-EB11-8100-509A4C8C9FAC,2021-04-22,12,53406800.00,52367095.00,1039705.00,0.00,0.00,595280.00,0.00,182,113,38,1,16440000.00,9401221.44,0.00,19,7,270,1.73,0.00,22,27121153.56,system,2021-04-23 00:03:00.727,system,NULL,4
ICOOL Trần Bình Trọng,AA9A624A-8DA3-EB11-8100-509A4C8C9FAC,2021-04-22,13,17724600.00,16244890.00,867850.00,0.00,611860.00,0.00,0.00,50,40,17,0,9755466.67,3912192.34,0.00,7,9.41,160,1,0.00,17,2577231.00,system,2021-04-23 00:08:00.860,system,NULL,4
ICOOL Cách Mạng Tháng 8,FF75073E-8CA3-EB11-8100-509A4C8C9FAC,2021-04-22,14,71684800.00,70100060.00,1562490.00,22250.00,0.00,306966.00,0.00,170,152,47,1,21450000.01,12704686.58,0.00,13,7,330,1.68,0.00,28,36252339.41,system,2021-04-23 00:00:30.633,system,NULL,4
ICOOL Cầu Chữ Y,F72BEB4F-8CA3-EB11-8100-509A4C8C9FAC,2021-04-22,16,19091100.00,18138260.00,807200.00,0.00,145640.00,0.00,0.00,50,36,18,1,10633333.37,3997878.86,0.00,1,3.89,70,1.29,0.00,14,3507047.77,system,2021-04-23 00:01:00.647,system,NULL,4
ICOOL Nhị Thiên Đường,94860DDF-8CA3-EB11-8100-509A4C8C9FAC,2021-04-22,17,22281900.00,21735630.00,13600.00,0.00,532670.00,0.00,0.00,38,36,19,2,10126666.66,4831791.86,0.00,3,6,120,1.19,0.00,16,6777171.48,system,2021-04-23 00:05:00.787,system,NULL,4
ICOOL Trần Não,9A49485C-8DA3-EB11-8100-509A4C8C9FAC,2021-04-22,18,68824300.00,67665930.00,697060.00,80950.00,380360.00,0.00,0.00,246,141,45,3,16633333.34,14981468.87,23500.00,17,4,220,2.25,0.00,20,36074627.79,system,2021-04-23 00:08:30.887,system,NULL,4
ICOOL Nguyễn Tri Phương,99602ECD-8CA3-EB11-8100-509A4C8C9FAC,2021-04-22,19,14423700.00,14022400.00,401300.00,0.00,0.00,107070.00,0.00,46,54,24,0,9670000.00,2367351.67,39300.00,1,5.42,130,1.5,0.00,16,2131418.33,system,2021-04-23 00:04:30.803,system,NULL,4
ICOOL Đồng Đen,166ED261-8CA3-EB11-8100-509A4C8C9FAC,2021-04-22,22,41545500.00,41237485.00,308015.00,0.00,0.00,0.00,157500.00,138,122,29,3,13614000.00,9304191.77,0.00,13,7,210,1.16,0.00,25,18476793.23,system,2021-04-23 00:01:30.683,system,NULL,4
ICOOL Phan Chu Trinh,8F1CF0F0-8CA3-EB11-8100-509A4C8C9FAC,2021-04-22,23,17790400.00,17584940.00,0.00,0.00,205460.00,0.00,0.00,39,30,16,2,6901866.67,3427536.34,0.00,13,6.88,110,1.14,0.00,14,7255537.00,system,2021-04-23 00:05:30.790,system,NULL,4
ICOOL Phan Xích Long,CFB4D502-8DA3-EB11-8100-509A4C8C9FAC,2021-04-22,24,66956000.00,65863445.00,863735.00,81980.00,146840.00,305160.00,0.00,150,211,49,5,14500000.00,13413716.87,0.00,31,5,280,1.96,0.00,25,38254888.13,system,2021-04-23 00:06:00.820,system,NULL,4
ICOOL Vũng Tàu,D9E40F80-8DA3-EB11-8100-509A4C8C9FAC,2021-04-22,25,3851400.00,3840080.00,0.00,0.00,11320.00,0.00,0.00,15,15,4,1,6566666.67,982233.89,0.00,3,27,110,0.24,0.00,17,-3708820.56,system,2021-04-23 00:09:30.917,system,NULL,4
ICOOL Phú Quốc,05B5B514-8DA3-EB11-8100-509A4C8C9FAC,2021-04-22,26,5910400.00,4174750.00,1373700.00,0.00,361950.00,0.00,0.00,11,11,4,0,12933333.33,883670.81,0.00,0,2.25,9,0.16,0.00,25,-9642254.14,system,2021-04-23 00:06:30.807,system,NULL,4
ICOOL Xô Viết Nghệ Tĩnh,9C51F391-8DA3-EB11-8100-509A4C8C9FAC,2021-04-22,4,29293200.00,28313710.00,914990.00,0.00,64500.00,0.00,0.00,92,72,28,6,12916666.67,6517460.42,236200.00,16,8,250,0.97,0.00,29,9115782.91,system,2021-04-23 00:10:00.927,system,NULL,4
ICOOL Tô Ký,E3C98238-8DA3-EB11-8100-509A4C8C9FAC,2021-04-22,5,16274100.00,15476575.00,458250.00,31745.00,307530.00,0.00,0.00,57,34,19,2,11283333.35,3786763.72,0.00,15,8,160,0.73,0.00,26,406477.93,system,2021-04-23 00:07:30.870,system,NULL,4
ICOOL Bình Phú,FE05242C-8CA3-EB11-8100-509A4C8C9FAC,2021-04-22,6,36196300.00,34634200.00,643000.00,0.00,919100.00,0.00,0.00,96,85,35,0,3833333.33,7959661.39,0.00,6,5.43,190,1.46,0.00,24,22841205.28,system,2021-04-23 00:00:00.623,system,NULL,4
ICOOL Dương Bá Trạc,18EDB373-8CA3-EB11-8100-509A4C8C9FAC,2021-04-22,7,43065000.00,42066060.00,359130.00,0.00,639810.00,182700.00,0.00,100,79,30,6,16166666.67,8673795.77,0.00,15,11.67,350,1.15,0.00,26,17408297.56,system,2021-04-23 00:02:00.683,system,NULL,4
ICOOL Nguyễn Sơn,0B5964A9-8CA3-EB11-8100-509A4C8C9FAC,2021-04-22,9,24573500.00,24070280.00,240000.00,0.00,263220.00,0.00,0.00,76,66,23,1,10582583.33,5876261.14,0.00,18,5.65,130,1.53,0.00,15,7611435.52,system,2021-04-23 00:03:30.760,system,NULL,4
ICOOL Ung Văn Khiêm,D070E498-56A4-EB11-8100-509A4C8C9FAC,2021-04-23,1,119373900.00,116063506.00,2885464.00,0.00,424930.00,435800.00,0.00,343,275,75,6,23799500.00,22352129.25,0.00,27,4,300,2.03,0.00,37,70347676.75,system,2021-04-24 00:09:01.417,system,NULL,4
ICOOL Thành Thái,A4CB5551-56A4-EB11-8100-509A4C8C9FAC,2021-04-23,10,79177300.00,76973717.00,1164193.00,306920.00,732470.00,360862.20,0.00,209,191,57,7,23105266.67,16442527.63,0.00,27,5,335,2.04,0.00,28,37786784.90,system,2021-04-24 00:07:01.363,system,NULL,4
ICOOL Nguyễn Trãi,7C7AFFE5-55A4-EB11-8100-509A4C8C9FAC,2021-04-23,11,17192400.00,16960400.00,232000.00,0.00,0.00,112160.00,0.00,42,46,16,0,5906609.70,2990257.00,0.00,2,8.75,140,1,0.00,16,8175693.30,system,2021-04-24 00:04:01.280,system,NULL,4
ICOOL Mạc Đỉnh Chi,58D53CC2-55A4-EB11-8100-509A4C8C9FAC,2021-04-23,12,123570300.00,118561020.00,4311430.00,0.00,697850.00,1498534.00,0.00,304,179,52,11,16440000.00,23362570.77,0.00,18,5,270,2.36,0.00,22,80256983.23,system,2021-04-24 00:03:01.283,system,NULL,4
ICOOL Trần Bình Trọng,1C1A1B75-56A4-EB11-8100-509A4C8C9FAC,2021-04-23,13,35250100.00,33990975.00,859145.00,0.00,399980.00,181700.00,0.00,79,57,26,3,9755466.67,12847016.23,6683081.94,6,6.92,180,1.53,0.00,17,18253274.04,system,2021-04-24 00:08:01.377,system,NULL,4
ICOOL Cách Mạng Tháng 8,BBBDC768-55A4-EB11-8100-509A4C8C9FAC,2021-04-23,14,129373300.00,124676210.00,2185890.00,0.00,2511200.00,513550.00,200000.00,288,297,72,10,21450000.01,24606320.92,0.00,22,4,350,2.57,0.00,28,79333439.07,system,2021-04-24 00:00:31.200,system,NULL,4
ICOOL Cầu Chữ Y,3467AE7A-55A4-EB11-8100-509A4C8C9FAC,2021-04-23,16,11388600.00,10827780.00,290000.00,0.00,270820.00,0.00,0.00,26,20,9,0,10633333.37,2268815.34,0.00,4,8.89,80,0.64,0.00,14,-2074368.71,system,2021-04-24 00:01:01.233,system,NULL,4
ICOOL Nhị Thiên Đường,F45ACE09-56A4-EB11-8100-509A4C8C9FAC,2021-04-23,17,27444600.00,26424650.00,290000.00,0.00,729950.00,0.00,0.00,46,43,18,1,10126666.66,5765550.10,0.00,3,8,160,1.13,0.00,16,10532433.24,system,2021-04-24 00:05:01.357,system,NULL,4
ICOOL Trần Não,897A0787-56A4-EB11-8100-509A4C8C9FAC,2021-04-23,18,86749301.00,85281121.00,691090.00,134790.00,642300.00,591020.00,0.00,238,220,55,3,16633333.34,16059675.26,23500.00,15,4,250,2.75,0.00,20,53202632.40,system,2021-04-24 00:08:31.447,system,NULL,4
ICOOL Nguyễn Tri Phương,7142E7F7-55A4-EB11-8100-509A4C8C9FAC,2021-04-23,19,29835800.00,29496000.00,339800.00,0.00,0.00,186200.00,0.00,82,82,29,0,9670000.00,5810789.20,0.00,2,4.83,140,1.81,0.00,16,14201410.80,system,2021-04-24 00:04:31.320,system,NULL,4
ICOOL Đồng Đen,11278C8C-55A4-EB11-8100-509A4C8C9FAC,2021-04-23,22,58859000.00,57322184.00,835006.00,0.00,701810.00,0.00,0.00,161,132,42,3,13614000.00,10506784.34,0.00,18,5,250,1.68,0.00,25,33201399.66,system,2021-04-24 00:01:31.210,system,NULL,4
ICOOL Phan Chu Trinh,DB98B11B-56A4-EB11-8100-509A4C8C9FAC,2021-04-23,23,33408200.00,33213960.00,30940.00,0.00,163300.00,212510.00,0.00,63,51,22,1,6901866.67,6886211.82,0.00,4,5.91,130,1.57,0.00,14,19638391.51,system,2021-04-24 00:05:31.370,system,NULL,4
ICOOL Phan Xích Long,90738B2D-56A4-EB11-8100-509A4C8C9FAC,2021-04-23,24,82073600.00,80422980.00,756530.00,0.00,894090.00,148000.00,0.00,177,214,51,7,14500000.00,14562054.77,0.00,18,5,280,2.04,0.00,25,51508925.23,system,2021-04-24 00:06:01.317,system,NULL,4
ICOOL Vũng Tàu,BAE8D6AA-56A4-EB11-8100-509A4C8C9FAC,2021-04-23,25,15932600.00,15304700.00,255000.00,0.00,372900.00,0.00,0.00,37,39,12,0,6566666.67,3755728.94,0.00,6,11,140,0.71,0.00,17,4982304.39,system,2021-04-24 00:09:31.527,system,NULL,4
ICOOL Phú Quốc,EB926F3F-56A4-EB11-8100-509A4C8C9FAC,2021-04-23,26,10987200.00,7937200.00,3050000.00,0.00,0.00,0.00,0.00,14,19,6,0,12933333.33,1485826.67,0.00,2,1.83,11,0.24,0.00,25,-6481960.00,system,2021-04-24 00:06:31.333,system,NULL,4
ICOOL Xô Viết Nghệ Tĩnh,4EECB3BC-56A4-EB11-8100-509A4C8C9FAC,2021-04-23,4,49250600.00,48931850.00,0.00,0.00,318750.00,221350.00,0.00,147,106,41,5,12916666.67,10394905.54,0.00,16,6,250,1.41,0.00,29,25841627.79,system,2021-04-24 00:10:01.497,system,NULL,4
ICOOL Tô Ký,674C3663-56A4-EB11-8100-509A4C8C9FAC,2021-04-23,5,27232100.00,26378295.00,619090.00,136745.00,97970.00,0.00,0.00,65,54,24,1,11283333.35,5653977.03,0.00,1,8,210,0.92,0.00,26,9440984.62,system,2021-04-24 00:07:31.357,system,NULL,4
ICOOL Bình Phú,5EBADC56-55A4-EB11-8100-509A4C8C9FAC,2021-04-23,6,51894200.00,51367440.00,232000.00,76220.00,218540.00,0.00,0.00,122,112,36,4,3833333.33,11536935.77,857714.29,4,5.83,210,1.5,0.00,24,36854885.18,system,2021-04-24 00:00:01.140,system,NULL,4
ICOOL Dương Bá Trạc,5099729E-55A4-EB11-8100-509A4C8C9FAC,2021-04-23,7,104860000.00,100973557.50,1960050.00,253805.00,1672587.50,108270.00,300000.00,195,200,59,4,16166666.67,19452872.11,0.00,10,5.93,350,2.27,0.00,26,65762288.72,system,2021-04-24 00:02:01.240,system,NULL,4
ICOOL Nguyễn Sơn,0DF31AD4-55A4-EB11-8100-509A4C8C9FAC,2021-04-23,9,14834000.00,14760800.00,73200.00,0.00,0.00,0.00,0.00,47,35,17,2,10582583.33,2612360.57,0.00,9,9.41,160,1.13,0.00,15,1565856.09,system,2021-04-24 00:03:31.260,system,NULL,4
ICOOL Ung Văn Khiêm,9915ADC3-1FA5-EB11-8100-509A4C8C9FAC,2021-04-24,1,161174200.00,158962896.00,883654.00,0.00,1327650.00,116000.00,0.00,482,315,100,6,23799500.00,31498497.10,0.00,41,3,300,2.7,0.00,37,103780898.90,system,2021-04-25 00:09:02.040,system,NULL,4
ICOOL Thành Thái,39BA157C-1FA5-EB11-8100-509A4C8C9FAC,2021-04-24,10,141887501.00,137872492.00,2654339.00,0.00,1360670.00,528920.00,0.00,369,341,93,9,23105266.67,29702885.40,23500.00,40,3.9,363,3.32,0.00,28,85616759.93,system,2021-04-25 00:07:01.927,system,NULL,4
ICOOL Nguyễn Trãi,D87DBA10-1FA5-EB11-8100-509A4C8C9FAC,2021-04-24,11,33167300.00,32138338.00,737612.00,0.00,291350.00,131500.00,0.00,49,76,25,2,5906609.70,6785008.31,1255010.00,4,5.6,140,1.56,0.00,16,20833229.99,system,2021-04-25 00:04:01.813,system,NULL,4
ICOOL Mạc Đỉnh Chi,DAD4F4EC-1EA5-EB11-8100-509A4C8C9FAC,2021-04-24,12,102894100.00,101541565.00,756475.00,421300.00,174760.00,0.00,0.00,282,197,65,8,16440000.00,18659499.11,0.00,31,4,270,2.95,0.00,22,66442065.89,system,2021-04-25 00:03:01.797,system,NULL,4
ICOOL Trần Bình Trọng,28F5DF9F-1FA5-EB11-8100-509A4C8C9FAC,2021-04-24,13,51485500.00,50044480.00,418030.00,0.00,1022990.00,310220.00,0.00,117,107,41,2,9755466.67,10811794.81,1067708.33,11,4.39,180,2.41,0.00,17,30855146.85,system,2021-04-25 00:08:01.973,system,NULL,4
ICOOL Cách Mạng Tháng 8,0DC37F93-1EA5-EB11-8100-509A4C8C9FAC,2021-04-24,14,110282800.00,107764940.00,1527080.00,116800.00,873980.00,587595.00,0.00,267,250,77,4,21450000.01,18499731.77,0.00,32,4,350,2.75,0.00,28,68402803.22,system,2021-04-25 00:00:31.713,system,NULL,4
ICOOL Cầu Chữ Y,57E565A5-1EA5-EB11-8100-509A4C8C9FAC,2021-04-24,16,39613001.00,37338576.80,1875544.00,0.00,398880.20,0.00,0.00,97,88,32,4,10633333.37,7472947.87,0.00,10,2.5,80,2.29,0.00,14,19232295.57,system,2021-04-25 00:01:01.743,system,NULL,4
ICOOL Nhị Thiên Đường,E2E38134-1FA5-EB11-8100-509A4C8C9FAC,2021-04-24,17,49970700.00,47795135.00,1718795.00,0.00,456770.00,0.00,70000.00,85,71,34,2,10126666.66,10804660.36,0.00,2,5,170,2.13,0.00,16,26933807.98,system,2021-04-25 00:05:01.840,system,NULL,4
ICOOL Trần Não,F4C0BEB1-1FA5-EB11-8100-509A4C8C9FAC,2021-04-24,18,143565900.00,141403740.00,972920.00,199800.00,989440.00,2020230.00,0.00,317,264,71,3,16633333.34,38387640.51,8315886.57,21,3,260,3.55,0.00,20,96718882.72,system,2021-04-25 00:08:31.957,system,NULL,4
ICOOL Nguyễn Tri Phương,4AD59C22-1FA5-EB11-8100-509A4C8C9FAC,2021-04-24,19,34263900.00,33466870.00,663800.00,0.00,133230.00,0.00,0.00,84,91,36,1,9670000.00,5544147.01,0.00,4,3.89,140,2.25,0.00,16,18252722.99,system,2021-04-25 00:04:31.817,system,NULL,4
ICOOL Đồng Đen,1FD349B7-1EA5-EB11-8100-509A4C8C9FAC,2021-04-24,22,102672700.00,100172482.00,1883118.00,0.00,617100.00,0.00,0.00,306,237,68,5,13614000.00,20507018.40,0.00,44,3,250,2.72,0.00,25,66051463.60,system,2021-04-25 00:01:31.760,system,NULL,4
ICOOL Phan Chu Trinh,CEBB6646-1FA5-EB11-8100-509A4C8C9FAC,2021-04-24,23,53885900.00,53577210.00,237530.00,0.00,71160.00,0.00,0.00,123,82,41,4,6901866.67,10780823.77,0.00,10,3.17,130,2.93,0.00,14,35894519.56,system,2021-04-25 00:05:31.863,system,NULL,4
ICOOL Phan Xích Long,3FAA4958-1FA5-EB11-8100-509A4C8C9FAC,2021-04-24,24,127399700.00,125434380.00,467010.00,0.00,1498310.00,0.00,0.00,260,383,74,5,14500000.00,22826245.11,0.00,30,3,280,2.96,0.00,25,88108134.89,system,2021-04-25 00:06:01.870,system,NULL,4
ICOOL Vũng Tàu,989885D5-1FA5-EB11-8100-509A4C8C9FAC,2021-04-24,25,34092700.00,33595360.00,290000.00,0.00,207340.00,0.00,0.00,105,92,34,7,6566666.67,7083502.09,0.00,10,4,140,2,0.00,17,19945191.24,system,2021-04-25 00:09:31.980,system,NULL,4
ICOOL Phú Quốc,6D9F306A-1FA5-EB11-8100-509A4C8C9FAC,2021-04-24,26,1722400.00,1089950.00,632450.00,0.00,0.00,0.00,0.00,6,2,2,0,12933333.33,163770.00,0.00,0,5.5,11,0.08,0.00,25,-12007153.33,system,2021-04-25 00:06:31.907,system,NULL,4
ICOOL Xô Viết Nghệ Tĩnh,186973E7-1FA5-EB11-8100-509A4C8C9FAC,2021-04-24,4,104324900.00,101547964.00,1724435.00,271951.00,780550.00,0.00,0.00,294,189,73,7,12916666.67,22696277.36,97912.00,31,3,250,2.52,0.00,29,66032931.97,system,2021-04-25 00:10:02.057,system,NULL,4
ICOOL Tô Ký,9FBEF88D-1FA5-EB11-8100-509A4C8C9FAC,2021-04-24,5,50707300.00,49648474.00,780196.00,94660.00,183970.00,151160.00,0.00,94,112,37,1,11283333.35,11049401.17,28800.00,1,5,210,1.42,0.00,26,27495699.48,system,2021-04-25 00:07:31.937,system,NULL,4
ICOOL Bình Phú,AEA39681-1EA5-EB11-8100-509A4C8C9FAC,2021-04-24,6,98078600.00,94781621.00,1205039.00,363570.00,1728370.00,0.00,0.00,250,168,64,5,3833333.33,19955811.54,275833.33,20,3.28,210,2.67,0.00,24,71268309.46,system,2021-04-25 00:00:01.663,system,NULL,4
ICOOL Dương Bá Trạc,508A35C9-1EA5-EB11-8100-509A4C8C9FAC,2021-04-24,7,130601900.00,126924520.00,2591950.00,0.00,1085430.00,464795.00,0.00,249,222,72,7,16166666.67,24494112.27,0.00,32,4.86,350,2.77,0.00,26,86728536.07,system,2021-04-25 00:02:01.823,system,NULL,4
ICOOL Nguyễn Sơn,F529D2FE-1EA5-EB11-8100-509A4C8C9FAC,2021-04-24,9,50312900.00,48172748.00,1523732.00,0.00,616420.00,0.00,0.00,141,125,40,4,10582583.33,11325013.44,219285.00,16,4,160,2.67,0.00,15,26484436.23,system,2021-04-25 00:03:31.770,system,NULL,4
ICOOL Ung Văn Khiêm,03A850EE-E8A5-EB11-8100-509A4C8C9FAC,2021-04-25,1,121881800.00,119500445.00,1481120.00,376675.00,523560.00,0.00,0.00,381,259,84,5,23799500.00,24182302.35,0.00,48,3.57,300,2.27,0.00,37,71518642.65,system,2021-04-26 00:09:02.417,system,NULL,4
ICOOL Thành Thái,D8F7C1A6-E8A5-EB11-8100-509A4C8C9FAC,2021-04-25,10,101329400.00,98682674.00,1889376.00,140230.00,617120.00,266437.00,0.00,261,232,75,14,23105266.67,19698570.88,0.00,54,0.01,1,2.68,0.00,28,56145273.45,system,2021-04-26 00:07:02.363,system,NULL,4
ICOOL Nguyễn Trãi,F1756C3B-E8A5-EB11-8100-509A4C8C9FAC,2021-04-25,11,22032400.00,21539045.00,304355.00,0.00,189000.00,0.00,0.00,50,78,21,3,5906609.70,3566375.99,571010.00,7,6.19,130,1.31,0.00,16,12637069.31,system,2021-04-26 00:04:02.287,system,NULL,4
ICOOL Mạc Đỉnh Chi,3952A717-E8A5-EB11-8100-509A4C8C9FAC,2021-04-25,12,55508201.00,54364026.00,632175.00,0.00,512000.00,0.00,0.00,170,134,44,2,16440000.00,8880174.67,0.00,30,6,270,2,0.00,22,29043851.33,system,2021-04-26 00:03:02.277,system,NULL,4
ICOOL Trần Bình Trọng,58A888CA-E8A5-EB11-8100-509A4C8C9FAC,2021-04-25,13,30127300.00,29264980.00,375560.00,0.00,486760.00,145910.00,0.00,67,57,22,0,9755466.67,6632527.33,1408467.14,11,6.36,140,1.29,0.00,17,14431363.14,system,2021-04-26 00:08:02.387,system,NULL,4
ICOOL Cách Mạng Tháng 8,4D4C36BE-E7A5-EB11-8100-509A4C8C9FAC,2021-04-25,14,66408800.00,65032405.00,1050845.00,152050.00,173500.00,0.00,0.00,160,147,55,5,21450000.01,9685379.05,0.00,29,6,340,1.96,0.00,28,33897025.94,system,2021-04-26 00:00:32.217,system,NULL,4
ICOOL Cầu Chữ Y,FF4717D0-E7A5-EB11-8100-509A4C8C9FAC,2021-04-25,16,25000200.00,24040440.00,514320.00,0.00,445440.00,0.00,0.00,57,62,22,1,10633333.37,5193101.96,0.00,6,3.18,70,1.57,0.00,14,8214004.68,system,2021-04-26 00:01:02.213,system,NULL,4
ICOOL Nhị Thiên Đường,989F435F-E8A5-EB11-8100-509A4C8C9FAC,2021-04-25,17,26128400.00,25863572.00,120558.00,0.00,144270.00,0.00,0.00,53,40,20,1,10126666.66,5286336.72,0.00,2,8,160,1.25,0.00,16,10450568.62,system,2021-04-26 00:05:02.417,system,NULL,4
ICOOL Trần Não,45E66CDC-E8A5-EB11-8100-509A4C8C9FAC,2021-04-25,18,93580100.00,92439775.00,1140325.00,0.00,0.00,228080.00,0.00,194,221,54,0,16633333.34,18199220.32,48490.00,20,4,240,2.7,0.00,20,57883791.34,system,2021-04-26 00:08:32.403,system,NULL,4
ICOOL Nguyễn Tri Phương,339A564D-E8A5-EB11-8100-509A4C8C9FAC,2021-04-25,19,22427700.00,22233700.00,194000.00,0.00,0.00,0.00,0.00,53,63,29,1,9670000.00,3381955.05,0.00,1,4.83,140,1.81,0.00,16,9181744.95,system,2021-04-26 00:04:32.343,system,NULL,4
ICOOL Đồng Đen,7BACFFE1-E7A5-EB11-8100-509A4C8C9FAC,2021-04-25,22,61555900.00,59636281.00,1682363.00,144036.00,93220.00,0.00,0.00,209,157,43,4,13614000.00,11958888.35,0.00,33,5,250,1.72,0.00,25,34063392.65,system,2021-04-26 00:01:32.257,system,NULL,4
ICOOL Phan Chu Trinh,9B221871-E8A5-EB11-8100-509A4C8C9FAC,2021-04-25,23,16542900.00,16375125.00,106265.00,0.00,61510.00,0.00,0.00,46,34,19,2,6901866.67,4153421.39,0.00,8,6.32,120,1.36,0.00,14,5319836.95,system,2021-04-26 00:05:32.330,system,NULL,4
ICOOL Phan Xích Long,44ED0183-E8A5-EB11-8100-509A4C8C9FAC,2021-04-25,24,89007800.00,88093640.00,432475.00,96945.00,384740.00,0.00,0.00,198,240,58,10,14500000.00,15064246.67,0.00,35,4,280,2.32,0.00,25,58529393.33,system,2021-04-26 00:06:02.387,system,NULL,4
ICOOL Vũng Tàu,0D963300-E9A5-EB11-8100-509A4C8C9FAC,2021-04-25,25,18261000.00,17998840.00,262160.00,0.00,0.00,0.00,0.00,62,50,20,2,6566666.67,4716405.23,0.00,11,5,100,1.18,0.00,17,6715768.10,system,2021-04-26 00:09:32.427,system,NULL,4
ICOOL Phú Quốc,AAFEDE94-E8A5-EB11-8100-509A4C8C9FAC,2021-04-25,26,8292900.00,6500450.00,1792450.00,0.00,0.00,0.00,0.00,18,18,3,0,12933333.33,669108.33,0.00,1,3.67,11,0.12,0.00,25,-7101991.67,system,2021-04-26 00:06:32.353,system,NULL,4
ICOOL Xô Viết Nghệ Tĩnh,C25F2412-E9A5-EB11-8100-509A4C8C9FAC,2021-04-25,4,78526500.00,76814805.00,1133755.00,359140.00,218800.00,68900.00,0.00,228,168,56,8,12916666.67,17436806.01,92494.80,32,4,250,1.93,0.00,29,46622727.12,system,2021-04-26 00:10:02.523,system,NULL,4
ICOOL Tô Ký,6061A5B8-E8A5-EB11-8100-509A4C8C9FAC,2021-04-25,5,45667944.00,44315194.00,622950.00,156440.00,573360.00,0.00,0.00,97,86,35,0,11283333.35,10304944.58,0.00,6,5,200,1.35,0.00,26,22726916.07,system,2021-04-26 00:07:32.377,system,NULL,4
ICOOL Bình Phú,5FCB4EAC-E7A5-EB11-8100-509A4C8C9FAC,2021-04-25,6,67264600.00,65104230.00,953730.00,0.00,1206640.00,0.00,0.00,172,163,51,4,3833333.33,14429814.64,0.00,12,4.12,210,2.13,0.00,24,46841082.03,system,2021-04-26 00:00:02.180,system,NULL,4
ICOOL Dương Bá Trạc,1A34DDF3-E7A5-EB11-8100-509A4C8C9FAC,2021-04-25,7,89178700.00,86854005.00,1581185.00,180480.00,563030.00,0.00,0.00,183,153,52,5,16166666.67,16881702.83,0.00,23,6.73,350,2,0.00,26,53805635.51,system,2021-04-26 00:02:02.230,system,NULL,4
ICOOL Nguyễn Sơn,49458D29-E8A5-EB11-8100-509A4C8C9FAC,2021-04-25,9,45886200.00,44289800.00,648720.00,0.00,947680.00,0.00,0.00,142,115,36,2,10582583.33,11057039.63,0.00,19,4.44,160,2.4,0.00,15,22650177.04,system,2021-04-26 00:03:32.303,system,NULL,4
ICOOL Ung Văn Khiêm,196E1219-B2A6-EB11-8100-509A4C8C9FAC,2021-04-26,1,75635700.00,74353420.00,1282280.00,0.00,0.00,264340.00,150000.00,200,171,50,5,23799500.00,17519507.29,0.00,21,6,300,1.35,0.00,37,33448752.71,system,2021-04-27 00:09:02.993,system,NULL,4
ICOOL Thành Thái,C4C883D1-B1A6-EB11-8100-509A4C8C9FAC,2021-04-26,10,62976400.00,59904492.00,2626978.00,0.00,444930.00,334290.00,2090000.00,172,138,52,3,23105266.67,13825146.68,0.00,26,0.02,1,1.86,0.00,28,25398368.65,system,2021-04-27 00:07:02.940,system,NULL,4
ICOOL Nguyễn Trãi,C3CB3166-B1A6-EB11-8100-509A4C8C9FAC,2021-04-26,11,6252100.00,5907620.00,176100.00,0.00,168380.00,0.00,0.00,21,19,8,2,5906609.70,1220093.05,0.00,2,13.75,110,0.5,0.00,16,-1219082.75,system,2021-04-27 00:04:02.887,system,NULL,4
ICOOL Mạc Đỉnh Chi,5BA26842-B1A6-EB11-8100-509A4C8C9FAC,2021-04-26,12,56692500.00,54525865.00,1176895.00,0.00,989740.00,232630.00,0.00,158,98,36,9,16440000.00,10853684.77,0.00,11,7,270,1.64,0.00,22,27464810.23,system,2021-04-27 00:03:02.850,system,NULL,4
ICOOL Trần Bình Trọng,FEDC4BF5-B1A6-EB11-8100-509A4C8C9FAC,2021-04-26,13,26873500.00,24799680.00,1310350.00,0.00,763470.00,0.00,0.00,54,43,20,1,9755466.67,451793981.62,5637633.19,1,7,140,1.18,0.00,17,-431112135.10,system,2021-04-27 00:08:02.973,system,NULL,4
ICOOL Cách Mạng Tháng 8,7A7CF9E8-B0A6-EB11-8100-509A4C8C9FAC,2021-04-26,14,66666600.00,64715875.00,1254265.00,0.00,696460.00,336660.00,0.00,158,150,40,0,21450000.01,12979375.44,0.00,13,7,300,1.43,0.00,28,30623159.55,system,2021-04-27 00:00:32.803,system,NULL,4
ICOOL Cầu Chữ Y,39EDD9FA-B0A6-EB11-8100-509A4C8C9FAC,2021-04-26,16,16333201.00,15487320.90,285400.00,0.00,560480.10,0.00,0.00,28,33,15,5,10633333.37,3174791.15,0.00,4,4,60,1.07,0.00,14,1679196.38,system,2021-04-27 00:01:02.797,system,NULL,4
ICOOL Nhị Thiên Đường,BFA1FF89-B1A6-EB11-8100-509A4C8C9FAC,2021-04-26,17,20065000.00,19424730.00,0.00,0.00,640270.00,0.00,0.00,46,28,17,0,10126666.66,4808859.10,0.00,1,6,110,1.06,0.00,16,4489204.24,system,2021-04-27 00:05:02.957,system,NULL,4
ICOOL Trần Não,C6FB3007-B2A6-EB11-8100-509A4C8C9FAC,2021-04-26,18,79455600.00,78346660.00,466550.00,45290.00,597100.00,1551040.00,0.00,217,192,43,0,16633333.34,17869153.20,0.00,18,4,200,2.15,0.00,20,45395213.46,system,2021-04-27 00:08:32.993,system,NULL,4
ICOOL Nguyễn Tri Phương,440F1278-B1A6-EB11-8100-509A4C8C9FAC,2021-04-26,19,13888900.00,13168900.00,720000.00,0.00,0.00,0.00,0.00,37,44,18,0,9670000.00,2287207.43,0.00,2,7.22,130,1.13,0.00,16,1211692.57,system,2021-04-27 00:04:32.880,system,NULL,4
ICOOL Đồng Đen,3A81BC0C-B1A6-EB11-8100-509A4C8C9FAC,2021-04-26,22,28295400.00,27895325.00,400075.00,0.00,0.00,0.00,0.00,100,73,26,1,13614000.00,6090464.72,0.00,20,7,190,1.04,0.00,25,8190860.28,system,2021-04-27 00:01:32.803,system,NULL,4
ICOOL Phan Chu Trinh,00D0E09B-B1A6-EB11-8100-509A4C8C9FAC,2021-04-26,23,10443800.00,9765900.00,677900.00,0.00,0.00,329770.00,0.00,44,15,11,0,6901866.67,2725722.86,0.00,2,9.09,100,0.79,0.00,14,468080.47,system,2021-04-27 00:05:32.953,system,NULL,4
ICOOL Phan Xích Long,40AABDAD-B1A6-EB11-8100-509A4C8C9FAC,2021-04-26,24,62951400.00,61981335.00,590385.00,155350.00,224330.00,1157100.00,0.00,129,193,45,8,14500000.00,11108101.01,0.00,31,6,280,1.8,0.00,25,37530333.99,system,2021-04-27 00:06:02.920,system,NULL,4
ICOOL Vũng Tàu,8B9DF42A-B2A6-EB11-8100-509A4C8C9FAC,2021-04-26,25,11995900.00,11850900.00,145000.00,0.00,0.00,0.00,0.00,34,29,8,1,6566666.67,2656129.48,0.00,2,15,120,0.47,0.00,17,2628103.85,system,2021-04-27 00:09:32.997,system,NULL,4
ICOOL Phú Quốc,7DFEA4BF-B1A6-EB11-8100-509A4C8C9FAC,2021-04-26,26,4029200.00,3099350.00,929850.00,0.00,0.00,0.00,0.00,7,5,2,0,12933333.33,896309.05,0.00,0,4.5,9,0.08,0.00,25,-10730292.38,system,2021-04-27 00:06:32.960,system,NULL,4
ICOOL Xô Viết Nghệ Tĩnh,3C80D73C-B2A6-EB11-8100-509A4C8C9FAC,2021-04-26,4,44111100.00,42215510.00,918325.00,76915.00,900350.00,146139.00,0.00,129,98,34,5,12916666.67,10011167.88,0.00,12,7,250,1.17,0.00,29,19433814.45,system,2021-04-27 00:10:03.007,system,NULL,4
ICOOL Tô Ký,FDD367E3-B1A6-EB11-8100-509A4C8C9FAC,2021-04-26,5,20769700.00,20128685.00,428500.00,212515.00,0.00,0.00,3610000.00,39,53,19,0,11283333.35,5135938.70,0.00,6,7,150,0.73,0.00,26,7319412.95,system,2021-04-27 00:07:32.957,system,NULL,4
ICOOL Bình Phú,FD7514D7-B0A6-EB11-8100-509A4C8C9FAC,2021-04-26,6,42578200.00,41495900.00,713250.00,56300.00,312750.00,0.00,0.00,118,102,35,1,3833333.33,9315013.87,354273.81,6,5.43,190,1.46,0.00,24,28701826.61,system,2021-04-27 00:00:02.780,system,NULL,4
ICOOL Dương Bá Trạc,EFC19E1E-B1A6-EB11-8100-509A4C8C9FAC,2021-04-26,7,57929900.00,55029000.00,1344480.00,158250.00,1398170.00,0.00,0.00,131,110,38,3,16166666.67,11904661.63,0.00,8,9.21,350,1.46,0.00,26,26957671.71,system,2021-04-27 00:02:02.807,system,NULL,4
ICOOL Nguyễn Sơn,76F34C54-B1A6-EB11-8100-509A4C8C9FAC,2021-04-26,9,29033700.00,28563000.00,216600.00,0.00,254100.00,0.00,0.00,100,75,27,2,10582583.33,6480101.00,0.00,13,4.81,130,1.8,0.00,15,11500315.66,system,2021-04-27 00:03:32.867,system,NULL,4
ICOOL Ung Văn Khiêm,F79E6447-7BA7-EB11-8100-509A4C8C9FAC,2021-04-27,1,85468400.00,84449928.00,777452.00,27680.00,213340.00,0.00,0.00,273,175,59,3,23799500.00,18304498.42,0.00,18,5.08,300,1.59,0.00,37,42345929.58,system,2021-04-28 00:09:09.550,system,NULL,4
ICOOL Thành Thái,C393D3FF-7AA7-EB11-8100-509A4C8C9FAC,2021-04-27,10,56782700.00,54303335.00,1848415.00,75830.00,555120.00,0.00,0.00,202,160,61,3,23105266.67,11243076.30,0.00,18,0.02,1,2.18,0.00,28,19954992.04,system,2021-04-28 00:07:09.480,system,NULL,4
ICOOL Nguyễn Trãi,E4707B94-7AA7-EB11-8100-509A4C8C9FAC,2021-04-27,11,18692800.00,17438028.00,384752.00,0.00,870020.00,0.00,0.00,51,34,12,0,5906609.70,4591860.24,0.00,0,9.17,110,0.75,0.00,16,6939558.06,system,2021-04-28 00:04:09.387,system,NULL,4
ICOOL Mạc Đỉnh Chi,5061B470-7AA7-EB11-8100-509A4C8C9FAC,2021-04-27,12,55265800.00,53047140.00,1615580.00,0.00,603080.00,687351.50,0.00,155,111,41,9,16440000.00,10191238.63,0.00,15,6,270,1.86,0.00,22,27103252.87,system,2021-04-28 00:03:09.363,system,NULL,4
ICOOL Trần Bình Trọng,A5C39A23-7BA7-EB11-8100-509A4C8C9FAC,2021-04-27,13,25762800.00,24551620.00,529350.00,0.00,681830.00,0.00,0.00,61,69,25,1,9755466.67,6106679.36,0.00,6,5.6,140,1.47,0.00,17,8689473.97,system,2021-04-28 00:08:09.507,system,NULL,4
ICOOL Cách Mạng Tháng 8,DA604717-7AA7-EB11-8100-509A4C8C9FAC,2021-04-27,14,76515600.00,74772295.00,756295.00,110030.00,876980.00,634640.00,0.00,191,153,52,8,21450000.01,12873480.24,0.00,19,5,300,1.86,0.00,28,41083454.75,system,2021-04-28 00:00:39.330,system,NULL,4
ICOOL Cầu Chữ Y,B6272729-7AA7-EB11-8100-509A4C8C9FAC,2021-04-27,16,17187300.00,16154890.00,745540.00,0.00,286870.00,0.00,0.00,43,38,15,0,10633333.37,4204930.29,0.00,4,4,60,1.07,0.00,14,1316626.34,system,2021-04-28 00:01:09.320,system,NULL,4
ICOOL Nhị Thiên Đường,A09442B8-7AA7-EB11-8100-509A4C8C9FAC,2021-04-27,17,12428200.00,12228200.00,200000.00,0.00,0.00,0.00,0.00,30,19,12,0,10126666.66,2590502.96,0.00,2,9,110,0.75,0.00,16,-488969.62,system,2021-04-28 00:05:09.413,system,NULL,4
ICOOL Trần Não,9A927B35-7BA7-EB11-8100-509A4C8C9FAC,2021-04-27,18,78246400.00,77135430.00,464000.00,152370.00,494600.00,846800.00,0.00,191,143,46,1,16633333.34,17489747.73,70500.00,17,5,270,2.3,0.00,20,43929648.93,system,2021-04-28 00:08:39.503,system,NULL,4
ICOOL Nguyễn Tri Phương,F38D5CA6-7AA7-EB11-8100-509A4C8C9FAC,2021-04-27,19,24095400.00,22511790.00,1396350.00,0.00,187260.00,68980.00,0.00,58,80,25,1,9670000.00,4900520.72,0.00,3,5.2,130,1.56,0.00,16,8010249.28,system,2021-04-28 00:04:39.383,system,NULL,4
ICOOL Đồng Đen,BC351E3B-7AA7-EB11-8100-509A4C8C9FAC,2021-04-27,22,46947400.00,46242285.00,612855.00,0.00,92260.00,450950.00,3360000.00,131,96,33,5,13614000.00,10962122.48,0.00,15,6,200,1.32,0.00,25,25477112.52,system,2021-04-28 00:01:39.460,system,NULL,4
ICOOL Phan Chu Trinh,88AE24CA-7AA7-EB11-8100-509A4C8C9FAC,2021-04-27,23,27074000.00,26101305.00,170445.00,0.00,802250.00,0.00,0.00,59,39,21,1,6901866.67,9145457.43,0.00,4,4.29,90,1.5,0.00,14,10053980.90,system,2021-04-28 00:05:39.417,system,NULL,4
ICOOL Phan Xích Long,197107DC-7AA7-EB11-8100-509A4C8C9FAC,2021-04-27,24,61764700.00,58763350.00,2281490.00,0.00,719860.00,0.00,0.00,142,165,42,3,14500000.00,11259934.41,0.00,20,6,280,1.68,0.00,25,33003415.59,system,2021-04-28 00:06:09.423,system,NULL,4
ICOOL Vũng Tàu,0D994059-7BA7-EB11-8100-509A4C8C9FAC,2021-04-27,25,17824800.00,17640452.00,184348.00,0.00,0.00,202510.00,0.00,58,44,15,0,6566666.67,4141238.33,0.00,6,7,110,0.88,0.00,17,7135057.00,system,2021-04-28 00:09:39.513,system,NULL,4
ICOOL Phú Quốc,9778E9ED-7AA7-EB11-8100-509A4C8C9FAC,2021-04-27,26,3077300.00,2193500.00,883800.00,0.00,0.00,0.00,0.00,14,5,3,0,12933333.33,426264.00,0.00,0,3,9,0.12,0.00,25,-11166097.33,system,2021-04-28 00:06:39.427,system,NULL,4
ICOOL Xô Viết Nghệ Tĩnh,3262296B-7BA7-EB11-8100-509A4C8C9FAC,2021-04-27,4,39762400.00,38633910.00,956450.00,47180.00,124860.00,105680.00,0.00,103,92,39,2,12916666.67,9694756.41,0.00,16,6,250,1.34,0.00,29,16128166.92,system,2021-04-28 00:10:09.560,system,NULL,4
ICOOL Tô Ký,3D7DB411-7BA7-EB11-8100-509A4C8C9FAC,2021-04-27,5,27767100.00,26001280.00,656930.00,0.00,1108890.00,0.00,0.00,67,54,22,2,11283333.35,6580638.86,0.00,0,6,150,0.85,0.00,26,8137307.79,system,2021-04-28 00:07:39.477,system,NULL,4
ICOOL Bình Phú,C83E2006-7AA7-EB11-8100-509A4C8C9FAC,2021-04-27,6,54730200.00,53132736.00,1032864.00,202050.00,362550.00,0.00,0.00,148,114,41,0,3833333.33,12396682.68,991000.00,14,4.63,190,1.71,0.00,24,37893719.99,system,2021-04-28 00:00:10.553,system,NULL,4
ICOOL Dương Bá Trạc,7BE6EB4C-7AA7-EB11-8100-509A4C8C9FAC,2021-04-27,7,61380500.00,59905290.00,614560.00,180250.00,680400.00,177075.00,0.00,138,128,43,8,16166666.67,11773742.96,0.00,16,8.14,350,1.65,0.00,26,32141955.37,system,2021-04-28 00:02:09.330,system,NULL,4
ICOOL Nguyễn Sơn,F7DD9582-7AA7-EB11-8100-509A4C8C9FAC,2021-04-27,9,31945200.00,31214570.00,350900.00,0.00,379730.00,0.00,1170000.00,87,76,32,5,10582583.33,7176455.96,0.00,22,4.06,130,2.13,0.00,15,14625530.71,system,2021-04-28 00:03:39.360,system,NULL,4
ICOOL Ung Văn Khiêm,861B1E72-44A8-EB11-8100-509A4C8C9FAC,2021-04-28,1,102425100.00,100823230.00,1240500.00,41130.00,320240.00,238440.00,0.00,332,175,71,5,23799500.00,22211875.04,0.00,40,4.23,300,1.92,0.00,37,55050294.96,system,2021-04-29 00:09:10.073,system,NULL,4
ICOOL Thành Thái,23B7882A-44A8-EB11-8100-509A4C8C9FAC,2021-04-28,10,83843900.00,81496795.00,2059505.00,81090.00,206510.00,528300.00,0.00,278,235,72,9,23105266.67,18212797.08,232500.00,25,0.01,1,2.57,0.00,28,40939531.25,system,2021-04-29 00:07:09.977,system,NULL,4
ICOOL Nguyễn Trãi,653D31BF-43A8-EB11-8100-509A4C8C9FAC,2021-04-28,11,16754100.00,16404585.00,254325.00,0.00,95190.00,0.00,0.00,54,44,20,3,5906609.70,2748584.19,0.00,1,6,120,1.25,0.00,16,7749391.11,system,2021-04-29 00:04:09.887,system,NULL,4
ICOOL Mạc Đỉnh Chi,03C96D9B-43A8-EB11-8100-509A4C8C9FAC,2021-04-28,12,89958500.00,88649455.00,1003585.00,0.00,305460.00,1134611.50,5010000.00,272,155,47,3,16440000.00,18358108.87,0.00,12,5,270,2.14,0.00,22,59995957.63,system,2021-04-29 00:03:09.883,system,NULL,4
ICOOL Trần Bình Trọng,CDC9534E-44A8-EB11-8100-509A4C8C9FAC,2021-04-28,13,27998000.00,26119075.00,1614225.00,0.00,264700.00,0.00,0.00,81,75,27,2,9755466.67,5560358.91,0.00,5,5.19,140,1.59,0.00,17,10803249.43,system,2021-04-29 00:08:10.027,system,NULL,4
ICOOL Cách Mạng Tháng 8,91B3F941-43A8-EB11-8100-509A4C8C9FAC,2021-04-28,14,90391600.00,87108295.00,1327235.00,214650.00,1741420.00,0.00,100000.00,219,208,59,2,21450000.01,16796072.82,0.00,22,5,300,2.11,0.00,28,48962222.17,system,2021-04-29 00:00:39.807,system,NULL,4
ICOOL Cầu Chữ Y,F397E253-43A8-EB11-8100-509A4C8C9FAC,2021-04-28,16,8631200.00,7913200.00,718000.00,0.00,0.00,0.00,0.00,28,27,11,0,10633333.37,1729077.24,0.00,2,5.45,60,0.79,0.00,14,-4449210.61,system,2021-04-29 00:01:09.853,system,NULL,4
ICOOL Nhị Thiên Đường,D50EFCE2-43A8-EB11-8100-509A4C8C9FAC,2021-04-28,17,34225700.00,33848940.00,126500.00,0.00,250260.00,0.00,0.00,66,60,28,1,10126666.66,7773553.15,0.00,0,4,120,1.75,0.00,16,15948720.19,system,2021-04-29 00:05:09.937,system,NULL,4
ICOOL Trần Não,A6263960-44A8-EB11-8100-509A4C8C9FAC,2021-04-28,18,92762100.00,91702956.00,772364.00,0.00,286780.00,80540.00,200000.00,208,191,48,3,16633333.34,20807444.21,47000.00,6,4,200,2.4,0.00,20,54589718.45,system,2021-04-29 00:08:40.050,system,NULL,4
ICOOL Nguyễn Tri Phương,E5C714D1-43A8-EB11-8100-509A4C8C9FAC,2021-04-28,19,19488800.00,18717350.00,588300.00,37250.00,145900.00,102150.00,1030000.00,60,82,28,0,9670000.00,3545069.10,0.00,5,4.64,130,1.75,0.00,16,6634430.90,system,2021-04-29 00:04:39.900,system,NULL,4
ICOOL Đồng Đen,5018C365-43A8-EB11-8100-509A4C8C9FAC,2021-04-28,22,61242100.00,60483635.00,758465.00,0.00,0.00,0.00,0.00,186,135,48,5,13614000.00,12993197.01,0.00,25,4,200,1.92,0.00,25,33876437.99,system,2021-04-29 00:01:39.847,system,NULL,4
ICOOL Phan Chu Trinh,43F8DCF4-43A8-EB11-8100-509A4C8C9FAC,2021-04-28,23,24734500.00,24175570.00,153280.00,0.00,405650.00,0.00,1220000.00,50,40,18,0,6901866.67,8026122.91,0.00,8,5.56,100,1.29,0.00,14,10467580.42,system,2021-04-29 00:05:39.930,system,NULL,4
ICOOL Phan Xích Long,1950C006-44A8-EB11-8100-509A4C8C9FAC,2021-04-28,24,100330700.00,96416175.00,2816715.00,0.00,1097810.00,667890.00,0.00,239,254,57,12,14500000.00,19673224.96,0.00,22,4,250,2.28,0.00,25,62910840.04,system,2021-04-29 00:06:09.943,system,NULL,4
ICOOL Vũng Tàu,43E7FE83-44A8-EB11-8100-509A4C8C9FAC,2021-04-28,25,8178700.00,7979700.00,199000.00,0.00,0.00,0.00,0.00,25,24,8,3,6566666.67,2212561.76,0.00,1,13,110,0.47,0.00,17,-799528.43,system,2021-04-29 00:09:40.067,system,NULL,4
ICOOL Phú Quốc,F859A318-44A8-EB11-8100-509A4C8C9FAC,2021-04-28,26,3637100.00,2767550.00,869550.00,0.00,0.00,0.00,0.00,11,8,4,0,12933333.33,600438.57,0.00,1,2.25,9,0.16,0.00,25,-10766221.91,system,2021-04-29 00:06:39.950,system,NULL,4
ICOOL Xô Viết Nghệ Tĩnh,2BBFE295-44A8-EB11-8100-509A4C8C9FAC,2021-04-28,4,37049000.00,35446495.00,1461250.00,141255.00,0.00,419171.00,0.00,113,67,31,1,12916666.67,8035402.21,221900.00,13,8,250,1.07,0.00,29,15135497.12,system,2021-04-29 00:10:10.080,system,NULL,4
ICOOL Tô Ký,5B296F3C-44A8-EB11-8100-509A4C8C9FAC,2021-04-28,5,24578000.00,23495935.00,770065.00,0.00,312000.00,0.00,0.00,72,49,25,0,11283333.35,5666632.77,0.00,4,6,170,0.96,0.00,26,6545968.88,system,2021-04-29 00:07:40.007,system,NULL,4
ICOOL Bình Phú,95279530-43A8-EB11-8100-509A4C8C9FAC,2021-04-28,6,46536900.00,44355908.00,1500742.00,88050.00,592200.00,440001.00,0.00,115,91,36,3,3833333.33,10644153.43,0.00,6,5.28,190,1.5,0.00,24,30318422.23,system,2021-04-29 00:00:10.627,system,NULL,4
ICOOL Dương Bá Trạc,D2A2A377-43A8-EB11-8100-509A4C8C9FAC,2021-04-28,7,67516000.00,64828035.00,2314805.00,119600.00,253560.00,243100.00,0.00,160,123,45,3,16166666.67,13425983.20,0.00,6,7.78,350,1.73,0.00,26,35478485.13,system,2021-04-29 00:02:09.840,system,NULL,4
ICOOL Nguyễn Sơn,0C8551AD-43A8-EB11-8100-509A4C8C9FAC,2021-04-28,9,26771000.00,26127420.00,179070.00,0.00,464510.00,0.00,0.00,89,73,27,6,10582583.33,6449769.14,0.00,17,4.81,130,1.8,0.00,15,9095067.52,system,2021-04-29 00:03:39.900,system,NULL,4
ICOOL Ung Văn Khiêm,F062E89C-0DA9-EB11-8100-509A4C8C9FAC,2021-04-29,1,139622100.00,136000243.00,1932117.00,151900.00,1537840.00,1655961.90,5170000.00,410,271,87,5,23799500.00,26465632.66,0.00,22,3.45,300,2.35,0.00,37,92561072.24,system,2021-04-30 00:09:10.707,system,NULL,4
ICOOL Thành Thái,69525855-0DA9-EB11-8100-509A4C8C9FAC,2021-04-29,10,104957001.00,101286137.00,2338234.00,241310.00,1091320.00,589838.00,0.00,296,255,79,12,23105266.67,19869232.30,169130.00,22,0.01,1,2.82,0.00,28,59070606.04,system,2021-04-30 00:07:10.643,system,NULL,4
ICOOL Nguyễn Trãi,405412EA-0CA9-EB11-8100-509A4C8C9FAC,2021-04-29,11,34926500.00,33785470.00,707030.00,0.00,434000.00,592600.00,0.00,52,59,23,2,5906609.70,6357476.79,0.00,5,5.65,130,1.44,0.00,16,22113983.51,system,2021-04-30 00:04:10.667,system,NULL,4
ICOOL Mạc Đỉnh Chi,F61C3AC6-0CA9-EB11-8100-509A4C8C9FAC,2021-04-29,12,96024900.00,92934335.00,2162975.00,198090.00,729500.00,792068.00,0.00,250,176,59,10,16440000.00,16863652.73,0.00,17,5.08,300,2.68,0.00,22,60422750.27,system,2021-04-30 00:03:10.530,system,NULL,4
ICOOL Trần Bình Trọng,90892479-0DA9-EB11-8100-509A4C8C9FAC,2021-04-29,13,52895400.00,50008439.00,1951621.00,214100.00,721240.00,0.00,0.00,124,138,45,8,9755466.67,9326332.91,591576.33,15,3.56,160,2.65,0.00,17,31518215.76,system,2021-04-30 00:08:10.700,system,NULL,4
ICOOL Cách Mạng Tháng 8,5A78C86C-0CA9-EB11-8100-509A4C8C9FAC,2021-04-29,14,124020600.00,116215185.00,4379385.00,58800.00,3367230.00,656225.00,0.00,254,286,66,10,21450000.00,21999093.96,0.00,22,4.55,300,2.36,0.00,28,73422316.04,system,2021-04-30 00:00:40.470,system,NULL,4
ICOOL Cầu Chữ Y,D428B37E-0CA9-EB11-8100-509A4C8C9FAC,2021-04-29,16,30868300.00,29107055.00,1038925.00,0.00,722320.00,82500.00,0.00,68,71,23,6,10633333.37,5664032.96,0.00,8,3.48,80,1.64,0.00,14,12892188.67,system,2021-04-30 00:01:10.527,system,NULL,4
ICOOL Nhị Thiên Đường,E7FFC80D-0DA9-EB11-8100-509A4C8C9FAC,2021-04-29,17,30529100.00,30122420.00,0.00,0.00,406680.00,267247.00,0.00,62,44,26,1,10126666.67,6225787.01,0.00,3,6.54,170,1.63,0.00,16,14037213.32,system,2021-04-30 00:05:10.587,system,NULL,4
ICOOL Trần Não,6314488B-0DA9-EB11-8100-509A4C8C9FAC,2021-04-29,18,136824600.00,133249895.00,2274800.00,39250.00,1260655.00,775450.00,1980000.00,292,313,74,4,16633333.33,29855565.87,0.00,28,3.11,230,3.7,0.00,20,89516445.79,system,2021-04-30 00:08:41.133,system,NULL,4
ICOOL Nguyễn Tri Phương,36EDE3FB-0CA9-EB11-8100-509A4C8C9FAC,2021-04-29,19,36156700.00,34993720.00,930900.00,0.00,232080.00,0.00,0.00,99,98,34,1,9670000.00,6678003.62,0.00,4,3.82,130,2.13,0.00,16,18645716.38,system,2021-04-30 00:04:40.563,system,NULL,4
ICOOL Đồng Đen,2B3B8C90-0CA9-EB11-8100-509A4C8C9FAC,2021-04-29,22,75593700.00,72136640.00,2428680.00,0.00,1028380.00,560880.00,0.00,202,164,52,7,13614000.00,23988762.98,10128182.20,30,4.81,250,2.08,0.00,25,45222939.22,system,2021-04-30 00:01:40.473,system,NULL,4
ICOOL Phan Chu Trinh,7584B41F-0DA9-EB11-8100-509A4C8C9FAC,2021-04-29,23,34488900.00,33989770.00,0.00,33340.00,465790.00,0.00,0.00,83,68,29,3,6901866.67,8068275.19,317415.00,5,3.79,110,2.07,0.00,14,19337043.14,system,2021-04-30 00:05:40.650,system,NULL,4
ICOOL Phan Xích Long,81279B31-0DA9-EB11-8100-509A4C8C9FAC,2021-04-29,24,113062700.00,105892535.00,5468810.00,0.00,1701355.00,524252.00,0.00,211,260,60,11,14500000.00,19739807.21,0.00,28,4.67,280,2.4,0.00,25,72176979.79,system,2021-04-30 00:06:10.683,system,NULL,4
ICOOL Vũng Tàu,A4E6CAAE-0DA9-EB11-8100-509A4C8C9FAC,2021-04-29,25,24071000.00,23063315.00,473215.00,0.00,534470.00,0.00,0.00,65,46,17,2,6566666.67,7306396.52,0.00,5,8.24,140,1,0.00,17,9190251.81,system,2021-04-30 00:09:40.713,system,NULL,4
ICOOL Phú Quốc,02E97D43-0DA9-EB11-8100-509A4C8C9FAC,2021-04-29,26,5171700.00,3816850.00,1354850.00,0.00,0.00,0.00,0.00,14,6,5,0,12933333.33,668145.95,0.00,0,1.8,9,0.2,0.00,25,-9784629.28,system,2021-04-30 00:06:40.690,system,NULL,4
ICOOL Xô Viết Nghệ Tĩnh,C877ABC0-0DA9-EB11-8100-509A4C8C9FAC,2021-04-29,4,57878700.00,56057165.00,1781735.00,39800.00,0.00,0.00,100000.00,173,104,45,6,12916666.67,12720045.27,764700.00,17,5.56,250,1.55,0.00,29,31285153.06,system,2021-04-30 00:10:10.703,system,NULL,4
ICOOL Tô Ký,3CCF3E67-0DA9-EB11-8100-509A4C8C9FAC,2021-04-29,5,47017700.00,45057485.00,979000.00,499945.00,481270.00,0.00,0.00,111,103,39,4,11283333.33,9861417.46,0.00,2,4.1,160,1.5,0.00,26,23912734.21,system,2021-04-30 00:07:40.673,system,NULL,4
ICOOL Bình Phú,37C1E85A-0CA9-EB11-8100-509A4C8C9FAC,2021-04-29,6,88031500.00,82945800.00,4386980.00,470960.00,227760.00,716880.00,0.00,252,182,60,1,3833333.33,18276623.83,0.00,13,3.17,190,2.5,0.00,24,61552722.84,system,2021-04-30 00:00:10.480,system,NULL,4
ICOOL Dương Bá Trạc,14CD7CA2-0CA9-EB11-8100-509A4C8C9FAC,2021-04-29,7,120771700.00,116140466.00,3374704.00,188600.00,1067930.00,355811.00,0.00,263,191,67,8,16166666.67,24056106.64,0.00,9,5.22,350,2.58,0.00,26,76273503.70,system,2021-04-30 00:02:10.570,system,NULL,4
ICOOL Nguyễn Sơn,E8F920D8-0CA9-EB11-8100-509A4C8C9FAC,2021-04-29,9,51645400.00,49724740.00,1024420.00,0.00,896240.00,33200.00,0.00,159,115,45,6,10582583.33,351358184.08,340189920.94,24,2.89,130,3,0.00,15,28007093.53,system,2021-04-30 00:03:40.567,system,NULL,4
ICOOL Ung Văn Khiêm,033E9EC7-D6A9-EB11-8100-509A4C8C9FAC,2021-04-30,1,26074400.00,25875400.00,199000.00,0.00,0.00,0.00,0.00,74,43,19,0,23799500.00,5862168.27,726512.00,16,15.79,300,0.51,0.00,37,-3059756.27,system,2021-05-01 00:09:11.203,system,NULL,4
ICOOL Thành Thái,D1340F80-D6A9-EB11-8100-509A4C8C9FAC,2021-04-30,10,18057400.00,17410030.00,456610.00,0.00,190760.00,133560.00,0.00,44,49,18,1,23105266.67,15501699.26,11809833.00,26,0.06,1,0.64,0.00,28,-9253542.93,system,2021-05-01 00:07:11.150,system,NULL,4
ICOOL Nguyễn Trãi,DC73B814-D6A9-EB11-8100-509A4C8C9FAC,2021-04-30,11,6179900.00,6118900.00,61000.00,0.00,0.00,0.00,0.00,14,31,11,0,5906609.70,819305.38,191225.00,3,12.73,140,0.69,0.00,16,-415790.08,system,2021-05-01 00:04:11.063,system,NULL,4
ICOOL Mạc Đỉnh Chi,5817F2F0-D5A9-EB11-8100-509A4C8C9FAC,2021-04-30,12,5455600.00,5455600.00,0.00,0.00,0.00,0.00,0.00,20,24,9,3,16440000.00,6626526.48,5936750.00,9,30,270,0.41,0.00,22,-11674176.48,system,2021-05-01 00:03:11.043,system,NULL,4
ICOOL Trần Bình Trọng,7FB8D5A3-D6A9-EB11-8100-509A4C8C9FAC,2021-04-30,13,5472800.00,5472800.00,0.00,0.00,0.00,0.00,0.00,25,18,11,4,9755466.67,3050445.52,2073500.00,6,16.36,180,0.65,0.00,17,-5259612.19,system,2021-05-01 00:08:11.170,system,NULL,4
ICOOL Cách Mạng Tháng 8,17198397-D5A9-EB11-8100-509A4C8C9FAC,2021-04-30,14,22549600.00,20940530.00,567070.00,0.00,1042000.00,0.00,0.00,54,58,23,4,21450000.00,3849105.81,0.00,13,14.78,340,0.82,0.00,28,-4358575.81,system,2021-05-01 00:00:41.000,system,NULL,4
ICOOL Cầu Chữ Y,A9436AA9-D5A9-EB11-8100-509A4C8C9FAC,2021-04-30,16,2352400.00,2339980.00,12420.00,0.00,0.00,0.00,0.00,8,2,1,0,10633333.37,646734.38,0.00,4,80,80,0.07,0.00,14,-8940087.75,system,2021-05-01 00:01:11.037,system,NULL,4
ICOOL Nhị Thiên Đường,FAAF7F38-D6A9-EB11-8100-509A4C8C9FAC,2021-04-30,17,13253800.00,12159800.00,1094000.00,0.00,0.00,0.00,0.00,30,26,12,0,10126666.67,9142490.89,6032700.00,1,14.17,170,0.75,0.00,16,-1076657.56,system,2021-05-01 00:05:11.090,system,NULL,4
ICOOL Trần Não,6476BAB5-D6A9-EB11-8100-509A4C8C9FAC,2021-04-30,18,14997600.00,14906100.00,91500.00,0.00,0.00,0.00,0.00,45,42,13,0,16633333.33,3406589.53,0.00,7,20.77,270,0.65,0.00,20,-5133822.86,system,2021-05-01 00:08:41.190,system,NULL,4
ICOOL Nguyễn Tri Phương,3AD79B26-D6A9-EB11-8100-509A4C8C9FAC,2021-04-30,19,5564200.00,5564200.00,0.00,0.00,0.00,0.00,0.00,19,26,9,0,9670000.00,1035457.19,0.00,0,15.56,140,0.56,0.00,16,-5141257.19,system,2021-05-01 00:04:41.077,system,NULL,4
ICOOL Đồng Đen,71134BBB-D5A9-EB11-8100-509A4C8C9FAC,2021-04-30,22,11672400.00,11322140.00,200000.00,0.00,150260.00,0.00,0.00,37,36,17,0,13614000.00,1864165.81,79333.33,33,14.71,250,0.68,0.00,25,-4076692.48,system,2021-05-01 00:01:41.030,system,NULL,4
ICOOL Phan Chu Trinh,278E634A-D6A9-EB11-8100-509A4C8C9FAC,2021-04-30,23,10107700.00,8716850.00,984000.00,0.00,406850.00,0.00,0.00,28,17,8,1,6901866.67,3230344.63,204960.00,5,16.25,130,0.57,0.00,14,-1210401.30,system,2021-05-01 00:05:41.103,system,NULL,4
ICOOL Phan Xích Long,5840475C-D6A9-EB11-8100-509A4C8C9FAC,2021-04-30,24,26461700.00,24088900.00,2372800.00,0.00,0.00,0.00,0.00,67,81,21,4,14500000.00,65879165.08,52289074.00,22,13.33,280,0.84,0.00,25,-4001191.08,system,2021-05-01 00:06:11.117,system,NULL,4
ICOOL Vũng Tàu,B24C80D9-D6A9-EB11-8100-509A4C8C9FAC,2021-04-30,25,32112700.00,31238236.00,807264.00,0.00,67200.00,0.00,0.00,89,98,29,4,6566666.67,27736150.63,14654461.83,10,4.83,140,1.71,0.00,17,11589880.53,system,2021-05-01 00:09:41.207,system,NULL,4
ICOOL Phú Quốc,07712A6E-D6A9-EB11-8100-509A4C8C9FAC,2021-04-30,26,2168500.00,1125750.00,1042750.00,0.00,0.00,0.00,0.00,2,2,1,0,12933333.33,7279064.67,6884136.00,0,11,11,0.04,0.00,25,-12202512.00,system,2021-05-01 00:06:41.127,system,NULL,4
ICOOL Xô Viết Nghệ Tĩnh,8F1166EB-D6A9-EB11-8100-509A4C8C9FAC,2021-04-30,4,23868400.00,22177460.00,1274040.00,0.00,416900.00,0.00,0.00,62,51,21,3,12916666.67,5302405.53,0.00,24,11.9,250,0.72,0.00,29,3958387.80,system,2021-05-01 00:10:11.233,system,NULL,4
ICOOL Tô Ký,355AF291-D6A9-EB11-8100-509A4C8C9FAC,2021-04-30,5,34305100.00,32315250.00,1110400.00,0.00,879450.00,0.00,0.00,59,71,26,0,11283333.33,9165155.41,0.00,2,7.69,200,1,0.00,26,11866761.26,system,2021-05-01 00:07:41.160,system,NULL,4
ICOOL Bình Phú,3F43A185-D5A9-EB11-8100-509A4C8C9FAC,2021-04-30,6,22685000.00,20499400.00,2185600.00,0.00,0.00,0.00,0.00,52,61,20,1,3833333.33,7258551.05,0.00,5,10.5,210,0.83,0.00,24,9407515.62,system,2021-05-01 00:00:11.000,system,NULL,4
ICOOL Dương Bá Trạc,FCBC2DCD-D5A9-EB11-8100-509A4C8C9FAC,2021-04-30,7,24201200.00,23643810.00,417550.00,0.00,139840.00,0.00,0.00,55,48,17,3,16166666.67,386467233.81,381361297.00,13,20.59,350,0.65,0.00,26,2371206.52,system,2021-05-01 00:02:11.037,system,NULL,4
ICOOL Nguyễn Sơn,1001D602-D6A9-EB11-8100-509A4C8C9FAC,2021-04-30,9,11857200.00,11559200.00,298000.00,0.00,0.00,0.00,0.00,44,40,17,2,10582583.33,2309954.29,0.00,0,9.41,160,1.13,0.00,15,-1333337.62,system,2021-05-01 00:03:41.060,system,NULL,4
ICOOL Trần Bình Trọng,2F4087CE-9FAA-EB11-8100-509A4C8C9FAC,2021-05-01,13,1224600.00,1224600.00,0.00,0.00,0.00,0.00,0.00,5,1,2,0,9745956.45,305555.72,0.00,0,100,200,0.12,0.00,17,-8826912.17,system,2021-05-02 00:08:11.640,system,NULL,4
ICOOL Vũng Tàu,C6403004-A0AA-EB11-8100-509A4C8C9FAC,2021-05-01,25,1778400.00,1778400.00,0.00,0.00,0.00,0.00,0.00,8,16,6,0,6354838.74,3032522.31,2726229.00,3,23,140,0.35,0.00,17,-4882732.05,system,2021-05-02 00:09:41.667,system,NULL,4
ICOOL Phú Quốc,7077DE98-9FAA-EB11-8100-509A4C8C9FAC,2021-05-01,26,3470000.00,2565200.00,904800.00,0.00,0.00,0.00,0.00,6,6,3,1,13774193.55,454183.81,0.00,0,1.67,5,0.12,0.00,25,-11663177.36,system,2021-05-02 00:06:41.613,system,NULL,4
ICOOL Ung Văn Khiêm,38C0161D-69AB-EB11-8100-509A4C8C9FAC,2021-05-02,1,8445000.00,8445000.00,0.00,0.00,0.00,0.00,0.00,23,8,0,0,23635219.19,1788869.15,0.00,0,0,100,0,0.00,37,-16979088.34,system,2021-05-03 00:09:12.287,system,NULL,4
ICOOL Trần Bình Trọng,522F53F9-68AB-EB11-8100-509A4C8C9FAC,2021-05-02,13,1940000.00,1861460.00,0.00,0.00,78540.00,0.00,0.00,6,3,3,0,9745956.45,249167.76,0.00,0,53.33,160,0.18,0.00,17,-8133664.21,system,2021-05-03 00:08:12.283,system,NULL,4
ICOOL Trần Não,97AC4D0B-69AB-EB11-8100-509A4C8C9FAC,2021-05-02,18,3765000.00,3765000.00,0.00,0.00,0.00,0.00,1726000.00,0,0,0,0,16096774.19,1527959.81,104125.00,0,0,70,0,0.00,20,-12029609.00,system,2021-05-03 00:08:42.447,system,NULL,4
ICOOL Nguyễn Tri Phương,C28D1E7C-68AB-EB11-8100-509A4C8C9FAC,2021-05-02,19,2446700.00,2266700.00,180000.00,0.00,0.00,0.00,0.00,4,4,1,0,4653225.81,0.00,0.00,0,20,20,0.06,0.00,16,-2386525.81,system,2021-05-03 00:04:42.223,system,NULL,4
ICOOL Phan Xích Long,BAC1BCB1-68AB-EB11-8100-509A4C8C9FAC,2021-05-02,24,6723000.00,6260500.00,149000.00,0.00,313500.00,0.00,0.00,6,13,0,0,14032258.06,0.00,0.00,0,0,310,0,0.00,25,-7771758.06,system,2021-05-03 00:06:12.180,system,NULL,4
ICOOL Phú Quốc,A1929EC3-68AB-EB11-8100-509A4C8C9FAC,2021-05-02,26,4451000.00,3643100.00,603100.00,0.00,204800.00,0.00,0.00,9,5,3,0,13774193.55,335934.53,0.00,0,2.33,7,0.12,0.00,25,-10467028.07,system,2021-05-03 00:06:42.180,system,NULL,4
ICOOL Ung Văn Khiêm,1235C347-32AC-EB11-8100-509A4C8C9FAC,2021-05-03,1,10971000.00,10971000.00,0.00,0.00,0.00,0.00,0.00,32,15,0,0,23635219.19,2458552.95,0.00,0,0,100,0,0.00,37,-15122772.14,system,2021-05-04 00:09:12.723,system,NULL,4
ICOOL Trần Não,9E3FDF35-32AC-EB11-8100-509A4C8C9FAC,2021-05-03,18,2071000.00,2071000.00,0.00,0.00,0.00,0.00,609000.00,4,5,0,0,16096774.19,626167.43,0.00,0,0,70,0,0.00,20,-14042941.62,system,2021-05-04 00:08:42.707,system,NULL,4
ICOOL Phan Xích Long,3B136FDC-31AC-EB11-8100-509A4C8C9FAC,2021-05-03,24,2452000.00,2452000.00,0.00,0.00,0.00,0.00,0.00,0,0,0,0,14032258.06,0.00,0.00,0,0,310,0,0.00,25,-11580258.06,system,2021-05-04 00:06:12.657,system,NULL,4
ICOOL Phú Quốc,D86951EE-31AC-EB11-8100-509A4C8C9FAC,2021-05-03,26,4118300.00,2527700.00,1590600.00,0.00,0.00,0.00,0.00,10,8,4,0,13774193.55,587615.24,0.00,2,2.25,9,0.16,0.00,25,-11834108.79,system,2021-05-04 00:06:42.660,system,NULL,4
ICOOL Tô Ký,59411812-32AC-EB11-8100-509A4C8C9FAC,2021-05-03,5,4258000.00,4258000.00,0.00,0.00,0.00,0.00,0.00,5,5,0,0,10919354.84,1265275.06,0.00,0,0,50,0,0.00,26,-7926629.90,system,2021-05-04 00:07:42.683,system,NULL,4
ICOOL Ung Văn Khiêm,A1050876-FBAC-EB11-8100-509A4C8C9FAC,2021-05-04,1,19559000.00,19559000.00,0.00,0.00,0.00,0.00,0.00,28,13,0,0,23635219.19,3985391.62,0.00,0,0,100,0,0.00,37,-8061610.81,system,2021-05-05 00:09:19.190,system,NULL,4
ICOOL Cách Mạng Tháng 8,4DAEF945-FAAC-EB11-8100-509A4C8C9FAC,2021-05-04,14,1147000.00,1032300.00,0.00,0.00,114700.00,0.00,700000.00,1,0,0,0,20758064.48,537956.67,0.00,0,0,50,0,0.00,28,-19563721.15,system,2021-05-05 00:00:49.070,system,NULL,4
ICOOL Phan Xích Long,D7A7B40A-FBAC-EB11-8100-509A4C8C9FAC,2021-05-04,24,2933000.00,2933000.00,0.00,0.00,0.00,0.00,0.00,0,0,0,0,14032258.06,0.00,0.00,0,0,310,0,0.00,25,-11099258.06,system,2021-05-05 00:06:19.130,system,NULL,4
ICOOL Phú Quốc,1CE4971C-FBAC-EB11-8100-509A4C8C9FAC,2021-05-04,26,1634500.00,1339250.00,295250.00,0.00,0.00,0.00,0.00,2,2,1,0,13774193.55,360914.00,0.00,0,9,9,0.04,0.00,25,-12795857.55,system,2021-05-05 00:06:49.140,system,NULL,4
ICOOL Phú Quốc,235E5347-C4AD-EB11-8100-509A4C8C9FAC,2021-05-05,26,10342700.00,8170550.00,2172150.00,0.00,0.00,0.00,0.00,105,46,6,0,13774193.55,1742619.48,0.00,2,1.5,9,0.24,0.00,25,-7346263.03,system,2021-05-06 00:06:49.677,system,NULL,4
ICOOL Phú Quốc,8FB0F37A-8DAE-EB11-8101-509A4C8C9FAC,2021-05-06,26,4163600.00,3036850.00,1126750.00,0.00,0.00,0.00,0.00,12,4,3,0,13774193.55,771849.38,0.00,1,3,9,0.12,0.00,25,-11509192.93,system,2021-05-07 00:07:05.133,system,NULL,4
ICOOL Phú Quốc,9AB16FA5-56AF-EB11-8101-509A4C8C9FAC,2021-05-07,26,7501400.00,5574150.00,1927250.00,0.00,0.00,0.00,0.00,13,11,5,0,13774193.55,969496.81,0.00,0,1.8,9,0.2,0.00,25,-9169540.36,system,2021-05-08 00:07:05.250,system,NULL,4
ICOOL Tô Ký,282218CE-56AF-EB11-8101-509A4C8C9FAC,2021-05-07,5,1200000.00,222000.00,978000.00,0.00,0.00,0.00,0.00,0,0,0,0,10919354.84,1026668.00,804380.00,0,0,10,0,0.00,26,-10919642.84,system,2021-05-08 00:08:13.467,system,NULL,4
ICOOL Trần Bình Trọng,63BFE605-20B0-EB11-8101-509A4C8C9FAC,2021-05-08,13,861000.00,861000.00,0.00,0.00,0.00,0.00,0.00,0,0,0,0,9745956.45,0.00,5158500.00,0,0,200,0,0.00,17,-3726456.45,system,2021-05-09 00:08:35.937,system,NULL,4
ICOOL Phú Quốc,5EEA2CD0-1FB0-EB11-8101-509A4C8C9FAC,2021-05-08,26,5515900.00,3952450.00,1563450.00,0.00,0.00,0.00,0.00,8,4,2,0,13774193.55,819819.57,0.00,0,3.5,7,0.08,0.00,25,-10641563.12,system,2021-05-09 00:07:05.800,system,NULL,4
ICOOL Mạc Đỉnh Chi,98DED47D-E8B0-EB11-8101-509A4C8C9FAC,2021-05-09,12,2821000.00,2821000.00,0.00,0.00,0.00,0.00,0.00,0,0,0,0,19677419.35,17596340.00,20026340.00,0,0,10,0,0.00,22,-14426419.35,system,2021-05-10 00:03:36.490,system,NULL,4
ICOOL Cách Mạng Tháng 8,4E9D7C24-E8B0-EB11-8101-509A4C8C9FAC,2021-05-09,14,1868000.00,1868000.00,0.00,0.00,0.00,0.00,0.00,0,0,0,0,20758064.48,0.00,0.00,0,0,30,0,0.00,28,-18890064.48,system,2021-05-10 00:01:06.597,system,NULL,4
ICOOL Phú Quốc,9D0DF6FA-E8B0-EB11-8101-509A4C8C9FAC,2021-05-09,26,6078100.00,4710050.00,1368050.00,0.00,0.00,0.00,0.00,10,12,4,0,13774193.55,596127.53,0.00,0,2,8,0.16,0.00,25,-9660271.08,system,2021-05-10 00:07:06.423,system,NULL,4
ICOOL Thành Thái,13C09137-B2B1-EB11-8101-509A4C8C9FAC,2021-05-10,10,550000.00,550000.00,0.00,0.00,0.00,0.00,0.00,1,0,0,0,0.16,0.00,0.00,0,0,1,0,0.00,28,549999.84,system,2021-05-11 00:07:36.950,system,NULL,4
ICOOL Mạc Đỉnh Chi,8A9279A8-B1B1-EB11-8101-509A4C8C9FAC,2021-05-10,12,2954000.00,2777600.00,0.00,0.00,176400.00,0.00,0.00,5,2,0,0,19677419.35,968953.33,0.00,0,0,10,0,0.00,22,-17868772.68,system,2021-05-11 00:03:36.877,system,NULL,4
ICOOL Vũng Tàu,46D8FF90-B2B1-EB11-8101-509A4C8C9FAC,2021-05-10,25,1504429.00,1504429.00,0.00,0.00,0.00,0.00,0.00,0,0,0,0,6354838.74,0.00,0.00,0,0,10,0,0.00,17,-4850409.74,system,2021-05-11 00:10:06.990,system,NULL,4
ICOOL Phú Quốc,6553AC25-B2B1-EB11-8101-509A4C8C9FAC,2021-05-10,26,5891700.00,5006000.00,885700.00,0.00,0.00,0.00,0.00,13,9,3,0,13774193.55,1474482.91,0.00,1,2.67,8,0.12,0.00,25,-10242676.46,system,2021-05-11 00:07:06.927,system,NULL,4
ICOOL Phú Quốc,BB97D243-7BB2-EB11-8101-509A4C8C9FAC,2021-05-11,26,9999700.00,7740100.00,2259600.00,0.00,0.00,0.00,0.00,25,15,5,0,13774193.55,2166393.95,0.00,0,1.4,7,0.2,0.00,25,-8200487.50,system,2021-05-12 00:06:46.350,system,NULL,4
ICOOL Phú Quốc,B713706E-44B3-EB11-8101-509A4C8C9FAC,2021-05-12,26,3475100.00,2616350.00,858750.00,0.00,0.00,0.00,0.00,9,9,3,0,13774193.55,619657.10,4875417.36,0,3,9,0.12,0.00,25,-6902083.29,system,2021-05-13 00:06:46.690,system,NULL,4
ICOOL Thành Thái,E89ABA98-FBB7-EB11-8103-509A4C8C9FAC,2021-05-18,10,199000.00,0.00,199000.00,0.00,0.00,0.00,0.00,1,0,0,0,0.16,2847315.00,2847315.00,0,0,1,0,0.00,28,-0.16,system,2021-05-19 00:08:00.193,system,NULL,4
ICOOL Tô Ký,7E733902-FCC2-EB11-8104-509A4C8C9FAC,2021-06-01,5,442000.00,82398.00,359602.00,0.00,0.00,0.00,0.00,0,0,0,0,11283333.33,82398.00,0.00,0,0,10,0,0.00,26,-11283333.33,system,2021-06-02 00:08:39.980,system,NULL,4
ICOOL Ung Văn Khiêm,B2562854-C847-EC11-810E-509A4C8C9FAC,2021-11-17,1,17148700.00,17148700.00,0.00,0.00,0.00,0.00,0.00,60,26,12,0,10066666.67,3831369.99,0.00,0,16,200,0.32,0.00,37,3250663.34,system,2021-11-18 00:03:48.280,system,NULL,4
ICOOL Nguyễn Trãi,F4F2A417-C847-EC11-810E-509A4C8C9FAC,2021-11-17,11,5549800.00,5249440.00,0.00,0.00,300360.00,0.00,0.00,13,11,6,0,3502829.60,1095574.32,0.00,0,8,50,0.38,0.00,16,651036.08,system,2021-11-18 00:02:06.750,system,NULL,4
ICOOL Mạc Đỉnh Chi,F9A2730B-C847-EC11-810E-509A4C8C9FAC,2021-11-17,12,5582600.00,5467230.00,0.00,0.00,115370.00,0.00,0.00,16,20,4,0,11833333.33,1212681.29,0.00,0,25,100,0.18,0.00,22,-7578784.62,system,2021-11-18 00:01:46.300,system,NULL,4
ICOOL Trần Bình Trọng,ADEAFE47-C847-EC11-810E-509A4C8C9FAC,2021-11-17,13,5183300.00,4932700.00,0.00,0.00,250600.00,225540.00,0.00,21,11,4,0,10000000.00,1170517.05,0.00,0,15,60,0.24,0.00,17,-6012277.05,system,2021-11-18 00:03:27.877,system,NULL,4
ICOOL Cách Mạng Tháng 8,EA2FC1EC-C747-EC11-810E-509A4C8C9FAC,2021-11-17,14,11734100.00,11154725.00,0.00,0.00,579375.00,0.00,0.00,35,21,10,4,21416666.67,1743533.66,0.00,0,10,100,0.36,0.00,28,-12005475.33,system,2021-11-18 00:00:54.850,system,NULL,4
ICOOL Cầu Chữ Y,5F7314F3-C747-EC11-810E-509A4C8C9FAC,2021-11-17,16,5310600.00,5259640.00,0.00,0.00,50960.00,0.00,0.00,7,10,6,1,4966666.67,7593845.68,6678000.01,0,10,60,0.43,0.00,14,-622872.34,system,2021-11-18 00:01:05.463,system,NULL,4
ICOOL Nhị Thiên Đường,58EAC623-C847-EC11-810E-509A4C8C9FAC,2021-11-17,17,4838600.00,4522140.00,138000.00,0.00,178460.00,0.00,0.00,10,7,3,0,10126666.67,1159598.30,0.00,0,23,70,0.19,0.00,16,-6764124.97,system,2021-11-18 00:02:27.103,system,NULL,4
ICOOL Trần Não,9C32164E-C847-EC11-810E-509A4C8C9FAC,2021-11-17,18,10826400.00,10768400.00,58000.00,0.00,0.00,0.00,0.00,39,16,9,0,4400000.00,2538383.32,0.00,0,0,2,0.45,471000.00,20,3359016.68,system,2021-11-18 00:03:38.090,system,NULL,4
ICOOL Nguyễn Tri Phương,4C85B51D-C847-EC11-810E-509A4C8C9FAC,2021-11-17,19,1246500.00,1219500.00,27000.00,0.00,0.00,0.00,0.00,8,6,4,1,10433333.33,0.00,0.00,0,25,100,0.25,0.00,16,-9213833.33,system,2021-11-18 00:02:16.930,system,NULL,4
ICOOL Đồng Đen,E3525AF9-C747-EC11-810E-509A4C8C9FAC,2021-11-17,22,5712500.00,5712500.00,0.00,0.00,0.00,111750.00,0.00,9,28,7,1,11333333.33,1213038.64,0.00,0,15.71,110,0.28,0.00,25,-6722121.97,system,2021-11-18 00:01:15.983,system,NULL,4
ICOOL Phan Chu Trinh,FF18D829-C847-EC11-810E-509A4C8C9FAC,2021-11-17,23,2533800.00,2533800.00,0.00,0.00,0.00,0.00,0.00,7,0,2,1,4266666.67,452361.86,0.00,0,10,20,0.14,0.00,14,-2185228.53,system,2021-11-18 00:02:37.287,system,NULL,4
ICOOL Phan Xích Long,8932EA2F-C847-EC11-810E-509A4C8C9FAC,2021-11-17,24,6382100.00,5843890.00,0.00,0.00,538210.00,0.00,0.00,30,15,8,0,7733333.33,1249069.65,0.00,0,12,100,0.32,0.00,25,-3138512.98,system,2021-11-18 00:02:47.470,system,NULL,4
ICOOL Xô Viết Nghệ Tĩnh,F0ED3860-C847-EC11-810E-509A4C8C9FAC,2021-11-17,4,19363500.00,19115960.00,120900.00,0.00,126640.00,0.00,0.00,68,39,15,1,15333333.33,4731069.58,0.00,0,10,150,0.52,0.00,29,-948442.91,system,2021-11-18 00:04:08.517,system,NULL,4
ICOOL Tô Ký,ADBCED41-C847-EC11-810E-509A4C8C9FAC,2021-11-17,5,17442400.00,16455495.00,0.00,0.00,986905.00,0.00,0.00,58,20,12,3,9516666.67,4446420.31,0.00,0,6,80,0.46,0.00,26,2492408.02,system,2021-11-18 00:03:17.693,system,NULL,4
ICOOL Bình Phú,BC7643E6-C747-EC11-810E-509A4C8C9FAC,2021-11-17,6,19518000.00,19049955.00,167120.00,60325.00,240600.00,0.00,0.00,65,23,13,1,5100000.00,0.00,0.00,0,5.38,70,0.54,0.00,24,13949955.00,system,2021-11-18 00:00:44.113,system,NULL,4
ICOOL Dương Bá Trạc,062249DC-5E48-EC11-810E-509A4C8C9FAC,2021-11-17,7,41702100.00,40347790.00,0.00,0.00,1354310.00,0.00,0.00,133,74,29,0,9700000.00,0.00,0.00,0,3.45,100,1.12,0.00,26,30647790.00,system,2021-11-18 18:01:25.053,system,NULL,4
ICOOL Nguyễn Sơn,DE208E11-C847-EC11-810E-509A4C8C9FAC,2021-11-17,9,11962300.00,11797590.00,0.00,0.00,164710.00,0.00,0.00,39,24,13,1,5736666.67,2986514.63,0.00,0,0,5,0.87,0.00,15,3074408.70,system,2021-11-18 00:01:56.543,system,NULL,4
ICOOL Ung Văn Khiêm,13F08B5D-D448-EC11-80F7-00155DC46400,2021-11-18,1,4329000.00,4185000.00,144000.00,0.00,0.00,0.00,0.00,26,3,3,0,10066666.67,1322915.43,0.00,0,66.67,200,0.08,0.00,37,-7204582.10,system,2021-11-19 08:02:29.137,system,NULL,4
ICOOL Thành Thái,DE067C44-D448-EC11-80F7-00155DC46400,2021-11-18,10,15425300.00,15286480.00,138820.00,0.00,0.00,0.00,3388000.00,89,52,9,0,2733333.33,4561270.98,0.00,0,11.11,100,0.32,0.00,28,11379875.69,system,2021-11-19 08:01:47.240,system,NULL,4
ICOOL Nguyễn Trãi,C4CD931F-D448-EC11-80F7-00155DC46400,2021-11-18,11,2228900.00,2228900.00,0.00,0.00,0.00,0.00,0.00,7,7,3,0,3502829.60,709710.32,0.00,0,16.67,50,0.19,0.00,16,-1983639.92,system,2021-11-19 08:00:45.177,system,NULL,4
ICOOL Mạc Đỉnh Chi,E0B93213-D448-EC11-80F7-00155DC46400,2021-11-18,12,8560200.00,8100860.00,159400.00,0.00,299940.00,0.00,0.00,20,15,6,0,11833333.33,2330902.97,0.00,0,20,120,0.27,0.00,22,-6063376.30,system,2021-11-19 08:00:24.397,system,NULL,4
ICOOL Trần Bình Trọng,43902951-D448-EC11-80F7-00155DC46400,2021-11-18,13,6243500.00,6243500.00,0.00,0.00,0.00,0.00,0.00,9,7,3,0,10000000.00,2921006.61,0.00,0,13.33,40,0.18,0.00,17,-6677506.61,system,2021-11-19 08:02:08.350,system,NULL,4
ICOOL Cách Mạng Tháng 8,05DA00F4-D348-EC11-80F7-00155DC46400,2021-11-18,14,7396200.00,7333000.00,63200.00,0.00,0.00,0.00,0.00,26,18,7,0,21416666.67,1771797.64,0.00,0,14.29,100,0.25,0.00,28,-15855464.31,system,2021-11-19 07:59:32.060,system,NULL,4
ICOOL Cầu Chữ Y,815F58FA-D348-EC11-80F7-00155DC46400,2021-11-18,16,4873200.00,4782100.00,0.00,0.00,91100.00,0.00,0.00,6,9,4,0,4966666.67,1148247.13,0.00,0,15,60,0.29,0.00,14,-1332813.80,system,2021-11-19 07:59:42.700,system,NULL,4
ICOOL Nhị Thiên Đường,19BDE92B-D448-EC11-80F7-00155DC46400,2021-11-18,17,1511700.00,1360530.00,0.00,0.00,151170.00,0.00,0.00,3,4,1,0,10126666.67,372280.46,0.00,0,70,70,0.06,0.00,16,-9138417.13,system,2021-11-19 08:01:05.857,system,NULL,4
ICOOL Trần Não,D1DA5557-D448-EC11-80F7-00155DC46400,2021-11-18,18,10846600.00,10714580.00,0.00,0.00,132020.00,0.00,0.00,44,20,8,0,4400000.00,2958260.02,0.00,0,0.5,4,0.4,0.00,20,3356319.98,system,2021-11-19 08:02:18.710,system,NULL,4
ICOOL Đồng Đen,0EF9AD00-D448-EC11-80F7-00155DC46400,2021-11-18,22,5440200.00,5440200.00,0.00,0.00,0.00,0.00,0.00,20,12,4,0,11333333.33,1925473.96,0.00,0,27.5,110,0.16,0.00,25,-7818607.29,system,2021-11-19 07:59:53.323,system,NULL,4
ICOOL Phan Chu Trinh,6AE11532-D448-EC11-80F7-00155DC46400,2021-11-18,23,4818600.00,4662600.00,0.00,0.00,156000.00,0.00,0.00,12,2,3,0,4266666.67,1189094.33,0.00,0,13.33,40,0.21,0.00,14,-793161.00,system,2021-11-19 08:01:16.220,system,NULL,4
ICOOL Phan Xích Long,456D5938-D448-EC11-80F7-00155DC46400,2021-11-18,24,5200000.00,4803400.00,0.00,0.00,396600.00,0.00,135000.00,19,5,4,0,7733333.33,1512898.63,0.00,0,25,100,0.16,0.00,25,-4307831.96,system,2021-11-19 08:01:26.737,system,NULL,4
ICOOL Xô Viết Nghệ Tĩnh,5B5FCE69-D448-EC11-80F7-00155DC46400,2021-11-18,4,27757500.00,27757500.00,0.00,0.00,0.00,0.00,0.00,98,49,25,0,15333333.33,7481717.58,0.00,0,6,150,0.86,0.00,29,4942449.09,system,2021-11-19 08:02:49.700,system,NULL,4
ICOOL Tô Ký,A99AED4A-D448-EC11-80F7-00155DC46400,2021-11-18,5,1102500.00,1102500.00,0.00,0.00,0.00,0.00,0.00,4,5,2,0,9516666.67,321065.00,0.00,0,40,80,0.08,0.00,26,-8735231.67,system,2021-11-19 08:01:57.903,system,NULL,4
ICOOL Bình Phú,D37DB9ED-D348-EC11-80F7-00155DC46400,2021-11-18,6,5171000.00,5171000.00,0.00,0.00,0.00,0.00,0.00,19,10,6,0,5100000.00,0.00,0.00,0,13.33,80,0.25,0.00,24,71000.00,system,2021-11-19 07:59:21.530,system,NULL,4
ICOOL Dương Bá Trạc,60D0EE06-D448-EC11-80F7-00155DC46400,2021-11-18,7,2353800.00,2353800.00,0.00,0.00,0.00,0.00,0.00,10,5,1,0,9700000.00,0.00,0.00,0,100,100,0.04,0.00,26,-7346200.00,system,2021-11-19 08:00:03.827,system,NULL,4
ICOOL Nguyễn Sơn,12416319-D448-EC11-80F7-00155DC46400,2021-11-18,9,1258000.00,1258000.00,0.00,0.00,0.00,0.00,0.00,7,3,2,0,5736666.67,435924.33,0.00,0,2.5,5,0.13,0.00,15,-4914591.00,system,2021-11-19 08:00:34.793,system,NULL,4
ICOOL Mạc Đỉnh Chi,C8689FAF-A34F-EC11-810E-509A4C8C9FAC,2021-11-27,12,8505000.00,7465500.00,210000.00,0.00,829500.00,0.00,0.00,14,15,0,0,11833333.33,2288970.29,0.00,0,0,30,0,0.00,22,-6656803.62,system,2021-11-28 00:01:39.633,system,NULL,4
ICOOL Ung Văn Khiêm,C767E5B4-FF5C-EC11-810E-509A4C8C9FAC,2021-12-14,1,71425000.00,71425000.00,0.00,0.00,0.00,0.00,0.00,46,36,0,0,9741935.48,17740607.59,0.00,0,0,10,0,0.00,37,43942456.93,system,2021-12-15 00:03:07.363,system,NULL,4
ICOOL Ung Văn Khiêm,C8448009-925E-EC11-810E-509A4C8C9FAC,2021-12-16,1,7334000.00,7334000.00,0.00,0.00,0.00,0.00,0.00,4,4,0,0,9741935.48,1941018.99,0.00,0,0,10,0,0.00,37,-4348954.47,system,2021-12-17 00:03:06.927,system,NULL,4
ICOOL Ung Văn Khiêm,F405045F-2460-EC11-810E-509A4C8C9FAC,2021-12-18,1,27534000.00,27534000.00,0.00,0.00,0.00,0.00,0.00,12,12,0,0,9741935.48,6125061.65,0.00,0,0,10,0,0.00,37,11667002.87,system,2021-12-19 00:03:08.080,system,NULL,4
ICOOL Ung Văn Khiêm,5086C089-ED60-EC11-810E-509A4C8C9FAC,2021-12-19,1,66296000.00,66296000.00,0.00,0.00,0.00,0.00,0.00,51,41,0,0,9741935.48,15998477.94,0.00,0,0,10,0,0.00,37,40555586.58,system,2021-12-20 00:03:08.623,system,NULL,4
ICOOL Vũng Tàu,F45FF68F-ED60-EC11-810E-509A4C8C9FAC,2021-12-19,25,2462500.00,2392720.00,0.00,0.00,69780.00,0.00,0.00,2,8,3,0,1941935.48,484819.75,0.00,0,6,20,0.18,0.00,17,-34035.23,system,2021-12-20 00:03:19.130,system,NULL,4
ICOOL Ung Văn Khiêm,46917BB4-B661-EC11-810E-509A4C8C9FAC,2021-12-20,1,19297000.00,19297000.00,0.00,0.00,0.00,0.00,0.00,10,10,0,0,9741935.48,5145305.99,64380.00,0,0,10,0,0.00,37,4474138.53,system,2021-12-21 00:03:09.157,system,NULL,4
ICOOL Vũng Tàu,FD61B5BA-B661-EC11-810E-509A4C8C9FAC,2021-12-20,25,4242400.00,4142400.00,100000.00,0.00,0.00,0.00,0.00,8,7,4,0,1941935.48,891002.51,0.00,0,7,30,0.24,0.00,17,1309462.01,system,2021-12-21 00:03:19.600,system,NULL,4
ICOOL Ung Văn Khiêm,12C29E0A-8062-EC11-810E-509A4C8C9FAC,2021-12-21,1,10000000.00,10000000.00,0.00,0.00,0.00,0.00,0.00,6,6,0,0,9741935.48,2039007.00,0.00,0,0,10,0,0.00,37,-1780942.48,system,2021-12-22 00:04:22.513,system,NULL,4
ICOOL Vũng Tàu,207DCD10-8062-EC11-810E-509A4C8C9FAC,2021-12-21,25,3083000.00,3083000.00,0.00,0.00,0.00,0.00,0.00,11,5,4,0,1941935.48,823583.46,0.00,0,7,30,0.24,0.00,17,317481.06,system,2021-12-22 00:04:32.887,system,NULL,4
ICOOL Ung Văn Khiêm,65CD460E-4963-EC11-810E-509A4C8C9FAC,2021-12-22,1,25730000.00,25197000.00,0.00,0.00,533000.00,0.00,0.00,23,13,0,0,9741935.48,5532698.98,0.00,0,0,10,0,0.00,37,9922365.54,system,2021-12-23 00:03:17.490,system,NULL,4
ICOOL Vũng Tàu,E89F8614-4963-EC11-810E-509A4C8C9FAC,2021-12-22,25,1306200.00,1306200.00,0.00,0.00,0.00,0.00,0.00,4,4,2,0,1941935.48,322406.67,0.00,0,15,30,0.12,0.00,17,-958142.15,system,2021-12-23 00:03:27.973,system,NULL,4
ICOOL Ung Văn Khiêm,17914C3A-1264-EC11-810E-509A4C8C9FAC,2021-12-23,1,26760000.00,26760000.00,0.00,0.00,0.00,0.00,0.00,11,11,0,0,9741935.48,6407158.64,0.00,0,0,10,0,0.00,37,10610905.88,system,2021-12-24 00:03:20.190,system,NULL,4
ICOOL Vũng Tàu,2D6F7A40-1264-EC11-810E-509A4C8C9FAC,2021-12-23,25,2078500.00,2078500.00,0.00,0.00,0.00,0.00,0.00,4,7,2,0,1941935.48,481219.75,0.00,0,22,45,0.12,0.00,17,-344655.24,system,2021-12-24 00:03:30.560,system,NULL,4
ICOOL Ung Văn Khiêm,9CF04463-DB64-EC11-810E-509A4C8C9FAC,2021-12-24,1,31198000.00,31198000.00,0.00,0.00,0.00,0.00,0.00,17,17,0,0,9741935.48,7153787.31,0.00,0,0,10,0,0.00,37,14302277.21,system,2021-12-25 00:03:17.770,system,NULL,4
ICOOL Vũng Tàu,8D2A8469-DB64-EC11-810E-509A4C8C9FAC,2021-12-24,25,14483300.00,14483300.00,0.00,0.00,0.00,0.00,0.00,25,31,13,0,1941935.48,2957794.54,0.00,0,3,50,0.76,0.00,17,9583569.98,system,2021-12-25 00:03:28.250,system,NULL,4
ICOOL Ung Văn Khiêm,69F9FC8D-A465-EC11-810E-509A4C8C9FAC,2021-12-25,1,50439000.00,50439000.00,0.00,0.00,0.00,0.00,0.00,24,25,0,0,9741935.48,13251098.96,0.00,0,0,10,0,0.00,37,27445965.56,system,2021-12-26 00:03:18.283,system,NULL,4
ICOOL Vũng Tàu,F7854494-A465-EC11-810E-509A4C8C9FAC,2021-12-25,25,16959300.00,16832560.00,0.00,0.00,126740.00,0.00,0.00,43,42,17,0,1941935.48,0.00,0.00,0,2,40,1,0.00,17,14890624.52,system,2021-12-26 00:03:28.820,system,NULL,4
ICOOL Ung Văn Khiêm,C0A4D8B8-6D66-EC11-810E-509A4C8C9FAC,2021-12-26,1,11508000.00,11508000.00,0.00,0.00,0.00,0.00,0.00,8,8,0,0,9741935.48,2802605.66,0.00,0,0,10,0,0.00,37,-1036541.14,system,2021-12-27 00:03:19.030,system,NULL,4
ICOOL Vũng Tàu,77CF10BF-6D66-EC11-810E-509A4C8C9FAC,2021-12-26,25,3424600.00,3424600.00,0.00,0.00,0.00,0.00,0.00,7,6,3,0,1941935.48,835823.08,0.00,0,10,30,0.18,0.00,17,646841.43,system,2021-12-27 00:03:29.463,system,NULL,4
ICOOL Ung Văn Khiêm,C1D269E3-3667-EC11-810E-509A4C8C9FAC,2021-12-27,1,12125000.00,12125000.00,0.00,0.00,0.00,0.00,0.00,7,7,0,0,9741935.48,3086632.99,0.00,0,0,10,0,0.00,37,-703568.47,system,2021-12-28 00:03:19.287,system,NULL,4
ICOOL Vũng Tàu,90F49EE9-3667-EC11-810E-509A4C8C9FAC,2021-12-27,25,6168800.00,6168800.00,0.00,0.00,0.00,0.00,0.00,14,12,8,0,1941935.48,1033696.88,0.00,0,6,50,0.47,0.00,17,3193167.64,system,2021-12-28 00:03:29.703,system,NULL,4
ICOOL Ung Văn Khiêm,66A4A311-0068-EC11-810E-509A4C8C9FAC,2021-12-28,1,18236000.00,18236000.00,0.00,0.00,0.00,0.00,0.00,9,9,0,0,9741935.48,4806196.99,0.00,0,0,10,0,0.00,37,3687867.53,system,2021-12-29 00:03:25.687,system,NULL,4
ICOOL Vũng Tàu,EE59CA17-0068-EC11-810E-509A4C8C9FAC,2021-12-28,25,2988900.00,2988900.00,0.00,0.00,0.00,0.00,0.00,9,10,4,0,1941935.48,467287.59,0.00,0,10,40,0.24,0.00,17,579676.93,system,2021-12-29 00:03:36.003,system,NULL,4
ICOOL Vũng Tàu,2F4E5642-C968-EC11-810E-509A4C8C9FAC,2021-12-29,25,6840600.00,6810600.00,30000.00,0.00,0.00,0.00,0.00,14,23,8,0,1941935.48,1543554.43,0.00,0,5,40,0.47,0.00,17,3325110.09,system,2021-12-30 00:03:36.230,system,NULL,4
