name	id	date	cuahang_id	sum	total	mon	customer	bill	vat	phuphi	male	female	num_of_bill	complain	chiphi	goods	returns	customer_info	hour_per_bill	hours	tour	expense	room	profit	created_by	created_date	modified_by	modified_date	trangthai
ICOOL V?ng Tàu	47EDE6D1-246B-EC11-810F-509A4C8C9FAC	01/01/2022	25	42314700	42035700	0	0	279000	0	0	103	99	40	0	3582580.65	8964703.78	0	0	1	40	2.35	0	17	29488415.57	system	04:04.1	system	NULL	4
ICOOL Ung V?n Khiêm	7EC958F6-ED6B-EC11-810F-509A4C8C9FAC	02/01/2022	1	33377000	33377000	0	0	0	0	0	14	14	0	0	9741935.48	7927131.65	0	0	0	30	0	0	37	15707932.87	system	03:53.7	system	NULL	4
ICOOL V?ng Tàu	2A9C9DFC-ED6B-EC11-810F-509A4C8C9FAC	02/01/2022	25	20040100	19826085	0	0	214015	0	0	54	38	20	0	3582580.65	3766873.33	0	0	2	40	1.18	0	17	12476631.02	system	04:04.1	system	NULL	4
ICOOL Ung V?n Khiêm	69F2A520-B76C-EC11-810F-509A4C8C9FAC	03/01/2022	1	13631000	13631000	0	0	0	0	0	7	7	0	0	9741935.48	3193661.66	0	0	0	30	0	0	37	695402.86	system	03:53.4	system	NULL	4
ICOOL V?ng Tàu	6739C926-B76C-EC11-810F-509A4C8C9FAC	03/01/2022	25	3110000	3040600	0	0	69400	0	0	7	8	4	0	3582580.65	765178.08	0	0	10	40	0.24	0	17	-1307158.73	system	04:03.7	system	NULL	4
ICOOL V?ng Tàu	B0962554-806D-EC11-810F-509A4C8C9FAC	04/01/2022	25	9227500	9227500	0	0	0	0	0	28	19	8	0	3582580.65	2136579.59	0	0	5	40	0.47	0	17	3508339.76	system	04:08.7	system	NULL	4
ICOOL Ung V?n Khiêm	ABA05B79-496E-EC11-810F-509A4C8C9FAC	05/01/2022	1	14234000	14234000	0	0	0	0	0	7	7	0	0	9741935.48	3477889.65	0	0	0	30	0	0	37	1014174.87	system	03:59.9	system	NULL	4
ICOOL V?ng Tàu	ED49787F-496E-EC11-810F-509A4C8C9FAC	05/01/2022	25	8679900	8328600	0	0	351300	0	0	21	14	8	0	3582580.65	2409631.07	0	0	3	30	0.47	0	17	2336388.28	system	04:10.2	system	NULL	4
ICOOL V?ng Tàu	D9849AA9-126F-EC11-810F-509A4C8C9FAC	06/01/2022	25	4592200	4592200	0	0	0	0	0	12	11	5	0	3582580.65	1148361.79	0	0	6	30	0.29	0	17	-138742.44	system	04:09.7	system	NULL	4
ICOOL V?ng Tàu	7A4369D4-DB6F-EC11-810F-509A4C8C9FAC	07/01/2022	25	6094900	6094900	0	0	0	0	0	18	11	8	0	3582580.65	1150539.3	0	0	6	50	0.47	0	17	1361780.05	system	04:10.4	system	NULL	4
ICOOL Ung V?n Khiêm	E16A67EB-A470-EC11-810F-509A4C8C9FAC	08/01/2022	1	46539000	46539000	0	0	0	0	0	0	0	0	0	20322580.65	9007846.98	0	0	0	30	0	0	37	17208572.37	system	03:37.8	system	NULL	4
ICOOL Nguy?n Trãi	F50E59AE-A470-EC11-810F-509A4C8C9FAC	08/01/2022	11	0	0	0	0	0	0	3000000	5	5	0	0	3717185.42	0	0	0	0	70	0	0	16	-717185.42	system	01:56.0	system	NULL	4
ICOOL Phan Chu Trinh	B9DB22C1-A470-EC11-810F-509A4C8C9FAC	08/01/2022	23	0	0	0	0	0	0	0	0	0	0	0	6612903.23	0	0	0	0	20	0	0	14	-6612903.23	system	02:27.1	system	NULL	4
ICOOL V?ng Tàu	D47EE4F1-A470-EC11-810F-509A4C8C9FAC	08/01/2022	25	33358800	32283352	749168	0	326280	0	0	93	87	32	0	3582580.65	6740280.06	0	0	1	50	1.88	0	17	21960491.29	system	03:48.7	system	NULL	4
ICOOL Ung V?n Khiêm	C2CC0614-6E71-EC11-810F-509A4C8C9FAC	09/01/2022	1	88662000	88662000	0	0	0	0	0	0	0	0	0	20322580.65	18141972.95	0	0	0	50	0	0	37	50197446.4	system	03:34.8	system	NULL	4
ICOOL Tr?n Não	AD44D50D-6E71-EC11-810F-509A4C8C9FAC	09/01/2022	18	0	0	0	0	0	0	0	0	0	0	0	9451612.9	49858711.51	49858711.51	0	0	120	0	0	20	-9451612.9	system	03:24.5	system	NULL	4
ICOOL V?ng Tàu	DA51161A-6E71-EC11-810F-509A4C8C9FAC	09/01/2022	25	14021500	13323920	0	0	697580	0	0	26	32	9	0	3582580.65	3014327.66	0	0	5	50	0.53	0	17	6727011.69	system	03:45.0	system	NULL	4
ICOOL Ung V?n Khiêm	5C491541-3772-EC11-810F-509A4C8C9FAC	10/01/2022	1	117974500	116603025	529600	189575	652300	1010480	0	341	153	63	4	20322580.65	19156009.86	0	10	2	150	1.7	0	37	78134914.49	system	03:39.2	system	NULL	4
ICOOL Thành Thái	E4720728-3772-EC11-810F-509A4C8C9FAC	10/01/2022	10	79747400	78225615	1000000	108325	413460	0	0	248	152	54	3	13451612.9	17382489.58	182833.33	1	3	180	1.93	0	28	47574345.85	system	02:57.2	system	NULL	4
ICOOL Nguy?n Trãi	58695F03-3772-EC11-810F-509A4C8C9FAC	10/01/2022	11	11377101	10877101	500000	0	0	0	0	37	19	7	0	3717185.42	2417500.3	0	0	10	70	0.44	0	16	4742415.28	system	01:55.7	system	NULL	4
ICOOL M?c ??nh Chi	5D1019F7-3672-EC11-810F-509A4C8C9FAC	10/01/2022	12	62313400	60254690	672800	0	1385910	903420	0	149	72	31	1	13387096.77	11567195.68	0	0	3	100	1.41	0	22	36203817.55	system	01:35.2	system	NULL	4
ICOOL Tr?n Bình Tr?ng	0B81AF34-3772-EC11-810F-509A4C8C9FAC	10/01/2022	13	30926500	28581600	1300000	0	1044900	130500	0	78	62	25	1	8322580.65	5698047.55	0	5	3.2	80	1.47	0	17	14691471.8	system	03:18.5	system	NULL	4
ICOOL Cách M?ng Tháng 8	2CC83ED8-3672-EC11-810F-509A4C8C9FAC	10/01/2022	14	71313700	70200960	400000	0	712740	863020	0	234	94	41	0	16241935.48	16160537.3	2433750.01	2	2	120	1.46	0	28	41095257.23	system	00:43.4	system	NULL	4
ICOOL C?u Ch? Y	7EC45EDE-3672-EC11-810F-509A4C8C9FAC	10/01/2022	16	11636800	11564610	0	0	72190	0	0	29	32	11	0	4322580.65	2207614.62	0	0	4	50	0.79	0	14	5034414.73	system	00:53.7	system	NULL	4
ICOOL Nh? Thiên ???ng	697E8E0F-3772-EC11-810F-509A4C8C9FAC	10/01/2022	17	18701900	18201900	500000	0	0	0	0	42	37	14	0	9800000	3734534.91	0	0	12	170	0.88	0	16	4667365.09	system	02:16.2	system	NULL	4
ICOOL Tr?n Não	5CF4E93A-3772-EC11-810F-509A4C8C9FAC	10/01/2022	18	92359750	92154750	205000	0	0	714570	0	312	140	47	3	9451612.9	25859760.19	5738960	0	2	120	2.35	0	20	63296906.91	system	03:28.9	system	NULL	4
ICOOL Nguy?n Tri Ph??ng	A49B7909-3772-EC11-810F-509A4C8C9FAC	10/01/2022	19	24019700	22719700	1300000	0	0	0	0	108	42	24	0	7064516.13	4409688.82	0	2	2	60	1.5	0	16	11245495.05	system	02:06.0	system	NULL	4
ICOOL ??ng ?en	83A98AE4-3672-EC11-810F-509A4C8C9FAC	10/01/2022	22	35015000	32702970	1600000	0	712030	0	0	112	60	30	1	9274193.55	7601577.15	0	0	3	90	1.2	0	25	15827199.3	system	01:04.0	system	NULL	4
ICOOL Phan Chu Trinh	4FE4C115-3772-EC11-810F-509A4C8C9FAC	10/01/2022	23	22483900	22182280	100000	0	201620	0	0	68	39	22	4	6612903.23	4610958.53	0	0	2	60	1.57	0	14	10958418.24	system	02:26.5	system	NULL	4
ICOOL Phan Xích Long	FF1AE81B-3772-EC11-810F-509A4C8C9FAC	10/01/2022	24	78244200	77240200	870000	0	134000	433270	0	196	147	47	0	14032258.06	14751151.67	0	0	2	130	1.88	0	25	48890060.27	system	02:36.9	system	NULL	4
ICOOL V?ng Tàu	76A12847-3772-EC11-810F-509A4C8C9FAC	10/01/2022	25	6948600	6948600	0	0	0	0	0	17	19	7	0	3582580.65	1572941.97	0	0	7	50	0.41	0	17	1793077.38	system	03:49.4	system	NULL	4
ICOOL Xô Vi?t Ngh? T?nh	59054E4D-3772-EC11-810F-509A4C8C9FAC	10/01/2022	4	56614800	56214800	400000	0	0	0	0	185	93	42	0	11661290.32	13017143.48	0	7	3	150	1.45	0	29	31536366.2	system	03:59.8	system	NULL	4
ICOOL Tô Ký	93D9302E-3772-EC11-810F-509A4C8C9FAC	10/01/2022	5	28004400	26727300	599970	0	677130	0	0	95	54	25	2	6612903.23	6075304.25	0	0	4	120	0.96	0	26	14039092.52	system	03:07.6	system	NULL	4
ICOOL Bình Phú	5FCEDCD1-3672-EC11-810F-509A4C8C9FAC	10/01/2022	6	59217800	57755350	990000	0	472450	402900	0	187	91	34	0	8509677.42	13973593.5	0	0	4	150	1.42	0	24	35674979.08	system	00:32.8	system	NULL	4
ICOOL D??ng Bá Tr?c	2B9800EB-3672-EC11-810F-509A4C8C9FAC	10/01/2022	7	72033100	67272300	3700000	0	1060800	0	0	197	79	43	0	14612903.23	15399477.08	0	0	4	180	1.65	0	26	37259919.69	system	01:14.9	system	NULL	4
ICOOL Nguy?n S?n	0FDA3CFD-3672-EC11-810F-509A4C8C9FAC	10/01/2022	9	26068600	24745100	1323500	0	0	0	0	94	66	28	0	7263225.81	5958901.3	0	0	3	90	1.87	0	15	11522972.89	system	01:45.4	system	NULL	4
ICOOL Ung V?n Khiêm	7ACF0278-0073-EC11-810F-509A4C8C9FAC	11/01/2022	1	149919600	149339820	470000	0	109780	730510	0	439	268	81	0	20322580.65	30287291.9	0	24	3	300	2.19	0	37	99460457.45	system	04:00.2	system	NULL	4
ICOOL Thành Thái	32249D5F-0073-EC11-810F-509A4C8C9FAC	11/01/2022	10	78733800	77396960	500000	0	836840	300330	0	312	117	61	3	13451612.9	15382375.29	0	15	2	180	2.18	0	28	48863301.81	system	03:19.3	system	NULL	4
ICOOL Nguy?n Trãi	98B93639-0073-EC11-810F-509A4C8C9FAC	11/01/2022	11	10584100	9295900	1288200	0	0	0	0	38	33	18	1	3717185.42	1290930.92	0	4	3	70	1.13	0	16	4287783.66	system	02:14.9	system	NULL	4
ICOOL M?c ??nh Chi	6809102D-0073-EC11-810F-509A4C8C9FAC	11/01/2022	12	69014700.27	63664650	3728000.27	0	1622050	188450	0	207	72	31	1	13387096.77	12973343.74	0	2	3	120	1.41	0	22	37492659.49	system	01:54.5	system	NULL	4
ICOOL Tr?n Bình Tr?ng	2EC9C76B-0073-EC11-810F-509A4C8C9FAC	11/01/2022	13	33291400	32091400	1200000	0	0	0	0	68	60	30	4	8322580.65	9221653.86	5082702	7	2.67	80	1.76	0	17	19629867.49	system	03:39.7	system	NULL	4
ICOOL Cách M?ng Tháng 8	1971B00E-0073-EC11-810F-509A4C8C9FAC	11/01/2022	14	69309100	68216550	359000	0	733550	917850	0	197	130	41	0	16241935.48	13926801.28	0	2	2	120	1.46	0	28	38965663.24	system	01:03.5	system	NULL	4
ICOOL C?u Ch? Y	FD0AD414-0073-EC11-810F-509A4C8C9FAC	11/01/2022	16	8582100	8582100	0	0	0	0	0	27	17	7	0	4322580.65	2015271.29	0	0	7	50	0.5	0	14	2244248.06	system	01:13.8	system	NULL	4
ICOOL Nh? Thiên ???ng	FAE8D446-0073-EC11-810F-509A4C8C9FAC	11/01/2022	17	23459100	22880900	578200	0	0	0	0	52	44	19	0	9800000	5467513.72	264107.14	0	5	100	1.19	0	16	7877493.42	system	02:37.7	system	NULL	4
ICOOL Tr?n Não	F8BADB71-0073-EC11-810F-509A4C8C9FAC	11/01/2022	18	74031300	72815100	930500	0	285700	738400	0	243	127	46	0	9451612.9	16149705.98	23500	6	2	120	2.3	0	20	47975681.12	system	03:49.9	system	NULL	4
ICOOL Nguy?n Tri Ph??ng	C163503F-0073-EC11-810F-509A4C8C9FAC	11/01/2022	19	22782300	20903520	1300000	0	578780	0	0	99	42	26	0	7064516.13	3738466.81	0	2	1	50	1.63	0	16	10100537.06	system	02:25.1	system	NULL	4
ICOOL ??ng ?en	6357EC1A-0073-EC11-810F-509A4C8C9FAC	11/01/2022	22	16438400	15515530	620000	0	302870	0	0	60	29	20	1	9274193.55	3107529.25	0	14	4	90	0.8	0	25	3133807.2	system	01:24.0	system	NULL	4
ICOOL Phan Chu Trinh	7628684D-0073-EC11-810F-509A4C8C9FAC	11/01/2022	23	27596300	27495150	0	0	101150	0	0	70	41	23	2	6612903.23	5715814.23	0	0	2.61	60	1.64	0	14	15166432.54	system	02:48.7	system	NULL	4
ICOOL Phan Xích Long	A6D58453-0073-EC11-810F-509A4C8C9FAC	11/01/2022	24	89710800	88549780	1100000	61020	0	0	0	197	154	55	4	14032258.06	17634508.98	0	5	2	130	2.2	0	25	56883012.96	system	02:59.0	system	NULL	4
ICOOL V?ng Tàu	B166137E-0073-EC11-810F-509A4C8C9FAC	11/01/2022	25	8496100	8416400	0	0	79700	0	0	20	11	8	0	3582580.65	1782086.33	0	0	5	40	0.47	0	17	3051733.02	system	04:10.4	system	NULL	4
ICOOL Xô Vi?t Ngh? T?nh	8CCA2684-0073-EC11-810F-509A4C8C9FAC	11/01/2022	4	60866200	59737270	1000000	128930	0	220290	0	215	89	43	0	11661290.32	14871650.43	0	13	3	150	1.48	0	29	33424619.25	system	04:20.6	system	NULL	4
ICOOL Tô Ký	DF61B165-0073-EC11-810F-509A4C8C9FAC	11/01/2022	5	39802000	38101950	948140	0	751910	0	0	86	68	25	1	6612903.23	9677479.56	0	0	4	120	0.96	0	26	21811567.21	system	03:29.5	system	NULL	4
ICOOL Bình Phú	0DCA7308-0073-EC11-810F-509A4C8C9FAC	11/01/2022	6	53764800	52048410	711000	0	1005390	0	0	182	80	33	0	8509677.42	0	0	4	4	150	1.38	0	24	43538732.58	system	00:53.1	system	NULL	4
ICOOL D??ng Bá Tr?c	EFA90321-0073-EC11-810F-509A4C8C9FAC	11/01/2022	7	83926700	77737670.01	5185000	0	1004030	0	0	202	112	55	2	14612903.23	17922849.1	0	4	1.82	100	2.12	0	26	45201917.68	system	01:34.3	system	NULL	4
ICOOL Nguy?n S?n	2FBF2633-0073-EC11-810F-509A4C8C9FAC	11/01/2022	9	22452600	21224580	1100000	0	128020	134000	0	48	49	18	0	7263225.81	5046326.91	0	0	5	90	1.2	0	15	9049027.28	system	02:04.7	system	NULL	4
ICOOL Ung V?n Khiêm	7F0F30A1-C973-EC11-810F-509A4C8C9FAC	12/01/2022	1	144159600	141591765	1231000	272405	1064430	1110130	0	456	231	75	6	20322580.65	29120471.99	0	14	4	300	2.03	0	37	93258842.36	system	03:58.2	system	NULL	4
ICOOL Thành Thái	89963B88-C973-EC11-810F-509A4C8C9FAC	12/01/2022	10	90702600	88168000	780000	118300	1636300	0	0	334	111	67	1	13451612.9	18306831.61	0	9	2	180	2.39	0	28	56409555.49	system	03:16.3	system	NULL	4
ICOOL Nguy?n Trãi	D650E163-C973-EC11-810F-509A4C8C9FAC	12/01/2022	11	13781900	12472080	800000	133280	376540	184890	0	47	22	13	1	3717185.42	3235424.3	0	4	5	70	0.81	0	16	5704360.28	system	02:15.3	system	NULL	4
ICOOL M?c ??nh Chi	397ABF57-C973-EC11-810F-509A4C8C9FAC	12/01/2022	12	76661600	74822160	500000	0	1339440	456865	0	252	109	45	2	13387096.77	15015014	0	3	2	120	2.05	0	22	46876914.23	system	01:54.9	system	NULL	4
ICOOL Tr?n Bình Tr?ng	911F6294-C973-EC11-810F-509A4C8C9FAC	12/01/2022	13	48658200	46996320	1661880	0	0	0	0	119	88	37	2	8322580.65	8425470.76	31500	5	2.16	80	2.18	0	17	30279768.59	system	03:36.7	system	NULL	4
ICOOL Cách M?ng Tháng 8	1A817C39-C973-EC11-810F-509A4C8C9FAC	12/01/2022	14	64403900	63956160	100000	46500	301240	505416	3520833	169	108	35	1	16241935.48	13884346.09	0	2	3	120	1.25	0	28	37856127.43	system	01:04.2	system	NULL	4
ICOOL C?u Ch? Y	83328C3F-C973-EC11-810F-509A4C8C9FAC	12/01/2022	16	11748600	11401190	100000	107310	140100	0	0	29	19	11	0	4322580.65	2703124.31	0	3	4	50	0.79	0	14	4375485.04	system	01:14.3	system	NULL	4
ICOOL Nh? Thiên ???ng	10B30870-C973-EC11-810F-509A4C8C9FAC	12/01/2022	17	34667700	33592350	775800	0	299550	0	0	89	62	27	0	9800000	7980033.24	0	3	3	100	1.69	0	16	15812316.76	system	02:35.7	system	NULL	4
ICOOL Tr?n Não	6DF9729A-C973-EC11-810F-509A4C8C9FAC	12/01/2022	18	101650100	100729100	760000	0	161000	0	550000	281	132	50	3	9451612.9	23591304.54	164500	5	2	120	2.5	0	20	68400682.56	system	03:46.8	system	NULL	4
ICOOL Nguy?n Tri Ph??ng	02B7F569-C973-EC11-810F-509A4C8C9FAC	12/01/2022	19	27077900	25691700	1100000	0	286200	0	0	107	67	28	0	7064516.13	6141785.86	0	2	1	50	1.75	0	16	12485398.01	system	02:25.5	system	NULL	4
ICOOL ??ng ?en	9EEDA645-C973-EC11-810F-509A4C8C9FAC	12/01/2022	22	42568000	41222830	600000	0	745170	0	0	130	83	33	1	9274193.55	11699785.09	2852000	4	2	90	1.32	0	25	23100851.36	system	01:24.6	system	NULL	4
ICOOL Phan Chu Trinh	27E51976-C973-EC11-810F-509A4C8C9FAC	12/01/2022	23	25147700	24947700	200000	0	0	0	0	64	35	21	0	6612903.23	5236829.58	0	0	2.86	60	1.5	0	14	13097967.19	system	02:45.9	system	NULL	4
ICOOL Phan Xích Long	17E12D7C-C973-EC11-810F-509A4C8C9FAC	12/01/2022	24	80512000	78937220	1100000	0	474780	0	0	201	134	55	3	14032258.06	15807429.95	0	7	2	130	2.2	0	25	49097531.99	system	02:56.1	system	NULL	4
ICOOL V?ng Tàu	453FBAA7-C973-EC11-810F-509A4C8C9FAC	12/01/2022	25	6559800	6559800	0	0	0	0	0	24	15	5	0	3582580.65	2111249.62	593999.99	0	10	50	0.29	0	17	1459969.72	system	04:09.1	system	NULL	4
ICOOL Xô Vi?t Ngh? T?nh	264AD1AD-C973-EC11-810F-509A4C8C9FAC	12/01/2022	4	65155400	64325050	800000	30350	0	155570	290000	210	95	44	6	11661290.32	16118521.73	0	11	3	150	1.52	0	29	36990807.95	system	04:19.3	system	NULL	4
ICOOL Tô Ký	D6C5518E-C973-EC11-810F-509A4C8C9FAC	12/01/2022	5	37586600	35796640	1233000	0	556960	0	0	72	67	25	0	6612903.23	7637006.57	0	0	4	120	0.96	0	26	21546730.2	system	03:26.5	system	NULL	4
ICOOL Bình Phú	22742733-C973-EC11-810F-509A4C8C9FAC	12/01/2022	6	69649800	68202260	799000	60050	588490	164730	0	219	133	46	4	8509677.42	0	0	4	3	150	1.92	0	24	59857312.58	system	00:53.5	system	NULL	4
ICOOL D??ng Bá Tr?c	EDC1B24B-C973-EC11-810F-509A4C8C9FAC	12/01/2022	7	95523700	89262550	5500000	0	761150	0	0	262	150	58	3	14612903.23	19233104.32	0	2	1.72	100	2.23	0	26	55416542.45	system	01:34.7	system	NULL	4
ICOOL Nguy?n S?n	52B5D35D-C973-EC11-810F-509A4C8C9FAC	12/01/2022	9	32397300	30614830	1150000	0	632470	0	0	90	59	26	1	7263225.81	8231034.58	0	0	3	90	1.73	0	15	15120569.61	system	02:05.1	system	NULL	4
ICOOL Ung V?n Khiêm	486724B3-9274-EC11-810F-509A4C8C9FAC	13/01/2022	1	153136900	151225780	1775000	0	136120	491690	0	531	376	91	7	20322580.65	29663243.01	0	14	3	300	2.46	0	37	101731646.3	system	03:17.1	system	NULL	4
ICOOL Thành Thái	6349D09A-9274-EC11-810F-509A4C8C9FAC	13/01/2022	10	104273101	101860340.9	800000	0	1612760.1	0	700000	359	139	70	3	13451612.9	23513776.59	297083.33	3	2	180	2.5	0	28	65892034.74	system	02:36.3	system	NULL	4
ICOOL Nguy?n Trãi	30B28A76-9274-EC11-810F-509A4C8C9FAC	13/01/2022	11	31385500	29504400	1559000	0	322100	0	0	82	36	23	0	3717185.42	7398105.54	0	3	3	70	1.44	0	16	18389109.04	system	01:35.4	system	NULL	4
ICOOL M?c ??nh Chi	3902696A-9274-EC11-810F-509A4C8C9FAC	13/01/2022	12	72157300	70744130	400000	0	1013170	707730	0	220	104	36	2	13387096.77	14148962.7	0	8	3	120	1.64	0	22	43915800.53	system	01:15.1	system	NULL	4
ICOOL Tr?n Bình Tr?ng	C8D7F2A6-9274-EC11-810F-509A4C8C9FAC	13/01/2022	13	52619200	51780420	700000	0	138780	0	0	133	96	38	0	8322580.65	10599903.11	0	5	2.11	80	2.24	0	17	32857936.24	system	02:56.7	system	NULL	4
ICOOL Cách M?ng Tháng 8	498B134C-9274-EC11-810F-509A4C8C9FAC	13/01/2022	14	78402900	77296710	300000	0	806190	1020050	0	262	120	48	0	16241935.48	16184253	0	2	2	120	1.71	0	28	45890571.52	system	00:24.2	system	NULL	4
ICOOL C?u Ch? Y	09F82152-9274-EC11-810F-509A4C8C9FAC	13/01/2022	16	12990800	12690800	300000	0	0	0	0	31	24	16	1	4322580.65	1983747.94	0	4	3	50	1.14	0	14	6384471.41	system	00:34.4	system	NULL	4
ICOOL Nh? Thiên ???ng	467DA582-9274-EC11-810F-509A4C8C9FAC	13/01/2022	17	19682700	19040200	500000	0	142500	0	0	49	34	17	2	9800000	4480199.95	0	1	5	100	1.06	0	16	4760000.05	system	01:55.8	system	NULL	4
ICOOL Tr?n Não	4CBD0BAD-9274-EC11-810F-509A4C8C9FAC	13/01/2022	18	101101600	97551540	376060	0	3174000	624640	0	347	182	53	0	9451612.9	23562117.48	70500	2	2	120	2.65	0	20	65232949.62	system	03:06.9	system	NULL	4
ICOOL Nguy?n Tri Ph??ng	BA089A7C-9274-EC11-810F-509A4C8C9FAC	13/01/2022	19	23260500	21702700.01	1557800	0	0	0	0	68	53	21	2	7064516.13	4903307.85	0	5	2	50	1.31	0	16	9734876.03	system	01:45.6	system	NULL	4
ICOOL ??ng ?en	6B243358-9274-EC11-810F-509A4C8C9FAC	13/01/2022	22	44846500	43703200	900000	0	243300	0	0	138	80	36	2	9274193.55	8930701.76	0	17	2	90	1.44	0	25	25498304.69	system	00:44.5	system	NULL	4
ICOOL Phan Chu Trinh	4AF2B588-9274-EC11-810F-509A4C8C9FAC	13/01/2022	23	26239700	26239700	0	0	0	0	0	67	38	22	0	6612903.23	4929264.2	0	0	2.73	60	1.57	0	14	14697532.57	system	02:05.9	system	NULL	4
ICOOL Phan Xích Long	A495CB8E-9274-EC11-810F-509A4C8C9FAC	13/01/2022	24	93865700	92736960	932000	0	196740	240150	0	213	156	59	1	14032258.06	20122554.87	0	3	2	130	2.36	0	25	58822297.07	system	02:16.1	system	NULL	4
ICOOL V?ng Tàu	FDA033B9-9274-EC11-810F-509A4C8C9FAC	13/01/2022	25	5484300	5484300	0	0	0	0	0	25	20	7	0	3582580.65	985389.3	0	0	7	50	0.41	0	17	916330.05	system	03:27.3	system	NULL	4
ICOOL Xô Vi?t Ngh? T?nh	F4954BBF-9274-EC11-810F-509A4C8C9FAC	13/01/2022	4	77238200	76168200	1070000	0	0	0	0	257	120	56	3	11661290.32	18546971.56	0	16	2	150	1.93	0	29	45959938.12	system	03:37.5	system	NULL	4
ICOOL Tô Ký	227DE1A0-9274-EC11-810F-509A4C8C9FAC	13/01/2022	5	27619300	26853380	550000	0	215920	187600	0	80	65	23	0	6612903.23	6452693.23	0	0	5	120	0.88	0	26	13975383.54	system	02:46.5	system	NULL	4
ICOOL Bình Phú	3754D845-9274-EC11-810F-509A4C8C9FAC	13/01/2022	6	79714500	78813600	556000	0	344900	0	0	251	169	48	2	8509677.42	0	0	10	3	150	2	0	24	70303922.58	system	00:13.7	system	NULL	4
ICOOL D??ng Bá Tr?c	69694C5E-9274-EC11-810F-509A4C8C9FAC	13/01/2022	7	89126400	87513450	844000	176550	592400	653200	0	276	142	54	1	14612903.23	20188609	0	3	1.85	100	2.08	0	26	53365137.77	system	00:54.8	system	NULL	4
ICOOL Nguy?n S?n	D4FA7770-9274-EC11-810F-509A4C8C9FAC	13/01/2022	9	40498500	39369860	1000000	0	128640	0	0	132	93	36	1	7263225.81	13559100.12	4513708.33	0	2	100	2.4	0	15	23061242.41	system	01:25.3	system	NULL	4
ICOOL Ung V?n Khiêm	61E15EDE-5B75-EC11-810F-509A4C8C9FAC	14/01/2022	1	247759900	245001505	1355000	320375	1083020	3148600	0	627	468	103	4	20322580.65	49613972.4	0	14	2	300	2.78	0	37	178213552	system	03:18.5	system	NULL	4
ICOOL Thành Thái	C4A6B7C5-5B75-EC11-810F-509A4C8C9FAC	14/01/2022	10	148836501	146465020.9	200000	0	2171480.1	2279190	315000	459	168	61	3	13451612.9	32873539.35	689791.67	6	2	180	2.18	0	28	103423850.3	system	02:37.1	system	NULL	4
ICOOL Nguy?n Trãi	431B3BA1-5B75-EC11-810F-509A4C8C9FAC	14/01/2022	11	41708000	39157970	1731200	0	818830	190240	0	123	55	29	2	3717185.42	11268506.55	5098316.67	3	2	70	1.81	0	16	29460834.7	system	01:35.9	system	NULL	4
ICOOL M?c ??nh Chi	FBE30B95-5B75-EC11-810F-509A4C8C9FAC	14/01/2022	12	114142300	113246430	400000	0	495870	1612140	0	311	141	43	2	13387096.77	23804127.61	0	2	3	140	1.95	0	22	77667345.62	system	01:15.5	system	NULL	4
ICOOL Tr?n Bình Tr?ng	2741E3D1-5B75-EC11-810F-509A4C8C9FAC	14/01/2022	13	72832700	71091680	1445000	0	296020	0	280000	184	145	44	1	8322580.65	15776266.01	3309048	4	1.82	80	2.59	0	17	50581881.34	system	02:57.5	system	NULL	4
ICOOL Cách M?ng Tháng 8	D4D9C076-5B75-EC11-810F-509A4C8C9FAC	14/01/2022	14	111991700	110184710	943200	42740	821050	1152700	769800	266	255	57	4	16241935.48	20822752.6	0	3	2	140	2.04	0	28	75042521.92	system	00:24.6	system	NULL	4
ICOOL C?u Ch? Y	4472D47C-5B75-EC11-810F-509A4C8C9FAC	14/01/2022	16	41242300	40654290	100000	0	488010	0	0	108	67	25	4	4322580.65	8107517.87	485760	3	2	50	1.79	0	14	28709951.48	system	00:34.8	system	NULL	4
ICOOL Nh? Thiên ???ng	262C80AD-5B75-EC11-810F-509A4C8C9FAC	14/01/2022	17	58631200	57023545	1535500	0	72155	127260	0	107	85	34	1	9800000	9044584.1	0	8	3	110	2.13	0	16	38306220.9	system	01:56.5	system	NULL	4
ICOOL Tr?n Não	2D3F3DD8-5B75-EC11-810F-509A4C8C9FAC	14/01/2022	18	144849600	143773000	295600	156960	624040	2413154	0	337	231	63	0	11935483.87	31344628.37	0	3	1	120	3.15	0	20	102906041.8	system	03:08.2	system	NULL	4
ICOOL Nguy?n Tri Ph??ng	99AA52A7-5B75-EC11-810F-509A4C8C9FAC	14/01/2022	19	46170100	44590830	1075000	37340	466930	0	0	160	82	32	2	7064516.13	9185478.47	0	1	1	50	2	0	16	28340835.4	system	01:46.1	system	NULL	4
ICOOL ??ng ?en	7864E982-5B75-EC11-810F-509A4C8C9FAC	14/01/2022	22	79852100	77939565	1300000	0	612535	241100	0	221	138	51	1	9274193.55	14216042.65	0	15	1	90	2.04	0	25	54690428.8	system	00:45.0	system	NULL	4
ICOOL Phan Chu Trinh	E4719DB3-5B75-EC11-810F-509A4C8C9FAC	14/01/2022	23	42104400	41904400	200000	0	0	302920	100000	111	47	30	0	6612903.23	7234199.48	0	2	2	60	2.14	0	14	28460217.29	system	02:06.8	system	NULL	4
ICOOL Phan Xích Long	AEC3B0B9-5B75-EC11-810F-509A4C8C9FAC	14/01/2022	24	144981600	143278240	1410000	0	293360	613634	0	303	214	64	0	14032258.06	30335332.69	0	6	2	130	2.56	0	25	99524283.25	system	02:16.9	system	NULL	4
ICOOL V?ng Tàu	32FF6AE4-5B75-EC11-810F-509A4C8C9FAC	14/01/2022	25	13369400	13041230	245000	0	83170	175470	0	27	30	13	0	3582580.65	2592809.92	0	0	3	50	0.76	0	17	7041309.43	system	03:28.6	system	NULL	4
ICOOL Xô Vi?t Ngh? T?nh	9FA07CEA-5B75-EC11-810F-509A4C8C9FAC	14/01/2022	4	114726400	113732850	800000	41430	152120	515960	0	330	171	60	3	11661290.32	25409183.77	0	23	2	150	2.07	0	29	77178335.91	system	03:38.8	system	NULL	4
ICOOL Tô Ký	98F8CECB-5B75-EC11-810F-509A4C8C9FAC	14/01/2022	5	77659000	75323560	1643020	0	692420	0	0	204	165	51	1	6612903.23	16531884.07	0	0	2	140	1.96	0	26	52178772.7	system	02:47.3	system	NULL	4
ICOOL Bình Phú	84A18B70-5B75-EC11-810F-509A4C8C9FAC	14/01/2022	6	89514700	88340430	954000	0	220270	246860	0	252	163	47	0	8509677.42	0	0	5	3	150	1.96	0	24	80077612.58	system	00:14.2	system	NULL	4
ICOOL D??ng Bá Tr?c	BE200389-5B75-EC11-810F-509A4C8C9FAC	14/01/2022	7	171543500	167797660	1500000	0	2245840	105300	0	390	253	71	0	14612903.23	36291973.5	0	5	1.41	100	2.73	0	26	116998083.3	system	00:55.3	system	NULL	4
ICOOL Nguy?n S?n	CD632B9B-5B75-EC11-810F-509A4C8C9FAC	14/01/2022	9	47673100	46698400	900000	0	74700	304530	0	151	107	32	0	7263225.81	10889923.49	0	0	3.16	101	2.13	0	15	28849780.7	system	01:25.7	system	NULL	4
ICOOL Ung V?n Khiêm	9B96A612-2576-EC11-8110-509A4C8C9FAC	15/01/2022	1	329183500	321439250	2295000	230880	5218370	1377600	0	917	664	146	0	20322580.65	71601861.23	0	23	2	300	3.95	0	37	230892408.1	system	03:35.0	system	NULL	4
ICOOL Thành Thái	C44B41FA-2476-EC11-8110-509A4C8C9FAC	15/01/2022	10	175042600	172576570	600000	0	1866030	2008052	0	600	216	89	1	13451612.9	37710274.11	0	1	2	180	3.18	0	28	123422735	system	02:54.1	system	NULL	4
ICOOL Nguy?n Trãi	764EF7D5-2476-EC11-8110-509A4C8C9FAC	15/01/2022	11	64426600	61290860	2800000	0	335740	0	0	160	89	32	0	3717185.42	13747293.52	0	3	2	70	2	0	16	43826381.06	system	01:53.2	system	NULL	4
ICOOL M?c ??nh Chi	1AE0D3C9-2476-EC11-8110-509A4C8C9FAC	15/01/2022	12	101674000	100007010	600000	64610	1002380	768840	0	331	143	55	0	13387096.77	18758344.48	0	4	2	140	2.5	0	22	68630408.75	system	01:32.9	system	NULL	4
ICOOL Tr?n Bình Tr?ng	DAC96306-2576-EC11-8110-509A4C8C9FAC	15/01/2022	13	85956300	82957100	2200000	0	799200	156470	0	203	182	62	0	8322580.65	15738013.32	690000	10	1.29	80	3.65	0	17	59742976.03	system	03:14.5	system	NULL	4
ICOOL Cách M?ng Tháng 8	998780AB-2476-EC11-8110-509A4C8C9FAC	15/01/2022	14	171798900	168809265	154900	338535	2496200	4257160	100000	362	253	74	0	16241935.48	34037062.11	0	0	1	140	2.64	0	28	122887427.4	system	00:42.0	system	NULL	4
ICOOL C?u Ch? Y	150497B1-2476-EC11-8110-509A4C8C9FAC	15/01/2022	16	42516800	41291800	1225000	0	0	467490	0	146	82	30	0	4322580.65	7902801.09	0	7	1.67	50	2.14	0	14	29533908.26	system	00:52.2	system	NULL	4
ICOOL Nh? Thiên ???ng	86CE17E2-2476-EC11-8110-509A4C8C9FAC	15/01/2022	17	71422800	69749820	950000	0	722980	0	0	145	113	46	0	9800000	14962945.82	0	14	2	110	2.88	0	16	44986874.18	system	02:13.6	system	NULL	4
ICOOL Tr?n Não	EFF8850C-2576-EC11-8110-509A4C8C9FAC	15/01/2022	18	149335701	147316456	1723970	76525	218750	2464378	200000	382	257	69	0	11935483.87	33056115.5	160500	5	1	120	3.45	0	20	105149734.6	system	03:24.8	system	NULL	4
ICOOL Nguy?n Tri Ph??ng	D8EA07DC-2476-EC11-8110-509A4C8C9FAC	15/01/2022	19	52664700	50921240.01	1275000	0	468460	257380	0	196	88	46	1	7064516.13	9791005	0	4	1	60	2.88	0	16	34323098.88	system	02:03.4	system	NULL	4
ICOOL ??ng ?en	2882ACB7-2476-EC11-8110-509A4C8C9FAC	15/01/2022	22	109958000	108789910	740000	0	428090	0	0	287	159	62	0	9274193.55	21157331.5	0	20	1	90	2.48	0	25	78358384.95	system	01:02.4	system	NULL	4
ICOOL Phan Chu Trinh	1A9927E8-2476-EC11-8110-509A4C8C9FAC	15/01/2022	23	62397700	59995000	1350000	0	1052700	411310	300000	126	81	36	0	6612903.23	12124383.1	0	3	1.67	60	2.57	0	14	41969023.67	system	02:23.7	system	NULL	4
ICOOL Phan Xích Long	D7213BEE-2476-EC11-8110-509A4C8C9FAC	15/01/2022	24	162217300	159310010	1434000	229080	1244210	439590	0	348	217	86	0	14032258.06	31795823.01	0	2	1	130	3.44	0	25	113921518.9	system	02:33.9	system	NULL	4
ICOOL V?ng Tàu	33D54319-2576-EC11-8110-509A4C8C9FAC	15/01/2022	25	42733300	42245760	350000	0	137540	0	0	106	92	36	0	3582580.65	8363547.76	0	0	1	50	2.12	0	17	30299631.59	system	03:46.1	system	NULL	4
ICOOL Xô Vi?t Ngh? T?nh	BB6F5B1F-2576-EC11-8110-509A4C8C9FAC	15/01/2022	4	160716300	159566810	559000	197210	393280	1730770	0	437	233	82	0	11661290.32	37678727.59	0	22	1	150	2.83	0	29	111957562.1	system	03:56.4	system	NULL	4
ICOOL Tô Ký	91BB5500-2576-EC11-8110-509A4C8C9FAC	15/01/2022	5	103413200	99698730	1736420	0	1978050	287160	530000	246	194	54	0	6612903.23	23970414.94	0	0	2	140	2.08	0	26	69932571.83	system	03:04.3	system	NULL	4
ICOOL Bình Phú	86D43FA5-2476-EC11-8110-509A4C8C9FAC	15/01/2022	6	102710200	101244770	1048800	0	416630	0	0	294	193	55	0	8509677.42	0	0	2	2	150	2.29	0	24	92735092.58	system	00:31.5	system	NULL	4
ICOOL D??ng Bá Tr?c	0821C3BD-2476-EC11-8110-509A4C8C9FAC	15/01/2022	7	172155900	169867050	1200000	290700	798150	842380	0	405	258	77	0	14612903.23	37336098.39	0	4	1.3	100	2.96	0	26	118760428.4	system	01:12.6	system	NULL	4
ICOOL Nguy?n S?n	6F95EACF-2476-EC11-8110-509A4C8C9FAC	15/01/2022	9	67236800	64756800	2480000	0	0	570910	0	199	124	43	0	7263225.81	0	0	0	2.33	100	2.87	0	15	58064484.19	system	01:43.1	system	NULL	4
ICOOL Ung V?n Khiêm	43C5D93E-EE76-EC11-8110-509A4C8C9FAC	16/01/2022	1	208036000	203672560	1965000	0	2398440	745240	0	583	456	102	0	20322580.65	43374657.18	0	20	2	300	2.76	0	37	140720562.2	system	03:38.0	system	NULL	4
ICOOL Thành Thái	B7344526-EE76-EC11-8110-509A4C8C9FAC	16/01/2022	10	117936201	116449541	900000	24900	561760	400350	0	492	155	88	0	13451612.9	19578072.65	0	2	2	180	3.14	0	28	83820205.45	system	02:56.8	system	NULL	4
ICOOL Nguy?n Trãi	B1EED201-EE76-EC11-8110-509A4C8C9FAC	16/01/2022	11	15431200	14431200	1000000	0	0	0	0	50	30	20	0	3717185.42	1859455.66	0	9	3.5	70	1.25	0	16	8854558.92	system	01:55.6	system	NULL	4
ICOOL M?c ??nh Chi	13429FF5-ED76-EC11-8110-509A4C8C9FAC	16/01/2022	12	81230400	80591280	200000	78500	360620	140150	0	247	162	52	1	13387096.77	14704450.35	0	4	2	120	2.36	0	22	52639882.88	system	01:35.2	system	NULL	4
ICOOL Tr?n Bình Tr?ng	77809B32-EE76-EC11-8110-509A4C8C9FAC	16/01/2022	13	45170800	43217260	1750000	0	203540	0	0	105	106	37	0	8322580.65	9248408.14	2418670	5	2.16	80	2.18	0	17	28064941.21	system	03:17.5	system	NULL	4
ICOOL Cách M?ng Tháng 8	144432D6-ED76-EC11-8110-509A4C8C9FAC	16/01/2022	14	98266000	95661960	100000	0	2504040	217220	0	257	189	65	0	16241935.48	15547682.55	0	3	2	140	2.32	0	28	64089561.97	system	00:42.5	system	NULL	4
ICOOL C?u Ch? Y	742B0ADD-ED76-EC11-8110-509A4C8C9FAC	16/01/2022	16	28526400	28344535	0	34375	147490	0	0	77	77	27	0	4322580.65	4830156.2	0	10	1.85	50	1.93	0	14	19191798.15	system	00:53.9	system	NULL	4
ICOOL Nh? Thiên ???ng	399F010E-EE76-EC11-8110-509A4C8C9FAC	16/01/2022	17	62816800	61650025	1150000	16775	0	0	0	158	86	45	0	9800000	13829140.82	0	18	2	110	2.81	0	16	38020884.18	system	02:16.1	system	NULL	4
ICOOL Tr?n Não	654CC238-EE76-EC11-8110-509A4C8C9FAC	16/01/2022	18	109782901	108732901	1050000	0	0	548510	0	292	154	53	0	11935483.87	23605321.8	527000	7	2	120	2.65	0	20	74267605.33	system	03:27.8	system	NULL	4
ICOOL Nguy?n Tri Ph??ng	161FF007-EE76-EC11-8110-509A4C8C9FAC	16/01/2022	19	36198600	35259110	600000	0	339490	182200	0	113	59	33	0	7064516.13	6697361.18	0	2	1	60	2.06	0	16	21679432.69	system	02:05.9	system	NULL	4
ICOOL ??ng ?en	055B3EE3-ED76-EC11-8110-509A4C8C9FAC	16/01/2022	22	70510400	68678510	1505710	0	326180	0	0	197	129	52	0	9274193.55	13562505.36	0	34	1	90	2.08	0	25	45841811.09	system	01:04.3	system	NULL	4
ICOOL Phan Chu Trinh	8E381714-EE76-EC11-8110-509A4C8C9FAC	16/01/2022	23	42521700	41821700	700000	0	0	0	0	97	61	27	0	6612903.23	7877501.55	0	0	2.22	60	1.93	0	14	27331295.22	system	02:26.3	system	NULL	4
ICOOL Phan Xích Long	7BA7291A-EE76-EC11-8110-509A4C8C9FAC	16/01/2022	24	123198301	120185061	2468000	0	545240	404550	0	301	220	72	0	14032258.06	23854455.89	0	3	1	130	2.88	0	25	82702897.05	system	02:36.5	system	NULL	4
ICOOL V?ng Tàu	8045FE44-EE76-EC11-8110-509A4C8C9FAC	16/01/2022	25	15754400	15307330	350000	0	97070	0	0	34	37	15	0	3582580.65	2473726.56	0	0	3	50	0.88	0	17	9251022.79	system	03:48.3	system	NULL	4
ICOOL Xô Vi?t Ngh? T?nh	295C1D4B-EE76-EC11-8110-509A4C8C9FAC	16/01/2022	4	120111500	119110160	900000	0	101340	396460	260000	388	193	86	1	11661290.32	26111480.21	0	34	1	150	2.97	0	29	81993849.47	system	03:58.6	system	NULL	4
ICOOL Tô Ký	3EB5652C-EE76-EC11-8110-509A4C8C9FAC	16/01/2022	5	72384500	70662030	1260000	0	462470	0	0	179	155	44	0	6612903.23	15977965.44	0	0	3	140	1.69	0	26	48071161.33	system	03:07.1	system	NULL	4
ICOOL Bình Phú	2020FACF-ED76-EC11-8110-509A4C8C9FAC	16/01/2022	6	81330000	80235030	994000	100970	0	0	0	289	182	50	0	8509677.42	0	0	11	3	150	2.08	0	24	71725352.58	system	00:32.0	system	NULL	4
ICOOL D??ng Bá Tr?c	CF4082E9-ED76-EC11-8110-509A4C8C9FAC	16/01/2022	7	126677201	123305450.9	400000	0	2971750.1	598900	0	298	225	64	1	14612903.23	27485418.87	0	3	1.56	100	2.46	0	26	81806028.8	system	01:14.9	system	NULL	4
ICOOL Nguy?n S?n	147CB4FB-ED76-EC11-8110-509A4C8C9FAC	16/01/2022	9	54239700	52720700	1519000	0	0	129100	0	168	97	43	0	7263225.81	12146984.25	0	0	2.33	100	2.87	0	15	33439589.94	system	01:45.4	system	NULL	4
ICOOL Ung V?n Khiêm	1B806F69-B777-EC11-8110-509A4C8C9FAC	17/01/2022	1	174239800	170641685	2905000	161515	531600	863530	0	442	306	68	0	20322580.65	34774362.34	0	8	4	300	1.84	0	37	116408272	system	03:38.3	system	NULL	4
ICOOL Thành Thái	81BBDD50-B777-EC11-8110-509A4C8C9FAC	17/01/2022	10	95163601	93842910	590000	45880	684811	0	500000	381	119	67	2	13451612.9	15849262.9	0	1	2	180	2.39	0	28	65042034.2	system	02:57.1	system	NULL	4
ICOOL Nguy?n Trãi	31FF262C-B777-EC11-8110-509A4C8C9FAC	17/01/2022	11	26482800	26042800	440000	0	0	0	0	58	33	16	0	3717185.42	5862583.32	0	8	4.38	70	1	0	16	16463031.26	system	01:55.5	system	NULL	4
ICOOL M?c ??nh Chi	3A30CF1F-B777-EC11-8110-509A4C8C9FAC	17/01/2022	12	84329000	83310940	0	0	1018060	1369910	0	209	115	42	0	13387096.77	14535224.06	0	5	3	140	1.91	0	22	56758529.17	system	01:34.8	system	NULL	4
ICOOL Tr?n Bình Tr?ng	E7EA3B5D-B777-EC11-8110-509A4C8C9FAC	17/01/2022	13	51978500	50082510	745000	0	1150990	533880	0	120	108	34	0	8322580.65	10126908.19	0	8	2.35	80	2	0	17	32166901.16	system	03:17.9	system	NULL	4
ICOOL Cách M?ng Tháng 8	DF6D2A01-B777-EC11-8110-509A4C8C9FAC	17/01/2022	14	106327200	101944685	179000	59335	4144180	811320	0	219	129	47	1	16241935.48	20094891.99	0	0	2	140	1.68	0	28	66419177.53	system	00:43.4	system	NULL	4
ICOOL C?u Ch? Y	1A0F6A07-B777-EC11-8110-509A4C8C9FAC	17/01/2022	16	15399900	15399900	0	0	0	0	0	56	21	12	0	4322580.65	2439958.6	0	2	4.17	50	0.86	0	14	8637360.75	system	00:53.9	system	NULL	4
ICOOL Nh? Thiên ???ng	A6286C38-B777-EC11-8110-509A4C8C9FAC	17/01/2022	17	39250100	38871550	0	0	378550	0	0	80	44	22	0	9800000	8257404.92	0	5	4	100	1.38	0	16	20814145.08	system	02:16.1	system	NULL	4
ICOOL Tr?n Não	416C5663-B777-EC11-8110-509A4C8C9FAC	17/01/2022	18	109476300	108176460	650000	0	649840	1072400	0	275	194	48	0	11935483.87	23085584.2	70500	5	2	120	2.4	0	20	74298291.93	system	03:28.1	system	NULL	4
ICOOL Nguy?n Tri Ph??ng	B5424B32-B777-EC11-8110-509A4C8C9FAC	17/01/2022	19	21425100	20931230	0	108820	385050	0	0	53	39	19	0	7064516.13	3864585.54	0	0	3	60	1.19	0	16	10002128.33	system	02:05.8	system	NULL	4
ICOOL ??ng ?en	1A46810D-B777-EC11-8110-509A4C8C9FAC	17/01/2022	22	54758500	54382600	200000	0	175900	163740	0	137	98	31	0	9274193.55	10247722.08	0	18	2.9	90	1.24	0	25	35024424.37	system	01:04.1	system	NULL	4
ICOOL Phan Chu Trinh	BADFA73E-B777-EC11-8110-509A4C8C9FAC	17/01/2022	23	25567100	25202380	170000	0	194720	353598	0	70	44	21	0	6612903.23	4105320.24	0	1	2.86	60	1.5	0	14	14837754.53	system	02:26.6	system	NULL	4
ICOOL Phan Xích Long	4542CC44-B777-EC11-8110-509A4C8C9FAC	17/01/2022	24	74849100	74737170	0	111930	0	417590	0	159	124	44	0	14032258.06	14458557.37	0	3	2	130	1.76	0	25	46663944.57	system	02:36.9	system	NULL	4
ICOOL V?ng Tàu	4D9F8D6F-B777-EC11-8110-509A4C8C9FAC	17/01/2022	25	4354800	4354800	0	0	0	0	0	12	17	7	0	3582580.65	617473.64	0	0	7	50	0.41	0	17	154745.71	system	03:48.6	system	NULL	4
ICOOL Xô Vi?t Ngh? T?nh	D232B775-B777-EC11-8110-509A4C8C9FAC	17/01/2022	4	72953700	71445955	1140000	25895	341850	327940	0	202	106	46	1	11661290.32	14838195.65	503966.57	23	3	150	1.59	0	29	45778375.6	system	03:58.9	system	NULL	4
ICOOL Tô Ký	F48E0A57-B777-EC11-8110-509A4C8C9FAC	17/01/2022	5	22510910	22140840	175000	0	195070	0	0	52	49	15	0	6612903.23	4818290.24	0	0	9.33	140	0.58	0	26	10709646.53	system	03:07.5	system	NULL	4
ICOOL Bình Phú	124ED0FA-B677-EC11-8110-509A4C8C9FAC	17/01/2022	6	57519400	57192430	254000	72970	0	0	0	186	114	31	0	8509677.42	0	0	2	4.84	150	1.29	0	24	48682752.58	system	00:32.7	system	NULL	4
ICOOL D??ng Bá Tr?c	7FD2AA13-B777-EC11-8110-509A4C8C9FAC	17/01/2022	7	91552600	90560200	100000	467950	424450	0	0	186	148	52	1	14612903.23	19190304.71	0	1	1.92	100	2	0	26	56756992.06	system	01:14.4	system	NULL	4
ICOOL Nguy?n S?n	21C2FC25-B777-EC11-8110-509A4C8C9FAC	17/01/2022	9	34449200	33532720	390000	0	526480	0	0	107	64	26	0	7263225.81	7457944.18	0	0	3.85	100	1.73	0	15	18811550.01	system	01:45.2	system	NULL	4
ICOOL Ung V?n Khiêm	78D0C185-8078-EC11-8110-509A4C8C9FAC	18/01/2022	1	195944300	192703025	1315000	226945	1699330	2170060	0	546	413	95	0	20322580.65	38108687.8	0	7	3	300	2.5	0	38	136441816.6	system	03:14.7	system	NULL	4
ICOOL Thành Thái	5BE7786D-8078-EC11-8110-509A4C8C9FAC	18/01/2022	10	97034500	96142540	555000	0	336960	191500	100000	269	153	63	0	13451612.9	17834753.06	0	27	2	180	2.25	0	28	65147674.04	system	02:33.9	system	NULL	4
ICOOL Nguy?n Trãi	7E082449-8078-EC11-8110-509A4C8C9FAC	18/01/2022	11	12528500	12134050	0	310600	83850	151260	0	44	19	10	0	3717185.42	2371229.99	0	4	7	70	0.63	0	16	6196894.59	system	01:33.0	system	NULL	4
ICOOL M?c ??nh Chi	E80FCC3C-8078-EC11-8110-509A4C8C9FAC	18/01/2022	12	100834301	100047591	0	0	786710	2300290.1	0	232	122	47	0	13387096.77	18392539.89	0	3	2	140	2.14	0	22	70568244.44	system	01:12.3	system	NULL	4
ICOOL Tr?n Bình Tr?ng	B82F9879-8078-EC11-8110-509A4C8C9FAC	18/01/2022	13	49844400	49076750	350000	0	417650	132670	0	129	107	37	0	8322580.65	8193714.15	0	3	2.16	80	2.18	0	17	32693125.2	system	02:54.3	system	NULL	4
ICOOL Cách M?ng Tháng 8	032AC51D-8078-EC11-8110-509A4C8C9FAC	18/01/2022	14	108262200	106571840	284000	0	1406360	799150	0	268	161	54	0	16241935.48	49626790.22	29530440	2	2	140	1.93	0	28	71032704.3	system	00:20.2	system	NULL	4
ICOOL C?u Ch? Y	EBC10D24-8078-EC11-8110-509A4C8C9FAC	18/01/2022	16	22562700	21576290	570000	0	416410	0	0	57	40	16	0	4322580.65	4155366.61	0	2	3.13	50	1.14	0	14	13098342.74	system	00:30.8	system	NULL	4
ICOOL Nh? Thiên ???ng	32E13F55-8078-EC11-8110-509A4C8C9FAC	18/01/2022	17	40526500	39775320	284000	0	467180	0	0	94	56	26	0	9800000	8812763.87	0	3	3	100	1.63	0	16	21162556.13	system	01:53.3	system	NULL	4
ICOOL Tr?n Não	1421AE7F-8078-EC11-8110-509A4C8C9FAC	18/01/2022	18	123236900	121792000	835000	0	609900	1235680	0	259	176	60	0	11935483.87	27871028.08	70500	6	2	120	3	0	20	83291668.05	system	03:04.5	system	NULL	4
ICOOL Nguy?n Tri Ph??ng	0D7E344F-8078-EC11-8110-509A4C8C9FAC	18/01/2022	19	28411600	28185500	0	0	226100	0	0	68	78	23	0	7064516.13	4514012.45	0	0	2	60	1.44	0	16	16606971.42	system	01:43.2	system	NULL	4
ICOOL ??ng ?en	1F4C4D2A-8078-EC11-8110-509A4C8C9FAC	18/01/2022	22	43875700	43479000	0	0	396700	202640	0	112	91	29	0	9274193.55	7517154.51	0	2	3.1	90	1.16	0	25	26890291.94	system	00:41.2	system	NULL	4
ICOOL Phan Chu Trinh	B396525B-8078-EC11-8110-509A4C8C9FAC	18/01/2022	23	42293700	41587040	262400	0	444260	0	0	109	57	25	0	6612903.23	8838083.57	0	1	2.4	60	1.79	0	14	26136053.2	system	02:03.5	system	NULL	4
ICOOL Phan Xích Long	AACA6B61-8078-EC11-8110-509A4C8C9FAC	18/01/2022	24	116668500	115073390	1320000	0	275110	743740	0	231	173	54	0	14032258.06	22643751.27	0	3	2	130	2.16	0	25	79141120.67	system	02:13.7	system	NULL	4
ICOOL V?ng Tàu	9482D78B-8078-EC11-8110-509A4C8C9FAC	18/01/2022	25	11234100	11234100	0	0	0	0	0	26	19	7	0	3582580.65	2337149.29	0	0	7	50	0.41	0	17	5314370.06	system	03:24.9	system	NULL	4
ICOOL Xô Vi?t Ngh? T?nh	E4FCEF91-8078-EC11-8110-509A4C8C9FAC	18/01/2022	4	73347800	71971760	1140000	67040	169000	210800	0	221	121	48	0	11661290.32	18127556.74	1610000	18	3	150	1.66	0	29	44003712.94	system	03:35.1	system	NULL	4
ICOOL Tô Ký	0A408873-8078-EC11-8110-509A4C8C9FAC	18/01/2022	5	45888900	44448090	440000	198100	802710	264480	0	106	74	27	0	6612903.23	9949946.15	0	0	0.52	14	1.04	0	26	28149720.62	system	02:44.1	system	NULL	4
ICOOL Bình Phú	09C86F17-8078-EC11-8110-509A4C8C9FAC	18/01/2022	6	65575600	64419675	738000	96585	321340	0	0	219	142	39	0	8509677.42	0	0	5	3.85	150	1.63	0	24	55909997.58	system	00:09.6	system	NULL	4
ICOOL D??ng Bá Tr?c	5A9FAC30-8078-EC11-8110-509A4C8C9FAC	18/01/2022	7	138090900	135505400	1140000	0	1445500	613400	50000	303	237	75	0	14612903.23	30504087.17	0	1	1.33	100	2.88	0	26	91051809.6	system	00:51.9	system	NULL	4
ICOOL Nguy?n S?n	A4211243-8078-EC11-8110-509A4C8C9FAC	18/01/2022	9	38359900	36977690	625800	0	756410	0	0	106	78	30	0	7263225.81	8720798.12	0	0	3.33	100	2	0	15	20993666.07	system	01:22.8	system	NULL	4
ICOOL Ung V?n Khiêm	616C12B0-4979-EC11-8110-509A4C8C9FAC	19/01/2022	1	224782600	220894940	2415000	0	1472660	742267	0	564	388	91	0	20322580.65	46312209.8	0	8	3	300	2.27	0	40	155002416.6	system	03:14.5	system	NULL	4
ICOOL Thành Thái	7CDB9197-4979-EC11-8110-509A4C8C9FAC	19/01/2022	10	101898900	100369055	497760	293305	738780	388860	400000	350	163	60	0	13451612.9	19003053.24	0	23	3	180	2.14	0	28	68703248.86	system	02:33.4	system	NULL	4
ICOOL Nguy?n Trãi	9D59EE72-4979-EC11-8110-509A4C8C9FAC	19/01/2022	11	39100300	37402000	830000	0	868300	444680	0	76	66	21	0	3717185.42	8555989.31	0	6	3.33	70	1.31	0	16	25573505.27	system	01:31.9	system	NULL	4
ICOOL M?c ??nh Chi	4C7AB966-4979-EC11-8110-509A4C8C9FAC	19/01/2022	12	81874500	81790500	0	0	84000	677480	0	198	123	42	0	13387096.77	14334206.32	0	1	3	140	1.91	0	22	54746676.91	system	01:11.5	system	NULL	4
ICOOL Tr?n Bình Tr?ng	64C5B2A3-4979-EC11-8110-509A4C8C9FAC	19/01/2022	13	70193800	69135970	424000	0	633830	0	0	175	182	44	0	8322580.65	13040805.36	0	4	1.82	80	2.59	0	17	47772583.99	system	02:53.8	system	NULL	4
ICOOL Cách M?ng Tháng 8	FF352B48-4979-EC11-8110-509A4C8C9FAC	19/01/2022	14	120460700	117822350	0	111110	2527240	315050	0	241	154	57	0	16241935.48	24159563.81	0	1	2	140	2.04	0	28	77735900.71	system	00:20.2	system	NULL	4
ICOOL C?u Ch? Y	243D384E-4979-EC11-8110-509A4C8C9FAC	19/01/2022	16	25304800	24449650	350000	0	505150	0	0	74	64	19	0	4322580.65	4937662.9	0	3	2.63	50	1.36	0	14	15189406.45	system	00:30.3	system	NULL	4
ICOOL Nh? Thiên ???ng	0D95277F-4979-EC11-8110-509A4C8C9FAC	19/01/2022	17	33512700	33443900	0	0	68800	0	0	74	57	26	1	9800000	5510681.55	0	10	3	100	1.63	0	16	18133218.45	system	01:52.4	system	NULL	4
ICOOL Tr?n Não	2642FCA9-4979-EC11-8110-509A4C8C9FAC	19/01/2022	18	136130700	134666150	1270000	0	194550	2149090	0	299	183	55	0	11935483.87	30879253.19	0	6	2	120	2.75	0	20	94000502.94	system	03:04.3	system	NULL	4
ICOOL Nguy?n Tri Ph??ng	C5A00879-4979-EC11-8110-509A4C8C9FAC	19/01/2022	19	31298600	30329180	550000	0	419420	175850	0	79	58	20	0	7064516.13	6421278.46	0	0	3	60	1.25	0	16	17019235.41	system	01:42.2	system	NULL	4
ICOOL ??ng ?en	6FFB4C54-4979-EC11-8110-509A4C8C9FAC	19/01/2022	22	63877400	63339660	125250	0	412490	374600	0	137	112	39	0	9274193.55	10609132.08	0	9	2.31	90	1.56	0	25	43830934.37	system	00:40.6	system	NULL	4
ICOOL Phan Chu Trinh	9D584285-4979-EC11-8110-509A4C8C9FAC	19/01/2022	23	31189600	30595450	223650	0	370500	238120	0	61	38	18	0	6612903.23	6099751.57	0	1	3.33	60	1.29	0	14	18120915.2	system	02:02.7	system	NULL	4
ICOOL Phan Xích Long	7049758B-4979-EC11-8110-509A4C8C9FAC	19/01/2022	24	114767610	111401579	2373600	0	992431	815910	0	231	164	49	0	14032258.06	23482526.19	0	2	2	130	1.96	0	25	74702704.75	system	02:13.1	system	NULL	4
ICOOL V?ng Tàu	D4EF1CB6-4979-EC11-8110-509A4C8C9FAC	19/01/2022	25	10072000	9882840	0	0	189160	0	0	21	22	8	0	3582580.65	1850749.3	0	0	6	50	0.47	0	17	4449510.05	system	03:24.7	system	NULL	4
ICOOL Xô Vi?t Ngh? T?nh	2A2F5EBC-4979-EC11-8110-509A4C8C9FAC	19/01/2022	4	94476000	91613650	1560000	0	1302350	578450	0	283	146	54	0	11661290.32	21534240.92	0	16	2.78	150	1.86	0	29	58996568.76	system	03:35.1	system	NULL	4
ICOOL Tô Ký	3EBFA69D-4979-EC11-8110-509A4C8C9FAC	19/01/2022	5	33366700	32250390	800000	0	316310	0	250000	74	69	25	0	6612903.23	6343480.57	0	0	5.6	140	0.96	0	26	19544006.2	system	02:43.6	system	NULL	4
ICOOL Bình Phú	4E050042-4979-EC11-8110-509A4C8C9FAC	19/01/2022	6	71344100	70467740	537000	0	339360	0	0	224	155	38	0	8509677.42	254836.33	0	6	3.95	150	1.58	0	24	61703226.25	system	00:09.8	system	NULL	4
ICOOL D??ng Bá Tr?c	FCDD7E5A-4979-EC11-8110-509A4C8C9FAC	19/01/2022	7	134972400	133310370	1310000	0	352030	387460	0	269	195	65	0	14612903.23	27738989.59	0	2	1.54	100	2.5	0	26	91345937.18	system	00:50.9	system	NULL	4
ICOOL Nguy?n S?n	AAAFC66C-4979-EC11-8110-509A4C8C9FAC	19/01/2022	9	46085700	43663300	440000	0	1982400	674010	0	124	84	27	0	7263225.81	10737352.14	0	0	3.7	100	1.8	0	15	26336732.05	system	01:21.6	system	NULL	4
ICOOL Ung V?n Khiêm	A577BADB-127A-EC11-8110-509A4C8C9FAC	20/01/2022	1	205329800	202075550	1535000	0	1719250	1296375	0	544	426	92	0	20322580.65	41820533.47	0	7	3	300	2.3	0	40	141228810.9	system	03:16.6	system	NULL	4
ICOOL Thành Thái	DAAC21C2-127A-EC11-8110-509A4C8C9FAC	20/01/2022	10	127667402	125166311.8	730100	0	1770990.2	261480	200000	447	201	65	0	13451612.9	27131841.33	0	29	2	180	2.32	0	28	85044337.57	system	02:33.7	system	NULL	4
ICOOL Nguy?n Trãi	7E93A39D-127A-EC11-8110-509A4C8C9FAC	20/01/2022	11	32491400	31874380	220000	0	397020	0	0	84	47	22	0	3717185.42	6394802.65	0	6	3.18	70	1.38	0	16	21762391.93	system	01:32.4	system	NULL	4
ICOOL M?c ??nh Chi	E7337891-127A-EC11-8110-509A4C8C9FAC	20/01/2022	12	109217400.1	107896710	0	0	1320690.1	1020543	0	218	187	47	0	13387096.77	22247294.18	0	5	3	150	2.14	0	22	73282862.08	system	01:12.0	system	NULL	4
ICOOL Tr?n Bình Tr?ng	0E176CCE-127A-EC11-8110-509A4C8C9FAC	20/01/2022	13	69421300	68833600	118710	0	468990	658500	630000	163	153	41	0	8322580.65	13030596.11	0	4	1.95	80	2.41	0	17	48768923.24	system	02:54.3	system	NULL	4
ICOOL Cách M?ng Tháng 8	2623D672-127A-EC11-8110-509A4C8C9FAC	20/01/2022	14	129620400	126760590	0	0	2859810	2592802	590000	269	197	60	0	16241935.48	28282384.25	3569000	0	2	140	2.07	0	29	88988072.27	system	00:20.6	system	NULL	4
ICOOL C?u Ch? Y	F4710879-127A-EC11-8110-509A4C8C9FAC	20/01/2022	16	33520200	32743440	525000	0	251760	0	0	125	75	27	0	4322580.65	6318983.18	0	1	1.85	50	1.93	0	14	22101876.17	system	00:31.0	system	NULL	4
ICOOL Nh? Thiên ???ng	2D87D1A9-127A-EC11-8110-509A4C8C9FAC	20/01/2022	17	54892600	54267410	0	0	625190	111940	0	114	86	35	0	9800000	11621412.23	0	11	2	100	2.19	0	16	32957937.77	system	01:52.9	system	NULL	4
ICOOL Tr?n Não	5F6C8AD5-127A-EC11-8110-509A4C8C9FAC	20/01/2022	18	118999200	117177530	1335000	128650	358020	347160	0	243	158	51	0	11935483.87	25817090.8	143570	6	2	120	2.55	0	20	79915685.33	system	03:06.2	system	NULL	4
ICOOL Nguy?n Tri Ph??ng	6A96BCA3-127A-EC11-8110-509A4C8C9FAC	20/01/2022	19	27027100	26906880	0	120220	0	265470	0	64	65	23	0	7064516.13	4755150.18	0	1	2	60	1.44	0	16	15352683.69	system	01:42.7	system	NULL	4
ICOOL ??ng ?en	1BC4317F-127A-EC11-8110-509A4C8C9FAC	20/01/2022	22	98694100	97749300	369000	0	575800	0	0	216	174	51	0	9274193.55	18934064.97	0	17	1.76	90	2.04	0	25	69541041.48	system	00:41.4	system	NULL	4
ICOOL Phan Chu Trinh	E80CE8AF-127A-EC11-8110-509A4C8C9FAC	20/01/2022	23	39199900	38334350	365550	0	500000	293430	0	87	77	23	0	6612903.23	7322849.17	0	3	2.61	60	1.64	0	14	24692027.6	system	02:03.1	system	NULL	4
ICOOL Phan Xích Long	BEADFDB5-127A-EC11-8110-509A4C8C9FAC	20/01/2022	24	99611600	98512560	972000	0	127040	0	0	172	162	54	0	14032258.06	18441176.54	0	0	2	130	2.16	0	25	66039125.4	system	02:13.3	system	NULL	4
ICOOL V?ng Tàu	2E42C4E1-127A-EC11-8110-509A4C8C9FAC	20/01/2022	25	12883500	12740370	105000	0	38130	0	0	35	27	14	0	3582580.65	0	0	0	3	50	0.82	0	17	9157789.35	system	03:26.7	system	NULL	4
ICOOL Xô Vi?t Ngh? T?nh	5D79D4E7-127A-EC11-8110-509A4C8C9FAC	20/01/2022	4	90151400	88543460	1084000	310340	213600	447510	0	289	151	65	0	11661290.32	18586681.59	0	28	2.31	150	2.24	0	29	58742998.09	system	03:36.9	system	NULL	4
ICOOL Tô Ký	D77756C8-127A-EC11-8110-509A4C8C9FAC	20/01/2022	5	62810100	59726630	1260000	0	1823470	0	0	140	120	30	0	6612903.23	15072398.43	0	0	4.67	140	1.15	0	26	38041328.34	system	02:44.1	system	NULL	4
ICOOL Bình Phú	1DDEAC6C-127A-EC11-8110-509A4C8C9FAC	20/01/2022	6	72655400	70894365	1626000	135035	0	0	0	211	124	36	0	8509677.42	0	0	8	4.17	150	1.5	0	24	62384687.58	system	00:10.3	system	NULL	4
ICOOL D??ng Bá Tr?c	EC626785-127A-EC11-8110-509A4C8C9FAC	20/01/2022	7	145439800	143179565	580000	187675	1492560	487510	0	287	228	68	0	14612903.23	31131612.54	0	1	1.47	100	2.62	0	26	97922559.23	system	00:51.8	system	NULL	4
ICOOL Nguy?n S?n	5C7D8C97-127A-EC11-8110-509A4C8C9FAC	20/01/2022	9	47242700	46554330	102000	0	586370	93500	0	161	85	35	0	7263225.81	11078939.76	0	0	2.86	100	2.33	0	15	28305664.43	system	01:22.2	system	NULL	4
ICOOL Ung V?n Khiêm	31473006-DC7A-EC11-8110-509A4C8C9FAC	21/01/2022	1	292789800	281954150	4745000	0	6090650	3005810	0	588	435	95	0	20322580.65	60863661.52	0	6	3	300	2.38	0	40	203773717.8	system	03:16.7	system	NULL	4
ICOOL Thành Thái	08A1E8ED-DB7A-EC11-8110-509A4C8C9FAC	21/01/2022	10	136982901	133510060.9	932000	415320	2125520.15	1179490	0	464	163	62	0	13451612.9	27931485.05	0	19	3	210	2.21	0	28	93306452.9	system	02:36.0	system	NULL	4
ICOOL Nguy?n Trãi	2DFAA9C9-DB7A-EC11-8110-509A4C8C9FAC	21/01/2022	11	40446400	39509970	700000	55470	180960	1081150	0	119	110	28	0	3717185.42	7181963.92	0	13	2.5	70	1.75	0	16	29691970.66	system	01:35.1	system	NULL	4
ICOOL M?c ??nh Chi	6F4E8DBD-DB7A-EC11-8110-509A4C8C9FAC	21/01/2022	12	149599200	147028080	200000	141860	2229260	3822804	0	318	281	60	0	13387096.77	29088522.77	0	1	2	150	2.73	0	22	108375264.5	system	01:14.8	system	NULL	4
ICOOL Tr?n Bình Tr?ng	AC5A03FA-DB7A-EC11-8110-509A4C8C9FAC	21/01/2022	13	67686000	66790300	440000	0	455700	281840	0	186	163	38	0	8322580.65	12410925.91	0	0	2.11	80	2.24	0	17	46338633.44	system	02:56.3	system	NULL	4
ICOOL Cách M?ng Tháng 8	A275299F-DB7A-EC11-8110-509A4C8C9FAC	21/01/2022	14	154644501	151577481	0	0	3067020	3010850.1	150000	327	185	61	0	16241935.48	31899653.32	0	1	2	140	2.1	0	29	106596742.3	system	00:23.8	system	NULL	4
ICOOL C?u Ch? Y	1C9741A5-DB7A-EC11-8110-509A4C8C9FAC	21/01/2022	16	43073100	41666470	684500	0	722130	151500	0	170	91	30	0	4322580.65	8168519.16	0	3	1.67	50	2.14	0	14	29326870.19	system	00:34.1	system	NULL	4
ICOOL Nh? Thiên ???ng	080DC2D5-DB7A-EC11-8110-509A4C8C9FAC	21/01/2022	17	59952600	58698800	940000	0	313800	317250	0	109	70	30	0	9800000	14067644.47	0	9	3	100	1.88	0	16	35148405.53	system	01:55.4	system	NULL	4
ICOOL Tr?n Não	AC0B1200-DC7A-EC11-8110-509A4C8C9FAC	21/01/2022	18	165597400	160663310	2209740	1147000	1577350	2412080	0	340	274	65	0	11935483.87	33687343.99	3083.33	10	1	120	3.25	0	20	117455645.5	system	03:06.4	system	NULL	4
ICOOL Nguy?n Tri Ph??ng	8E5BB6CF-DB7A-EC11-8110-509A4C8C9FAC	21/01/2022	19	36136800	35692160	59640	0	385000	197440	0	95	77	26	0	7064516.13	6977643.1	0	0	2	60	1.63	0	16	21847440.77	system	01:45.3	system	NULL	4
ICOOL ??ng ?en	58B563AB-DB7A-EC11-8110-509A4C8C9FAC	21/01/2022	22	131894900	129871660	899000	0	1124240	776070	0	280	240	68	0	9274193.55	26345549.14	0	3	1.32	90	2.72	0	25	95027987.31	system	00:44.3	system	NULL	4
ICOOL Phan Chu Trinh	885BCEDB-DB7A-EC11-8110-509A4C8C9FAC	21/01/2022	23	54497200	54497200	0	0	0	0	260000	123	76	27	0	6612903.23	11693771.1	0	0	2.22	60	1.93	0	14	36450525.67	system	02:05.6	system	NULL	4
ICOOL Phan Xích Long	3B69E0E1-DB7A-EC11-8110-509A4C8C9FAC	21/01/2022	24	151940900	149349235	1100000	0	1491665	1418470	0	304	222	68	0	14032258.06	31977440.04	0	1	1	130	2.72	0	25	104758006.9	system	02:15.8	system	NULL	4
ICOOL V?ng Tàu	4505400C-DC7A-EC11-8110-509A4C8C9FAC	21/01/2022	25	12931400	12931400	0	0	0	0	0	31	27	14	0	3582580.65	2076880.92	0	0	3	50	0.82	0	17	7271938.43	system	03:26.9	system	NULL	4
ICOOL Xô Vi?t Ngh? T?nh	6AEA5012-DC7A-EC11-8110-509A4C8C9FAC	21/01/2022	4	137719500	134718950	2273000	297150	430400	964460	250000	382	213	73	0	11661290.32	30905451.05	0	25	2.05	150	2.52	0	29	93366668.63	system	03:37.0	system	NULL	4
ICOOL Tô Ký	AEB2F5F3-DB7A-EC11-8110-509A4C8C9FAC	21/01/2022	5	64222200	62476650	900000	36775	808775	0	0	133	138	37	0	6612903.23	14203972.14	0	0	3.51	130	1.42	0	26	41659774.63	system	02:46.1	system	NULL	4
ICOOL Bình Phú	19D00599-DB7A-EC11-8110-509A4C8C9FAC	21/01/2022	6	98910700	97955160	492370	308690	154480	791500	0	306	215	51	0	8509677.42	0	0	8	2.94	150	2.13	0	24	90236982.58	system	00:13.5	system	NULL	4
ICOOL D??ng Bá Tr?c	83BC77B1-DB7A-EC11-8110-509A4C8C9FAC	21/01/2022	7	161792300	160052260	1355000	0	385040	408200	0	327	256	73	0	14612903.23	35345356.81	0	0	1.37	100	2.81	0	26	110502200	system	00:54.5	system	NULL	4
ICOOL Nguy?n S?n	5F9E9EC3-DB7A-EC11-8110-509A4C8C9FAC	21/01/2022	9	47060800	46385780	0	0	675020	0	0	121	95	29	0	7263225.81	11526061.47	0	0	3.45	100	1.93	0	15	27596492.72	system	01:25.0	system	NULL	4
ICOOL Ung V?n Khiêm	693E4145-A57B-EC11-8110-509A4C8C9FAC	22/01/2022	1	357035730	352876380	3655000	0	504350	2425400	0	960	567	150	0	20322580.65	76975854.59	0	2	2	300	3.75	0	40	258003344.8	system	03:51.3	system	NULL	4
ICOOL Thành Thái	8205A42B-A57B-EC11-8110-509A4C8C9FAC	22/01/2022	10	199083501	196244800.9	460000	0	2378700.1	1099841	300000	683	350	100	0	13451612.9	42459040.07	0	26	2	210	3.57	0	28	141733988.9	system	03:08.4	system	NULL	4
ICOOL Nguy?n Trãi	CAA77A06-A57B-EC11-8110-509A4C8C9FAC	22/01/2022	11	64801500	63181540	1510000	0	109960	502130	0	145	85	34	0	3717185.42	14275624.55	0	4	2.06	70	2.13	0	16	45690860.03	system	02:06.0	system	NULL	4
ICOOL M?c ??nh Chi	D66456FA-A47B-EC11-8110-509A4C8C9FAC	22/01/2022	12	111917300	110067640	449000	0	1400660	97600	0	272	220	68	0	13387096.77	19317690.78	0	4	2	180	3.09	0	22	77460452.45	system	01:45.6	system	NULL	4
ICOOL Tr?n Bình Tr?ng	6FDFE137-A57B-EC11-8110-509A4C8C9FAC	22/01/2022	13	68184300	67509300	486450	0	188550	325200	0	160	161	40	0	8322580.65	12992068.45	0	1	2	80	2.35	0	17	46519850.9	system	03:28.9	system	NULL	4
ICOOL Cách M?ng Tháng 8	8D497DDB-A47B-EC11-8110-509A4C8C9FAC	22/01/2022	14	158055800	151811225	710000	118165	5416410	1029729	0	350	231	69	0	16241935.48	30027179.94	0	0	2	140	2.38	0	29	106571838.6	system	00:53.9	system	NULL	4
ICOOL C?u Ch? Y	2B40C0E1-A47B-EC11-8110-509A4C8C9FAC	22/01/2022	16	55716900	53677390	913000	50250	1076260	0	0	151	102	36	0	4322580.65	11535039.46	0	0	1.39	50	2.57	0	14	37819769.89	system	01:04.4	system	NULL	4
ICOOL Nh? Thiên ???ng	14379612-A57B-EC11-8110-509A4C8C9FAC	22/01/2022	17	97380500	96343140	440000	0	597360	0	0	223	162	60	0	9800000	22538653.58	0	8	1	100	3.75	0	16	64004486.42	system	02:26.3	system	NULL	4
ICOOL Tr?n Não	EA88FF3D-A57B-EC11-8110-509A4C8C9FAC	22/01/2022	18	149435900	147587510	1444000	0	404390	1153950	0	391	234	68	0	11935483.87	32545195.22	47000	6	1	120	3.4	0	20	104307780.9	system	03:39.2	system	NULL	4
ICOOL Nguy?n Tri Ph??ng	140F890C-A57B-EC11-8110-509A4C8C9FAC	22/01/2022	19	52731300	51911300	610000	0	210000	0	0	151	109	37	0	7064516.13	10950913.7	0	2	1	60	2.31	0	16	33895870.17	system	02:16.2	system	NULL	4
ICOOL ??ng ?en	7D5DF5E7-A47B-EC11-8110-509A4C8C9FAC	22/01/2022	22	155984400	152958360	1169000	0	1857040	1009690	0	376	243	68	0	9274193.55	33750415.68	0	39	1.32	90	2.72	0	25	110943440.8	system	01:14.8	system	NULL	4
ICOOL Phan Chu Trinh	22C4ED18-A57B-EC11-8110-509A4C8C9FAC	22/01/2022	23	66081300	65793730	159990	0	127580	0	136000	151	95	37	0	6612903.23	12553706.41	0	0	1.62	60	2.64	0	14	46763120.36	system	02:37.0	system	NULL	4
ICOOL Phan Xích Long	3FD1971F-A57B-EC11-8110-509A4C8C9FAC	22/01/2022	24	160971000	158835535	1568000	79900	487565	195960	0	359	247	78	0	14032258.06	33028376.06	0	3	1	130	3.12	0	25	111970860.9	system	02:48.1	system	NULL	4
ICOOL V?ng Tàu	B92A5B4B-A57B-EC11-8110-509A4C8C9FAC	22/01/2022	25	26963700	26613700	350000	0	0	0	0	59	62	25	0	3582580.65	4855415.19	0	1	2	50	1.47	0	17	18175704.16	system	04:01.6	system	NULL	4
ICOOL Xô Vi?t Ngh? T?nh	74E98C51-A57B-EC11-8110-509A4C8C9FAC	22/01/2022	4	172187500	170257680	900000	110880	918940	1257910	150000	437	264	101	1	11661290.32	68417023	30860000.05	40	1.49	150	3.48	0	29	122447276.7	system	04:12.0	system	NULL	4
ICOOL Tô Ký	3D09D031-A57B-EC11-8110-509A4C8C9FAC	22/01/2022	5	110172200	104887740	2064000	0	3220460	0	0	247	222	60	0	6612903.23	23996775.96	0	0	2.17	130	2.31	0	26	74278060.81	system	03:18.7	system	NULL	4
ICOOL Bình Phú	8F6D51D5-A47B-EC11-8110-509A4C8C9FAC	22/01/2022	6	160651500	158150590	1587280	151910	761720	0	0	491	346	83	0	8509677.42	0	0	12	1.81	150	3.46	0	24	149640912.6	system	00:43.5	system	NULL	4
ICOOL D??ng Bá Tr?c	B69B40EE-A47B-EC11-8110-509A4C8C9FAC	22/01/2022	7	217699200	213138840	2843000	124020	1593340	1088420	0	491	379	102	0	14612903.23	48218380.58	0	1	0.98	100	3.92	0	26	151395976.2	system	01:25.4	system	NULL	4
ICOOL Nguy?n S?n	61696D00-A57B-EC11-8110-509A4C8C9FAC	22/01/2022	9	93256700	91754565	1100000	153435	248700	572070	0	243	138	46	0	7263225.81	23021991.06	0	0	2.17	100	3.07	0	15	62041418.13	system	01:55.9	system	NULL	4
ICOOL Ung V?n Khiêm	39C4926D-6E7C-EC11-8110-509A4C8C9FAC	23/01/2022	1	207068000	206531920	0	0	536080	593290	0	572	456	109	0	20322580.65	41943683.05	0	2	2	300	2.73	0	40	144858946.3	system	03:47.8	system	NULL	4
ICOOL Thành Thái	1FC41E55-6E7C-EC11-8110-509A4C8C9FAC	23/01/2022	10	140561310	139404260	220000	58540	878510	1180040	100000	578	255	83	0	13451612.9	27659878.59	0	32	2	200	2.96	0	28	99572808.51	system	03:06.8	system	NULL	4
ICOOL Nguy?n Trãi	3C28D230-6E7C-EC11-8110-509A4C8C9FAC	23/01/2022	11	29694500	28729500	965000	0	0	0	0	67	38	20	0	3717185.42	5758037.61	0	7	3.5	70	1.25	0	16	19254276.97	system	02:05.9	system	NULL	4
ICOOL M?c ??nh Chi	3DCC8624-6E7C-EC11-8110-509A4C8C9FAC	23/01/2022	12	108098400	107258770	174900	0	664730	206070	0	285	149	55	0	13387096.77	20158799.25	0	3	2	140	2.5	0	22	73918943.98	system	01:45.3	system	NULL	4
ICOOL Tr?n Bình Tr?ng	50744961-6E7C-EC11-8110-509A4C8C9FAC	23/01/2022	13	77449300	73699175	745000	54735	2950390	0	0	185	171	52	0	8322580.65	28539194.07	0	4	1.54	80	3.06	0	17	36837400.28	system	03:27.2	system	NULL	4
ICOOL Cách M?ng Tháng 8	C9CC3806-6E7C-EC11-8110-509A4C8C9FAC	23/01/2022	14	107338900	106280050	115000	35790	908060	328020	0	306	220	62	0	16241935.48	18652268.16	0	2	2	140	2.14	0	29	71713866.36	system	00:54.4	system	NULL	4
ICOOL C?u Ch? Y	722C460C-6E7C-EC11-8110-509A4C8C9FAC	23/01/2022	16	26595500	25842980	170000	0	582520	0	125000	88	40	22	0	4322580.65	5356225.25	0	0	2.27	50	1.57	0	14	16289174.1	system	01:04.6	system	NULL	4
ICOOL Nh? Thiên ???ng	8FDAF43C-6E7C-EC11-8110-509A4C8C9FAC	23/01/2022	17	55701800	54744295	550000	0	407505	0	0	114	112	35	0	9800000	12085048.46	0	10	2	100	2.19	0	16	32859246.54	system	02:26.3	system	NULL	4
ICOOL Tr?n Não	F1A25F67-6E7C-EC11-8110-509A4C8C9FAC	23/01/2022	18	144104300	140630860	1646530	163750	1663160	1105490	0	332	209	61	0	11935483.87	31328159.03	0	4	1	120	3.05	0	20	98472707.1	system	03:37.4	system	NULL	4
ICOOL Nguy?n Tri Ph??ng	682FE736-6E7C-EC11-8110-509A4C8C9FAC	23/01/2022	19	31938500	31488000	0	0	450500	0	0	79	59	28	0	7064516.13	5918077.87	0	1	2	60	1.75	0	16	18505406	system	02:16.1	system	NULL	4
ICOOL ??ng ?en	BE056312-6E7C-EC11-8110-509A4C8C9FAC	23/01/2022	22	83781700	82693960	779000	0	308740	353400	0	191	119	48	0	9274193.55	15587103.69	0	1	1.88	90	1.92	0	25	58186062.76	system	01:14.8	system	NULL	4
ICOOL Phan Chu Trinh	10810943-6E7C-EC11-8110-509A4C8C9FAC	23/01/2022	23	36251100	35821820	350000	0	79280	0	0	75	54	25	0	6612903.23	6365979.84	0	0	2.4	60	1.79	0	14	22842936.93	system	02:36.5	system	NULL	4
ICOOL Phan Xích Long	BDE61649-6E7C-EC11-8110-509A4C8C9FAC	23/01/2022	24	132160800	130851300	1182000	0	127500	109560	0	295	212	59	0	14032258.06	27621309.17	0	5	2	130	2.36	0	25	89307292.77	system	02:46.6	system	NULL	4
ICOOL V?ng Tàu	25A7AD73-6E7C-EC11-8110-509A4C8C9FAC	23/01/2022	25	9734500	9608275	126225	0	0	0	0	29	29	10	0	3582580.65	2243412.95	0	0	5	50	0.59	0	17	3782281.4	system	03:58.1	system	NULL	4
ICOOL Xô Vi?t Ngh? T?nh	538BE179-6E7C-EC11-8110-509A4C8C9FAC	23/01/2022	4	84389700	82643840	920000	0	825860	0	320000	245	138	59	0	11661290.32	62838049.8	28181000.06	26	2.54	150	2.03	0	29	36645499.94	system	04:08.5	system	NULL	4
ICOOL Tô Ký	BBD6385B-6E7C-EC11-8110-509A4C8C9FAC	23/01/2022	5	83531900	80918755	1245000	270635	1097510	0	0	198	181	53	0	6612903.23	17398378.37	0	0	2.45	130	2.04	0	26	56907473.4	system	03:17.0	system	NULL	4
ICOOL Bình Phú	FB130700-6E7C-EC11-8110-509A4C8C9FAC	23/01/2022	6	104658200	103597280	248790	100440	711690	600940	0	361	229	65	0	8509677.42	0	0	4	2.31	150	2.71	0	24	95688542.58	system	00:44.0	system	NULL	4
ICOOL D??ng Bá Tr?c	B57F7518-6E7C-EC11-8110-509A4C8C9FAC	23/01/2022	7	150890400	149626130	660000	0	604270	1123010	0	339	260	72	1	14612903.23	34389726.52	0	0	1.39	100	2.77	0	26	101746510.3	system	01:25.0	system	NULL	4
ICOOL Nguy?n S?n	3FC2B52A-6E7C-EC11-8110-509A4C8C9FAC	23/01/2022	9	65649300	64660120	610000	0	379180	426600	0	210	114	46	0	7263225.81	14777774.67	0	0	2.17	100	3.07	0	15	43045719.52	system	01:55.6	system	NULL	4
ICOOL Ung V?n Khiêm	DEE8C398-377D-EC11-8110-509A4C8C9FAC	24/01/2022	1	206513400	203406650	2370000	0	736750	1647440	0	562	410	99	0	20322580.65	42129634.48	0	2	3	300	2.48	0	40	142601874.9	system	03:49.1	system	NULL	4
ICOOL Thành Thái	4E403280-377D-EC11-8110-509A4C8C9FAC	24/01/2022	10	118230700	115698270	693500	177420	1661510	1253360	0	401	246	64	0	13451612.9	25231803.77	0	3	3	230	2.29	0	28	78268213.33	system	03:07.9	system	NULL	4
ICOOL Nguy?n Trãi	9C0F4D5B-377D-EC11-8110-509A4C8C9FAC	24/01/2022	11	27754700	27584700	170000	0	0	0	0	87	60	25	0	3717185.42	4844613.53	0	4	2.8	70	1.56	0	16	19022901.05	system	02:06.0	system	NULL	4
ICOOL M?c ??nh Chi	A4A9244F-377D-EC11-8110-509A4C8C9FAC	24/01/2022	12	103245800	101310190	0	0	1935610	1565339	0	198	206	56	0	13387096.77	19342838.92	0	3	1	100	2.55	0	22	70145593.31	system	01:45.6	system	NULL	4
ICOOL Tr?n Bình Tr?ng	0F0C568C-377D-EC11-8110-509A4C8C9FAC	24/01/2022	13	50494700	50003000	350000	0	141700	0	0	133	111	33	0	8322580.65	9361196.8	0	4	2.42	80	1.94	0	17	32319222.55	system	03:28.3	system	NULL	4
ICOOL Cách M?ng Tháng 8	585BD430-377D-EC11-8110-509A4C8C9FAC	24/01/2022	14	128635000	127492060	0	0	1142940	771780	0	273	209	59	0	16241935.48	24195872.14	0	3	2	140	2.03	0	29	87826032.38	system	00:54.8	system	NULL	4
ICOOL C?u Ch? Y	F218E536-377D-EC11-8110-509A4C8C9FAC	24/01/2022	16	45174100	44112840	965000	0	96260	0	0	111	106	27	0	4322580.65	9062696.56	0	5	1.85	50	1.93	0	14	30727562.79	system	01:04.9	system	NULL	4
ICOOL Nh? Thiên ???ng	321F7967-377D-EC11-8110-509A4C8C9FAC	24/01/2022	17	66158000	64912590	660000	106720	478690	195040	0	140	109	40	0	9800000	13935482.45	0	9	2	100	2.5	0	16	41372147.55	system	02:26.4	system	NULL	4
ICOOL Tr?n Não	D2CB6292-377D-EC11-8110-509A4C8C9FAC	24/01/2022	18	114270800	112799990	825360	136280	509170	709430	220000	302	164	55	0	11935483.87	23651158.54	0	5	2	120	2.75	0	20	78142777.58	system	03:38.4	system	NULL	4
ICOOL Nguy?n Tri Ph??ng	EA386261-377D-EC11-8110-509A4C8C9FAC	24/01/2022	19	23826500	23826500	0	0	0	308720	0	81	50	23	0	7064516.13	4225694.24	0	0	2	60	1.44	0	16	12845009.63	system	02:16.2	system	NULL	4
ICOOL ??ng ?en	A826F53C-377D-EC11-8110-509A4C8C9FAC	24/01/2022	22	62788200	61922450	560000	0	305750	750930	0	184	116	40	0	9274193.55	11625153.71	0	23	2.25	90	1.6	0	25	41774032.74	system	01:15.1	system	NULL	4
ICOOL Phan Chu Trinh	32F8846D-377D-EC11-8110-509A4C8C9FAC	24/01/2022	23	31244100	30344100	900000	0	0	514850	0	68	53	20	0	6612903.23	6012925.58	0	1	3	60	1.43	0	14	18233121.19	system	02:36.6	system	NULL	4
ICOOL Phan Xích Long	EE681E74-377D-EC11-8110-509A4C8C9FAC	24/01/2022	24	84125500	80921840	2800000	0	403660	268057	0	223	143	54	0	14032258.06	14381052.66	0	3	2	130	2.16	0	25	52776586.28	system	02:47.6	system	NULL	4
ICOOL V?ng Tàu	B896D99E-377D-EC11-8110-509A4C8C9FAC	24/01/2022	25	11649400	11116270	0	0	533130	0	0	29	26	11	0	3582580.65	2388330.96	0	0	4	50	0.65	0	17	5145358.39	system	03:59.3	system	NULL	4
ICOOL Xô Vi?t Ngh? T?nh	B56184A5-377D-EC11-8110-509A4C8C9FAC	24/01/2022	4	75288800	74010370	700000	117060	461370	74180	0	201	120	48	0	11661290.32	16172225	0	11	3.13	150	1.66	0	29	46251034.68	system	04:10.5	system	NULL	4
ICOOL Tô Ký	8EB54486-377D-EC11-8110-509A4C8C9FAC	24/01/2022	5	32952900	31731665	400000	210855	610380	0	0	93	91	25	1	6612903.23	6825635.85	0	0	5.2	130	0.96	0	26	18293125.92	system	03:18.1	system	NULL	4
ICOOL Bình Phú	0311A62A-377D-EC11-8110-509A4C8C9FAC	24/01/2022	6	94757600	94480590	100000	0	177010	0	100000	276	194	44	0	8509677.42	0	0	2	3.41	150	1.83	0	24	86070912.58	system	00:44.4	system	NULL	4
ICOOL D??ng Bá Tr?c	D5B71443-377D-EC11-8110-509A4C8C9FAC	24/01/2022	7	183010300	181104450	1100000	61660	744190	3451250	0	344	282	75	0	14612903.23	39844149.02	0	1	1.33	100	2.88	0	26	130098647.8	system	01:25.4	system	NULL	4
ICOOL Nguy?n S?n	CC3C3E55-377D-EC11-8110-509A4C8C9FAC	24/01/2022	9	51008800	48968280	1970000	0	70520	0	0	144	98	36	0	7263225.81	10100603.77	0	0	2.78	100	2.4	0	15	31604450.42	system	01:55.8	system	NULL	4
ICOOL Ung V?n Khiêm	126B9EC6-007E-EC11-8110-509A4C8C9FAC	25/01/2022	1	204962800	203023070	1320000	0	619730	1632184	0	524	366	93	0	20322580.65	38861881.16	0	0	3	300	2.33	0	40	145470792.2	system	03:54.9	system	NULL	4
ICOOL Thành Thái	58BC55AE-007E-EC11-8110-509A4C8C9FAC	25/01/2022	10	123299200	121280540	1391220	75560	551880	403604	315000	369	194	68	0	13451612.9	24202756.5	0	14	3	230	2.43	0	28	84344774.6	system	03:14.2	system	NULL	4
ICOOL Nguy?n Trãi	B3E8098A-007E-EC11-8110-509A4C8C9FAC	25/01/2022	11	39048500	38044070	440000	0	564430	0	1430000	116	57	24	0	3717185.42	8312064.88	0	3	2.92	70	1.5	0	16	27444819.7	system	02:13.3	system	NULL	4
ICOOL M?c ??nh Chi	52F8E17D-007E-EC11-8110-509A4C8C9FAC	25/01/2022	12	120529010	117800550	0	0	2728460	1152329	0	235	217	59	0	13387096.77	22227995.53	0	5	3	180	2.68	0	22	83337786.7	system	01:52.9	system	NULL	4
ICOOL Tr?n Bình Tr?ng	B2FD6FBA-007E-EC11-8110-509A4C8C9FAC	25/01/2022	13	49887200	48944550	942650	0	0	0	0	118	100	31	0	8322580.65	0	0	6	2.58	80	1.82	0	17	40621969.35	system	03:34.5	system	NULL	4
ICOOL Cách M?ng Tháng 8	DDE5D65E-007E-EC11-8110-509A4C8C9FAC	25/01/2022	14	98619600	96810150	0	162365	1647085	517997	300000	235	153	48	0	16241935.48	19070489.64	0	0	2	140	1.66	0	29	62315721.88	system	01:00.8	system	NULL	4
ICOOL C?u Ch? Y	258CEA64-007E-EC11-8110-509A4C8C9FAC	25/01/2022	16	34469000	33961900	350000	0	157100	0	2070000	99	64	24	0	4322580.65	6735430.23	0	3	2.08	50	1.71	0	14	24973889.12	system	01:11.0	system	NULL	4
ICOOL Nh? Thiên ???ng	4C812696-007E-EC11-8110-509A4C8C9FAC	25/01/2022	17	60548300	59133830	660000	73490	680980	0	360000	103	65	30	0	9800000	13897707.18	0	3	3	100	1.88	0	16	35796122.82	system	02:33.6	system	NULL	4
ICOOL Tr?n Não	2F4080C0-007E-EC11-8110-509A4C8C9FAC	25/01/2022	18	123976900	120357360	1160000	0	2459540	2221560	220000	237	224	57	0	11935483.87	26762388.78	0	2	2	120	2.85	0	20	84101047.35	system	03:44.6	system	NULL	4
ICOOL Nguy?n Tri Ph??ng	F7FB1A90-007E-EC11-8110-509A4C8C9FAC	25/01/2022	19	39968400	38997410	570000	106870	294120	0	0	76	64	25	0	7064516.13	8395086.18	0	0	2	60	1.56	0	16	23537807.69	system	02:23.4	system	NULL	4
ICOOL ??ng ?en	4C03FC6A-007E-EC11-8110-509A4C8C9FAC	25/01/2022	22	102764800	101750760	845700	0	168340	422840	2180000	240	178	48	0	9274193.55	21238663.88	0	16	1.88	90	1.92	0	25	73840742.57	system	01:21.2	system	NULL	4
ICOOL Phan Chu Trinh	69A9339C-007E-EC11-8110-509A4C8C9FAC	25/01/2022	23	40804500	39828970	840000	0	135530	0	0	84	60	25	0	6612903.23	7009812.25	0	0	2.4	60	1.79	0	14	26206254.52	system	02:43.7	system	NULL	4
ICOOL Phan Xích Long	F7F741A2-007E-EC11-8110-509A4C8C9FAC	25/01/2022	24	94130400	92805710	786700	269370	268620	377060	0	223	177	49	0	14032258.06	18330849.29	0	1	2	130	1.96	0	25	60819662.65	system	02:53.9	system	NULL	4
ICOOL V?ng Tàu	3230A8CC-007E-EC11-8110-509A4C8C9FAC	25/01/2022	25	5538600	5538600	0	0	0	0	0	11	8	3	0	3582580.65	1537818.31	0	0	16	50	0.18	0	17	418201.04	system	04:05.0	system	NULL	4
ICOOL Xô Vi?t Ngh? T?nh	C40EB9D2-007E-EC11-8110-509A4C8C9FAC	25/01/2022	4	92244000	90864455	1120000	39545	220000	1537980	0	269	144	61	0	11661290.32	20505259.65	0	21	2.46	150	2.1	0	29	60235885.02	system	04:15.2	system	NULL	4
ICOOL Tô Ký	C1E860B4-007E-EC11-8110-509A4C8C9FAC	25/01/2022	5	47297100	46182830	960200	0	154070	0	1790000	124	95	31	0	6612903.23	11430620.18	1102655	0	4.19	130	1.19	0	26	31031961.59	system	03:24.3	system	NULL	4
ICOOL Bình Phú	F190B358-007E-EC11-8110-509A4C8C9FAC	25/01/2022	6	48001900	47349375	337475	0	315050	334640	2000000	131	90	29	0	8509677.42	0	0	3	5.17	150	1.21	0	24	41174337.58	system	00:50.5	system	NULL	4
ICOOL D??ng Bá Tr?c	D4B31671-007E-EC11-8110-509A4C8C9FAC	25/01/2022	7	118391300	116844490	423000	148090	975720	537590	0	236	212	64	0	14612903.23	24569246.92	0	1	1.56	100	2.46	0	26	78199929.85	system	01:31.4	system	NULL	4
ICOOL Nguy?n S?n	BEF4F283-007E-EC11-8110-509A4C8C9FAC	25/01/2022	9	46391200	46227400	163800	0	0	0	910000	127	67	29	0	7263225.81	9972633.43	0	0	3.45	100	1.93	0	15	29901540.76	system	02:03.0	system	NULL	4
ICOOL Ung V?n Khiêm	CC029AF1-C97E-EC11-8110-509A4C8C9FAC	26/01/2022	1	188067900	182323615	5038700	127245	578340	1216970	6420000	510	346	84	0	20322580.65	39087519.68	0	4	3	300	2.1	0	40	130550484.7	system	03:55.9	system	NULL	4
ICOOL Thành Thái	17070ED9-C97E-EC11-8110-509A4C8C9FAC	26/01/2022	10	117932100	114664440	500000	0	2767660	204450	0	357	177	58	0	13451612.9	23627633.59	0	5	3	230	2.07	0	28	77789643.51	system	03:14.7	system	NULL	4
ICOOL Nguy?n Trãi	C9FFAFB4-C97E-EC11-8110-509A4C8C9FAC	26/01/2022	11	31808500	30969275	525000	58125	256100	130820	0	100	50	27	0	3717185.42	6210715.21	0	6	2.59	70	1.69	0	16	21172194.37	system	02:13.7	system	NULL	4
ICOOL M?c ??nh Chi	448190A8-C97E-EC11-8110-509A4C8C9FAC	26/01/2022	12	99526400	97517050	0	0	2009350	1885960	170000	193	141	52	0	13387096.77	15764257.91	0	2	3	180	2.36	0	22	70421655.32	system	01:53.3	system	NULL	4
ICOOL Tr?n Bình Tr?ng	1CFA70E5-C97E-EC11-8110-509A4C8C9FAC	26/01/2022	13	65438300	62935990	965000	0	1537310	0	3740000	167	105	34	0	8322580.65	13161318.76	0	5	2.35	80	2	0	17	45192090.59	system	03:35.5	system	NULL	4
ICOOL Cách M?ng Tháng 8	BE1BA389-C97E-EC11-8110-509A4C8C9FAC	26/01/2022	14	124332403	119748663	205000	0	4378740	466850	2320000	200	267	53	0	16241935.48	23971907.47	0	0	2	140	1.83	0	29	82321670.05	system	01:01.4	system	NULL	4
ICOOL C?u Ch? Y	8ED62E90-C97E-EC11-8110-509A4C8C9FAC	26/01/2022	16	35292400	34700400	592000	0	0	0	0	79	84	25	0	4322580.65	6795974.56	0	4	2	50	1.79	0	14	23581844.79	system	01:12.4	system	NULL	4
ICOOL Nh? Thiên ???ng	3681C5C0-C97E-EC11-8110-509A4C8C9FAC	26/01/2022	17	55112800	54722800	390000	0	0	0	0	115	73	38	0	9800000	9673668.2	0	4	2	100	2.38	0	16	35249131.8	system	02:33.9	system	NULL	4
ICOOL Tr?n Não	CAB582EB-C97E-EC11-8110-509A4C8C9FAC	26/01/2022	18	101714400	100439400	1275000	0	0	1148500	80000	213	124	45	0	11935483.87	20684876.06	0	1	2	120	2.25	0	20	69047540.07	system	03:45.6	system	NULL	4
ICOOL Nguy?n Tri Ph??ng	CD8FB8BA-C97E-EC11-8110-509A4C8C9FAC	26/01/2022	19	27539900	25851600	220000	0	1468300	0	880000	58	54	24	0	7064516.13	4685194.21	0	1	2	60	1.5	0	16	14981889.66	system	02:23.8	system	NULL	4
ICOOL ??ng ?en	22635F96-C97E-EC11-8110-509A4C8C9FAC	26/01/2022	22	62366900	61143800	426640	0	796460	0	0	204	122	44	0	9274193.55	11018322.03	0	26	2.05	90	1.76	0	25	40851284.42	system	01:22.8	system	NULL	4
ICOOL Phan Chu Trinh	0CD2CEC6-C97E-EC11-8110-509A4C8C9FAC	26/01/2022	23	36271500	36101500	170000	0	0	94470	330000	68	52	21	0	6612903.23	7067592.2	0	3	2.86	60	1.5	0	14	22845474.57	system	02:44.1	system	NULL	4
ICOOL Phan Xích Long	0EA808CD-C97E-EC11-8110-509A4C8C9FAC	26/01/2022	24	102237400	100409350	1040000	0	788050	726980	8180000	234	148	51	0	14032258.06	20791828.28	0	1	2	130	2.04	0	25	74492243.66	system	02:54.5	system	NULL	4
ICOOL V?ng Tàu	B45DA3F7-C97E-EC11-8110-509A4C8C9FAC	26/01/2022	25	8396400	8396400	0	0	0	0	0	22	18	9	0	3582580.65	1607321.31	0	0	5	50	0.53	0	17	3206498.04	system	04:06.0	system	NULL	4
ICOOL Xô Vi?t Ngh? T?nh	06E7B1FD-C97E-EC11-8110-509A4C8C9FAC	26/01/2022	4	85607600	83931260	920000	0	756340	65840	6975000	236	133	53	0	11661290.32	19644503.02	0	19	2.83	150	1.83	0	29	59666306.66	system	04:16.1	system	NULL	4
ICOOL Tô Ký	A1CC54DF-C97E-EC11-8110-509A4C8C9FAC	26/01/2022	5	54727800	53144950	719000	136300	727550	0	0	124	114	38	0	6612903.23	10969224.44	0	0	3.42	130	1.46	0	26	35562822.33	system	03:25.2	system	NULL	4
ICOOL Bình Phú	1A0F7383-C97E-EC11-8110-509A4C8C9FAC	26/01/2022	6	108990400	107424370	1161010	0	405020	421680	0	290	219	53	0	8509677.42	0	0	1	2.83	150	2.21	0	24	99336372.58	system	00:51.0	system	NULL	4
ICOOL D??ng Bá Tr?c	53FA839C-C97E-EC11-8110-509A4C8C9FAC	26/01/2022	7	136438400	134430900	220000	0	1787500	568170	6440000	267	237	72	0	14612903.23	28450285.9	0	1	1.39	100	2.77	0	26	98375880.87	system	01:33.1	system	NULL	4
ICOOL Nguy?n S?n	7BCC9FAE-C97E-EC11-8110-509A4C8C9FAC	26/01/2022	9	40979400	39929400	1050000	0	0	603410	0	137	92	31	1	7263225.81	9249120.45	0	0	3.23	100	2.07	0	15	24020463.74	system	02:03.5	system	NULL	4
ICOOL Ung V?n Khiêm	A4C4581B-937F-EC11-8110-509A4C8C9FAC	27/01/2022	1	207888800	206907020	880000	101780	0	1722830	0	553	443	103	0	20322580.65	41111520.72	0	0	2	300	2.58	0	40	147195748.6	system	03:54.7	system	NULL	4
ICOOL Thành Thái	3CA91503-937F-EC11-8110-509A4C8C9FAC	27/01/2022	10	123572500	121963250	1064000	0	545250	588900	0	373	168	56	0	13451612.9	24922981.84	0	3	4	240	2	0	28	84177555.26	system	03:14.0	system	NULL	4
ICOOL Nguy?n Trãi	6B03D7DE-927F-EC11-8110-509A4C8C9FAC	27/01/2022	11	35868100	34099950	1279000	70230	418920	0	0	103	60	24	0	3717185.42	7357156.22	0	5	2.92	70	1.5	0	16	23025608.37	system	02:13.2	system	NULL	4
ICOOL M?c ??nh Chi	874EADD2-927F-EC11-8110-509A4C8C9FAC	27/01/2022	12	112147197.3	111165127.3	0	0	982070	2155090	0	209	173	53	0	13387096.77	20314515.6	0	3	3	180	2.41	0	22	79618604.93	system	01:52.8	system	NULL	4
ICOOL Tr?n Bình Tr?ng	3A53330F-937F-EC11-8110-509A4C8C9FAC	27/01/2022	13	46010200	44848330	810150	0	351720	286020	0	89	72	27	0	8322580.65	9396984.19	0	8	2.96	80	1.59	0	17	27414785.16	system	03:34.4	system	NULL	4
ICOOL Cách M?ng Tháng 8	C02855B4-927F-EC11-8110-509A4C8C9FAC	27/01/2022	14	93418300	92635580	170000	0	612720	996590	0	204	150	47	0	16241935.48	17984143.95	0	2	2	140	1.62	0	29	59406090.57	system	01:01.9	system	NULL	4
ICOOL C?u Ch? Y	EC306BBA-927F-EC11-8110-509A4C8C9FAC	27/01/2022	16	36736900	35943440	525000	0	268460	239750	0	113	75	28	1	4322580.65	7614941.56	0	4	1.79	50	2	0	14	24245667.79	system	01:12.1	system	NULL	4
ICOOL Nh? Thiên ???ng	D57AEFEA-927F-EC11-8110-509A4C8C9FAC	27/01/2022	17	41489100	41489100	0	0	0	228160	0	79	68	25	0	9800000	9250401.57	0	4	4	100	1.56	0	16	22666858.43	system	02:33.5	system	NULL	4
ICOOL Tr?n Não	B8CC4015-937F-EC11-8110-509A4C8C9FAC	27/01/2022	18	91458500	91042360	208440	0	207700	2324700	40000	248	159	49	0	11935483.87	18218145.86	0	3	2	120	2.45	0	20	63253430.26	system	03:44.5	system	NULL	4
ICOOL Nguy?n Tri Ph??ng	0F08E1E4-927F-EC11-8110-509A4C8C9FAC	27/01/2022	19	26162000	25450100	640000	71900	0	0	0	65	52	19	0	7064516.13	4777750.21	0	0	3	60	1.19	0	16	13607833.66	system	02:23.4	system	NULL	4
ICOOL ??ng ?en	CCD087C0-927F-EC11-8110-509A4C8C9FAC	27/01/2022	22	91519500	88949740	1045000	364600	1160160	0	0	202	166	48	0	9274193.55	17261969.69	0	1	1.88	90	1.92	0	25	62413576.76	system	01:22.4	system	NULL	4
ICOOL Phan Chu Trinh	D286FAF0-927F-EC11-8110-509A4C8C9FAC	27/01/2022	23	40244701	40238701	6000	0	0	352920	150000	89	54	21	0	6612903.23	7921938.21	0	2	2.86	60	1.5	0	14	26206779.56	system	02:43.7	system	NULL	4
ICOOL Phan Xích Long	7E3C09F7-927F-EC11-8110-509A4C8C9FAC	27/01/2022	24	82038200	81288940	342000	0	407260	0	0	185	136	42	0	14032258.06	16840544.34	0	2	3	130	1.68	0	25	50416137.6	system	02:53.8	system	NULL	4
ICOOL V?ng Tàu	AE916221-937F-EC11-8110-509A4C8C9FAC	27/01/2022	25	10866200	10684190	0	0	182010	0	0	26	15	7	0	3582580.65	2637619.29	0	0	7	50	0.41	0	17	4463990.06	system	04:04.9	system	NULL	4
ICOOL Xô Vi?t Ngh? T?nh	11617A27-937F-EC11-8110-509A4C8C9FAC	27/01/2022	4	73325300	72666595	264000	206955	187750	415700	0	218	111	49	0	11661290.32	16355103.73	0	18	3.06	150	1.69	0	29	45065900.95	system	04:15.1	system	NULL	4
ICOOL Tô Ký	33342609-937F-EC11-8110-509A4C8C9FAC	27/01/2022	5	49947700	49008740	700000	103190	135770	158520	0	126	108	34	0	6612903.23	9160871.5	0	0	3.82	130	1.31	0	26	33393485.27	system	03:24.2	system	NULL	4
ICOOL Bình Phú	9B9630AE-927F-EC11-8110-509A4C8C9FAC	27/01/2022	6	59869300	59054550	350000	0	464750	167760	0	259	113	46	0	8509677.42	0	0	2	3.26	150	1.92	0	24	50712632.58	system	00:51.6	system	NULL	4
ICOOL D??ng Bá Tr?c	7953A4C6-927F-EC11-8110-509A4C8C9FAC	27/01/2022	7	141777300	140336845	884000	83175	473280	0	0	310	302	78	0	14612903.23	29431985.84	0	2	1.28	100	3	0	26	96291955.93	system	01:32.6	system	NULL	4
ICOOL Nguy?n S?n	8535C3D8-927F-EC11-8110-509A4C8C9FAC	27/01/2022	9	46877000	46622900	0	0	254100	0	0	125	80	35	0	7263225.81	9449071.5	0	0	2.86	100	2.33	0	15	29910602.7	system	02:03.0	system	NULL	4
ICOOL Ung V?n Khiêm	C5AA6244-5C80-EC11-8110-509A4C8C9FAC	28/01/2022	1	94872700	94094800	0	0	777900	390712	0	273	218	55	0	20322580.65	18463248.27	0	0	5	300	1.38	0	40	55699683.08	system	03:52.4	system	NULL	4
ICOOL Thành Thái	D9A2242C-5C80-EC11-8110-509A4C8C9FAC	28/01/2022	10	86112800	85000380	220000	0	892420	135264	0	234	158	52	0	13451612.9	14702884.32	0	23	4	210	1.86	0	28	56981146.78	system	03:11.8	system	NULL	4
ICOOL Nguy?n Trãi	63C5D107-5C80-EC11-8110-509A4C8C9FAC	28/01/2022	11	54155820	50954520	754250	0	2447050	0	0	118	90	31	0	3717185.42	12366168.49	0	8	2.26	70	1.94	0	16	34871166.09	system	02:10.8	system	NULL	4
ICOOL M?c ??nh Chi	8EF3AEFB-5B80-EC11-8110-509A4C8C9FAC	28/01/2022	12	62279100	61729795	0	50585	498720	646077.6	0	131	123	47	0	13387096.77	8611396.08	0	2	3	180	2.14	0	22	40377379.75	system	01:50.5	system	NULL	4
ICOOL Tr?n Bình Tr?ng	32ED3E38-5C80-EC11-8110-509A4C8C9FAC	28/01/2022	13	52686100	50903760	649000	0	1133340	196272	0	131	108	36	0	8322580.65	8969461.14	0	9	2.22	80	2.12	0	17	33807990.21	system	03:32.1	system	NULL	4
ICOOL Cách M?ng Tháng 8	97F04FDD-5B80-EC11-8110-509A4C8C9FAC	28/01/2022	14	109936000	106296070	0	308850	3331080	305344.8	0	226	144	58	0	16241935.48	21343131.5	0	1	2	140	2	0	29	69016347.82	system	00:59.5	system	NULL	4
ICOOL C?u Ch? Y	3EC26BE3-5B80-EC11-8110-509A4C8C9FAC	28/01/2022	16	45522801	44639450.9	350000	0	533350.1	130527	0	122	78	31	0	4322580.65	9230030.82	0	3	1.61	50	2.21	0	14	31217366.43	system	01:09.7	system	NULL	4
ICOOL Nh? Thiên ???ng	A629F613-5C80-EC11-8110-509A4C8C9FAC	28/01/2022	17	66613700	65890320	440000	0	283380	0	0	132	106	46	0	9800000	14042223.84	0	7	2	100	2.88	0	16	42048096.16	system	02:31.2	system	NULL	4
ICOOL Tr?n Não	1F4E503E-5C80-EC11-8110-509A4C8C9FAC	28/01/2022	18	111441601	110356590.9	545000	126160.1	413850	2422296	300000	246	152	57	0	11935483.87	23459228.9	64380	3	2	120	2.85	0	20	77748554.13	system	03:42.2	system	NULL	4
ICOOL Nguy?n Tri Ph??ng	DAF9E30D-5C80-EC11-8110-509A4C8C9FAC	28/01/2022	19	26261900	25756160	0	119820	385920	0	0	74	56	21	2	7064516.13	5537875.22	0	1	2	60	1.31	0	16	13153768.65	system	02:21.0	system	NULL	4
ICOOL ??ng ?en	2D1281E9-5B80-EC11-8110-509A4C8C9FAC	28/01/2022	22	80947200	80231015	431625	0	284560	0	0	237	147	54	0	9274193.55	0	0	10	1.67	90	2.16	0	25	70956821.45	system	01:20.0	system	NULL	4
ICOOL Phan Chu Trinh	D45D031A-5C80-EC11-8110-509A4C8C9FAC	28/01/2022	23	31346500	30730500	616000	0	0	0	0	53	40	15	0	6612903.23	7313883.55	0	0	4	60	1.07	0	14	16803713.22	system	02:41.3	system	NULL	4
ICOOL Phan Xích Long	47CB1220-5C80-EC11-8110-509A4C8C9FAC	28/01/2022	24	86121900	82637600	220000	0	3264300	0	0	160	153	50	0	14032258.06	16847445.98	0	4	2	130	2	0	25	51757895.96	system	02:51.5	system	NULL	4
ICOOL V?ng Tàu	71E77B4A-5C80-EC11-8110-509A4C8C9FAC	28/01/2022	25	10835800	10738500	0	0	97300	0	0	32	23	15	0	3582580.65	1892728.27	0	0	2	40	0.88	0	17	5263191.08	system	04:02.7	system	NULL	4
ICOOL Xô Vi?t Ngh? T?nh	165D8E50-5C80-EC11-8110-509A4C8C9FAC	28/01/2022	4	71366000	70074000	1020000	0	272000	0	0	206	110	52	0	11661290.32	17080577.06	2444866.67	16	2.88	150	1.79	0	29	43776999.29	system	04:12.8	system	NULL	4
ICOOL Tô Ký	5E1B3132-5C80-EC11-8110-509A4C8C9FAC	28/01/2022	5	50106300	48860225	640000	33305	572770	0	0	147	114	40	0	6612903.23	9528903.17	0	0	3.25	130	1.54	0	26	32718418.6	system	03:21.9	system	NULL	4
ICOOL Bình Phú	BF3B19D7-5B80-EC11-8110-509A4C8C9FAC	28/01/2022	6	108878100	107733090	695480	196890	252640	0	0	346	170	63	0	8509677.42	0	0	7	2.38	150	2.63	0	24	99223412.58	system	00:49.1	system	NULL	4
ICOOL D??ng Bá Tr?c	5646A2EF-5B80-EC11-8110-509A4C8C9FAC	28/01/2022	7	141194400	139459810	660000	0	1074590	191648	0	286	260	71	0	14612903.23	28947457.47	0	1	1.41	100	2.73	0	26	96091097.3	system	01:30.2	system	NULL	4
ICOOL Nguy?n S?n	6C5AC101-5C80-EC11-8110-509A4C8C9FAC	28/01/2022	9	43129100	42358150	220000	0	550950	0	0	120	82	29	0	7263225.81	8912078.83	0	0	3.45	100	1.93	0	15	26182845.37	system	02:00.6	system	NULL	4
ICOOL Ung V?n Khiêm	73861C70-2581-EC11-8110-509A4C8C9FAC	29/01/2022	1	75222100	73978680	0	0	1243420	0	0	190	176	45	0	20322580.65	14943027.36	0	0	6	300	1.13	0	40	38713072	system	03:54.6	system	NULL	4
ICOOL Thành Thái	8EA3D857-2581-EC11-8110-509A4C8C9FAC	29/01/2022	10	82740900	82536900	204000	0	0	312160	0	361	144	56	0	13451612.9	13561517.19	0	22	3	210	2	0	28	55835929.9	system	03:13.9	system	NULL	4
ICOOL Nguy?n Trãi	648C5533-2581-EC11-8110-509A4C8C9FAC	29/01/2022	11	33374300	32232140	850000	0	292160	0	0	105	61	26	0	3717185.42	6828335.53	0	6	2.69	70	1.63	0	16	21686619.05	system	02:12.7	system	NULL	4
ICOOL M?c ??nh Chi	DF4D1027-2581-EC11-8110-509A4C8C9FAC	29/01/2022	12	38118000	38016000	102000	0	0	0	0	96	79	36	0	13387096.77	5634564.82	0	0	2	90	1.64	0	22	18994338.41	system	01:52.1	system	NULL	4
ICOOL Tr?n Bình Tr?ng	4366FE63-2581-EC11-8110-509A4C8C9FAC	29/01/2022	13	31514800	30935280	40500	0	539020	0	0	95	629	27	0	8322580.65	4616807.16	0	8	2.96	80	1.59	0	17	17995892.19	system	03:34.3	system	NULL	4
ICOOL Cách M?ng Tháng 8	081B9E08-2581-EC11-8110-509A4C8C9FAC	29/01/2022	14	68546900	67682580	220000	124370	519950	657512	0	149	91	44	0	16241935.48	11352771.32	0	4	3	140	1.52	0	29	40745385.2	system	01:01.0	system	NULL	4
ICOOL C?u Ch? Y	8037B00E-2581-EC11-8110-509A4C8C9FAC	29/01/2022	16	30142000	29792000	350000	0	0	0	0	107	38	24	0	4322580.65	5704690.23	0	0	2.08	50	1.71	0	14	19764729.12	system	01:11.2	system	NULL	4
ICOOL Nh? Thiên ???ng	F587803F-2581-EC11-8110-509A4C8C9FAC	29/01/2022	17	49139100	48830000	0	0	309100	0	0	109	71	33	0	9800000	11532072.85	0	5	3	100	2.06	0	16	27497927.15	system	02:33.1	system	NULL	4
ICOOL Tr?n Não	1F410A6A-2581-EC11-8110-509A4C8C9FAC	29/01/2022	18	42275000	42024580	35000	0	215420	100688	0	131	52	30	0	11935483.87	6546400.52	0	1	4	120	1.5	0	20	23643383.61	system	03:44.4	system	NULL	4
ICOOL Nguy?n Tri Ph??ng	FBEE6B39-2581-EC11-8110-509A4C8C9FAC	29/01/2022	19	15154500	15058600	0	0	95900	0	0	45	25	14	0	7064516.13	2912198.22	0	0	4	60	0.88	0	16	5081885.65	system	02:22.9	system	NULL	4
ICOOL ??ng ?en	069CC714-2581-EC11-8110-509A4C8C9FAC	29/01/2022	22	63573200	62668970	520800	0	383430	0	0	197	103	38	0	9274193.55	0	0	10	2.37	90	1.52	0	25	53394776.45	system	01:21.4	system	NULL	4
ICOOL Phan Chu Trinh	53979045-2581-EC11-8110-509A4C8C9FAC	29/01/2022	23	18698300	18698300	0	0	0	0	0	42	31	12	0	6612903.23	3843005.3	0	0	5	60	0.86	0	14	8242391.47	system	02:43.3	system	NULL	4
ICOOL Phan Xích Long	3E41A74B-2581-EC11-8110-509A4C8C9FAC	29/01/2022	24	84483600	83384480	377000	52050	670070	0	0	190	162	50	0	14032258.06	15828707.41	0	2	2	130	2	0	25	53523514.53	system	02:53.5	system	NULL	4
ICOOL V?ng Tàu	D6832776-2581-EC11-8110-509A4C8C9FAC	29/01/2022	25	15160000	15126400	33600	0	0	0	200000	37	31	13	0	3582580.65	3079286.55	0	0	3.08	40	0.76	0	17	8664532.8	system	04:04.8	system	NULL	4
ICOOL Xô Vi?t Ngh? T?nh	7229397C-2581-EC11-8110-509A4C8C9FAC	29/01/2022	4	38868800	38343800	525000	0	0	0	0	83	50	24	0	11661290.32	8099555.54	0	11	6.25	150	0.83	0	29	18582954.14	system	04:14.9	system	NULL	4
ICOOL Tô Ký	6518E95D-2581-EC11-8110-509A4C8C9FAC	29/01/2022	5	36256200	35342490	350000	0	563710	0	0	88	77	26	0	6612903.23	6722714.23	0	0	5	130	1	0	26	22006872.54	system	03:24.1	system	NULL	4
ICOOL Bình Phú	B19B5B02-2581-EC11-8110-509A4C8C9FAC	29/01/2022	6	101143400	100175290	708040	76190	183880	0	0	337	135	58	0	8509677.42	0	0	0	2.59	150	2.42	0	24	91665612.58	system	00:50.5	system	NULL	4
ICOOL D??ng Bá Tr?c	0D69E71A-2581-EC11-8110-509A4C8C9FAC	29/01/2022	7	100893100	99106930	1080000	0	706170	153808	0	203	492	56	0	14612903.23	20711582.71	0	0	1.79	100	2.15	0	26	63936252.06	system	01:31.7	system	NULL	4
ICOOL Nguy?n S?n	ACC5452D-2581-EC11-8110-509A4C8C9FAC	29/01/2022	9	19062500	18975700	34000	0	52800	0	0	71	36	22	0	7263225.81	3020910.24	0	0	4.55	100	1.47	0	15	8691563.95	system	02:02.5	system	NULL	4
ICOOL Ung V?n Khiêm	09DB109A-EE81-EC11-8110-509A4C8C9FAC	30/01/2022	1	46686200	45775080	660000	0	251120	0	0	118	93	23	0	20322580.65	9544735.21	0	1	13	300	0.57	0	40	15907764.14	system	03:53.9	system	NULL	4
ICOOL Thành Thái	45F2E881-EE81-EC11-8110-509A4C8C9FAC	30/01/2022	10	44998000	43655680	1133870	0	208450	0	0	233	61	38	0	13451612.9	7515502.76	0	18	5	210	1.36	0	28	22688564.34	system	03:13.3	system	NULL	4
ICOOL Nguy?n Trãi	5453A45D-EE81-EC11-8110-509A4C8C9FAC	30/01/2022	11	22618800	22118800	500000	0	0	0	0	55	42	19	0	3717185.42	4545014.96	0	8	3.68	70	1.19	0	16	13856599.62	system	02:12.5	system	NULL	4
ICOOL M?c ??nh Chi	47CB8151-EE81-EC11-8110-509A4C8C9FAC	30/01/2022	12	33659900	32816650	0	0	843250	0	0	69	46	20	0	13387096.77	6615540.57	0	1	4	80	0.91	0	22	12814012.66	system	01:52.1	system	NULL	4
ICOOL Tr?n Bình Tr?ng	6E68FE8D-EE81-EC11-8110-509A4C8C9FAC	30/01/2022	13	23454600	23012620	220000	0	221980	0	0	56	31	15	0	8322580.65	3937056.3	0	0	5.33	80	0.88	0	17	10752983.05	system	03:33.6	system	NULL	4
ICOOL Cách M?ng Tháng 8	F60CB132-EE81-EC11-8110-509A4C8C9FAC	30/01/2022	14	37159000	36957600	0	0	201400	0	0	82	46	28	0	16241935.48	5256516.54	0	2	5	140	0.97	0	29	15459147.98	system	01:00.4	system	NULL	4
ICOOL C?u Ch? Y	51A5BF38-EE81-EC11-8110-509A4C8C9FAC	30/01/2022	16	19391600	18873160	344000	0	174440	0	0	65	38	16	0	4322580.65	3587032.26	0	0	3.13	50	1.14	0	14	10963547.09	system	01:10.6	system	NULL	4
ICOOL Nh? Thiên ???ng	3296C269-EE81-EC11-8110-509A4C8C9FAC	30/01/2022	17	30646300	29965830	450000	0	230470	0	0	61	32	20	0	9800000	6424105.96	0	3	4	80	1.25	0	16	13741724.04	system	02:32.8	system	NULL	4
ICOOL Tr?n Não	31CB0594-EE81-EC11-8110-509A4C8C9FAC	30/01/2022	18	31834100	31545200	175000	113900	0	0	0	76	52	16	0	11935483.87	5630627.91	0	0	7.5	120	0.8	0	20	13979088.22	system	03:43.7	system	NULL	4
ICOOL Nguy?n Tri Ph??ng	99DCAE63-EE81-EC11-8110-509A4C8C9FAC	30/01/2022	19	8960700	8702630	0	0	258070	0	0	41	12	10	0	7064516.13	1148268.58	0	0	5	50	0.63	0	16	489845.29	system	02:22.6	system	NULL	4
ICOOL ??ng ?en	7C00583F-EE81-EC11-8110-509A4C8C9FAC	30/01/2022	22	31989000	31709000	280000	0	0	0	0	53	46	18	0	9274193.55	0	0	17	5	90	0.72	0	25	22434806.45	system	01:21.7	system	NULL	4
ICOOL Phan Chu Trinh	E9CDCC6F-EE81-EC11-8110-509A4C8C9FAC	30/01/2022	23	17838700	17838700	0	0	0	0	0	38	25	13	0	6612903.23	3726679.61	0	0	4.62	60	0.93	0	14	7499117.16	system	02:43.0	system	NULL	4
ICOOL Phan Xích Long	F235DE75-EE81-EC11-8110-509A4C8C9FAC	30/01/2022	24	56092600	52912600	700000	0	2480000	0	0	129	112	35	0	14032258.06	9271349.46	0	1	3.71	130	1.4	0	25	29608992.48	system	02:53.1	system	NULL	4
ICOOL V?ng Tàu	CA9E19A0-EE81-EC11-8110-509A4C8C9FAC	30/01/2022	25	5775300	5135700	0	0	639600	0	0	13	13	8	0	3582580.65	940472.63	0	0	5	40	0.47	0	17	612646.72	system	04:04.0	system	NULL	4
ICOOL Xô Vi?t Ngh? T?nh	E32E23A6-EE81-EC11-8110-509A4C8C9FAC	30/01/2022	4	22760400	22760400	0	0	0	0	0	49	31	14	0	11661290.32	8431690.55	3120000	6	10.71	150	0.48	0	29	5787419.13	system	04:14.1	system	NULL	4
ICOOL Tô Ký	DAF6F487-EE81-EC11-8110-509A4C8C9FAC	30/01/2022	5	29990300	29276960	220000	103250	390090	0	0	68	60	22	0	6612903.23	6356039.93	0	0	5.91	130	0.85	0	26	16308016.84	system	03:23.5	system	NULL	4
ICOOL Bình Phú	0561882C-EE81-EC11-8110-509A4C8C9FAC	30/01/2022	6	45368600	44959720	0	0	408880	0	0	183	83	34	0	8509677.42	0	0	2	4.41	150	1.42	0	24	36450042.58	system	00:50.1	system	NULL	4
ICOOL D??ng Bá Tr?c	D2D57B45-EE81-EC11-8110-509A4C8C9FAC	30/01/2022	7	69114600	68262890	220000	0	631710	0	0	132	118	43	0	14612903.23	13072869.09	0	0	2.33	100	1.65	0	26	40577117.68	system	01:32.0	system	NULL	4
ICOOL Nguy?n S?n	F7EB9457-EE81-EC11-8110-509A4C8C9FAC	30/01/2022	9	31921900	31531900	100000	0	290000	0	0	115	39	23	0	7263225.81	6821222.58	0	0	4.35	100	1.53	0	15	17447451.61	system	02:02.3	system	NULL	4
ICOOL Ung V?n Khiêm	393642C4-B782-EC11-8110-509A4C8C9FAC	31/01/2022	1	12608700	12608700	0	0	0	0	0	30	35	10	0	20322580.65	2099252.64	0	1	30	300	0.25	0	40	-9813133.29	system	03:53.5	system	NULL	4
ICOOL Thành Thái	A35910AC-B782-EC11-8110-509A4C8C9FAC	31/01/2022	10	17819700	17078330	583690	0	157680	0	0	78	36	20	0	13451612.9	2401332.56	0	14	8.5	170	0.71	0	28	1225384.54	system	03:12.9	system	NULL	4
ICOOL Nguy?n Trãi	6BA1BC87-B782-EC11-8110-509A4C8C9FAC	31/01/2022	11	13520100	13520100	0	0	0	0	0	37	24	14	0	3717185.42	54675324.04	52555912.48	2	5	70	0.88	0	16	7683503.02	system	02:12.0	system	NULL	4
ICOOL M?c ??nh Chi	312C937B-B782-EC11-8110-509A4C8C9FAC	31/01/2022	12	63259000	63259000	0	0	0	0	0	0	4	1	0	13387096.77	71287599.11	71287599.11	0	70	70	0.05	0	22	49871903.23	system	01:51.5	system	NULL	4
ICOOL Tr?n Bình Tr?ng	D22728B8-B782-EC11-8110-509A4C8C9FAC	31/01/2022	13	2793200	2683000	0	0	110200	0	0	9	13	4	0	8322580.65	17736148.95	17411280.65	0	20	80	0.24	0	17	-5964448.95	system	03:33.2	system	NULL	4
ICOOL Cách M?ng Tháng 8	1AFF555D-B782-EC11-8110-509A4C8C9FAC	31/01/2022	14	51745600	51745600	0	0	0	0	0	10	8	5	0	16241935.48	495824.31	0	0	28	140	0.17	0	29	35007840.21	system	01:00.8	system	NULL	4
ICOOL C?u Ch? Y	CA157063-B782-EC11-8110-509A4C8C9FAC	31/01/2022	16	2103600	2103600	0	0	0	0	0	6	5	2	0	4322580.65	253382.98	0	0	25	50	0.14	0	14	-2472363.63	system	01:11.1	system	NULL	4
ICOOL Nh? Thiên ???ng	95BEE493-B782-EC11-8110-509A4C8C9FAC	31/01/2022	17	10399300	10399300	0	0	0	0	0	25	17	12	0	9800000	2342921.98	662000	3	6.67	80	0.75	0	16	-1081621.98	system	02:32.3	system	NULL	4
ICOOL Tr?n Não	A55831BE-B782-EC11-8110-509A4C8C9FAC	31/01/2022	18	12998100	12998100	0	0	0	0	0	38	17	8	0	11935483.87	2498608.95	0	0	15	120	0.4	0	20	-1435992.82	system	03:43.3	system	NULL	4
ICOOL Nguy?n Tri Ph??ng	A990D38D-B782-EC11-8110-509A4C8C9FAC	31/01/2022	19	4338200	4338200	0	0	0	0	0	13	8	7	0	7064516.13	586047.97	0	0	5.71	40	0.44	0	16	-3312364.1	system	02:22.2	system	NULL	4
ICOOL ??ng ?en	73E68169-B782-EC11-8110-509A4C8C9FAC	31/01/2022	22	12086900	11986900	100000	0	0	0	0	42	26	10	0	9274193.55	0	0	1	9	90	0.4	0	25	2712706.45	system	01:21.2	system	NULL	4
ICOOL Phan Chu Trinh	53EAEF99-B782-EC11-8110-509A4C8C9FAC	31/01/2022	23	10035700	9540800	0	0	494900	0	0	23	13	6	0	6612903.23	2173237.99	0	2	10	60	0.43	0	14	754658.78	system	02:42.5	system	NULL	4
ICOOL Phan Xích Long	603D00A0-B782-EC11-8110-509A4C8C9FAC	31/01/2022	24	20471900	20062640	140000	0	269260	0	0	52	26	17	0	14032258.06	3421686.96	0	1	7.65	130	0.68	0	25	2608694.98	system	02:52.7	system	NULL	4
ICOOL Xô Vi?t Ngh? T?nh	A3CF49D0-B782-EC11-8110-509A4C8C9FAC	31/01/2022	4	6284600	6284600	0	0	0	0	0	18	11	5	0	11661290.32	54908603.24	53535230.59	2	30	150	0.17	0	29	-6750062.97	system	04:13.7	system	NULL	4
ICOOL Tô Ký	B7CE1DB2-B782-EC11-8110-509A4C8C9FAC	31/01/2022	5	12640100	11703900	175000	0	761200	0	0	29	22	10	0	6612903.23	2639232.96	0	0	13	130	0.38	0	26	2451763.81	system	03:23.1	system	NULL	4
ICOOL Bình Phú	25F14157-B782-EC11-8110-509A4C8C9FAC	31/01/2022	6	15161400	14359590	220000	35960	545850	0	0	53	22	13	0	8509677.42	0	0	2	11.54	150	0.54	0	24	5849912.58	system	00:50.6	system	NULL	4
ICOOL D??ng Bá Tr?c	6C3E906F-B782-EC11-8110-509A4C8C9FAC	31/01/2022	7	11196668	11196668	0	0	0	0	0	85	24	6	0	14612903.23	292322629.8	289649206.5	0	16.67	100	0.23	0	26	-6089658.49	system	01:31.4	system	NULL	4
ICOOL Nguy?n S?n	E7E0AD81-B782-EC11-8110-509A4C8C9FAC	31/01/2022	9	12901000	12901000	0	0	0	0	0	44	29	16	0	7263225.81	2056450.59	0	0	6.25	100	1.07	0	15	3581323.61	system	02:01.8	system	NULL	4
ICOOL Ung V?n Khiêm	170843F2-8083-EC11-8110-509A4C8C9FAC	01/02/2022	1	25566500	24048970	870000	0	647530	0	0	84	70	16	1	26167564.12	3803013.57	0	4	9	150	0.4	0	40	-5921607.69	system	03:59.5	system	NULL	4
ICOOL Thành Thái	19BA8972-E583-EC11-8110-509A4C8C9FAC	01/02/2022	10	33826000	32632800	270600	0	922600	0	0	151	30	22	0	21428571.44	6682661.85	0	0	7	170	0.79	0	28	4521566.71	system	03:24.4	system	NULL	4
ICOOL Nguy?n Trãi	1E37E5B5-8083-EC11-8110-509A4C8C9FAC	01/02/2022	11	25657800	24991110	440000	0	226690	0	0	58	35	17	0	5995745.82	5635573.57	0	3	5	100	1.06	0	16	13359790.61	system	02:18.3	system	NULL	4
ICOOL M?c ??nh Chi	A3AFA940-E583-EC11-8110-509A4C8C9FAC	01/02/2022	12	17491000	17250670	0	0	240330	0	0	34	32	12	0	21232142.85	2676698.93	0	0	5	70	0.55	0	22	-6658171.78	system	02:00.7	system	NULL	4
ICOOL Tr?n Bình Tr?ng	C47BFC7E-E583-EC11-8110-509A4C8C9FAC	01/02/2022	13	14775900	13678900	955000	0	142000	0	0	39	21	14	0	9500000.01	12430339.33	10558869.05	2	4	60	0.82	0	17	2307429.71	system	03:45.3	system	NULL	4
ICOOL Cách M?ng Tháng 8	72799221-E583-EC11-8110-509A4C8C9FAC	01/02/2022	14	13367500	13337380	0	0	30120	0	0	34	15	12	0	23228464.28	3583045.78	1508063.5	2	12	150	0.41	0	29	-11966066.56	system	01:08.6	system	NULL	4
ICOOL C?u Ch? Y	32567291-8083-EC11-8110-509A4C8C9FAC	01/02/2022	16	6074800	5974800	100000	0	0	0	0	26	8	5	0	5500000	1478813.3	0	0	12	60	0.36	0	14	-1004013.3	system	01:17.1	system	NULL	4
ICOOL Nh? Thiên ???ng	E8769C59-E583-EC11-8110-509A4C8C9FAC	01/02/2022	17	15704200	15114200	590000	0	0	0	0	29	30	13	0	9321428.57	2916076.29	0	1	5	70	0.81	0	16	2876695.14	system	02:42.6	system	NULL	4
ICOOL Tr?n Não	1CE334EC-8083-EC11-8110-509A4C8C9FAC	01/02/2022	18	14195100	13989000	135000	71100	0	0	200000	43	28	10	0	12714285.72	2709518.26	0	1	10	100	0.5	0	20	-1234803.98	system	03:49.4	system	NULL	4
ICOOL Nguy?n Tri Ph??ng	F7A501BC-8083-EC11-8110-509A4C8C9FAC	01/02/2022	19	9335900	9335900	0	0	0	0	0	35	18	10	0	7821428.58	1741667.59	0	0	4	40	0.63	0	16	-227196.17	system	02:28.6	system	NULL	4
ICOOL ??ng ?en	7A498697-8083-EC11-8110-509A4C8C9FAC	01/02/2022	22	29460900	28850100	575000	0	35800	0	0	82	47	20	0	14586428.57	15632883.69	0	0	4	80	0.8	0	25	-1369212.26	system	01:27.3	system	NULL	4
ICOOL Phan Chu Trinh	A57BF95F-E583-EC11-8110-509A4C8C9FAC	01/02/2022	23	27317500	27317500	0	0	0	0	0	77	47	22	0	6607142.86	4666345.28	0	0	2	60	1.57	0	14	16044011.86	system	02:53.3	system	NULL	4
ICOOL Phan Xích Long	22874BCE-8083-EC11-8110-509A4C8C9FAC	01/02/2022	24	52813500	52108330	220000	0	485170	0	0	95	96	38	0	15535714.28	9402531.83	0	5	3	130	1.52	0	25	27170083.89	system	02:59.2	system	NULL	4
ICOOL V?ng Tàu	8FF767F8-8083-EC11-8110-509A4C8C9FAC	01/02/2022	25	10813500	10584460	100000	0	129040	0	1420000	26	29	10	0	4823214.29	1966239.25	0	0	4	40	0.59	0	17	5215006.46	system	04:09.8	system	NULL	4
ICOOL Xô Vi?t Ngh? T?nh	55D371FE-8083-EC11-8110-509A4C8C9FAC	01/02/2022	4	16996500	15987200	469000	0	540300	0	0	37	29	13	0	14053571.43	3971869.27	0	2	15.38	200	0.45	0	29	-2038240.7	system	04:20.0	system	NULL	4
ICOOL Tô Ký	2854BD78-E583-EC11-8110-509A4C8C9FAC	01/02/2022	5	12344301	11378540.9	492430	0	473330.1	0	0	54	17	13	0	9267857.15	2117115.63	0	0	9	120	0.5	0	26	-6431.88	system	03:34.8	system	NULL	4
ICOOL Bình Phú	23855385-8083-EC11-8110-509A4C8C9FAC	01/02/2022	6	53537400	52890620	394000	252780	0	0	0	154	113	33	0	9421428.57	0	0	1	3	130	1.38	0	24	43469191.43	system	00:56.8	system	NULL	4
ICOOL D??ng Bá Tr?c	4312F09D-8083-EC11-8110-509A4C8C9FAC	01/02/2022	7	55134500	54066915	520000	153975	393610	0	0	113	98	37	0	10071428.56	10172162.51	0	0	2	100	1.42	0	26	33823323.93	system	01:38.1	system	NULL	4
ICOOL Nguy?n S?n	4EDF0F47-E583-EC11-8110-509A4C8C9FAC	01/02/2022	9	22784600	22584600	200000	0	0	0	0	85	28	20	0	8928571.43	4597653.59	0	0	5	100	1.33	0	15	9058374.98	system	02:11.5	system	NULL	4
ICOOL Ung V?n Khiêm	76DF0F1D-4A84-EC11-8110-509A4C8C9FAC	02/02/2022	1	43149900	40924190	940000	0	1285710	0	0	132	144	30	0	26167564.12	6816487.15	0	5	5	150	0.75	0	40	7940138.73	system	04:00.2	system	NULL	4
ICOOL Thành Thái	B504CF04-4A84-EC11-8110-509A4C8C9FAC	02/02/2022	10	45712800	44244520	0	0	1468280	0	0	285	59	45	0	21428571.44	6366101.78	0	3	3	170	1.61	0	28	16449846.78	system	03:19.5	system	NULL	4
ICOOL Nguy?n Trãi	9D688BE0-4984-EC11-8110-509A4C8C9FAC	02/02/2022	11	24141600	23641600	450000	0	50000	0	0	71	48	31	0	5995745.82	3789018.21	0	2	3	100	1.94	0	16	13856835.97	system	02:18.6	system	NULL	4
ICOOL M?c ??nh Chi	69FD61D4-4984-EC11-8110-509A4C8C9FAC	02/02/2022	12	29310400	28217260	540000	0	553140	0	0	67	66	21	0	21232142.85	4050027.21	0	0	3	70	0.95	0	22	2935089.94	system	01:58.2	system	NULL	4
ICOOL Tr?n Bình Tr?ng	197CED10-4A84-EC11-8110-509A4C8C9FAC	02/02/2022	13	20212400	19796320	280000	0	136080	0	0	58	36	18	0	9500000.01	44510423.56	41113500	3	3	60	1.06	0	17	6899396.43	system	03:39.8	system	NULL	4
ICOOL Cách M?ng Tháng 8	6B5122B6-4984-EC11-8110-509A4C8C9FAC	02/02/2022	14	34456000	32947620	1395000	0	113380	0	0	86	40	31	0	23228464.28	4468926.2	0	2	4	150	1.07	0	29	5250229.52	system	01:07.5	system	NULL	4
ICOOL C?u Ch? Y	B2842FBC-4984-EC11-8110-509A4C8C9FAC	02/02/2022	16	10106200	10106200	0	0	0	0	0	30	16	7	0	5500000	2217345.65	0	0	7	50	0.5	0	14	2388854.35	system	01:17.6	system	NULL	4
ICOOL Nh? Thiên ???ng	8A1CA5EC-4984-EC11-8110-509A4C8C9FAC	02/02/2022	17	45264700	44213640	740000	0	311060	0	0	92	61	33	0	9321428.57	8029265.82	0	2	2	70	2.06	0	16	26862945.61	system	02:38.9	system	NULL	4
ICOOL Tr?n Não	5B86FC16-4A84-EC11-8110-509A4C8C9FAC	02/02/2022	18	30410200	30248100	0	0	162100	0	0	91	50	19	0	12714285.72	5736058.58	0	1	5	100	0.95	0	20	11797755.7	system	03:50.0	system	NULL	4
ICOOL Nguy?n Tri Ph??ng	9BB894E6-4984-EC11-8110-509A4C8C9FAC	02/02/2022	19	12412000	12412000	0	0	0	0	0	39	16	10	0	7821428.58	2087777.25	0	0	4	40	0.63	0	16	2502794.17	system	02:28.8	system	NULL	4
ICOOL ??ng ?en	EAC440C2-4984-EC11-8110-509A4C8C9FAC	02/02/2022	22	43663000	42238130	764000	0	660870	0	0	96	87	27	0	14586428.57	0	0	3	2	80	1.08	0	25	27651701.43	system	01:27.8	system	NULL	4
ICOOL Phan Chu Trinh	E39FB2F2-4984-EC11-8110-509A4C8C9FAC	02/02/2022	23	25436900	25358900	78000	0	0	0	0	58	33	16	0	6607142.86	4716787.93	113188	1	3	60	1.14	0	14	14148157.21	system	02:49.1	system	NULL	4
ICOOL Phan Xích Long	E05DC3F8-4984-EC11-8110-509A4C8C9FAC	02/02/2022	24	49674500	49161060	354000	0	159440	0	0	124	103	32	0	15535714.28	8291605.5	0	7	4	130	1.28	0	25	25333740.22	system	02:59.3	system	NULL	4
ICOOL V?ng Tàu	E63D1D23-4A84-EC11-8110-509A4C8C9FAC	02/02/2022	25	17473100	17253100	220000	0	0	0	0	38	39	14	0	4823214.29	3460080.23	0	0	2	40	0.82	0	17	8969805.48	system	04:10.3	system	NULL	4
ICOOL Xô Vi?t Ngh? T?nh	97F02429-4A84-EC11-8110-509A4C8C9FAC	02/02/2022	4	12876300	12157310	240000	0	478990	0	0	56	22	9	0	14053571.43	2976330.62	0	6	22.22	200	0.31	0	29	-4872592.05	system	04:20.4	system	NULL	4
ICOOL Tô Ký	D336DF0A-4A84-EC11-8110-509A4C8C9FAC	02/02/2022	5	26009100	23507210	1534000	81020	886870	0	0	75	30	23	0	9267857.14	4760995.6	0	0	5.22	120	0.88	0	26	9478357.26	system	03:29.6	system	NULL	4
ICOOL Bình Phú	2EDF07B0-4984-EC11-8110-509A4C8C9FAC	02/02/2022	6	77246100	76781505	350000	114595	0	0	0	208	155	53	0	9421428.57	0	0	4	2	130	2.21	0	24	67360076.43	system	00:57.2	system	NULL	4
ICOOL D??ng Bá Tr?c	AEC35CC8-4984-EC11-8110-509A4C8C9FAC	02/02/2022	7	73982800	72913970	270000	0	798830	0	0	162	141	49	0	10071428.56	14481859.42	0	0	2	100	1.88	0	26	48360682.02	system	01:38.1	system	NULL	4
ICOOL Nguy?n S?n	91BE75DA-4984-EC11-8110-509A4C8C9FAC	02/02/2022	9	19175900	19175900	0	0	0	0	0	74	29	23	0	8928571.43	3116691.51	0	0	4.35	100	1.53	0	15	7130637.06	system	02:08.4	system	NULL	4
ICOOL Ung V?n Khiêm	4A7CBD47-1385-EC11-8110-509A4C8C9FAC	03/02/2022	1	47399500	45535190	520000	0	1344310	0	0	167	128	31	0	26167564.12	8003962.83	0	6	4	150	0.78	0	40	11363663.05	system	04:00.6	system	NULL	4
ICOOL Thành Thái	E2D4852F-1385-EC11-8110-509A4C8C9FAC	03/02/2022	10	72690100	71438625	240640	96455	914380	0	0	327	92	53	1	21428571.44	12059735.21	0	6	3	170	1.89	0	28	37950318.35	system	03:20.0	system	NULL	4
ICOOL Nguy?n Trãi	3792490B-1385-EC11-8110-509A4C8C9FAC	03/02/2022	11	23161201	22808551	320000	32650	0	0	0	69	53	27	0	5995745.82	4004515.19	0	6	3	100	1.69	0	16	12808289.99	system	02:19.2	system	NULL	4
ICOOL M?c ??nh Chi	EB552CFF-1285-EC11-8110-509A4C8C9FAC	03/02/2022	12	31819400	30231600	705000	0	882800	0	0	57	60	22	0	21232142.85	5072733.24	0	0	5	110	1	0	22	3926723.91	system	01:58.9	system	NULL	4
ICOOL Tr?n Bình Tr?ng	6312A73B-1385-EC11-8110-509A4C8C9FAC	03/02/2022	13	39095000	38141000	954000	0	0	0	0	79	58	27	0	9500000.01	11259365.86	5930000.01	5	2	60	1.59	0	17	23311634.14	system	03:40.3	system	NULL	4
ICOOL Cách M?ng Tháng 8	39E1DEE0-1285-EC11-8110-509A4C8C9FAC	03/02/2022	14	40582600	39919510	255000	0	408090	0	0	89	73	33	0	23228464.28	4924129.87	0	1	4	150	1.14	0	29	11766915.85	system	01:08.0	system	NULL	4
ICOOL C?u Ch? Y	75EEE7E6-1285-EC11-8110-509A4C8C9FAC	03/02/2022	16	12648300	12403000	100000	0	145300	0	300000	35	29	13	0	5500000	1845348.28	0	0	4	60	0.93	0	14	5357651.72	system	01:18.1	system	NULL	4
ICOOL Nh? Thiên ???ng	062C6317-1385-EC11-8110-509A4C8C9FAC	03/02/2022	17	27175400	26492300	520000	0	163100	0	0	39	50	21	0	9321428.57	4895282.28	0	6	3	70	1.31	0	16	12275589.15	system	02:39.5	system	NULL	4
ICOOL Tr?n Não	889EB141-1385-EC11-8110-509A4C8C9FAC	03/02/2022	18	32107300	32107300	0	0	0	0	0	105	55	21	0	12714285.72	6020138.58	0	0	4	100	1.05	0	20	13372875.7	system	03:50.5	system	NULL	4
ICOOL Nguy?n Tri Ph??ng	F9245711-1385-EC11-8110-509A4C8C9FAC	03/02/2022	19	10813900	10813900	0	0	0	0	0	35	27	15	0	7821428.58	1737898.91	0	0	2	40	0.94	0	16	1254572.51	system	02:29.3	system	NULL	4
ICOOL ??ng ?en	A45918ED-1285-EC11-8110-509A4C8C9FAC	03/02/2022	22	43801500	43137970	215000	0	448530	0	0	135	72	31	0	14586428.57	0	0	0	2	80	1.24	0	25	28551541.43	system	01:28.5	system	NULL	4
ICOOL Phan Chu Trinh	F01D691D-1385-EC11-8110-509A4C8C9FAC	03/02/2022	23	10021800	10021800	0	0	0	0	0	27	17	9	0	6607142.86	1727110.63	0	1	6	60	0.64	0	14	1687546.51	system	02:49.6	system	NULL	4
ICOOL Phan Xích Long	CF428023-1385-EC11-8110-509A4C8C9FAC	03/02/2022	24	70742000	69822000	920000	0	0	0	0	156	138	46	0	15535714.28	12674423.78	0	2	2	130	1.84	0	25	41611861.94	system	02:59.8	system	NULL	4
ICOOL V?ng Tàu	9FC8C74D-1385-EC11-8110-509A4C8C9FAC	03/02/2022	25	14004300	14004300	0	0	0	0	0	26	33	16	0	4823214.29	2170331.88	0	0	2	40	0.94	0	17	7010753.83	system	04:10.7	system	NULL	4
ICOOL Xô Vi?t Ngh? T?nh	9686D053-1385-EC11-8110-509A4C8C9FAC	03/02/2022	4	37508300	35195400	1845000	0	467900	0	0	112	66	28	0	14053571.43	7548863.54	0	15	7.14	200	0.97	0	29	13592965.03	system	04:20.9	system	NULL	4
ICOOL Tô Ký	72499835-1385-EC11-8110-509A4C8C9FAC	03/02/2022	5	31210000	29342560	1144000	0	723440	0	0	101	45	33	0	9267857.14	5453147.57	0	0	3.64	120	1.27	0	26	14621555.29	system	03:30.2	system	NULL	4
ICOOL Bình Phú	0EEBB9DA-1285-EC11-8110-509A4C8C9FAC	03/02/2022	6	63374400	62491950	681000	38510	162940	0	0	154	97	46	0	9421428.57	0	0	11	2	130	1.92	0	24	53070521.43	system	00:57.7	system	NULL	4
ICOOL D??ng Bá Tr?c	803E2DF3-1285-EC11-8110-509A4C8C9FAC	03/02/2022	7	78806600	77974550	695000	0	137050	0	0	172	126	52	0	10071428.56	14337868.05	0	0	1	100	2	0	26	53565253.39	system	01:38.7	system	NULL	4
ICOOL Nguy?n S?n	B9393905-1385-EC11-8110-509A4C8C9FAC	03/02/2022	9	28559400	28559400	0	0	0	0	0	74	56	25	0	8928571.43	6034710.89	0	0	4	100	1.67	0	15	13596117.68	system	02:09.0	system	NULL	4
ICOOL Ung V?n Khiêm	BDF66873-DC85-EC11-8110-509A4C8C9FAC	04/02/2022	1	53948200	50989030	540000	0	2419170	0	0	151	133	34	1	26167564.12	9802013.78	0	5	4	150	0.85	0	40	15019452.1	system	04:02.7	system	NULL	4
ICOOL Thành Thái	4FB5395B-DC85-EC11-8110-509A4C8C9FAC	04/02/2022	10	57553500	56037800	61950	0	1453750	0	0	266	87	47	0	21428571.44	8456465.4	0	3	3	170	1.68	0	28	26152763.16	system	03:22.1	system	NULL	4
ICOOL Nguy?n Trãi	49C4E935-DC85-EC11-8110-509A4C8C9FAC	04/02/2022	11	27624600	26904600	220000	0	500000	0	0	65	55	30	0	5995745.82	4977794.55	0	7	3	100	1.88	0	16	15931059.63	system	02:19.5	system	NULL	4
ICOOL M?c ??nh Chi	F137CC29-DC85-EC11-8110-509A4C8C9FAC	04/02/2022	12	41203700	39897120	945000	0	361580	0	0	78	65	33	1	21232142.85	11687625.76	0	0	3	110	1.5	0	22	6977351.39	system	01:59.2	system	NULL	4
ICOOL Tr?n Bình Tr?ng	DF8E5367-DC85-EC11-8110-509A4C8C9FAC	04/02/2022	13	21072600	19737950	1205000	0	129650	0	0	44	58	21	2	9500000.01	3702415.22	0	6	3	70	1.24	0	17	6535534.77	system	03:42.4	system	NULL	4
ICOOL Cách M?ng Tháng 8	11A48E0B-DC85-EC11-8110-509A4C8C9FAC	04/02/2022	14	42521100	40634380	520000	0	1366720	0	0	80	66	36	1	23228464.28	5279129.49	0	3	4	150	1.24	0	29	12126786.23	system	01:08.5	system	NULL	4
ICOOL C?u Ch? Y	733F9611-DC85-EC11-8110-509A4C8C9FAC	04/02/2022	16	12661600	12137000	200000	0	324600	0	0	49	22	11	0	5500000	2204772.27	0	0	4	50	0.79	0	14	4432227.73	system	01:18.6	system	NULL	4
ICOOL Nh? Thiên ???ng	F5A41642-DC85-EC11-8110-509A4C8C9FAC	04/02/2022	17	32055200	31373160	420000	29040	233000	0	0	83	50	27	0	9321428.57	6055416.88	0	1	2	70	1.69	0	16	15996314.55	system	02:40.0	system	NULL	4
ICOOL Tr?n Não	F6B05A6D-DC85-EC11-8110-509A4C8C9FAC	04/02/2022	18	24604100	24604100	0	0	0	0	950000	83	58	19	0	12714285.72	3472271.56	0	0	5	100	0.95	0	20	9367542.72	system	03:52.6	system	NULL	4
ICOOL Nguy?n Tri Ph??ng	8732F83B-DC85-EC11-8110-509A4C8C9FAC	04/02/2022	19	10547500	10547500	0	0	0	0	0	25	25	12	0	7821428.58	1821633.93	0	0	3	40	0.75	0	16	904437.49	system	02:29.7	system	NULL	4
ICOOL ??ng ?en	76BDAC17-DC85-EC11-8110-509A4C8C9FAC	04/02/2022	22	56988900	56194610	270000	0	524290	0	0	145	109	43	1	14586428.57	0	0	1	1	80	1.72	0	25	41608181.43	system	01:28.8	system	NULL	4
ICOOL Phan Chu Trinh	25572248-DC85-EC11-8110-509A4C8C9FAC	04/02/2022	23	25244000	25244000	0	0	0	0	0	60	38	22	1	6607142.86	4396179.25	0	1	2	60	1.57	0	14	14240677.89	system	02:50.1	system	NULL	4
ICOOL Phan Xích Long	D171C94E-DC85-EC11-8110-509A4C8C9FAC	04/02/2022	24	43157900	42937900	220000	0	0	0	0	90	64	33	2	15535714.28	6161181.15	0	4	3	130	1.32	0	25	21241004.57	system	03:01.3	system	NULL	4
ICOOL V?ng Tàu	E58E7679-DC85-EC11-8110-509A4C8C9FAC	04/02/2022	25	17023400	16673400	350000	0	0	0	0	47	45	22	0	4823214.29	2859232.91	0	0	1	40	1.29	0	17	8990952.8	system	04:12.9	system	NULL	4
ICOOL Xô Vi?t Ngh? T?nh	03C0857F-DC85-EC11-8110-509A4C8C9FAC	04/02/2022	4	18843200	17681940	1050000	0	111260	0	0	44	31	16	2	14053571.43	3158653.24	0	6	12.5	200	0.55	0	29	469715.33	system	04:23.0	system	NULL	4
ICOOL Tô Ký	73EB4861-DC85-EC11-8110-509A4C8C9FAC	04/02/2022	5	31878600	30243120	700000	132610	802870	0	0	96	39	27	0	9267857.14	5693576.87	0	0	4.44	120	1.04	0	26	15281685.99	system	03:32.3	system	NULL	4
ICOOL Bình Phú	87C56905-DC85-EC11-8110-509A4C8C9FAC	04/02/2022	6	52944800	52173000	633000	138800	0	0	0	191	147	48	1	9421428.57	0	0	7	3	150	2	0	24	42751571.43	system	00:58.2	system	NULL	4
ICOOL D??ng Bá Tr?c	143DC71D-DC85-EC11-8110-509A4C8C9FAC	04/02/2022	7	77304400	75670280	280000	0	1354120	0	0	160	132	50	0	10071428.56	13951600.7	0	2	2	100	1.92	0	26	51647250.74	system	01:39.1	system	NULL	4
ICOOL Nguy?n S?n	CBA5DE2F-DC85-EC11-8110-509A4C8C9FAC	04/02/2022	9	28567500	28403620	163880	0	0	0	0	93	54	27	0	8928571.43	5483146.14	0	0	3.7	100	1.8	0	15	13991902.43	system	02:09.4	system	NULL	4
ICOOL Ung V?n Khiêm	C4AE029F-A586-EC11-8110-509A4C8C9FAC	05/02/2022	1	55887100	55001710	320000	0	565390	0	0	217	177	45	2	26167564.12	8279263.08	0	3	3	150	1.13	0	40	20554882.8	system	04:04.7	system	NULL	4
ICOOL Thành Thái	0471BE86-A586-EC11-8110-509A4C8C9FAC	05/02/2022	10	75313300	74783830	220000	0	309470	0	0	252	158	61	4	21428571.44	11771763.61	0	1	2	170	2.18	0	28	41583494.95	system	03:24.0	system	NULL	4
ICOOL Nguy?n Trãi	D65C6662-A586-EC11-8110-509A4C8C9FAC	05/02/2022	11	47219400	46240190	440000	51250	487960	0	0	110	91	39	2	5995745.82	9197750.88	0	10	2	100	2.44	0	16	31046693.3	system	02:23.0	system	NULL	4
ICOOL M?c ??nh Chi	3C823F56-A586-EC11-8110-509A4C8C9FAC	05/02/2022	12	45415900	43336440	905000	0	1174460	0	0	79	81	35	0	21232142.85	6059626.5	0	0	3	110	1.59	0	22	16044670.65	system	02:02.6	system	NULL	4
ICOOL Tr?n Bình Tr?ng	C3D9E492-A586-EC11-8110-509A4C8C9FAC	05/02/2022	13	32007700	31126850	535000	0	345850	0	0	74	75	24	3	9500000.01	5665354.18	0	12	2	70	1.41	0	17	15961495.81	system	03:44.4	system	NULL	4
ICOOL Cách M?ng Tháng 8	ABEC0138-A586-EC11-8110-509A4C8C9FAC	05/02/2022	14	52019700	50375240	1425000	0	219460	0	0	107	87	42	2	23228464.28	8010878.09	0	1	3	150	1.45	0	29	19135897.63	system	01:11.9	system	NULL	4
ICOOL C?u Ch? Y	AA5C0A3E-A586-EC11-8110-509A4C8C9FAC	05/02/2022	16	8836500	8568530	200000	0	67970	0	0	27	22	9	0	5500000	1701414.97	0	0	5	50	0.64	0	14	1367115.03	system	01:22.0	system	NULL	4
ICOOL Nh? Thiên ???ng	422F8B6E-A586-EC11-8110-509A4C8C9FAC	05/02/2022	17	34990900	34990900	0	0	0	0	0	75	50	25	0	9321428.57	6484552.24	0	1	2	70	1.56	0	16	19184919.19	system	02:43.4	system	NULL	4
ICOOL Tr?n Não	F4C1F298-A586-EC11-8110-509A4C8C9FAC	05/02/2022	18	45350801	45175801	175000	0	0	0	0	130	86	28	1	12714285.72	7158826.76	96570	2	3	100	1.4	0	20	25399258.52	system	03:54.5	system	NULL	4
ICOOL Nguy?n Tri Ph??ng	DB287268-A586-EC11-8110-509A4C8C9FAC	05/02/2022	19	13858600	13858600	0	0	0	0	0	35	28	14	0	7821428.58	1924007.57	0	0	2	40	0.88	0	16	4113163.85	system	02:33.2	system	NULL	4
ICOOL ??ng ?en	D1931F44-A586-EC11-8110-509A4C8C9FAC	05/02/2022	22	55015300	54064600	480000	0	470700	0	0	131	109	42	1	14586428.57	0	0	2	1	80	1.68	0	25	39478171.43	system	01:32.2	system	NULL	4
ICOOL Phan Chu Trinh	677CA174-A586-EC11-8110-509A4C8C9FAC	05/02/2022	23	22528500	22528500	0	0	0	0	0	54	29	18	0	6607142.86	4040878.59	0	0	3	60	1.29	0	14	11880478.55	system	02:53.6	system	NULL	4
ICOOL Phan Xích Long	DBE8B27A-A586-EC11-8110-509A4C8C9FAC	05/02/2022	24	68104700	66342925	1174400	43075	544300	0	150000	131	139	51	0	15535714.28	10709760.06	0	1	2	130	2.04	0	25	40247450.66	system	03:03.8	system	NULL	4
ICOOL V?ng Tàu	26FF0EA5-A586-EC11-8110-509A4C8C9FAC	05/02/2022	25	29803300	29633300	0	0	170000	0	0	74	74	29	0	4823214.29	6264301.85	0	1	1	40	1.71	0	17	18545783.86	system	04:14.9	system	NULL	4
ICOOL Xô Vi?t Ngh? T?nh	18411AAB-A586-EC11-8110-509A4C8C9FAC	05/02/2022	4	31562000	31354340	100000	37320	70340	0	0	85	45	25	0	14053571.43	6591941.85	0	13	8	200	0.86	0	29	10708826.72	system	04:25.0	system	NULL	4
ICOOL Tô Ký	50DEDB8C-A586-EC11-8110-509A4C8C9FAC	05/02/2022	5	33955700	32914650	350000	351150	339900	0	0	103	63	31	0	9267857.14	5849821.87	0	0	3.87	120	1.19	0	26	17796970.99	system	03:34.3	system	NULL	4
ICOOL Bình Phú	97733830-A586-EC11-8110-509A4C8C9FAC	05/02/2022	6	72843900	72433690	350000	60210	0	0	0	227	149	56	0	9421428.57	0	0	8	2	150	2.33	0	24	63012261.43	system	00:58.8	system	NULL	4
ICOOL D??ng Bá Tr?c	631B374A-A586-EC11-8110-509A4C8C9FAC	05/02/2022	7	106498800	104602480	600000	130260	1166060	0	0	202	167	63	0	10071428.56	20796885.66	0	0	1	100	2.42	0	26	73734165.78	system	01:42.4	system	NULL	4
ICOOL Nguy?n S?n	F69C545C-A586-EC11-8110-509A4C8C9FAC	05/02/2022	9	44333800	43745445	0	81275	507080	0	0	144	61	36	0	8928571.43	8573666.75	0	0	2.78	100	2.4	0	15	26243206.82	system	02:12.8	system	NULL	4
ICOOL Ung V?n Khiêm	105A8CC8-6E87-EC11-8110-509A4C8C9FAC	06/02/2022	1	66488100	64358100	1680000	0	450000	176744	0	226	177	46	0	26167564.12	10270097.04	0	3	3	150	1.15	0	40	28097182.84	system	04:03.2	system	NULL	4
ICOOL Thành Thái	ADBF49B0-6E87-EC11-8110-509A4C8C9FAC	06/02/2022	10	67840700	67606630	0	0	234070	122600	0	202	146	56	2	21428571.44	10428091.69	0	13	3	170	2	0	28	35872566.87	system	03:22.5	system	NULL	4
ICOOL Nguy?n Trãi	3CE96F8B-6E87-EC11-8110-509A4C8C9FAC	06/02/2022	11	26946800	26456800	490000	0	0	0	0	86	63	27	0	5995745.82	4447971.16	0	5	2	80	1.69	0	16	16013083.02	system	02:20.7	system	NULL	4
ICOOL M?c ??nh Chi	0803527F-6E87-EC11-8110-509A4C8C9FAC	06/02/2022	12	47300700	45943200	875000	0	482500	0	0	103	78	26	0	21232142.85	8026082.79	0	1	4	110	1.18	0	22	16684974.36	system	02:00.4	system	NULL	4
ICOOL Tr?n Bình Tr?ng	38E169BC-6E87-EC11-8110-509A4C8C9FAC	06/02/2022	13	41074300	38255840	1785000	0	1033460	0	0	96	81	33	3	9500000.01	7041291.54	0	8	3	100	1.94	0	17	21714548.45	system	03:42.9	system	NULL	4
ICOOL Cách M?ng Tháng 8	DA830D61-6E87-EC11-8110-509A4C8C9FAC	06/02/2022	14	57812900	57294050	0	173600	345250	0	0	144	103	48	0	23228464.28	7879254.71	0	1	3	150	1.66	0	29	26186331.01	system	01:09.6	system	NULL	4
ICOOL C?u Ch? Y	A85E1C67-6E87-EC11-8110-509A4C8C9FAC	06/02/2022	16	13281600	13041920	200000	0	39680	0	0	35	40	14	1	5500000	2190100.62	334000	1	4	60	1	0	14	5685819.38	system	01:19.8	system	NULL	4
ICOOL Nh? Thiên ???ng	E7548C97-6E87-EC11-8110-509A4C8C9FAC	06/02/2022	17	39481300	38981300	500000	0	0	0	0	82	60	29	0	9321428.57	8237646.53	0	3	2	70	1.81	0	16	21422224.9	system	02:41.0	system	NULL	4
ICOOL Tr?n Não	9BFE7AC2-6E87-EC11-8110-509A4C8C9FAC	06/02/2022	18	42968162	41117162	351000	0	1500000	462792	0	149	109	30	0	12714285.72	7437359.19	210662	6	4	130	1.5	0	20	21638971.09	system	03:53.1	system	NULL	4
ICOOL Nguy?n Tri Ph??ng	69A67C91-6E87-EC11-8110-509A4C8C9FAC	06/02/2022	19	13035300	12857820	0	0	177480	0	0	41	31	14	1	7821428.58	2224684.2	0	0	2	40	0.88	0	16	2811707.22	system	02:30.9	system	NULL	4
ICOOL ??ng ?en	8D6A306D-6E87-EC11-8110-509A4C8C9FAC	06/02/2022	22	47012200	46437200	525000	0	50000	0	0	108	82	30	2	14586428.57	0	0	3	3	110	1.2	0	25	31850771.43	system	01:30.0	system	NULL	4
ICOOL Phan Chu Trinh	18B99D9D-6E87-EC11-8110-509A4C8C9FAC	06/02/2022	23	25074800	24964800	110000	0	0	99880	140000	60	39	19	0	6607142.86	5057670.6	0	1	3	60	1.36	0	14	13539866.54	system	02:51.2	system	NULL	4
ICOOL Phan Xích Long	205EB0A3-6E87-EC11-8110-509A4C8C9FAC	06/02/2022	24	80861700	79759160	680000	0	422540	0	0	158	147	52	2	15535714.28	13772205.41	0	7	2	130	2.08	0	25	50451240.31	system	03:01.4	system	NULL	4
ICOOL V?ng Tàu	5C9B97CE-6E87-EC11-8110-509A4C8C9FAC	06/02/2022	25	15843600	15843600	0	0	0	0	0	42	40	17	1	4823214.29	2658133.62	0	1	3	60	1	0	17	8362252.09	system	04:13.4	system	NULL	4
ICOOL Xô Vi?t Ngh? T?nh	9547A4D4-6E87-EC11-8110-509A4C8C9FAC	06/02/2022	4	45345200	44545200	800000	0	0	0	125000	143	70	35	4	14053571.43	9731407.19	0	17	5.71	200	1.21	0	29	20885221.38	system	04:23.5	system	NULL	4
ICOOL Tô Ký	BE905DB6-6E87-EC11-8110-509A4C8C9FAC	06/02/2022	5	47221400	45567610	525000	0	1128790	0	0	126	66	32	1	9267857.14	9641995.5	0	0	3.75	120	1.23	0	26	26657757.36	system	03:32.7	system	NULL	4
ICOOL Bình Phú	A96CE65A-6E87-EC11-8110-509A4C8C9FAC	06/02/2022	6	84846400	83322165	1165000	359235	0	0	0	291	187	60	3	9421428.57	0	0	8	2	150	2.5	0	24	73900736.43	system	00:59.3	system	NULL	4
ICOOL D??ng Bá Tr?c	34EB4C73-6E87-EC11-8110-509A4C8C9FAC	06/02/2022	7	118714800	116291515	220000	87170	2116115	324360	0	239	189	65	1	10071428.56	24038909.96	0	2	1	100	2.5	0	26	82505536.48	system	01:40.2	system	NULL	4
ICOOL Nguy?n S?n	3D866485-6E87-EC11-8110-509A4C8C9FAC	06/02/2022	9	39229000	39015950	0	0	213050	0	100000	131	78	38	0	8928571.43	6966804.09	0	0	2.63	100	2.53	0	15	23220574.48	system	02:10.6	system	NULL	4
ICOOL Ung V?n Khiêm	53C833F3-3788-EC11-8110-509A4C8C9FAC	07/02/2022	1	165092100	164020170	500000	52050	519880	670360	0	434	406	87	0	26167564.12	35823656.65	0	5	2	200	2.17	0	40	102699309.2	system	04:03.6	system	NULL	4
ICOOL Thành Thái	91B5DEDA-3788-EC11-8110-509A4C8C9FAC	07/02/2022	10	90928300	90086050	305000	0	537250	139184	0	280	229	72	0	21428571.44	17125629.89	0	1	2	170	2.57	0	28	51671032.67	system	03:22.8	system	NULL	4
ICOOL Nguy?n Trãi	95548DB6-3788-EC11-8110-509A4C8C9FAC	07/02/2022	11	34294901	31810555.9	1180000	48755	1255590.1	0	0	91	73	29	1	5995745.82	6864875.18	0	4	2	80	1.81	0	16	18949934.9	system	02:21.9	system	NULL	4
ICOOL M?c ??nh Chi	3DA96DAA-3788-EC11-8110-509A4C8C9FAC	07/02/2022	12	108331800	106706530	454000	0	1171270	109216	0	266	179	55	1	21232142.85	23003228.88	0	0	2	130	2.5	0	22	62580374.27	system	02:01.5	system	NULL	4
ICOOL Tr?n Bình Tr?ng	0B9401E7-3788-EC11-8110-509A4C8C9FAC	07/02/2022	13	40539800	39506330	570000	0	463470	149004	0	104	76	24	0	9500000.01	9135964.18	0	6	4	100	1.41	0	17	21019369.81	system	03:43.2	system	NULL	4
ICOOL Cách M?ng Tháng 8	BFF4318C-3788-EC11-8110-509A4C8C9FAC	07/02/2022	14	122536000	120872105	220000	188735	1255160	1304592	0	268	199	50	0	23228464.28	27904411.5	0	1	3	150	1.72	0	29	71043821.22	system	01:10.8	system	NULL	4
ICOOL C?u Ch? Y	6EE13992-3788-EC11-8110-509A4C8C9FAC	07/02/2022	16	14728300	14728300	0	0	0	0	0	50	31	12	0	5500000	13045620.53	11836428.59	4	5	60	0.86	0	14	8019108.06	system	01:20.9	system	NULL	4
ICOOL Nh? Thiên ???ng	0D87A0C2-3788-EC11-8110-509A4C8C9FAC	07/02/2022	17	26734500	26434500	300000	0	0	0	0	54	42	23	2	9321428.57	5411597.54	0	4	3	70	1.44	0	16	11701473.89	system	02:42.1	system	NULL	4
ICOOL Tr?n Não	041618ED-3788-EC11-8110-509A4C8C9FAC	07/02/2022	18	123863500	122817280	1010000	36220	0	1525984	0	301	223	57	0	12714285.72	28938383.51	23500	5	2	130	2.85	0	20	82714094.77	system	03:53.4	system	NULL	4
ICOOL Nguy?n Tri Ph??ng	8F8C94BC-3788-EC11-8110-509A4C8C9FAC	07/02/2022	19	18224000	17886640	175000	0	162360	0	0	48	36	17	0	7821428.58	3464087.56	0	0	2	40	1.06	0	16	6601123.86	system	02:32.0	system	NULL	4
ICOOL ??ng ?en	71EF4C98-3788-EC11-8110-509A4C8C9FAC	07/02/2022	22	57165000	56245000	920000	0	0	100448	0	130	94	34	0	14586428.57	0	0	0	3	110	1.36	0	25	41759019.43	system	01:31.1	system	NULL	4
ICOOL Phan Chu Trinh	A7BEB4C8-3788-EC11-8110-509A4C8C9FAC	07/02/2022	23	45074700	44470880	56350	0	547470	0	0	79	70	23	1	6607142.86	10583169.5	0	0	2.61	60	1.64	0	14	27280567.64	system	02:52.3	system	NULL	4
ICOOL Phan Xích Long	69C2CBCE-3788-EC11-8110-509A4C8C9FAC	07/02/2022	24	116960200	115810325	385000	79075	685800	74272	0	259	201	63	4	15535714.28	23567308.86	0	4	2	130	2.52	0	25	76781573.86	system	03:02.6	system	NULL	4
ICOOL V?ng Tàu	2EED3DF9-3788-EC11-8110-509A4C8C9FAC	07/02/2022	25	16372100	16230000	0	0	142100	0	0	41	37	17	1	4823214.29	2600858.62	0	1	3	60	1	0	17	8805927.09	system	04:13.8	system	NULL	4
ICOOL Xô Vi?t Ngh? T?nh	3EC14AFF-3788-EC11-8110-509A4C8C9FAC	07/02/2022	4	68772000	67752000	1020000	0	0	0	0	158	110	48	1	14053571.43	16158180.04	0	16	4.17	200	1.66	0	29	37540248.53	system	04:23.9	system	NULL	4
ICOOL Tô Ký	BEF9F3E0-3788-EC11-8110-509A4C8C9FAC	07/02/2022	5	46485900	45577180	403000	0	505720	0	0	128	76	39	1	9267857.14	9066318.21	0	0	3.33	130	1.5	0	26	27243004.65	system	03:33.0	system	NULL	4
ICOOL Bình Phú	76810786-3788-EC11-8110-509A4C8C9FAC	07/02/2022	6	107472900	105054210	1730000	94540	594150	765664	0	297	171	62	1	9421428.57	0	0	4	2	170	2.58	0	24	96398445.43	system	01:00.5	system	NULL	4
ICOOL D??ng Bá Tr?c	F17D679E-3788-EC11-8110-509A4C8C9FAC	07/02/2022	7	132077501	130310900.9	0	59600	1707000.1	278120	0	305	187	73	0	10071428.56	27157558.99	0	1	3	250	2.81	0	26	93360033.35	system	01:41.4	system	NULL	4
ICOOL Nguy?n S?n	8F8D7BB0-3788-EC11-8110-509A4C8C9FAC	07/02/2022	9	51207900	50107370	440000	0	660530	1241992	0	133	85	32	0	8928571.43	11935447.47	0	0	3.13	100	2.13	0	15	30485343.1	system	02:11.7	system	NULL	4
ICOOL Ung V?n Khiêm	03C3CBFD-0089-EC11-8110-509A4C8C9FAC	08/02/2022	1	156083800	155423800	660000	0	0	645088	0	392	315	77	2	26167564.12	35498688.02	0	8	0	20	1.93	0	40	94402635.86	system	03:10.3	system	NULL	4
ICOOL Thành Thái	3B6E8FE5-0089-EC11-8110-509A4C8C9FAC	08/02/2022	10	99252100	96734270	2355000	0	162830	0	0	369	133	52	3	21428571.44	21631352.97	0	9	3	170	1.86	0	28	53674345.59	system	02:29.6	system	NULL	4
ICOOL Nguy?n Trãi	B5D052C1-0089-EC11-8110-509A4C8C9FAC	08/02/2022	11	19658000	19658000	0	0	0	0	0	45	40	19	0	5995745.82	3673448.89	0	2	4	80	1.19	0	16	9988805.29	system	01:28.8	system	NULL	4
ICOOL M?c ??nh Chi	374B30B5-0089-EC11-8110-509A4C8C9FAC	08/02/2022	12	105557300	103123425	158340	246945	2028590	771088	0	261	171	48	0	21232142.85	22065734.31	0	0	3	150	2.18	0	22	60596635.84	system	01:08.4	system	NULL	4
ICOOL Tr?n Bình Tr?ng	460BADF1-0089-EC11-8110-509A4C8C9FAC	08/02/2022	13	39455600	38260900	350000	0	844700	110728	0	98	75	30	3	9500000.01	7028191.53	0	16	3	100	1.76	0	17	21843436.46	system	02:49.9	system	NULL	4
ICOOL Cách M?ng Tháng 8	C51FEA96-0089-EC11-8110-509A4C8C9FAC	08/02/2022	14	106527900	102786965	220000	162935	3358000	1488272	0	167	134	50	3	23228464.28	19732681.58	0	4	3	150	1.72	0	29	61314091.14	system	00:17.7	system	NULL	4
ICOOL C?u Ch? Y	9F87F89C-0089-EC11-8110-509A4C8C9FAC	08/02/2022	16	10165100	9945100	220000	0	0	0	0	33	16	6	1	5500000	2693608.98	6678000.01	2	10	60	0.43	0	14	8429491.03	system	00:27.8	system	NULL	4
ICOOL Nh? Thiên ???ng	872968CD-0089-EC11-8110-509A4C8C9FAC	08/02/2022	17	53114700	52244340	640000	0	230360	474696	500000	104	81	33	4	9321428.57	12469302.49	0	4	3	120	2.06	0	16	31428304.94	system	01:49.1	system	NULL	4
ICOOL Tr?n Não	1B74BBF7-0089-EC11-8110-509A4C8C9FAC	08/02/2022	18	141686100	140067050	1550000	69050	0	1910864	0	334	247	62	2	12714285.72	60140498.46	28821708.33	9	2	130	3.1	0	20	97944838.15	system	03:00.1	system	NULL	4
ICOOL Nguy?n Tri Ph??ng	B1725DC7-0089-EC11-8110-509A4C8C9FAC	08/02/2022	19	18882800	18882800	0	0	0	75440	0	54	42	20	0	7821428.58	3814793.9	0	0	3	60	1.25	0	16	7322017.52	system	01:38.9	system	NULL	4
ICOOL ??ng ?en	047305A3-0089-EC11-8110-509A4C8C9FAC	08/02/2022	22	47637400	46091950	59840	0	1485610	0	0	141	70	26	1	14586428.57	0	0	12	4	110	1.04	0	25	31505521.43	system	00:38.0	system	NULL	4
ICOOL Phan Chu Trinh	546170D3-0089-EC11-8110-509A4C8C9FAC	08/02/2022	23	35897900	35736930	0	0	160970	0	0	73	69	21	0	6607142.86	8622866.59	0	0	2.86	60	1.5	0	14	20506920.55	system	01:59.2	system	NULL	4
ICOOL Phan Xích Long	8E7882D9-0089-EC11-8110-509A4C8C9FAC	08/02/2022	24	103131600	102973600	0	0	158000	489888	0	190	182	56	0	15535714.28	20024297.71	0	0	2	130	2.24	0	25	67903476.01	system	02:09.4	system	NULL	4
ICOOL V?ng Tàu	0E05DF03-0189-EC11-8110-509A4C8C9FAC	08/02/2022	25	14227800	14177800	50000	0	0	0	0	31	33	14	0	4823214.29	2354241.92	0	0	5	70	0.82	0	17	7000343.79	system	03:20.5	system	NULL	4
ICOOL Xô Vi?t Ngh? T?nh	F816F909-0189-EC11-8110-509A4C8C9FAC	08/02/2022	4	55827700	54429090	920000	308860	169750	709688	0	137	89	34	4	14053571.43	12657383.4	0	12	5.88	200	1.17	0	29	28427823.17	system	03:30.7	system	NULL	4
ICOOL Tô Ký	A4949EEB-0089-EC11-8110-509A4C8C9FAC	08/02/2022	5	30778100	30383100	395000	0	0	0	0	94	26	19	0	9267857.14	6711980.56	0	0	6.84	130	0.73	0	26	14403262.3	system	02:39.8	system	NULL	4
ICOOL Bình Phú	138EDB8F-0089-EC11-8110-509A4C8C9FAC	08/02/2022	6	51971000	49607240	1036000	1327760	0	0	0	145	82	36	1	9421428.57	0	0	2	4	150	1.5	0	24	40185811.43	system	00:05.8	system	NULL	4
ICOOL D??ng Bá Tr?c	14B328A9-0089-EC11-8110-509A4C8C9FAC	08/02/2022	7	123126100	121954150	440000	0	731950	570640	0	229	214	67	3	10071428.56	26170918.27	0	0	1	100	2.58	0	26	86282443.17	system	00:48.3	system	NULL	4
ICOOL Nguy?n S?n	1BBF45BB-0089-EC11-8110-509A4C8C9FAC	08/02/2022	9	43925400	42620510	784000	0	520890	0	0	120	64	29	0	8928571.43	11216340.79	0	0	3.45	100	1.93	0	15	22475597.78	system	01:18.7	system	NULL	4
ICOOL Ung V?n Khiêm	3BF29C27-CA89-EC11-8110-509A4C8C9FAC	09/02/2022	1	123901300	121769060	1320000	0	812240	1677784	0	336	235	62	2	26167564.12	25807108.8	0	7	0	20	1.55	0	40	71472171.08	system	03:09.3	system	NULL	4
ICOOL Thành Thái	A750470F-CA89-EC11-8110-509A4C8C9FAC	09/02/2022	10	83348800	82474760	220000	0	654040	382344	0	269	155	55	3	21428571.44	16126665.98	0	18	3	170	1.96	0	28	45301866.58	system	02:28.4	system	NULL	4
ICOOL Nguy?n Trãi	3DD70AEB-C989-EC11-8110-509A4C8C9FAC	09/02/2022	11	20485000	20018890	420000	0	46110	0	0	49	37	22	0	5995745.82	3669315.94	0	1	3.64	80	1.38	0	16	10353828.23	system	01:27.6	system	NULL	4
ICOOL M?c ??nh Chi	C090E9DE-C989-EC11-8110-509A4C8C9FAC	09/02/2022	12	101602100	97508100	1096000	230650	2767350	1015508	0	192	170	44	0	21232142.85	20587263.97	0	1	3	150	2	0	22	56704201.18	system	01:07.3	system	NULL	4
ICOOL Tr?n Bình Tr?ng	4D2F711B-CA89-EC11-8110-509A4C8C9FAC	09/02/2022	13	36082100	35523685	350000	66265	142150	0	0	80	58	23	1	9500000.01	7175628.92	0	6	3	90	1.35	0	17	18848056.07	system	02:48.8	system	NULL	4
ICOOL Cách M?ng Tháng 8	6C64BCC0-C989-EC11-8110-509A4C8C9FAC	09/02/2022	14	108527200	106090535	955000	152225	1329440	792528	1030000	195	122	48	0	23228464.28	23406794.19	0	3	3	150	1.66	0	29	61277804.53	system	00:16.7	system	NULL	4
ICOOL C?u Ch? Y	042FC6C6-C989-EC11-8110-509A4C8C9FAC	09/02/2022	16	8731000	8425170	200000	0	105830	0	0	15	10	7	0	5500000	0	0	2	8	60	0.5	0	14	2925170	system	00:26.8	system	NULL	4
ICOOL Nh? Thiên ???ng	FC7021F7-C989-EC11-8110-509A4C8C9FAC	09/02/2022	17	51650001	50323960.9	1193000	0	133040.1	0	0	97	71	28	2	9321428.57	12092146.21	0	3	4	120	1.75	0	16	28910386.12	system	01:47.9	system	NULL	4
ICOOL Tr?n Não	CB478721-CA89-EC11-8110-509A4C8C9FAC	09/02/2022	18	118791000	117291000	1500000	0	0	581096	0	272	162	55	4	12714285.72	25260577.53	70500	10	2	130	2.75	0	20	79967732.75	system	02:59.1	system	NULL	4
ICOOL Nguy?n Tri Ph??ng	FD3014F1-C989-EC11-8110-509A4C8C9FAC	09/02/2022	19	14027600	14027600	0	0	0	0	0	26	27	12	0	7821428.58	2647492.6	0	0	5	60	0.75	0	16	3558678.82	system	01:37.8	system	NULL	4
ICOOL ??ng ?en	06EECFCC-C989-EC11-8110-509A4C8C9FAC	09/02/2022	22	28832600	27966970	630000	0	235630	0	0	70	61	17	1	14586428.57	0	0	3	6	110	0.68	0	25	13380541.43	system	00:36.9	system	NULL	4
ICOOL Phan Chu Trinh	A1E92DFD-C989-EC11-8110-509A4C8C9FAC	09/02/2022	23	26899900	26336740	0	0	563160	236864	0	47	47	16	1	6607142.86	5531786.9	0	0	4.38	70	1.14	0	14	14434674.24	system	01:58.1	system	NULL	4
ICOOL Phan Xích Long	C9954003-CA89-EC11-8110-509A4C8C9FAC	09/02/2022	24	89813201	89514320.9	0	0	298880.1	0	300000	220	160	57	0	15535714.28	17432232.72	0	1	2	130	2.28	0	25	56846373.9	system	02:08.3	system	NULL	4
ICOOL V?ng Tàu	D867C72D-CA89-EC11-8110-509A4C8C9FAC	09/02/2022	25	18829000	18829000	0	0	0	0	0	50	35	17	0	4823214.29	4282935.24	0	2	4	70	1	0	17	9722850.47	system	03:19.6	system	NULL	4
ICOOL Xô Vi?t Ngh? T?nh	55D40434-CA89-EC11-8110-509A4C8C9FAC	09/02/2022	4	53460500	52023080	1210000	227420	0	443542.4	0	132	87	37	4	14053571.43	12635034.07	993000	18	5.41	200	1.28	0	29	26771016.9	system	03:30.1	system	NULL	4
ICOOL Tô Ký	E0125A15-CA89-EC11-8110-509A4C8C9FAC	09/02/2022	5	23308300	22147630	462000	0	698670	169040	0	72	23	20	1	9267857.14	4483024.26	0	0	6.5	130	0.77	0	26	8565788.6	system	02:38.6	system	NULL	4
ICOOL Bình Phú	834B92BA-C989-EC11-8110-509A4C8C9FAC	09/02/2022	6	84073800	82762500	1256000	55300	0	263360	0	220	110	50	4	9421428.57	0	0	5	3	150	2.08	0	24	73604431.43	system	00:06.3	system	NULL	4
ICOOL D??ng Bá Tr?c	95E1E2D2-C989-EC11-8110-509A4C8C9FAC	09/02/2022	7	77179100	76555060	0	78200	545840	485912	0	138	142	49	0	10071428.56	15508846.44	0	0	2	100	1.88	0	26	51460697	system	00:47.1	system	NULL	4
ICOOL Nguy?n S?n	4C53FFE4-C989-EC11-8110-509A4C8C9FAC	09/02/2022	9	42284800	41014800	1270000	0	0	368200	0	151	70	30	3	8928571.43	9387435.16	0	0	3.33	100	2	0	15	23066993.41	system	01:17.5	system	NULL	4
ICOOL Ung V?n Khiêm	FECE0853-938A-EC11-8110-509A4C8C9FAC	10/02/2022	1	148106200	146330080	1132000	0	644120	178280	0	385	330	77	0	26167564.12	30502796.83	0	6	3	300	1.93	0	40	89837999.05	system	03:11.0	system	NULL	4
ICOOL Thành Thái	641FC33A-938A-EC11-8110-509A4C8C9FAC	10/02/2022	10	94627601	94223921	193200	70030	140450	0	0	260	203	55	0	21428571.44	17138680.31	0	4	3	170	1.96	0	28	55656669.25	system	02:30.2	system	NULL	4
ICOOL Nguy?n Trãi	DFF17116-938A-EC11-8110-509A4C8C9FAC	10/02/2022	11	13773600	13753270	0	20330	0	0	0	35	23	13	1	5995745.82	2955620.27	218425	4	7.69	100	0.81	0	16	5020328.91	system	01:29.3	system	NULL	4
ICOOL M?c ??nh Chi	F421550A-938A-EC11-8110-509A4C8C9FAC	10/02/2022	12	125702710	124667220	350000	0	685490	0	0	248	194	50	5	21232142.85	25022852.91	0	3	3	150	2.27	0	22	78412224.24	system	01:09.0	system	NULL	4
ICOOL Tr?n Bình Tr?ng	B5C0DB46-938A-EC11-8110-509A4C8C9FAC	10/02/2022	13	31407900	30906570	350000	0	151330	0	0	72	75	24	2	9500000.01	5493889.88	0	7	4	100	1.41	0	17	15912680.11	system	02:50.5	system	NULL	4
ICOOL Cách M?ng Tháng 8	7635BBEB-928A-EC11-8110-509A4C8C9FAC	10/02/2022	14	104241000	102432450	0	0	1808550	360280	0	192	119	52	3	23228464.28	19519723.23	0	0	2	150	1.79	0	29	60044542.49	system	00:17.6	system	NULL	4
ICOOL C?u Ch? Y	64AFD2F1-928A-EC11-8110-509A4C8C9FAC	10/02/2022	16	20818400	20587330	0	0	231070	0	0	54	31	16	3	5500000	0	0	2	3	60	1.14	0	14	15087330	system	00:27.9	system	NULL	4
ICOOL Nh? Thiên ???ng	D1A18522-938A-EC11-8110-509A4C8C9FAC	10/02/2022	17	32229000	31317230	410000	0	501770	521992	0	64	42	22	0	9321428.57	7072784.59	0	3	5	120	1.38	0	16	15445008.84	system	01:49.6	system	NULL	4
ICOOL Tr?n Não	ED2FEE4C-938A-EC11-8110-509A4C8C9FAC	10/02/2022	18	143934500	141983580	1155000	0	795920	674496	450000	306	284	68	3	12714285.72	30610802.84	120550	11	2	140	3.4	0	20	99903537.44	system	03:00.7	system	NULL	4
ICOOL Nguy?n Tri Ph??ng	C6C57C1C-938A-EC11-8110-509A4C8C9FAC	10/02/2022	19	17197500	17197500	0	0	0	0	0	32	36	17	1	7821428.58	2866446.58	0	0	3	60	1.06	0	16	6509624.84	system	01:39.4	system	NULL	4
ICOOL ??ng ?en	B217E1F7-928A-EC11-8110-509A4C8C9FAC	10/02/2022	22	33345200	32628890	569000	0	147310	0	0	75	71	26	4	14586428.57	0	0	9	4	120	1.04	0	25	18042461.43	system	00:38.0	system	NULL	4
ICOOL Phan Chu Trinh	5F7D8E28-938A-EC11-8110-509A4C8C9FAC	10/02/2022	23	13028000	12938170	0	0	89830	0	0	28	26	11	0	6607142.86	2472216.61	0	2	6.36	70	0.79	0	14	3858810.53	system	01:59.7	system	NULL	4
ICOOL Phan Xích Long	87C0A22E-938A-EC11-8110-509A4C8C9FAC	10/02/2022	24	100063200	98004510	1462000	0	596690	69617	0	299	93	62	1	15535714.28	17779502.6	0	1	2	130	2.48	0	25	64758910.12	system	02:09.9	system	NULL	4
ICOOL V?ng Tàu	45591459-938A-EC11-8110-509A4C8C9FAC	10/02/2022	25	4501300	4343450	0	0	157850	0	0	9	9	4	0	4823214.29	1158097.65	0	0	17	70	0.24	0	17	-1637861.94	system	03:21.1	system	NULL	4
ICOOL Xô Vi?t Ngh? T?nh	0181255F-938A-EC11-8110-509A4C8C9FAC	10/02/2022	4	41453600	40914360	400000	0	139240	0	240000	116	78	34	7	14053571.43	15755028.53	6931748	20	5.88	200	1.17	0	29	18277508.04	system	03:31.3	system	NULL	4
ICOOL Tô Ký	5C05CD40-938A-EC11-8110-509A4C8C9FAC	10/02/2022	5	39990800	37810540	621000	57060	1502200	0	0	90	51	22	1	9267857.14	9032123.57	0	0	5.91	130	0.85	0	26	19510559.29	system	02:40.4	system	NULL	4
ICOOL Bình Phú	0E8F4EE5-928A-EC11-8110-509A4C8C9FAC	10/02/2022	6	69470000	67809890	1485000	175110	0	169296	0	211	103	42	0	9421428.57	0	0	1	4	170	1.75	0	24	58557757.43	system	00:06.9	system	NULL	4
ICOOL D??ng Bá Tr?c	19FBF4FD-928A-EC11-8110-509A4C8C9FAC	10/02/2022	7	115519900	113887080	1204000	0	428820	1116656	0	209	199	63	1	10071428.56	21331708.33	0	0	1	100	2.42	0	26	83600599.11	system	00:48.2	system	NULL	4
ICOOL Nguy?n S?n	BE266810-938A-EC11-8110-509A4C8C9FAC	10/02/2022	9	51545100	51145700	276000	123400	0	408360	0	112	72	24	0	8928571.43	12392428.46	0	0	4.17	100	1.6	0	15	30233060.11	system	01:19.2	system	NULL	4
ICOOL Ung V?n Khiêm	36F24E90-5C8B-EC11-8111-509A4C8C9FAC	11/02/2022	1	158412900	154659905	820000	170785	2762210	1755008	0	441	330	84	3	26167564.12	31425087.95	0	8	3	300	2.1	0	40	98822260.93	system	03:42.6	system	NULL	4
ICOOL Thành Thái	EA99E777-5C8B-EC11-8111-509A4C8C9FAC	11/02/2022	10	86109800	84678520	0	0	1431280	137160	0	262	195	52	1	21428571.44	17278230.19	0	19	3	200	1.86	0	28	46108878.37	system	03:01.7	system	NULL	4
ICOOL Nguy?n Trãi	CB7F9053-5C8B-EC11-8111-509A4C8C9FAC	11/02/2022	11	25435700	24830680	0	0	605020	0	0	72	42	24	1	5995745.82	4928429.5	0	2	4.17	100	1.5	0	16	13906504.68	system	02:00.7	system	NULL	4
ICOOL M?c ??nh Chi	C6AF7247-5C8B-EC11-8111-509A4C8C9FAC	11/02/2022	12	106535800	104321440	539740	0	1674620	0	0	235	184	52	4	21232142.85	20337132.35	0	4	2	150	2.36	0	22	62752164.8	system	01:40.4	system	NULL	4
ICOOL Tr?n Bình Tr?ng	E82A1F84-5C8B-EC11-8111-509A4C8C9FAC	11/02/2022	13	40738000	39636450	630000	0	471550	0	0	94	87	27	4	9500000.01	6270857.84	0	8	3	100	1.59	0	17	23865592.15	system	03:22.1	system	NULL	4
ICOOL Cách M?ng Tháng 8	6BFFFF28-5C8B-EC11-8111-509A4C8C9FAC	11/02/2022	14	147203001	145111526	755600	351795	984080	1112768	0	265	210	73	2	23228464.28	27157516.02	0	13	2	150	2.52	0	29	95838313.7	system	00:49.3	system	NULL	4
ICOOL C?u Ch? Y	C3F80F2F-5C8B-EC11-8111-509A4C8C9FAC	11/02/2022	16	30494600	29774600	220000	0	500000	0	0	72	46	19	2	5500000	0	0	8	3	60	1.36	0	14	24274600	system	00:59.4	system	NULL	4
ICOOL Nh? Thiên ???ng	9D4DB55F-5C8B-EC11-8111-509A4C8C9FAC	11/02/2022	17	52137400	49738995	1558000	0	840405	0	0	103	62	30	3	9321428.57	12833528.38	1116978	3	4	120	1.88	0	16	28701016.05	system	02:21.1	system	NULL	4
ICOOL Tr?n Não	5BD6368A-5C8B-EC11-8111-509A4C8C9FAC	11/02/2022	18	114072500	113320620	595000	0	156880	614704	0	303	269	55	2	12714285.72	23105280.12	47000	11	2	140	2.75	0	20	78162758.16	system	03:32.4	system	NULL	4
ICOOL Nguy?n Tri Ph??ng	3C819959-5C8B-EC11-8111-509A4C8C9FAC	11/02/2022	19	29336800	29336800	0	0	0	170928	0	91	69	28	2	7821428.58	5151347.84	0	0	2	70	1.75	0	16	16534951.58	system	02:10.8	system	NULL	4
ICOOL ??ng ?en	9FE43935-5C8B-EC11-8111-509A4C8C9FAC	11/02/2022	22	67794400	65857560	1540000	0	396840	0	0	154	107	37	2	14586428.57	0	0	13	3	120	1.48	0	25	51271131.43	system	01:09.8	system	NULL	4
ICOOL Phan Chu Trinh	CB11C065-5C8B-EC11-8111-509A4C8C9FAC	11/02/2022	23	35438100	35084650	90200	0	263250	0	0	92	60	27	1	6607142.86	6494409.55	0	2	2.59	70	1.93	0	14	21983097.59	system	02:31.2	system	NULL	4
ICOOL Phan Xích Long	364ED96B-5C8B-EC11-8111-509A4C8C9FAC	11/02/2022	24	102538100	101908925	0	148095	481080	66032	0	258	215	64	0	15535714.28	19375275.62	0	1	2	130	2.56	0	25	67063967.1	system	02:41.4	system	NULL	4
ICOOL V?ng Tàu	E8715A96-5C8B-EC11-8111-509A4C8C9FAC	11/02/2022	25	13301000	13126000	175000	0	0	0	0	35	24	12	0	4823214.29	2451479.28	0	0	5	60	0.71	0	17	5851306.43	system	03:52.7	system	NULL	4
ICOOL Xô Vi?t Ngh? T?nh	1602829C-5C8B-EC11-8111-509A4C8C9FAC	11/02/2022	4	92341200	90507400	1732000	101800	0	411840	0	288	149	54	1	14053571.43	20396618.68	0	22	3.7	200	1.86	0	29	56469049.89	system	04:03.1	system	NULL	4
ICOOL Tô Ký	A591F17D-5C8B-EC11-8111-509A4C8C9FAC	11/02/2022	5	38383200	37536540	350000	87190	409470	0	0	102	90	30	0	9267857.14	7450402.87	0	0	5	150	1.15	0	26	20818279.99	system	03:11.8	system	NULL	4
ICOOL Bình Phú	4B0DCA22-5C8B-EC11-8111-509A4C8C9FAC	11/02/2022	6	80097200	79213765	276000	85665	521770	0	0	234	142	46	3	9421428.57	0	0	12	3	170	1.92	0	24	69792336.43	system	00:38.9	system	NULL	4
ICOOL D??ng Bá Tr?c	16F0603B-5C8B-EC11-8111-509A4C8C9FAC	11/02/2022	7	116905800	116103820	440000	61380	300600	260880	0	220	214	65	0	10071428.56	23091648.61	380000	0	1	100	2.5	0	26	83581622.83	system	01:20.1	system	NULL	4
ICOOL Nguy?n S?n	1A267D4D-5C8B-EC11-8111-509A4C8C9FAC	11/02/2022	9	37430000	37139960	0	61740	228300	0	0	119	60	30	1	8928571.43	8572142.16	0	0	3.33	100	2	0	15	19639246.41	system	01:50.5	system	NULL	4
ICOOL Ung V?n Khiêm	CA615BBC-258C-EC11-8111-509A4C8C9FAC	12/02/2022	1	201839800	198231900	1584000	0	2023900	238128	0	609	430	110	1	26167564.12	38979435.59	0	10	2	300	2.75	0	40	133323028.3	system	03:45.3	system	NULL	4
ICOOL Thành Thái	96B305A4-258C-EC11-8111-509A4C8C9FAC	12/02/2022	10	118250700	116866970	620000	31150	732580	0	0	397	164	61	2	21428571.44	23877771.07	0	9	3	200	2.18	0	28	71560627.49	system	03:04.5	system	NULL	4
ICOOL Nguy?n Trãi	D48D9E7F-258C-EC11-8111-509A4C8C9FAC	12/02/2022	11	37012000	36267550	424000	0	320450	0	0	85	56	27	0	5995745.82	6652925.21	0	5	3.7	100	1.69	0	16	23618878.97	system	02:03.4	system	NULL	4
ICOOL M?c ??nh Chi	83766E73-258C-EC11-8111-509A4C8C9FAC	12/02/2022	12	96131300	92993840	1653220	199420	1284820	369376	0	210	177	53	0	21232142.85	16935907.75	0	2	2	150	2.41	0	22	55195165.4	system	01:43.0	system	NULL	4
ICOOL Tr?n Bình Tr?ng	99872EB0-258C-EC11-8111-509A4C8C9FAC	12/02/2022	13	54919900	53910900	1009000	0	0	0	0	122	114	34	2	9500000.01	9780047.14	284400	9	2	100	2	0	17	34915252.85	system	03:24.9	system	NULL	4
ICOOL Cách M?ng Tháng 8	4A125A54-258C-EC11-8111-509A4C8C9FAC	12/02/2022	14	112206600	110812000	0	0	1394600	684288	500000	210	159	63	1	23228464.28	20107903.49	0	9	2	150	2.17	0	29	68659920.23	system	00:50.8	system	NULL	4
ICOOL C?u Ch? Y	BECC1F5B-258C-EC11-8111-509A4C8C9FAC	12/02/2022	16	31613500	31342740	0	0	270760	0	0	80	47	23	0	5500000	0	0	7	2.61	60	1.64	0	14	25842740	system	01:02.2	system	NULL	4
ICOOL Nh? Thiên ???ng	140AC88B-258C-EC11-8111-509A4C8C9FAC	12/02/2022	17	45300000	43966520	1175000	0	158480	287216	120000	82	66	28	0	9321428.57	10489912.2	0	5	4	120	1.75	0	16	24562395.23	system	02:23.8	system	NULL	4
ICOOL Tr?n Não	5E5840B6-258C-EC11-8111-509A4C8C9FAC	12/02/2022	18	118456300	117839310	595000	0	171990	607200	0	357	284	71	3	12714285.72	64389975.94	40452891.44	9	1	140	3.55	0	20	81795139.78	system	03:35.1	system	NULL	4
ICOOL Nguy?n Tri Ph??ng	3F5BB685-258C-EC11-8111-509A4C8C9FAC	12/02/2022	19	31459700	30994700	465000	0	0	0	0	85	62	31	1	7821428.58	4992706.85	0	0	2	70	1.94	0	16	18180564.57	system	02:13.7	system	NULL	4
ICOOL ??ng ?en	2D493D61-258C-EC11-8111-509A4C8C9FAC	12/02/2022	22	102535000	100504500	1550000	126860	353640	0	0	273	185	60	3	14586428.57	0	0	29	2	120	2.4	0	25	85918071.43	system	01:12.5	system	NULL	4
ICOOL Phan Chu Trinh	4162D891-258C-EC11-8111-509A4C8C9FAC	12/02/2022	23	42701600	42701600	0	0	0	0	0	94	74	30	3	6607142.86	8184496.87	0	3	2.33	70	2.14	0	14	27909960.27	system	02:34.0	system	NULL	4
ICOOL Phan Xích Long	868AF197-258C-EC11-8111-509A4C8C9FAC	12/02/2022	24	116948100	116232305	280000	0	435795	0	0	275	221	73	1	15535714.28	20663595.48	0	0	1	130	2.92	0	25	80032995.24	system	02:44.2	system	NULL	4
ICOOL V?ng Tàu	B4556BC2-258C-EC11-8111-509A4C8C9FAC	12/02/2022	25	53095600	52270600	825000	0	0	0	0	146	103	44	2	4823214.29	10630648.36	0	0	1	70	2.59	0	17	36816737.35	system	03:55.5	system	NULL	4
ICOOL Xô Vi?t Ngh? T?nh	98B484C8-258C-EC11-8111-509A4C8C9FAC	12/02/2022	4	84233600	82870680	870000	74300	418620	63712	0	283	156	57	7	14053571.43	17082279.94	0	22	3.51	200	1.97	0	29	51798540.63	system	04:05.7	system	NULL	4
ICOOL Tô Ký	E4661BAA-258C-EC11-8111-509A4C8C9FAC	12/02/2022	5	75030500	72860395	1804000	215315	150790	0	0	163	147	51	0	9267857.14	15372591.34	0	0	2.94	150	1.96	0	26	48219946.52	system	03:14.7	system	NULL	4
ICOOL Bình Phú	F9C2844D-258C-EC11-8111-509A4C8C9FAC	12/02/2022	6	100501300	98480005	1815000	31215	175080	0	0	281	181	60	2	9421428.57	0	0	7	3	190	2.5	0	24	89058576.43	system	00:39.4	system	NULL	4
ICOOL D??ng Bá Tr?c	01286167-258C-EC11-8111-509A4C8C9FAC	12/02/2022	7	161746000	160173685	1100000	308815	163500	147664	0	289	280	88	0	10071428.57	32384260.84	0	0	1.14	100	3.38	0	26	117865659.6	system	01:22.8	system	NULL	4
ICOOL Nguy?n S?n	29BD8579-258C-EC11-8111-509A4C8C9FAC	12/02/2022	9	59674100	58345960	1145370	0	182770	72832	0	151	117	44	1	8928571.43	12488729.46	0	0	2.27	100	2.93	0	15	37001491.11	system	01:53.2	system	NULL	4
ICOOL Ung V?n Khiêm	5756A4E5-EE8C-EC11-8111-509A4C8C9FAC	13/02/2022	1	106614400	105771750	220000	331730	290920	0	0	326	245	61	0	26167564.11	22188679.85	0	18	4	300	1.52	0	40	57415506.04	system	03:43.4	system	NULL	4
ICOOL Thành Thái	C7C86DCD-EE8C-EC11-8111-509A4C8C9FAC	13/02/2022	10	88408610	87254010	480000	0	674600	0	0	424	82	55	3	21428571.44	16586978	0	14	3	200	1.96	0	28	49238460.56	system	03:02.8	system	NULL	4
ICOOL Nguy?n Trãi	193A32A9-EE8C-EC11-8111-509A4C8C9FAC	13/02/2022	11	37021300	35786070	860000	112550	262680	0	0	79	78	29	1	5995745.82	0	0	10	3.45	100	1.81	0	16	29790324.18	system	02:02.0	system	NULL	4
ICOOL M?c ??nh Chi	E9B7EB9C-EE8C-EC11-8111-509A4C8C9FAC	13/02/2022	12	72401100	71703080	350000	0	348020	0	0	178	184	50	2	21232142.85	11840285.36	0	2	3	150	2.27	0	22	38630651.79	system	01:41.4	system	NULL	4
ICOOL Tr?n Bình Tr?ng	E51A8AD9-EE8C-EC11-8111-509A4C8C9FAC	13/02/2022	13	26933700	26609700	324000	0	0	0	0	70	69	24	1	9500000.01	4069122.55	0	11	4	100	1.41	0	17	13040577.44	system	03:23.1	system	NULL	4
ICOOL Cách M?ng Tháng 8	C957437E-EE8C-EC11-8111-509A4C8C9FAC	13/02/2022	14	64881800	63423400	450000	139750	868650	149280	100000	138	75	40	2	23228464.28	11093914.38	0	5	3	150	1.38	0	29	29350301.34	system	00:50.0	system	NULL	4
ICOOL C?u Ch? Y	59B95284-EE8C-EC11-8111-509A4C8C9FAC	13/02/2022	16	14515700	14201610	0	0	314090	0	50000	36	21	11	0	5500000	0	0	11	7.27	80	0.79	0	14	8751610	system	01:00.2	system	NULL	4
ICOOL Nh? Thiên ???ng	BBD042B5-EE8C-EC11-8111-509A4C8C9FAC	13/02/2022	17	42270500	41589860	525000	0	155640	0	420000	97	55	31	1	9321428.57	8878626.86	0	8	3	120	1.94	0	16	23809804.57	system	02:22.3	system	NULL	4
ICOOL Tr?n Não	E94794DF-EE8C-EC11-8111-509A4C8C9FAC	13/02/2022	18	95366400	94105660	956000	135100	169640	0	0	249	183	53	1	12714285.72	18488604.6	0	5	2	140	2.65	0	20	62902769.68	system	03:33.3	system	NULL	4
ICOOL Nguy?n Tri Ph??ng	CDCE39AF-EE8C-EC11-8111-509A4C8C9FAC	13/02/2022	19	20371600	20045500	0	0	326100	0	0	53	54	25	1	7821428.58	2965510.55	0	1	2	70	1.56	0	16	9258560.87	system	02:12.2	system	NULL	4
ICOOL ??ng ?en	2BAF628A-EE8C-EC11-8111-509A4C8C9FAC	13/02/2022	22	44030200	43829610	69590	0	131000	0	0	120	83	35	4	14586428.57	0	0	31	3	120	1.4	0	25	29243181.43	system	01:10.3	system	NULL	4
ICOOL Phan Chu Trinh	20144BBB-EE8C-EC11-8111-509A4C8C9FAC	13/02/2022	23	29158500	28509490	0	0	649010	0	0	71	52	24	0	6607142.86	5411930.25	0	0	3.33	80	1.71	0	14	16490416.89	system	02:32.4	system	NULL	4
ICOOL Phan Xích Long	C60E68C1-EE8C-EC11-8111-509A4C8C9FAC	13/02/2022	24	91629800	91197950	0	128020	303830	0	0	193	189	62	3	15535714.28	15930503.92	0	10	2	130	2.48	0	25	59731731.8	system	02:42.7	system	NULL	4
ICOOL V?ng Tàu	28BEADEB-EE8C-EC11-8111-509A4C8C9FAC	13/02/2022	25	9896500	9676260	0	0	220240	0	0	15	19	9	0	4823214.29	2050739.31	0	0	7	70	0.53	0	17	2802306.4	system	03:53.6	system	NULL	4
ICOOL Xô Vi?t Ngh? T?nh	12EDBAF1-EE8C-EC11-8111-509A4C8C9FAC	13/02/2022	4	69632500	67932500	700000	0	1000000	0	0	242	128	50	2	14053571.43	36290891.59	22523414.04	25	4	200	1.72	0	29	40111451.01	system	04:03.7	system	NULL	4
ICOOL Tô Ký	6F187BD3-EE8C-EC11-8111-509A4C8C9FAC	13/02/2022	5	38309400	37420530	385000	107250	396620	0	0	84	80	26	0	9267857.14	8424128.55	0	0	5.77	150	1	0	26	19728544.31	system	03:13.0	system	NULL	4
ICOOL Bình Phú	F1A82778-EE8C-EC11-8111-509A4C8C9FAC	13/02/2022	6	64688700	62974150	1112000	102550	500000	0	0	185	117	44	1	9421428.57	0	0	9	4	190	1.83	0	24	53552721.43	system	00:39.8	system	NULL	4
ICOOL D??ng Bá Tr?c	65597D90-EE8C-EC11-8111-509A4C8C9FAC	13/02/2022	7	127548300	127044780	220000	0	283520	0	0	239	224	78	3	10071428.57	24079891.89	0	1	1.28	100	3	0	26	92893459.54	system	01:20.6	system	NULL	4
ICOOL Nguy?n S?n	707B21A3-EE8C-EC11-8111-509A4C8C9FAC	13/02/2022	9	38597200	38597200	0	0	0	0	0	124	77	35	0	8928571.43	8613855.18	0	0	2.86	100	2.33	0	15	21054773.39	system	01:51.9	system	NULL	4
ICOOL Ung V?n Khiêm	CC846410-B88D-EC11-8111-509A4C8C9FAC	14/02/2022	1	73050200	71992300	0	0	1057900	763288	0	239	197	47	2	26167564.11	13531970.71	0	14	6.38	300	1.18	0	40	33056053.18	system	03:44.0	system	NULL	4
ICOOL Thành Thái	71071FF8-B78D-EC11-8111-509A4C8C9FAC	14/02/2022	10	60488400	59457370	0	0	1031030	0	0	162	126	46	1	21428571.44	10785110.1	0	1	4	200	1.64	0	28	27243688.46	system	03:03.3	system	NULL	4
ICOOL Nguy?n Trãi	80D5CFD3-B78D-EC11-8111-509A4C8C9FAC	14/02/2022	11	26551200	26331200	220000	0	0	0	0	57	47	19	1	5995745.82	5526046.27	0	4	5.26	100	1.19	0	16	14809407.91	system	02:02.4	system	NULL	4
ICOOL M?c ??nh Chi	77BFA9C7-B78D-EC11-8111-509A4C8C9FAC	14/02/2022	12	67972100	67136690	0	0	835410	133800	0	171	114	44	0	21232142.85	12022760.18	1474400	3	3	150	2	0	22	35489986.97	system	01:42.0	system	NULL	4
ICOOL Tr?n Bình Tr?ng	38063A04-B88D-EC11-8111-509A4C8C9FAC	14/02/2022	13	31287000	30472625	205000	81225	528150	0	0	87	74	29	4	9500000.01	4990157.22	0	7	3	100	1.71	0	17	15982467.77	system	03:23.6	system	NULL	4
ICOOL Cách M?ng Tháng 8	3C0F46A9-B78D-EC11-8111-509A4C8C9FAC	14/02/2022	14	76067100	75296500	86800	0	683800	0	0	162	117	48	0	23228464.28	12330504.71	0	3	6	320	1.66	0	29	39737531.01	system	00:51.0	system	NULL	4
ICOOL C?u Ch? Y	DD1262AF-B78D-EC11-8111-509A4C8C9FAC	14/02/2022	16	23391300	23191300	0	0	200000	0	320000	72	32	17	0	5500000	0	0	1	4.71	80	1.21	0	14	18011300	system	01:01.3	system	NULL	4
ICOOL Nh? Thiên ???ng	FFD6EADF-B78D-EC11-8111-509A4C8C9FAC	14/02/2022	17	28946400	28106400	840000	0	0	0	0	52	47	22	1	9321428.57	5902709.24	0	7	5	120	1.38	0	16	12882262.19	system	02:22.7	system	NULL	4
ICOOL Tr?n Não	8CE04E0A-B88D-EC11-8111-509A4C8C9FAC	14/02/2022	18	78078801	77019951	425000	124520	509330	160264	0	178	181	45	0	12714285.72	14875801.39	0	8	3	140	2.25	0	20	49590127.89	system	03:33.8	system	NULL	4
ICOOL Nguy?n Tri Ph??ng	3DD5DDD9-B78D-EC11-8111-509A4C8C9FAC	14/02/2022	19	12673100	12159560	175000	0	338540	0	0	38	24	14	0	7821428.58	1726974.6	0	0	5	80	0.88	0	16	2611156.82	system	02:12.5	system	NULL	4
ICOOL ??ng ?en	E5BF73B5-B78D-EC11-8111-509A4C8C9FAC	14/02/2022	22	52010400	51334220	220000	0	456180	0	0	121	100	36	1	14586428.57	0	0	3	3	120	1.44	0	25	36747791.43	system	01:11.4	system	NULL	4
ICOOL Phan Chu Trinh	624FF9E5-B78D-EC11-8111-509A4C8C9FAC	14/02/2022	23	21659800	21593690	0	66110	0	0	0	44	35	15	3	6607142.86	3848312.61	0	0	5.33	80	1.07	0	14	11138234.53	system	02:32.8	system	NULL	4
ICOOL Phan Xích Long	234014EC-B78D-EC11-8111-509A4C8C9FAC	14/02/2022	24	80957900	80407900	0	0	550000	0	100000	239	118	46	2	15535714.28	15192710.74	0	5	2	130	1.84	0	25	49779474.98	system	02:43.1	system	NULL	4
ICOOL V?ng Tàu	4A817116-B88D-EC11-8111-509A4C8C9FAC	14/02/2022	25	5765200	5765200	0	0	0	0	0	14	9	7	0	4823214.29	1166802.31	0	2	10	70	0.41	0	17	-224816.6	system	03:54.2	system	NULL	4
ICOOL Xô Vi?t Ngh? T?nh	DA68CC1C-B88D-EC11-8111-509A4C8C9FAC	14/02/2022	4	49544700	48259000	854000	81700	350000	0	405000	162	89	38	7	14053571.43	10180602.21	176000	19	5.26	200	1.31	0	29	24605826.36	system	04:04.8	system	NULL	4
ICOOL Tô Ký	EE9629FE-B78D-EC11-8111-509A4C8C9FAC	14/02/2022	5	28988500	27714680	970000	0	303820	0	0	88	33	19	0	9267857.14	6210485.58	0	2	7.89	150	0.73	0	26	12236337.28	system	03:13.4	system	NULL	4
ICOOL Bình Phú	F1B30DA3-B78D-EC11-8111-509A4C8C9FAC	14/02/2022	6	63371100	61408225	1509800	75075	378000	0	0	157	144	37	1	9421428.57	0	0	5	4	170	1.54	0	24	51986796.43	system	00:40.6	system	NULL	4
ICOOL D??ng Bá Tr?c	AD0EA0BB-B78D-EC11-8111-509A4C8C9FAC	14/02/2022	7	113544100	112903260	0	0	640840	120256	0	211	189	63	1	10071428.57	21377500.97	0	0	1.59	100	2.42	0	26	81574586.46	system	01:21.8	system	NULL	4
ICOOL Nguy?n S?n	F333BACD-B78D-EC11-8111-509A4C8C9FAC	14/02/2022	9	25551200	25185770	0	0	365430	0	0	70	62	26	0	8928571.43	64813936.29	59877914.23	0	3.85	100	1.73	0	15	11321176.52	system	01:52.2	system	NULL	4
ICOOL Ung V?n Khiêm	5FB39E3C-818E-EC11-8111-509A4C8C9FAC	15/02/2022	1	92076200	87786200	1040000	0	3250000	369072	0	271	222	54	5	26167564.11	17015788.98	0	25	6.11	330	1.35	0	40	44971918.92	system	03:47.1	system	NULL	4
ICOOL Thành Thái	37145424-818E-EC11-8111-509A4C8C9FAC	15/02/2022	10	71538300	70695620	0	0	842680	147600	0	226	107	45	1	21428571.44	13016340.61	0	6	4	200	1.61	0	28	36398307.95	system	03:06.3	system	NULL	4
ICOOL Nguy?n Trãi	29BB0800-818E-EC11-8111-509A4C8C9FAC	15/02/2022	11	19832800	19612800	220000	0	0	0	0	43	48	16	0	5995745.82	4080471.93	0	7	4.38	70	1	0	16	9536582.25	system	02:05.4	system	NULL	4
ICOOL M?c ??nh Chi	AB81EFF3-808E-EC11-8111-509A4C8C9FAC	15/02/2022	12	66929200	66775980	0	0	153220	808016	0	169	118	35	2	21232142.85	11610274.04	0	2	4	150	1.59	0	22	34741579.11	system	01:45.1	system	NULL	4
ICOOL Tr?n Bình Tr?ng	DE626D30-818E-EC11-8111-509A4C8C9FAC	15/02/2022	13	26031000	25535080	495920	0	0	0	0	65	57	19	0	9500000.01	3982010.21	0	8	5	100	1.12	0	17	12053069.78	system	03:26.6	system	NULL	4
ICOOL Cách M?ng Tháng 8	8621AFD5-808E-EC11-8111-509A4C8C9FAC	15/02/2022	14	84563200	83681270	525000	0	356930	371496	0	180	126	45	1	23228464.28	14288720.71	0	7	7	320	1.55	0	29	46535581.01	system	00:54.4	system	NULL	4
ICOOL C?u Ch? Y	E9AAB8DB-808E-EC11-8111-509A4C8C9FAC	15/02/2022	16	4715900	4715900	0	0	0	0	0	14	5	3	0	5500000	0	0	0	20	60	0.21	0	14	-784100	system	01:04.5	system	NULL	4
ICOOL Nh? Thiên ???ng	65B2210C-818E-EC11-8111-509A4C8C9FAC	15/02/2022	17	24244400	23630750	560000	0	53650	0	0	44	40	19	3	9321428.57	0	0	8	6	120	1.19	0	16	14309321.43	system	02:25.7	system	NULL	4
ICOOL Tr?n Não	BBD78036-818E-EC11-8111-509A4C8C9FAC	15/02/2022	18	73135700	71960350	1100000	75350	0	553488	200000	167	123	39	1	12714285.72	15791320.73	0	9	3	140	1.95	0	20	44208231.55	system	03:36.8	system	NULL	4
ICOOL Nguy?n Tri Ph??ng	8B021206-818E-EC11-8111-509A4C8C9FAC	15/02/2022	19	17690000	16988850	400000	0	301150	0	0	44	28	17	0	7821428.58	3055848.94	0	0	4	70	1.06	0	16	6111572.48	system	02:15.5	system	NULL	4
ICOOL ??ng ?en	C0B6C8E1-808E-EC11-8111-509A4C8C9FAC	15/02/2022	22	16940000	16940000	0	0	0	0	0	46	31	17	2	14586428.57	0	0	3	7	120	0.68	0	25	2353571.43	system	01:14.7	system	NULL	4
ICOOL Phan Chu Trinh	3E392F12-818E-EC11-8111-509A4C8C9FAC	15/02/2022	23	25547900	25547900	0	0	0	0	0	55	31	17	0	6607142.86	4880339.94	0	0	4.71	80	1.21	0	14	14060417.21	system	02:35.9	system	NULL	4
ICOOL Phan Xích Long	45B54418-818E-EC11-8111-509A4C8C9FAC	15/02/2022	24	68001100	66734140	429250	0	837710	217160	0	202	77	45	7	15535714.28	13023369.42	203379	15	2	130	1.8	0	25	38595595.3	system	02:46.1	system	NULL	4
ICOOL V?ng Tàu	29E2A442-818E-EC11-8111-509A4C8C9FAC	15/02/2022	25	8099400	8099400	0	0	0	0	0	19	17	8	1	4823214.29	1626396.64	0	0	7	60	0.47	0	17	1649789.07	system	03:57.2	system	NULL	4
ICOOL Xô Vi?t Ngh? T?nh	DE72BD48-818E-EC11-8111-509A4C8C9FAC	15/02/2022	4	52624400	51704900	525000	0	394500	0	0	159	83	33	7	14053571.43	9833999.5	0	22	6.06	200	1.14	0	29	27817329.07	system	04:07.4	system	NULL	4
ICOOL Tô Ký	448F5D2A-818E-EC11-8111-509A4C8C9FAC	15/02/2022	5	30322300	28912735	840000	91765	477800	193360	0	71	63	18	1	9267857.14	6863638.23	0	2	8.33	150	0.69	0	26	12974599.63	system	03:16.4	system	NULL	4
ICOOL Bình Phú	7C6689CF-808E-EC11-8111-509A4C8C9FAC	15/02/2022	6	26291400	25874200	175000	192200	50000	0	0	76	49	20	0	9421428.57	0	0	5	8	170	0.83	0	24	16452771.43	system	00:44.0	system	NULL	4
ICOOL D??ng Bá Tr?c	8C84E8E7-808E-EC11-8111-509A4C8C9FAC	15/02/2022	7	74195300	73901680	110000	0	183620	0	0	131	114	41	1	10071428.57	14450497.77	0	0	2.44	100	1.58	0	26	49379753.66	system	01:24.9	system	NULL	4
ICOOL Nguy?n S?n	5A0CFFF9-808E-EC11-8111-509A4C8C9FAC	15/02/2022	9	22792900	22581350	0	0	211550	0	0	61	44	20	1	8928571.43	4798162.94	389420	0	5	100	1.33	0	15	9244035.63	system	01:55.3	system	NULL	4
ICOOL Ung V?n Khiêm	5E8E4368-4A8F-EC11-8111-509A4C8C9FAC	16/02/2022	1	95113700	94972990	0	140710	0	371096	0	245	212	59	2	26167564.11	0	0	27	5.59	330	1.48	0	40	69176521.89	system	03:49.1	system	NULL	4
ICOOL Thành Thái	FB7B834F-4A8F-EC11-8111-509A4C8C9FAC	16/02/2022	10	63306300	61974910	525000	52830	753560	0	0	247	147	49	5	21428571.44	13619925.99	0	25	4	200	1.75	0	28	26926412.57	system	03:07.6	system	NULL	4
ICOOL Nguy?n Trãi	CB20392B-4A8F-EC11-8111-509A4C8C9FAC	16/02/2022	11	6356600	6306600	0	0	50000	0	0	20	19	9	0	5995745.82	1067850.98	0	4	7.78	70	0.56	0	16	-756996.8	system	02:06.7	system	NULL	4
ICOOL M?c ??nh Chi	ACCC241F-4A8F-EC11-8111-509A4C8C9FAC	16/02/2022	12	71122600	71030600	0	0	92000	810496	0	192	120	46	2	21232142.85	13595821.45	0	4	3	170	2.09	0	22	37013131.7	system	01:46.4	system	NULL	4
ICOOL Tr?n Bình Tr?ng	509B995B-4A8F-EC11-8111-509A4C8C9FAC	16/02/2022	13	26416300	25264860	763500	0	387940	0	0	84	48	25	1	9500000.01	0	0	13	4	100	1.47	0	17	15764859.99	system	03:27.9	system	NULL	4
ICOOL Cách M?ng Tháng 8	C47E7000-4A8F-EC11-8111-509A4C8C9FAC	16/02/2022	14	93915300	92429500	525000	0	960800	897472	0	182	162	50	4	23228464.28	19417920.54	0	10	6	320	1.72	0	29	50680587.18	system	00:54.9	system	NULL	4
ICOOL C?u Ch? Y	DCE57B06-4A8F-EC11-8111-509A4C8C9FAC	16/02/2022	16	16381401	16311401	70000	0	0	0	0	35	41	18	1	5500000	0	0	8	3.33	60	1.29	0	14	10811401	system	01:05.1	system	NULL	4
ICOOL Nh? Thiên ???ng	B5A25537-4A8F-EC11-8111-509A4C8C9FAC	16/02/2022	17	27335100	26810100	525000	0	0	0	0	53	43	17	4	9321428.57	0	0	2	5	100	1.06	0	16	17488671.43	system	02:27.0	system	NULL	4
ICOOL Tr?n Não	9859B061-4A8F-EC11-8111-509A4C8C9FAC	16/02/2022	18	106872000	105703810	790000	0	378190	727256	0	330	162	59	4	12714285.72	23638436.2	273879	10	2	140	2.95	0	20	70352223.08	system	03:38.1	system	NULL	4
ICOOL Nguy?n Tri Ph??ng	23B24231-4A8F-EC11-8111-509A4C8C9FAC	16/02/2022	19	17409400	16398900	859000	0	151500	0	0	44	51	18	0	7821428.58	3390907.52	0	1	3	70	1.13	0	16	5186563.9	system	02:16.8	system	NULL	4
ICOOL ??ng ?en	8CAAA40C-4A8F-EC11-8111-509A4C8C9FAC	16/02/2022	22	36973400	36773400	200000	0	0	0	0	95	88	28	2	14586428.57	0	0	4	4	120	1.12	0	25	22186971.43	system	01:15.4	system	NULL	4
ICOOL Phan Chu Trinh	B7045E3D-4A8F-EC11-8111-509A4C8C9FAC	16/02/2022	23	16662600	16662600	0	0	0	0	0	40	29	11	0	6607142.86	4036543.06	0	1	7.27	80	0.79	0	14	6018914.09	system	02:37.2	system	NULL	4
ICOOL Phan Xích Long	6AB57743-4A8F-EC11-8111-509A4C8C9FAC	16/02/2022	24	62692100	62042100	50000	0	600000	117936	0	183	140	51	7	15535714.28	11984128.03	0	13	2	130	2.04	0	25	34640193.69	system	02:47.4	system	NULL	4
ICOOL V?ng Tàu	51DD4B6E-4A8F-EC11-8111-509A4C8C9FAC	16/02/2022	25	5927400	5927400	0	0	0	0	0	20	20	9	0	4823214.29	910024.95	0	0	6	60	0.53	0	17	194160.76	system	03:59.2	system	NULL	4
ICOOL Xô Vi?t Ngh? T?nh	2FFA5D74-4A8F-EC11-8111-509A4C8C9FAC	16/02/2022	4	47684500	46754850	755300	0	174350	0	0	146	99	38	3	14053571.43	11139324.81	0	22	5.26	200	1.31	0	29	21561953.77	system	04:09.4	system	NULL	4
ICOOL Tô Ký	73D68C55-4A8F-EC11-8111-509A4C8C9FAC	16/02/2022	5	21337200	20085860	175000	0	1076340	0	0	55	47	15	0	9267857.14	5496683.24	0	1	10	150	0.58	0	26	5321319.62	system	03:17.7	system	NULL	4
ICOOL Bình Phú	072540FA-498F-EC11-8111-509A4C8C9FAC	16/02/2022	6	54475400	53505400	970000	0	0	0	0	172	117	32	1	9421428.57	0	0	4	5.31	170	1.33	0	24	44083971.43	system	00:44.5	system	NULL	4
ICOOL D??ng Bá Tr?c	FFD51C13-4A8F-EC11-8111-509A4C8C9FAC	16/02/2022	7	93709301	92490491	0	0	1218810	196288	0	179	169	61	2	10071428.57	18700348.68	15172068.84	1	1.64	100	2.35	0	26	79087070.59	system	01:26.3	system	NULL	4
ICOOL Nguy?n S?n	7FE62D25-4A8F-EC11-8111-509A4C8C9FAC	16/02/2022	9	35741700	34461560	1050000	0	230140	0	0	94	65	26	0	8928571.43	9135707.54	136130	0	3.85	100	1.73	0	15	16533411.03	system	01:56.6	system	NULL	4
ICOOL Ung V?n Khiêm	8982C07B-1390-EC11-8111-509A4C8C9FAC	17/02/2022	1	120116600	119037270	0	0	1079330	441408	0	286	271	63	0	26167564.11	25849214.21	0	25	5.24	330	1.57	0	40	67461899.69	system	03:10.7	system	NULL	4
ICOOL Thành Thái	EB903D63-1390-EC11-8111-509A4C8C9FAC	17/02/2022	10	66168500	65545840	525000	0	97660	88984	0	219	157	47	1	21428571.43	13441526.05	0	12	4.26	200	1.68	0	28	30764726.53	system	02:29.5	system	NULL	4
ICOOL Nguy?n Trãi	571CE83E-1390-EC11-8111-509A4C8C9FAC	17/02/2022	11	20813400	20614400	199000	0	0	0	0	50	49	17	0	5995745.82	4876765.92	141485	6	4.71	80	1.06	0	16	9883373.26	system	01:28.6	system	NULL	4
ICOOL M?c ??nh Chi	42B0C032-1390-EC11-8111-509A4C8C9FAC	17/02/2022	12	79857000	79462600	0	0	394400	284816	0	163	151	51	2	21232142.85	0	0	4	4	220	2.32	0	22	58515273.15	system	01:08.2	system	NULL	4
ICOOL Tr?n Bình Tr?ng	42235F6F-1390-EC11-8111-509A4C8C9FAC	17/02/2022	13	28494400	28133400	361000	0	0	140880	0	79	75	25	0	9500000	0	0	9	4	100	1.47	0	17	18774280	system	02:49.9	system	NULL	4
ICOOL Cách M?ng Tháng 8	64FA3214-1390-EC11-8111-509A4C8C9FAC	17/02/2022	14	100956500	98061600	142000	0	2752900	150920	250000	169	146	55	6	23228464.29	0	0	14	5.82	320	1.9	0	29	75234055.71	system	00:16.9	system	NULL	4
ICOOL C?u Ch? Y	12316D1A-1390-EC11-8111-509A4C8C9FAC	17/02/2022	16	15230400	15095530	0	0	134870	137600	0	45	37	14	0	5500000	0	0	4	4.29	60	1	0	14	9733130	system	00:27.4	system	NULL	4
ICOOL Nh? Thiên ???ng	3D60034B-1390-EC11-8111-509A4C8C9FAC	17/02/2022	17	19565000	19040000	525000	0	0	0	0	34	31	17	0	9321428.57	0	0	6	5.88	100	1.06	0	16	9718571.43	system	01:48.9	system	NULL	4
ICOOL Tr?n Não	15B49375-1390-EC11-8111-509A4C8C9FAC	17/02/2022	18	98115700	97556990	245000	313710	0	287680	60000	231	244	56	0	12714285.71	21473923.93	653500	8	2.5	140	2.8	0	20	64369960.36	system	03:00.3	system	NULL	4
ICOOL Nguy?n Tri Ph??ng	3D19F444-1390-EC11-8111-509A4C8C9FAC	17/02/2022	19	21296300	20666780	372800	0	256720	0	0	58	61	24	0	7821428.57	4118665.55	0	1	2.92	70	1.5	0	16	8726685.88	system	01:38.7	system	NULL	4
ICOOL ??ng ?en	0E388120-1390-EC11-8111-509A4C8C9FAC	17/02/2022	22	41960700	40857100	455000	0	648600	0	0	101	95	35	4	14586428.57	0	0	19	2.57	90	1.4	0	25	26270671.43	system	00:37.6	system	NULL	4
ICOOL Phan Chu Trinh	4FF80F51-1390-EC11-8111-509A4C8C9FAC	17/02/2022	23	8120000	8120000	0	0	0	0	0	17	14	6	0	6607142.86	0	750000	1	13.33	80	0.43	0	14	2262857.14	system	01:59.0	system	NULL	4
ICOOL Phan Xích Long	EFCF2C57-1390-EC11-8111-509A4C8C9FAC	17/02/2022	24	68433100	67483100	0	0	950000	146320	0	161	135	49	0	15535714.29	0	0	21	2.65	130	1.96	0	25	52093705.71	system	02:09.3	system	NULL	4
ICOOL V?ng Tàu	BE5D0B82-1390-EC11-8111-509A4C8C9FAC	17/02/2022	25	12539100	12401280	0	0	137820	0	0	29	32	14	0	4823214.29	0	0	0	4.29	60	0.82	0	17	7578065.71	system	03:21.2	system	NULL	4
ICOOL Xô Vi?t Ngh? T?nh	0E031F88-1390-EC11-8111-509A4C8C9FAC	17/02/2022	4	42706500	42073480	585250	47770	0	0	0	109	92	34	0	14053571.43	9552997.2	0	17	5.88	200	1.17	0	29	18466911.37	system	03:31.4	system	NULL	4
ICOOL Tô Ký	E7654D69-1390-EC11-8111-509A4C8C9FAC	17/02/2022	5	24697200	23411360	455000	420820	410020	98624	0	84	2	15	0	9267857.14	6125319.94	0	0	10	150	0.58	0	26	8116806.92	system	02:39.7	system	NULL	4
ICOOL Bình Phú	403A2B0D-1390-EC11-8111-509A4C8C9FAC	17/02/2022	6	47481400	47397400	34000	0	50000	115328	0	152	125	34	1	9421428.57	0	0	5	4.41	150	1.42	0	24	38091299.43	system	00:05.1	system	NULL	4
ICOOL D??ng Bá Tr?c	C190A326-1390-EC11-8111-509A4C8C9FAC	17/02/2022	7	84970100	84601070	0	0	369030	0	0	160	144	53	0	10071428.57	0	0	1	1.89	100	2.04	0	26	74529641.43	system	00:47.9	system	NULL	4
