name	id	date	cuahang_id	sum	total	mon	customer	bill	vat	phuphi	male	female	num_of_bill	complain	chiphi	goods	returns	customer_info	hour_per_bill	hours	tour	expense	room	profit	created_by	created_date	modified_by	modified_date	trangthai
ICOOL Ung V?n Khiêm	35360D09-544C-EB11-80FC-509A4C8C9FAC	01/01/2021	1	133260100	130995360	1601855	147515	515370	0	0	410	211	81	1	25600000.01	37121002.37	11424582	50	4	350	2.31	0	35	79698939.62	system	08:58.8	system	NULL	4
ICOOL Thành Thái	5B577AC1-534C-EB11-80FC-509A4C8C9FAC	01/01/2021	10	77961600	75168090	1069480	151200	1572830	494838	0	217	155	59	6	20213348.39	15139187.4	12119435.05	30	0	1	2.11	0	28	52429827.26	system	06:58.7	system	NULL	4
ICOOL Nguy?n Trãi	DAB10568-534C-EB11-80FC-509A4C8C9FAC	01/01/2021	11	41293000	39061845	1913300	66445	251410	0	0	85	120	34	2	6587311.84	18755490.95	10991668	6	4	160	2.13	0	16	24710710.21	system	04:28.6	system	NULL	4
ICOOL M?c ??nh Chi	CCC44144-534C-EB11-80FC-509A4C8C9FAC	01/01/2021	12	67527800	66302700	1175630	49470	0	0	0	88	103	46	8	22741935.48	18301335.53	10700100.98	21	6	320	2.09	0	22	35959529.97	system	03:28.6	system	NULL	4
ICOOL Tr?n Bình Tr?ng	7CE246E5-534C-EB11-80FC-509A4C8C9FAC	01/01/2021	13	51672400	50427370	493970	0	751060	0	30000	139	114	37	3	9345161.29	17554212.01	10590434	11	5.68	210	2.18	0	17	34148430.7	system	07:58.8	system	NULL	4
ICOOL Cách M?ng Tháng 8	6CF0D3EA-524C-EB11-80FC-509A4C8C9FAC	01/01/2021	14	101063300	99209555	938035	0	915710	450958	0	227	233	66	12	18661290.32	15571609.13	0	41	5	380	2.36	0	28	65427613.55	system	00:58.6	system	NULL	4
ICOOL C?u Ch? Y	FF64B3FC-524C-EB11-80FC-509A4C8C9FAC	01/01/2021	16	17070200	16926200	144000	0	0	0	0	43	42	13	0	4903225.8	7439548.94	0	1	8	110	0.93	0	14	4583425.26	system	01:28.6	system	NULL	4
ICOOL Nh? Thiên ???ng	8C75D28B-534C-EB11-80FC-509A4C8C9FAC	01/01/2021	17	52968600	50977945	740985	0	1249670	225220	0	104	76	34	2	10135483.88	22354690.68	12942919.34	6	5	170	2.13	0	16	31655909.78	system	05:28.7	system	NULL	4
ICOOL Tr?n Não	F2A928F7-534C-EB11-80FC-509A4C8C9FAC	01/01/2021	18	100009700	99163760	736640	0	109300	409005	0	255	266	65	6	16096774.2	41155343.3	20460891.93	33	4	320	3.25	0	20	62781539.43	system	08:28.8	system	NULL	4
ICOOL Nguy?n Tri Ph??ng	0A5FEF79-534C-EB11-80FC-509A4C8C9FAC	01/01/2021	19	28670800	28236800	434000	0	0	0	0	77	76	30	6	8090241.93	10605451.4	6216633	3	4	140	1.88	0	16	15757739.67	system	04:58.7	system	NULL	4
ICOOL ??ng ?en	EFEA920E-534C-EB11-80FC-509A4C8C9FAC	01/01/2021	22	87366900	85916355	957335	0	493210	223200	0	294	177	64	5	10775806.45	23008260.1	8546549.34	34	4	260	2.56	0	25	60902037.79	system	01:58.5	system	NULL	4
ICOOL Phan Chu Trinh	282CB69D-534C-EB11-80FC-509A4C8C9FAC	01/01/2021	23	55260600	53957160	1031360	0	272080	0	200000	106	73	39	5	8152338.71	17897219.69	6709408	21	3	150	2.79	0	14	34817009.6	system	05:58.7	system	NULL	4
ICOOL Phan Xích Long	9CF497AF-534C-EB11-80FC-509A4C8C9FAC	01/01/2021	24	100797900	98442270	892940	0	1462690	0	0	214	183	53	6	14032258.06	33062920.5	13325000	28	4	240	2.12	0	25	64672091.44	system	06:28.7	system	NULL	4
ICOOL Xô Vi?t Ngh? T?nh	DEFFD62C-544C-EB11-80FC-509A4C8C9FAC	01/01/2021	4	113549400	111163600	1850100	66060	469640	0	0	297	232	84	7	16209677.42	22131870.92	0	42	3	330	2.9	0	29	72822051.66	system	09:58.8	system	NULL	4
ICOOL Tô Ký	9C2160D3-534C-EB11-80FC-509A4C8C9FAC	01/01/2021	5	57745000	56127989	785401	121920	709690	0	0	109	122	47	6	10919354.84	18423474.67	6216684	20	4	200	1.81	0	26	33001843.49	system	07:28.7	system	NULL	4
ICOOL Bình Phú	7F603ED9-524C-EB11-80FC-509A4C8C9FAC	01/01/2021	6	111814600	107955823	2911752	292275	654750	0	0	305	213	76	11	21487512.59	33651745.08	12857359	30	3	300	3.17	0	24	65673924.33	system	00:29.1	system	NULL	4
ICOOL D??ng Bá Tr?c	A2397920-534C-EB11-80FC-509A4C8C9FAC	01/01/2021	7	117978600	115511500	1976270	126430	364400	0	0	205	177	71	1	18865550.09	34751523.69	13362635	23	4	320	3.09	0	23	75257061.22	system	02:28.6	system	NULL	4
ICOOL Nguy?n S?n	2C132556-534C-EB11-80FC-509A4C8C9FAC	01/01/2021	9	67731600	65692050	1633280	0	406270	0	0	190	143	51	5	8019064.51	21849004.07	6725712	48	3	200	3.64	0	14	42549693.42	system	03:58.6	system	NULL	4
ICOOL Ung V?n Khiêm	592CD133-1D4D-EB11-80FC-509A4C8C9FAC	02/01/2021	1	112470600	109179790	2526110	0	764700	0	0	325	195	72	2	25600000.01	24013547.92	0	38	4	350	2.06	0	35	59566242.07	system	08:59.4	system	NULL	4
ICOOL Thành Thái	60E538EC-1C4D-EB11-80FC-509A4C8C9FAC	02/01/2021	10	86802200	83315642	3036823	93475	356260	0	0	207	180	55	6	20213348.39	14699332.78	0	22	0	1	1.96	0	28	48402960.83	system	06:59.2	system	NULL	4
ICOOL Nguy?n Trãi	6094C892-1C4D-EB11-80FC-509A4C8C9FAC	02/01/2021	11	21787400	21176750	27090	0	583560	0	100000	46	63	20	0	6587311.84	5022249.75	1439000	11	8	160	1.25	0	16	11106188.41	system	04:29.2	system	NULL	4
ICOOL M?c ??nh Chi	A541FD6E-1C4D-EB11-80FC-509A4C8C9FAC	02/01/2021	12	64421700	62348400	1439520	0	633780	233277	0	106	112	46	5	22741935.48	9363321.88	0	19	6	320	2.09	0	22	30476419.64	system	03:29.1	system	NULL	4
ICOOL Tr?n Bình Tr?ng	93570110-1D4D-EB11-80FC-509A4C8C9FAC	02/01/2021	13	35425100	32770661	2052769	0	601670	0	0	76	93	26	1	9345161.29	5631477.01	0	12	8.08	210	1.53	0	17	17794022.7	system	07:59.3	system	NULL	4
ICOOL Cách M?ng Tháng 8	92EE8C15-1C4D-EB11-80FC-509A4C8C9FAC	02/01/2021	14	114404300	111632767.5	1588035	178647.5	1004850	0	200000	243	233	70	7	18661290.32	17774657.96	0	17	5	380	2.5	0	28	75396819.22	system	00:59.1	system	NULL	4
ICOOL C?u Ch? Y	BBA86927-1C4D-EB11-80FC-509A4C8C9FAC	02/01/2021	16	22704400	22538140	0	0	166260	0	0	42	39	17	1	4903225.8	7417295.94	0	15	7	130	1.21	0	14	10217618.26	system	01:29.1	system	NULL	4
ICOOL Nh? Thiên ???ng	661E98B6-1C4D-EB11-80FC-509A4C8C9FAC	02/01/2021	17	23739700	23427910	311790	0	0	0	0	56	39	24	1	10135483.88	3718450.58	0	4	7	170	1.5	0	16	9573975.54	system	05:29.3	system	NULL	4
ICOOL Tr?n Não	8454E521-1D4D-EB11-80FC-509A4C8C9FAC	02/01/2021	18	76672000	75036270	1635730	0	0	0	0	202	197	55	5	16096774.2	14059589.93	62681.26	32	5	320	2.75	0	20	44942587.13	system	08:29.3	system	NULL	4
ICOOL Nguy?n Tri Ph??ng	C4CEA4A4-1C4D-EB11-80FC-509A4C8C9FAC	02/01/2021	19	18982300	18525980	434000	22320	0	0	0	48	64	24	2	8090241.94	3477824.86	758200	2	11.67	280	1.5	0	16	7716113.2	system	04:59.2	system	NULL	4
ICOOL ??ng ?en	D31F5239-1C4D-EB11-80FC-509A4C8C9FAC	02/01/2021	22	69281700	68011684.95	926499	343516.05	0	0	0	161	114	48	4	10775806.45	13386307.73	0	26	5	260	1.92	0	25	43849570.77	system	01:59.1	system	NULL	4
ICOOL Phan Chu Trinh	F22B6FC8-1C4D-EB11-80FC-509A4C8C9FAC	02/01/2021	23	41440900	39953200	1202660	0	285040	0	0	72	51	28	5	8152338.71	8357885.01	0	8	5	150	2	0	14	23442976.28	system	05:59.2	system	NULL	4
ICOOL Phan Xích Long	89A056DA-1C4D-EB11-80FC-509A4C8C9FAC	02/01/2021	24	81478800	78409660	1926510	0	1142630	0	0	183	162	49	7	14032258.06	15209393.25	359047.62	16	4.9	240	1.96	0	25	49527056.31	system	06:29.2	system	NULL	4
ICOOL Xô Vi?t Ngh? T?nh	463C9757-1D4D-EB11-80FC-509A4C8C9FAC	02/01/2021	4	70862500	69110020	1230380	89100	433000	0	0	217	160	55	1	16209677.42	21714207.44	9063353	21	6	330	1.9	0	29	40249488.14	system	09:59.4	system	NULL	4
ICOOL Tô Ký	88261CFE-1C4D-EB11-80FC-509A4C8C9FAC	02/01/2021	5	55071000	53337440	863300	0	870260	0	0	114	124	43	2	10919354.84	12655428.68	0	11	4	190	1.65	0	26	29762656.48	system	07:29.3	system	NULL	4
ICOOL Bình Phú	A8729C04-1C4D-EB11-80FC-509A4C8C9FAC	02/01/2021	6	80920900	76986364	2835472	390864	708200	0	0	195	138	51	7	21487512.59	16164149.37	0	8	5	300	2.13	0	24	39334702.04	system	00:30.7	system	NULL	4
ICOOL D??ng Bá Tr?c	4AC2314B-1C4D-EB11-80FC-509A4C8C9FAC	02/01/2021	7	68808000	66570570	2093200	0	144230	0	0	132	140	48	2	18865550.1	12612575.01	517692	30	6.67	320	2.09	0	23	35610136.89	system	02:29.1	system	NULL	4
ICOOL Nguy?n S?n	85B7D980-1C4D-EB11-80FC-509A4C8C9FAC	02/01/2021	9	29753400	28944220	380210	111010	317960	0	0	74	64	22	2	8019064.51	6424999.66	0	12	8	190	1.57	0	14	14500155.83	system	03:59.1	system	NULL	4
ICOOL Ung V?n Khiêm	FE7A7F5E-E64D-EB11-80FC-509A4C8C9FAC	03/01/2021	1	62716200	59157485	3102115	0	456600	0	0	175	99	37	5	25600000.01	12671565.48	0	15	8	320	1.06	0	35	20885919.51	system	08:59.8	system	NULL	4
ICOOL Thành Thái	6685E916-E64D-EB11-80FC-509A4C8C9FAC	03/01/2021	10	46335000	45770185	228755	0	336060	0	0	120	108	35	1	20213348.39	8353188.97	0	21	0	1	1.25	0	28	17203647.64	system	06:59.7	system	NULL	4
ICOOL Nguy?n Trãi	694B73BD-E54D-EB11-80FC-509A4C8C9FAC	03/01/2021	11	11371900	11371900	0	0	0	0	0	39	40	16	0	6587311.84	1322515.05	0	5	10	160	1	0	16	3462073.11	system	04:29.6	system	NULL	4
ICOOL M?c ??nh Chi	F67FAC99-E54D-EB11-80FC-509A4C8C9FAC	03/01/2021	12	44136800	43890450	150800	24300	71250	1215980	0	71	65	25	2	22741935.48	7825065	983609	15	12	300	1.14	0	22	15523038.52	system	03:29.6	system	NULL	4
ICOOL Tr?n Bình Tr?ng	913CAE3A-E64D-EB11-80FC-509A4C8C9FAC	03/01/2021	13	32888100	31575040	1151120	0	161940	222240	0	64	76	20	3	9345161.29	5923397.21	0	1	8.5	170	1.18	0	17	16528721.5	system	07:59.7	system	NULL	4
ICOOL Cách M?ng Tháng 8	AEC73C40-E54D-EB11-80FC-509A4C8C9FAC	03/01/2021	14	67371100	64174358	2657292	0	539450	0	0	175	146	52	13	18661290.32	11655251.31	170000	30	5	300	1.86	0	28	34027816.37	system	00:59.5	system	NULL	4
ICOOL C?u Ch? Y	AC991D52-E54D-EB11-80FC-509A4C8C9FAC	03/01/2021	16	8144300	8144300	0	0	0	0	0	21	15	9	1	4903225.8	3560680.8	0	7	13	120	0.64	0	14	-319606.6	system	01:29.5	system	NULL	4
ICOOL Nh? Thiên ???ng	4C443DE1-E54D-EB11-80FC-509A4C8C9FAC	03/01/2021	17	25177100	24742300	434800	0	0	0	0	57	43	22	0	10135483.88	5151520.34	0	6	8	180	1.38	0	16	9455295.78	system	05:29.7	system	NULL	4
ICOOL Tr?n Não	0C08954C-E64D-EB11-80FC-509A4C8C9FAC	03/01/2021	18	74023301	73327086	532715	0	163500	0	0	212	200	50	3	16096774.2	15657201.67	72500	23	6	320	2.5	0	20	41645610.13	system	08:29.8	system	NULL	4
ICOOL Nguy?n Tri Ph??ng	DCE35DCF-E54D-EB11-80FC-509A4C8C9FAC	03/01/2021	19	22661600	22400320	49040	0	212240	0	0	69	63	25	1	8090241.94	3462494.18	0	1	11.2	280	1.56	0	16	10847583.88	system	04:59.7	system	NULL	4
ICOOL ??ng ?en	AF7B0B64-E54D-EB11-80FC-509A4C8C9FAC	03/01/2021	22	59303700	57687370	1117890	0	498440	492905	0	145	106	35	2	10775806.45	12900227.01	0	17	7	260	1.4	0	25	34504241.54	system	01:59.6	system	NULL	4
ICOOL Phan Chu Trinh	19481FF3-E54D-EB11-80FC-509A4C8C9FAC	03/01/2021	23	23638000	23414140	109610	0	114250	0	0	69	114	22	1	8152338.71	6566599	1648200	15	6	150	1.57	0	14	10343402.29	system	05:59.7	system	NULL	4
ICOOL Phan Xích Long	783A0505-E64D-EB11-80FC-509A4C8C9FAC	03/01/2021	24	63906100	55551435	8165370	51355	137940	0	0	161	101	40	5	14032258.06	12421217.38	0	16	6	240	1.6	0	25	29097959.56	system	06:29.7	system	NULL	4
ICOOL Xô Vi?t Ngh? T?nh	E9FA4182-E64D-EB11-80FC-509A4C8C9FAC	03/01/2021	4	53003800	51683150	856550	27880	436220	0	80000	137	106	40	1	16209677.42	10695321.68	0	17	8	330	1.38	0	29	24858150.9	system	09:59.8	system	NULL	4
ICOOL Tô Ký	99CAC828-E64D-EB11-80FC-509A4C8C9FAC	03/01/2021	5	43687900	42794855	652745	145080	95220	0	0	100	89	34	0	10919354.84	10363966.16	0	14	5	180	1.31	0	26	21511534	system	07:29.7	system	NULL	4
ICOOL Bình Phú	53FB912E-E54D-EB11-80FC-509A4C8C9FAC	03/01/2021	6	69023200	67554920	1385800	0	82480	0	0	167	136	51	2	21487512.59	13600350.34	0	11	5	290	2.13	0	24	32467057.07	system	00:29.9	system	NULL	4
ICOOL D??ng Bá Tr?c	F96CE675-E54D-EB11-80FC-509A4C8C9FAC	03/01/2021	7	58570600	56241745	1971585	0	357270	0	0	109	105	37	4	18865550.1	11707209.68	36978	16	8.65	320	1.61	0	23	25705963.22	system	02:29.6	system	NULL	4
ICOOL Nguy?n S?n	7FEF8FAB-E54D-EB11-80FC-509A4C8C9FAC	03/01/2021	9	40892600	39140871	409289	0	1342440	0	0	109	85	27	7	8019064.51	9612062.21	0	14	6	180	1.93	0	14	21509744.28	system	03:59.6	system	NULL	4
ICOOL Ung V?n Khiêm	42AF2689-AF4E-EB11-80FC-509A4C8C9FAC	04/01/2021	1	67097400	66052645	927105	0	117650	268470	0	191	128	43	2	25600000.01	15464753.25	0	18	7	320	1.23	0	35	25256361.74	system	09:00.2	system	NULL	4
ICOOL Thành Thái	738F9741-AF4E-EB11-80FC-509A4C8C9FAC	04/01/2021	10	34468700	33578877	787133	0	102690	206180	0	117	99	33	2	20213348.39	7240583.89	0	8	9	311	1.18	0	28	6331124.72	system	07:00.2	system	NULL	4
ICOOL Nguy?n Trãi	1D3C23E8-AE4E-EB11-80FC-509A4C8C9FAC	04/01/2021	11	9641400	9201055	440345	0	0	196050	0	24	29	8	1	6587311.84	1858882.1	0	3	16	130	0.5	0	16	950911.06	system	04:30.1	system	NULL	4
ICOOL M?c ??nh Chi	6B7D5AC4-AE4E-EB11-80FC-509A4C8C9FAC	04/01/2021	12	50505000	49343380	946200	0	215420	170330	0	98	92	31	2	22741935.48	9770528.34	36978	11	8	260	1.41	0	22	17038224.18	system	03:30.0	system	NULL	4
ICOOL Tr?n Bình Tr?ng	403E5F65-AF4E-EB11-80FC-509A4C8C9FAC	04/01/2021	13	13908000	13232180	279720	0	396100	0	0	44	25	12	1	9345161.29	2964516.34	0	3	13.33	160	0.71	0	17	922502.37	system	08:00.2	system	NULL	4
ICOOL Cách M?ng Tháng 8	18BCEA6A-AE4E-EB11-80FC-509A4C8C9FAC	04/01/2021	14	60767000	58772855	1271445	0	722700	0	0	129	112	33	6	18661290.32	11163460.48	0	12	9	300	1.18	0	28	28948104.2	system	01:00.0	system	NULL	4
ICOOL C?u Ch? Y	AB10CE7C-AE4E-EB11-80FC-509A4C8C9FAC	04/01/2021	16	7606300	7316300	290000	0	0	0	0	16	19	6	1	4903225.8	2916174.14	0	2	16	100	0.43	0	14	-503099.94	system	01:30.0	system	NULL	4
ICOOL Nh? Thiên ???ng	4C2BF20B-AF4E-EB11-80FC-509A4C8C9FAC	04/01/2021	17	13185200	13185200	0	0	0	0	0	21	19	11	0	10135483.88	2846259.96	0	2	12	140	0.69	0	16	203456.16	system	05:30.2	system	NULL	4
ICOOL Tr?n Não	F0604277-AF4E-EB11-80FC-509A4C8C9FAC	04/01/2021	18	67661900	65228995	1157045	0	1275860	106480	0	193	195	47	6	16096774.2	14912601.72	0	17	5	240	2.35	0	20	34326099.08	system	08:30.2	system	NULL	4
ICOOL Nguy?n Tri Ph??ng	9DAE0CFA-AE4E-EB11-80FC-509A4C8C9FAC	04/01/2021	19	4350300	4350300	0	0	0	0	0	15	12	8	0	8090241.94	734572.52	0	2	35	280	0.5	0	16	-4474514.46	system	05:00.1	system	NULL	4
ICOOL ??ng ?en	7958B58E-AE4E-EB11-80FC-509A4C8C9FAC	04/01/2021	22	33376300	33042145	265160	68995	0	0	0	115	87	31	1	10775806.45	7526398.33	0	18	7	220	1.24	0	25	14739940.22	system	02:00.0	system	NULL	4
ICOOL Phan Chu Trinh	7531D01D-AF4E-EB11-80FC-509A4C8C9FAC	04/01/2021	23	8824900	8796235	28665	0	0	0	0	29	20	8	0	8152338.71	1853953.33	0	4	13	110	0.57	0	14	-1210057.04	system	06:00.1	system	NULL	4
ICOOL Phan Xích Long	1FF9B52F-AF4E-EB11-80FC-509A4C8C9FAC	04/01/2021	24	50358900	50008285	68065	69710	212840	0	0	138	118	42	6	14032258.06	9206720.96	0	11	5.71	240	1.68	0	25	26769305.98	system	06:30.2	system	NULL	4
ICOOL Xô Vi?t Ngh? T?nh	1C1307AD-AF4E-EB11-80FC-509A4C8C9FAC	04/01/2021	4	34172300	32959415	946215	0	266670	42500	0	101	72	28	2	16209677.42	7058270.67	0	8	11	330	0.97	0	29	9733966.91	system	10:00.4	system	NULL	4
ICOOL Tô Ký	400C7953-AF4E-EB11-80FC-509A4C8C9FAC	04/01/2021	5	23084900	21612095	538815	0	933990	0	0	38	45	16	0	10919354.84	5978156.63	0	9	8	140	0.62	0	26	4714583.53	system	07:30.2	system	NULL	4
ICOOL Bình Phú	0E662659-AE4E-EB11-80FC-509A4C8C9FAC	04/01/2021	6	29713100	28889000	824100	0	0	0	0	56	32	18	2	21487512.59	6895640.67	0	5	11	210	0.75	0	24	505846.74	system	00:30.2	system	NULL	4
ICOOL D??ng Bá Tr?c	C8B999A0-AE4E-EB11-80FC-509A4C8C9FAC	04/01/2021	7	56894300	55385340	712850	110750	685360	0	300000	115	100	39	6	18865550.1	11591067.35	0	17	8.21	320	1.7	0	23	25228722.55	system	02:30.1	system	NULL	4
ICOOL Nguy?n S?n	BD0E42D6-AE4E-EB11-80FC-509A4C8C9FAC	04/01/2021	9	26327300	24631824	604206	0	1091270	0	0	73	57	19	2	8019064.51	6214916.14	0	4	7	150	1.36	0	14	10397843.35	system	04:00.1	system	NULL	4
ICOOL Ung V?n Khiêm	C91F1AB7-784F-EB11-80FC-509A4C8C9FAC	05/01/2021	1	70358600	67598435	182315	0	2577850	0	0	254	69	49	4	25600000.01	15309813.64	0	18	6	320	1.4	0	35	26688621.35	system	09:06.2	system	NULL	4
ICOOL Thành Thái	3D28816F-784F-EB11-80FC-509A4C8C9FAC	05/01/2021	10	47409200	46065120	892600	0	451480	0	200000	156	99	39	4	20213348.39	10185161.18	151655.36	10	9	355	1.39	0	28	16018265.79	system	07:06.0	system	NULL	4
ICOOL Nguy?n Trãi	18071616-784F-EB11-80FC-509A4C8C9FAC	05/01/2021	11	21743700	21409795	333905	0	0	0	0	60	59	17	2	6587311.84	4604864.96	0	13	7	120	1.06	0	16	10217618.2	system	04:36.0	system	NULL	4
ICOOL M?c ??nh Chi	F2204DF2-774F-EB11-80FC-509A4C8C9FAC	05/01/2021	12	66519700	65064600	919800	0	535300	470400	0	144	92	39	4	22741935.48	14353521.16	36978	13	6	260	1.77	0	22	28476521.36	system	03:36.0	system	NULL	4
ICOOL Tr?n Bình Tr?ng	D15A4B93-784F-EB11-80FC-509A4C8C9FAC	05/01/2021	13	17832000	16630520	1071100	0	130380	0	0	56	50	19	5	9345161.29	1972441.33	0	5	8.95	170	1.12	0	17	5312917.38	system	08:06.1	system	NULL	4
ICOOL Cách M?ng Tháng 8	CCEBD998-774F-EB11-80FC-509A4C8C9FAC	05/01/2021	14	85401800	81536195	3182905	0	682700	234315	0	184	161	55	3	18661290.32	18223859.15	1911000	18	5	320	1.96	0	28	46796360.53	system	01:05.9	system	NULL	4
ICOOL C?u Ch? Y	0E78B5AA-774F-EB11-80FC-509A4C8C9FAC	05/01/2021	16	7133200	6961200	172000	0	0	0	0	19	24	8	0	4903225.8	1453834.4	0	5	13	110	0.57	0	14	604139.8	system	01:35.9	system	NULL	4
ICOOL Nh? Thiên ???ng	8552D539-784F-EB11-80FC-509A4C8C9FAC	05/01/2021	17	22100400	21381645	124855	0	593900	152750	0	66	38	16	0	10135483.88	4842370.22	0	2	8	140	1	0	16	6556540.9	system	05:36.0	system	NULL	4
ICOOL Tr?n Não	38AA30A5-784F-EB11-80FC-509A4C8C9FAC	05/01/2021	18	68679800	67573220	1106580	0	0	498000	0	175	153	39	4	16096774.2	16245996.17	135962.52	15	6	270	1.95	0	20	35864412.15	system	08:36.1	system	NULL	4
ICOOL Nguy?n Tri Ph??ng	80B0F027-784F-EB11-80FC-509A4C8C9FAC	05/01/2021	19	16149500	15884950	0	0	264550	137100	0	52	36	19	3	8090241.94	3346150.91	0	0	14.74	280	1.19	0	16	4585657.15	system	05:06.0	system	NULL	4
ICOOL ??ng ?en	ED76A1BC-774F-EB11-80FC-509A4C8C9FAC	05/01/2021	22	32079500	30885270	506700	0	687530	0	0	109	71	33	3	10775806.45	6764660.52	93384	10	6	220	1.32	0	25	13438187.03	system	02:05.9	system	NULL	4
ICOOL Phan Chu Trinh	CECBB54B-784F-EB11-80FC-509A4C8C9FAC	05/01/2021	23	20417400	19131650	872310	0	413440	0	0	55	33	17	1	8152338.71	4370278.01	0	8	7	120	1.21	0	14	6609033.28	system	06:06.0	system	NULL	4
ICOOL Phan Xích Long	9D729E5D-784F-EB11-80FC-509A4C8C9FAC	05/01/2021	24	58996700	56951285	1243825	0	801590	0	0	155	111	43	8	14032258.06	11516462.49	0	18	5.58	240	1.72	0	25	31402564.45	system	06:36.0	system	NULL	4
ICOOL Xô Vi?t Ngh? T?nh	9303DADA-784F-EB11-80FC-509A4C8C9FAC	05/01/2021	4	46203600	45363395	840205	0	0	212900	0	122	90	35	0	16209677.42	11185937.1	0	12	9	330	1.21	0	29	18180680.48	system	10:06.1	system	NULL	4
ICOOL Tô Ký	920F6A81-784F-EB11-80FC-509A4C8C9FAC	05/01/2021	5	21940600	21358725	333355	0	248520	0	0	56	60	19	0	10919354.84	5293063.1	0	2	7	150	0.73	0	26	5146307.06	system	07:36.1	system	NULL	4
ICOOL Bình Phú	7CD9F286-774F-EB11-80FC-509A4C8C9FAC	05/01/2021	6	40067400	36749870	1287400	34450	1995680	0	0	118	61	26	1	21487512.59	9188447.65	0	5	8	210	1.08	0	24	6073909.76	system	00:35.9	system	NULL	4
ICOOL D??ng Bá Tr?c	1BD083CE-774F-EB11-80FC-509A4C8C9FAC	05/01/2021	7	84039800	79230405	959330	388025	3462040	0	0	165	143	48	5	18865550.1	17324118.01	0	21	6.67	320	2.09	0	23	43040736.89	system	02:35.9	system	NULL	4
ICOOL Nguy?n S?n	E2C62A04-784F-EB11-80FC-509A4C8C9FAC	05/01/2021	9	31215400	30336600	878800	0	0	312280	0	86	71	25	4	8019064.51	7455003.15	0	2	6	160	1.79	0	14	15174812.34	system	04:05.9	system	NULL	4
ICOOL Ung V?n Khiêm	84E854E3-4150-EB11-80FC-509A4C8C9FAC	06/01/2021	1	103485900	98376834.5	1836314	520691.5	2752060	130200	0	301	172	64	6	25600000.01	21653980.81	23500	19	5	320	1.83	0	35	51276553.68	system	09:09.2	system	NULL	4
ICOOL Thành Thái	E15B4C9C-4150-EB11-80FC-509A4C8C9FAC	06/01/2021	10	80995000	76931343	4063657	0	0	514390	0	223	160	40	5	20213348.39	17076085.41	0	3	8	356	1.43	0	28	40156299.2	system	07:10.0	system	NULL	4
ICOOL Nguy?n Trãi	A6644A42-4150-EB11-80FC-509A4C8C9FAC	06/01/2021	11	11344000	11000120	112040	0	231840	150740	0	36	24	12	0	6587311.84	5518055.96	3106815.89	6	9	110	0.75	0	16	2152308.09	system	04:39.0	system	NULL	4
ICOOL M?c ??nh Chi	7C3F7C1E-4150-EB11-80FC-509A4C8C9FAC	06/01/2021	12	53387900	52555675	399805	0	432420	526850	0	100	96	34	7	22741935.48	10392369.19	0	17	7	260	1.55	0	22	19948220.33	system	03:38.9	system	NULL	4
ICOOL Tr?n Bình Tr?ng	D35D89BF-4150-EB11-80FC-509A4C8C9FAC	06/01/2021	13	28071100	26802655	1038925	0	229520	0	1030000	63	58	21	6	9345161.29	6071588.34	0	4	8.1	170	1.24	0	17	12415905.37	system	08:09.1	system	NULL	4
ICOOL Cách M?ng Tháng 8	29450BC5-4050-EB11-80FC-509A4C8C9FAC	06/01/2021	14	62110900	58452350	2090850	0	1567700	0	0	119	95	37	4	18661290.32	10779338.15	0	12	8	320	1.32	0	28	29011721.53	system	01:08.9	system	NULL	4
ICOOL C?u Ch? Y	8094FED6-4050-EB11-80FC-509A4C8C9FAC	06/01/2021	16	12549500	11344600	1096000	0	108900	0	495000	30	29	11	1	4903225.8	2229575.2	0	3	9	100	0.79	0	14	4706799	system	01:39.0	system	NULL	4
ICOOL Nh? Thiên ???ng	63131166-4150-EB11-80FC-509A4C8C9FAC	06/01/2021	17	12112700	11554637	151660	134513	271890	255575	0	25	18	10	0	10135483.88	2650189.46	218425	2	13	130	0.63	0	16	-757036.34	system	05:39.0	system	NULL	4
ICOOL Tr?n Não	3B8072D1-4150-EB11-80FC-509A4C8C9FAC	06/01/2021	18	54426100	53994243	98857	0	333000	499820	0	152	149	43	10	16096774.2	12673671.2	273500	19	5	220	2.15	0	20	25997117.6	system	08:39.2	system	NULL	4
ICOOL Nguy?n Tri Ph??ng	95362D54-4150-EB11-80FC-509A4C8C9FAC	06/01/2021	19	14293200	13396030	797600	0	99570	0	0	42	39	18	1	8090241.94	2513177.29	0	6	15.56	280	1.13	0	16	2792610.77	system	05:09.0	system	NULL	4
ICOOL ??ng ?en	24DED8E8-4050-EB11-80FC-509A4C8C9FAC	06/01/2021	22	34247600	33482865	476155	0	288580	107703	0	113	85	33	10	10775806.45	6971499.23	0	11	6	220	1.32	0	25	15843262.32	system	02:09.0	system	NULL	4
ICOOL Phan Chu Trinh	02A3F377-4150-EB11-80FC-509A4C8C9FAC	06/01/2021	23	21124500	19824900	1087650	0	211950	0	0	59	54	21	3	8152338.71	4352653.01	0	2	5.24	110	1.5	0	14	7319908.28	system	06:09.0	system	NULL	4
ICOOL Phan Xích Long	608FDC89-4150-EB11-80FC-509A4C8C9FAC	06/01/2021	24	58371300	57330575	960535	0	80190	0	3300000	139	117	42	10	14032258.06	12997488.44	80000	19	5.71	240	1.68	0	25	33680828.5	system	06:39.1	system	NULL	4
ICOOL Xô Vi?t Ngh? T?nh	21DF1707-4250-EB11-80FC-509A4C8C9FAC	06/01/2021	4	31577200	30693170	884030	0	0	0	0	116	87	32	2	16209677.42	11916433.61	4900000	14	10	330	1.1	0	29	7467058.97	system	10:09.2	system	NULL	4
ICOOL Tô Ký	1BDAA0AD-4150-EB11-80FC-509A4C8C9FAC	06/01/2021	5	28176600	26888205	439800	65625	782970	0	0	57	57	22	1	10919354.84	7392280.35	0	5	6	140	0.85	0	26	8576569.81	system	07:39.1	system	NULL	4
ICOOL Bình Phú	01C92BB3-4050-EB11-80FC-509A4C8C9FAC	06/01/2021	6	56195200	53890425.8	1789861	295633.2	219280	0	0	162	129	43	5	21487512.59	12197921.17	0	5	4	210	1.79	0	24	20204992.04	system	00:38.9	system	NULL	4
ICOOL D??ng Bá Tr?c	328DBDFA-4050-EB11-80FC-509A4C8C9FAC	06/01/2021	7	66488300	64496835	770425	0	1221040	124300	0	116	101	37	7	18865550.1	15157871.35	0	27	8.65	320	1.61	0	23	30597713.56	system	02:39.0	system	NULL	4
ICOOL Nguy?n S?n	F1366230-4150-EB11-80FC-509A4C8C9FAC	06/01/2021	9	26538000	26155080	265840	0	117080	0	0	81	55	26	3	8019064.51	5416325.96	0	18	5	150	1.86	0	14	12719689.53	system	04:09.0	system	NULL	4
ICOOL Ung V?n Khiêm	5FD90D17-0B51-EB11-80FC-509A4C8C9FAC	07/01/2021	1	108403500	104167425	2577275	0	1658800	97760	0	297	205	67	9	25600000.01	19932577.68	0	30	4	320	1.91	0	35	58732607.31	system	09:24.8	system	NULL	4
ICOOL Thành Thái	70A27ACF-0A51-EB11-80FC-509A4C8C9FAC	07/01/2021	10	62294700	60898564	1297006	0	99130	379122	0	205	159	54	7	20213348.39	11328979.12	0	13	6	367	1.93	0	28	29735358.49	system	07:24.7	system	NULL	4
ICOOL Nguy?n Trãi	41770476-0A51-EB11-80FC-509A4C8C9FAC	07/01/2021	11	17735100	17252080	352940	0	130080	0	0	39	76	19	1	6587311.84	3926406.57	0	5	6	130	1.19	0	16	6738361.59	system	04:54.6	system	NULL	4
ICOOL M?c ??nh Chi	CBA23A52-0A51-EB11-80FC-509A4C8C9FAC	07/01/2021	12	69238500	67462010	1288185	84035	404270	613910	0	141	127	46	8	22741935.48	14194880.86	0	34	5	270	2.19	0	21	31139103.66	system	03:54.6	system	NULL	4
ICOOL Tr?n Bình Tr?ng	7B8D3EF3-0A51-EB11-80FC-509A4C8C9FAC	07/01/2021	13	35556300	33879990	1055820	207500	412990	0	0	71	75	24	1	9345161.29	6604452.67	0	6	7.5	180	1.41	0	17	17930376.04	system	08:24.7	system	NULL	4
ICOOL Cách M?ng Tháng 8	476BCBF8-0951-EB11-80FC-509A4C8C9FAC	07/01/2021	14	74016300	72663519	690371	0	662410	438354	0	172	138	50	4	18661290.32	15088145.64	0	11	6	310	1.79	0	28	39352437.04	system	01:24.6	system	NULL	4
ICOOL C?u Ch? Y	68D4AA0A-0A51-EB11-80FC-509A4C8C9FAC	07/01/2021	16	16575900	16057040	362200	0	156660	0	0	38	41	15	2	4903225.8	3377079.47	0	8	6	100	1.07	0	14	7776734.73	system	01:54.5	system	NULL	4
ICOOL Nh? Thiên ???ng	A25AC799-0A51-EB11-80FC-509A4C8C9FAC	07/01/2021	17	28790900	27761260	577110	0	452530	0	0	47	99	19	8	10135483.88	6264416.34	0	4	7	140	1.19	0	16	11361359.78	system	05:54.6	system	NULL	4
ICOOL Tr?n Não	83242805-0B51-EB11-80FC-509A4C8C9FAC	07/01/2021	18	71760900	70750475	507825	89200	413400	304077	0	259	158	49	8	16096774.2	16266685.96	65489	23	5	260	2.45	0	20	38756580.84	system	08:54.8	system	NULL	4
ICOOL Nguy?n Tri Ph??ng	7596E487-0A51-EB11-80FC-509A4C8C9FAC	07/01/2021	19	14605400	14057770	330000	0	217630	0	0	46	33	18	4	8090241.94	2357182.37	0	0	15.56	280	1.13	0	16	3610345.69	system	05:24.6	system	NULL	4
ICOOL ??ng ?en	8C988D1C-0A51-EB11-80FC-509A4C8C9FAC	07/01/2021	22	43479900	42462850	858740	0	158310	0	0	164	103	32	5	10775806.45	10097641.63	0	14	6	220	1.28	0	25	21589401.92	system	02:24.5	system	NULL	4
ICOOL Phan Chu Trinh	1E30ACAB-0A51-EB11-80FC-509A4C8C9FAC	07/01/2021	23	13443700	13409935	33765	0	0	0	80000	35	15	16	0	8152338.71	2289799.57	0	5	7.5	120	1.14	0	14	3047796.72	system	06:24.7	system	NULL	4
ICOOL Phan Xích Long	498894BD-0A51-EB11-80FC-509A4C8C9FAC	07/01/2021	24	56686000	54571608.75	930795	100656.25	1082940	420833	0	152	126	46	10	14032258.06	11158805.57	384580	12	5.22	240	1.84	0	25	30185958.12	system	06:54.7	system	NULL	4
ICOOL Xô Vi?t Ngh? T?nh	DACCD33A-0B51-EB11-80FC-509A4C8C9FAC	07/01/2021	4	43890300	42892742	997558	0	0	124500	0	136	91	35	3	16209677.42	10090786.58	4307296	9	9	330	1.21	0	29	21024074	system	10:24.8	system	NULL	4
ICOOL Tô Ký	286F65E1-0A51-EB11-80FC-509A4C8C9FAC	07/01/2021	5	29511000	28636585	604905	113250	156260	0	0	71	62	23	3	10919354.84	7445774.11	0	4	6	150	0.88	0	26	10271456.05	system	07:54.8	system	NULL	4
ICOOL Bình Phú	F8BCF6E7-0951-EB11-80FC-509A4C8C9FAC	07/01/2021	6	62910900	60628742	1244005	278403	759750	80513	0	176	79	38	3	21487512.59	13986681.11	0	6	5	210	1.58	0	24	25235061.3	system	00:56.3	system	NULL	4
ICOOL D??ng Bá Tr?c	4442752E-0A51-EB11-80FC-509A4C8C9FAC	07/01/2021	7	78873101	76657516	1590985	0	624600	941950	0	147	122	48	5	18865550.1	15998995.41	0	23	6.67	320	2.09	0	23	42734920.49	system	02:54.6	system	NULL	4
ICOOL Nguy?n S?n	CAB41A64-0A51-EB11-80FC-509A4C8C9FAC	07/01/2021	9	18941400	18720155	124845	0	96400	0	0	61	52	20	1	8019064.51	4195075.96	0	9	7	150	1.43	0	14	6506014.53	system	04:24.6	system	NULL	4
ICOOL Ung V?n Khiêm	30ABBE41-D451-EB11-80FC-509A4C8C9FAC	08/01/2021	1	149106100	143118812	2040638	80900	3865750	530420	0	398	198	79	3	25600000.01	31491508.36	2774674	34	3	300	2.26	0	35	89332397.63	system	09:25.3	system	NULL	4
ICOOL Thành Thái	538F2CFA-D351-EB11-80FC-509A4C8C9FAC	08/01/2021	10	82977100	79903564	2208366	0	865170	155700	100000	203	191	56	5	20213348.39	15097842.04	0	20	6	360	2	0	28	44848073.57	system	07:25.2	system	NULL	4
ICOOL Nguy?n Trãi	50E1BBA0-D351-EB11-80FC-509A4C8C9FAC	08/01/2021	11	32095500	31438660	341440	315400	0	128100	0	83	69	22	2	6587311.84	6812172.68	258846	6	7	160	1.38	0	16	18426121.48	system	04:55.2	system	NULL	4
ICOOL M?c ??nh Chi	1390EF7C-D351-EB11-80FC-509A4C8C9FAC	08/01/2021	12	88619500	85975415	1468105	0	1175980	0	0	153	178	53	2	22741935.48	15802603.05	0	18	5	300	2.52	0	21	47430876.47	system	03:55.1	system	NULL	4
ICOOL Tr?n Bình Tr?ng	1C8DF61D-D451-EB11-80FC-509A4C8C9FAC	08/01/2021	13	50343200	48094210	1350790	0	898200	0	0	118	82	32	3	9345161.29	15300139.17	5965553.33	15	6.88	220	1.88	0	17	29414462.87	system	08:25.3	system	NULL	4
ICOOL Cách M?ng Tháng 8	711C8423-D351-EB11-80FC-509A4C8C9FAC	08/01/2021	14	126701300	122636297	2897153	141700	1026150	411980	0	189	156	63	7	18661290.32	23441333.74	0	19	5	360	2.25	0	28	80945652.94	system	01:25.1	system	NULL	4
ICOOL C?u Ch? Y	C0F06435-D351-EB11-80FC-509A4C8C9FAC	08/01/2021	16	14378600	13720765	532075	0	125760	0	0	29	30	13	3	4903225.8	2181928.6	0	8	10	130	0.93	0	14	6635610.6	system	01:55.1	system	NULL	4
ICOOL Nh? Thiên ???ng	C2C880C4-D351-EB11-80FC-509A4C8C9FAC	08/01/2021	17	37287700	36652790.5	191760	186269.5	256880	0	0	61	53	24	2	10135483.88	7720592.21	0	5	6	150	1.5	0	16	18796714.41	system	05:55.2	system	NULL	4
ICOOL Tr?n Não	0250D42F-D451-EB11-80FC-509A4C8C9FAC	08/01/2021	18	97053800	94496472.5	1873400	82647.5	601280	433270	150000	223	200	54	5	16096774.2	21494283.01	0	22	5	300	2.7	0	20	57488685.29	system	08:55.2	system	NULL	4
ICOOL Nguy?n Tri Ph??ng	CAD09BB2-D351-EB11-80FC-509A4C8C9FAC	08/01/2021	19	29857600	29227600	630000	0	0	0	0	90	83	31	1	8090241.94	5065421	0	2	9.03	280	1.94	0	16	16071937.06	system	05:25.1	system	NULL	4
ICOOL ??ng ?en	0C7B4647-D351-EB11-80FC-509A4C8C9FAC	08/01/2021	22	61489200	61020215	411150	57835	0	0	0	167	137	39	1	10775806.45	10979031.92	0	4	6	250	1.56	0	25	39265376.63	system	02:25.1	system	NULL	4
ICOOL Phan Chu Trinh	26A561D6-D351-EB11-80FC-509A4C8C9FAC	08/01/2021	23	53540300	51525350	1686350	0	328600	0	100000	97	79	34	2	8152338.71	10945944.35	0	7	4.41	150	2.43	0	14	32527066.94	system	06:25.2	system	NULL	4
ICOOL Phan Xích Long	FD0348E8-D351-EB11-80FC-509A4C8C9FAC	08/01/2021	24	93047400	90992952	1180593	82255	791600	338760	0	189	178	55	14	14032258.06	16457134.26	93000	22	4.36	240	2.2	0	25	60935319.68	system	06:55.2	system	NULL	4
ICOOL Xô Vi?t Ngh? T?nh	6B528565-D451-EB11-80FC-509A4C8C9FAC	08/01/2021	4	49721700	46941210	1598240	0	1182250	141513	0	158	121	39	4	16209677.42	14692509.47	0	15	8	320	1.34	0	29	16180536.11	system	10:25.3	system	NULL	4
ICOOL Tô Ký	598C150C-D451-EB11-80FC-509A4C8C9FAC	08/01/2021	5	51881500	50523075	315190	135335	907900	0	3180000	89	89	32	4	10919354.84	12212292.02	0	4	5	190	1.23	0	26	30571428.14	system	07:55.3	system	NULL	4
ICOOL Bình Phú	6CBCD211-D351-EB11-80FC-509A4C8C9FAC	08/01/2021	6	60061600	57890810	491655	56425	1622710	0	0	198	130	39	2	21487512.59	12521153.86	0	5	7	310	1.63	0	24	23882143.55	system	00:55.4	system	NULL	4
ICOOL D??ng Bá Tr?c	E5F23359-D351-EB11-80FC-509A4C8C9FAC	08/01/2021	7	103099800	101754510	629290	86950	629050	127450	0	196	123	59	15	18865550.1	20799528.36	0	21	5.42	320	2.57	0	23	62216881.54	system	02:55.1	system	NULL	4
ICOOL Nguy?n S?n	2247CF8E-D351-EB11-80FC-509A4C8C9FAC	08/01/2021	9	31629400	31205020	277020	0	147360	122033	0	69	65	23	6	8019064.52	7081949.67	0	10	8.7	200	1.64	0	14	16226038.81	system	04:25.1	system	NULL	4
ICOOL Ung V?n Khiêm	DDC4A162-9D52-EB11-80FC-509A4C8C9FAC	09/01/2021	1	178718200	176194731.3	1791870	731598.75	0	217600	0	458	276	98	5	25600000.01	38920295.77	32190	37	3	300	2.8	0	35	111924225.5	system	09:09.3	system	NULL	4
ICOOL Thành Thái	0952141B-9D52-EB11-80FC-509A4C8C9FAC	09/01/2021	10	119831500	117203369.5	1329910	437040.5	861180	0	0	297	251	74	7	20213348.39	22514145.85	0	28	4	369	2.64	0	28	74475875.26	system	07:09.3	system	NULL	4
ICOOL Nguy?n Trãi	952499C1-9C52-EB11-80FC-509A4C8C9FAC	09/01/2021	11	33391200	31846695	1066265	50270	427970	171473.5	0	81	79	28	5	6587311.84	6990463.77	2404400	11	5	160	1.75	0	16	20844792.89	system	04:39.1	system	NULL	4
ICOOL M?c ??nh Chi	B977D29D-9C52-EB11-80FC-509A4C8C9FAC	09/01/2021	12	106184800	104098233.8	1535705	347781.25	203080	307010	110000	240	180	62	6	22741935.48	18343640.91	0	18	4	300	2.95	0	21	63429667.36	system	03:39.1	system	NULL	4
ICOOL Tr?n Bình Tr?ng	DD7ED73E-9D52-EB11-80FC-509A4C8C9FAC	09/01/2021	13	49144200	47211595	990905	0	941700	0	0	111	111	38	10	9345161.29	7409025.8	0	11	5.79	220	2.24	0	17	30457407.91	system	08:09.3	system	NULL	4
ICOOL Cách M?ng Tháng 8	3E815B44-9C52-EB11-80FC-509A4C8C9FAC	09/01/2021	14	150183500	144949470	3094820	48790	2090420	1449956	0	317	270	80	17	18661290.32	27452772.37	0	20	4	360	2.86	0	28	100285363.3	system	01:09.0	system	NULL	4
ICOOL C?u Ch? Y	AA513B56-9C52-EB11-80FC-509A4C8C9FAC	09/01/2021	16	29129100	28543510	482330	0	103260	0	0	68	58	24	5	4903225.8	4924171.27	0	16	5	130	1.71	0	14	18716112.93	system	01:39.0	system	NULL	4
ICOOL Nh? Thiên ???ng	859E5CE5-9C52-EB11-80FC-509A4C8C9FAC	09/01/2021	17	60521100	59409932	610048	0	501120	0	0	98	89	35	2	10135483.88	12963664.34	1599166.66	7	5	190	2.19	0	16	37909950.44	system	05:39.1	system	NULL	4
ICOOL Tr?n Não	A6C5BA50-9D52-EB11-80FC-509A4C8C9FAC	09/01/2021	18	116517400	113227400	1294400	0	1995600	1920800	0	301	241	67	4	16096774.2	63450583.5	37696689.43	27	4	300	3.35	0	20	73297531.73	system	08:39.3	system	NULL	4
ICOOL Nguy?n Tri Ph??ng	8F3684D3-9C52-EB11-80FC-509A4C8C9FAC	09/01/2021	19	46098800	45414640	310000	55230	318930	0	0	126	128	42	1	8090241.94	8227340.58	0	2	6.67	280	2.63	0	16	29097057.48	system	05:09.2	system	NULL	4
ICOOL ??ng ?en	2C171F68-9C52-EB11-80FC-509A4C8C9FAC	09/01/2021	22	103347800	101422017	803573	37890	1084320	301820	0	245	206	56	9	10775806.45	21092692.55	0	30	4	260	2.24	0	25	69855338	system	02:09.0	system	NULL	4
ICOOL Phan Chu Trinh	51C33CF7-9C52-EB11-80FC-509A4C8C9FAC	09/01/2021	23	66276601	64844562	535795	300514	595730	248950	100000	147	103	47	7	8152338.71	13941608.35	0	12	3.19	150	3.36	0	14	43099564.94	system	06:09.1	system	NULL	4
ICOOL Phan Xích Long	AD4D2609-9D52-EB11-80FC-509A4C8C9FAC	09/01/2021	24	97871900	96141879	1099655	84786	545580	372581.5	0	213	181	65	6	14032258.06	16377956.31	0	18	3.69	240	2.6	0	25	66104246.13	system	06:39.2	system	NULL	4
ICOOL Xô Vi?t Ngh? T?nh	BF597486-9D52-EB11-80FC-509A4C8C9FAC	09/01/2021	4	124998200	121800395	1492605	0	1705200	253900	0	364	255	76	2	16209677.42	27876198.15	0	26	4	320	2.62	0	29	77968419.43	system	10:09.4	system	NULL	4
ICOOL Tô Ký	A454F12C-9D52-EB11-80FC-509A4C8C9FAC	09/01/2021	5	54739300	52910270	1122325	196365	510340	0	0	103	88	41	2	10919354.84	11904649.35	0	24	4	200	1.58	0	26	30086265.81	system	07:39.2	system	NULL	4
ICOOL Bình Phú	DCC9D832-9C52-EB11-80FC-509A4C8C9FAC	09/01/2021	6	91265400	87441024	2626066	305550	892760	221440	200000	215	183	55	8	21487512.59	17765583.55	0	16	5	310	2.29	0	24	48609367.86	system	00:39.6	system	NULL	4
ICOOL D??ng Bá Tr?c	7165047A-9C52-EB11-80FC-509A4C8C9FAC	09/01/2021	7	152078900	147788063	2073007	27640	2190190	0	0	274	258	82	7	18865550.1	31770652.46	0	21	3.9	320	3.57	0	23	97151860.44	system	02:39.0	system	NULL	4
ICOOL Nguy?n S?n	5E1EB4AF-9C52-EB11-80FC-509A4C8C9FAC	09/01/2021	9	49905000	49250570	281910	0	372520	348600	0	142	135	38	2	8019064.52	11405887.2	0	15	5.26	200	2.71	0	14	30174218.28	system	04:09.1	system	NULL	4
ICOOL Ung V?n Khiêm	6A1B488D-6653-EB11-80FC-509A4C8C9FAC	10/01/2021	1	122746200	117100175	2039865	0	3606160	253700	0	375	181	79	6	25600000.01	25794509.83	87880	46	3	300	2.26	0	35	66047245.16	system	09:09.7	system	NULL	4
ICOOL Thành Thái	B60CBA45-6653-EB11-80FC-509A4C8C9FAC	10/01/2021	10	86761700	85687100	580120	0	494480	0	50000	227	199	57	8	20213348.39	17595053.13	0	35	6	346	2.04	0	28	47928698.48	system	07:09.6	system	NULL	4
ICOOL Nguy?n Trãi	5A1945EC-6553-EB11-80FC-509A4C8C9FAC	10/01/2021	11	28092700	27350955	574755	0	166990	0	0	73	75	24	1	6587311.84	4961632.23	0	11	6	160	1.5	0	16	15802010.93	system	04:39.6	system	NULL	4
ICOOL M?c ??nh Chi	985F8CC8-6553-EB11-80FC-509A4C8C9FAC	10/01/2021	12	87568200	86246815	487365	0	834020	276120	0	193	157	55	6	22741935.48	15295566.73	0	34	4	270	2.62	0	21	48485432.79	system	03:39.6	system	NULL	4
ICOOL Tr?n Bình Tr?ng	42318169-6653-EB11-80FC-509A4C8C9FAC	10/01/2021	13	28678700	27654060	847940	0	176700	0	0	64	58	19	4	9345161.29	5873589.75	0	16	9.47	180	1.12	0	17	12435308.96	system	08:09.7	system	NULL	4
ICOOL Cách M?ng Tháng 8	2A140D6F-6553-EB11-80FC-509A4C8C9FAC	10/01/2021	14	93394801	90926170.9	1670415	86475	711740.1	0	0	215	184	65	10	18661290.32	15313033.23	0	23	5	340	2.32	0	28	56951847.35	system	01:09.5	system	NULL	4
ICOOL C?u Ch? Y	E58BE380-6553-EB11-80FC-509A4C8C9FAC	10/01/2021	16	20801000	19594807	1206193	0	0	0	0	47	35	17	5	4903225.8	4066171.54	0	12	7	120	1.21	0	14	10625409.66	system	01:39.4	system	NULL	4
ICOOL Nh? Thiên ???ng	C6341410-6653-EB11-80FC-509A4C8C9FAC	10/01/2021	17	36748000	35780680	606650	0	360670	0	50000	71	56	26	4	10135483.88	0	0	8	7	200	1.63	0	16	25695196.12	system	05:39.6	system	NULL	4
ICOOL Tr?n Não	4196687B-6653-EB11-80FC-509A4C8C9FAC	10/01/2021	18	98764700	97510583	1058117	0	196000	277680	418000	274	219	61	2	16096774.2	22004899.39	47079	31	4	260	3.05	0	20	60151668.41	system	08:39.7	system	NULL	4
ICOOL Nguy?n Tri Ph??ng	616A30FE-6553-EB11-80FC-509A4C8C9FAC	10/01/2021	19	29031800	28745995	39515	0	246290	332050	0	69	74	28	8	8090241.94	5119865.44	0	3	10	280	1.75	0	16	15867937.62	system	05:09.6	system	NULL	4
ICOOL ??ng ?en	8F66CA92-6553-EB11-80FC-509A4C8C9FAC	10/01/2021	22	75202400	73807385	652745	0	742270	0	0	212	168	59	12	10775806.45	13221636.6	0	25	4	240	2.36	0	25	49809941.95	system	02:09.4	system	NULL	4
ICOOL Phan Chu Trinh	D6C7E921-6653-EB11-80FC-509A4C8C9FAC	10/01/2021	23	28278500	26899765	1093005	0	285730	0	180000	58	50	24	0	8152338.71	5385321.01	0	9	5.83	140	1.71	0	14	13542105.28	system	06:09.6	system	NULL	4
ICOOL Phan Xích Long	584FCF33-6653-EB11-80FC-509A4C8C9FAC	10/01/2021	24	73381900	72801305	245795	0	334800	0	0	182	172	58	6	14032258.06	11541688.53	0	23	4.14	240	2.32	0	25	47227358.41	system	06:39.6	system	NULL	4
ICOOL Xô Vi?t Ngh? T?nh	5DC90FB1-6653-EB11-80FC-509A4C8C9FAC	10/01/2021	4	101026300	99451087	1104673	122320	348220	45900	0	267	209	70	12	16209677.42	21103264.43	653786	36	4	320	2.41	0	29	62837831.15	system	10:09.7	system	NULL	4
ICOOL Tô Ký	35249F57-6653-EB11-80FC-509A4C8C9FAC	10/01/2021	5	72547800	70721670	779970	252080	794080	316400	0	120	126	49	2	10919354.84	18405162.07	113188	16	4	200	1.88	0	26	41826741.09	system	07:39.7	system	NULL	4
ICOOL Bình Phú	F568265D-6553-EB11-80FC-509A4C8C9FAC	10/01/2021	6	82099100	79229760	938720	156830	1773790	0	0	214	157	53	3	21487512.59	17690493.16	0	11	5	310	2.21	0	24	40051754.25	system	00:39.4	system	NULL	4
ICOOL D??ng Bá Tr?c	D3C0B6A4-6553-EB11-80FC-509A4C8C9FAC	10/01/2021	7	94635900	92680390	1360860	183030	411620	257080	200000	175	159	68	3	18865550.1	12145062.01	0	21	4.71	320	2.96	0	23	62126857.89	system	02:39.5	system	NULL	4
ICOOL Nguy?n S?n	80E25BDA-6553-EB11-80FC-509A4C8C9FAC	10/01/2021	9	57280200	55002236	1512104	0	765860	0	0	156	131	41	1	8019064.52	14152456.59	351472	20	4.63	190	2.93	0	14	33182186.89	system	04:09.5	system	NULL	4
ICOOL Ung V?n Khiêm	763CEED3-7154-EB11-80E8-00155DC46400	11/01/2021	1	102042400	99180296	2206934	0	655170	1158540	0	283	133	60	1	25600000.01	22053568.62	0	23	5	300	1.71	0	35	52685267.37	system	02:23.9	system	NULL	4
ICOOL Thành Thái	F9563A8C-7154-EB11-80E8-00155DC46400	11/01/2021	10	49310500	48183067	316773	0	810660	0	800000	146	119	38	6	20213348.39	11577805.93	0	16	8	339	1.36	0	28	17191912.68	system	00:23.5	system	NULL	4
ICOOL Nguy?n Trãi	9B0B9632-7154-EB11-80E8-00155DC46400	11/01/2021	11	7646600	7328910	317690	0	0	0	0	16	16	9	0	6587311.84	1441669.42	0	6	14	130	0.56	0	16	-700071.26	system	57:53.2	system	NULL	4
ICOOL M?c ??nh Chi	31B5DA0E-7154-EB11-80E8-00155DC46400	11/01/2021	12	53749300	53044870	369520	33690	301220	418030	0	106	112	35	5	22741935.48	11081459	35200	18	7	250	1.67	0	21	19674705.52	system	56:53.2	system	NULL	4
ICOOL Tr?n Bình Tr?ng	E6410EB0-7154-EB11-80E8-00155DC46400	11/01/2021	13	25074700	23957180	551620	158900	407000	0	200000	73	57	20	1	9345161.29	5122903.09	0	6	8.5	170	1.18	0	17	9689115.62	system	01:23.7	system	NULL	4
ICOOL Cách M?ng Tháng 8	ED0C2AB5-7054-EB11-80E8-00155DC46400	11/01/2021	14	65952100	64057148	1272012	0	622940	463800	0	147	133	45	2	18661290.32	11965744.37	384580	18	7	340	1.61	0	28	34278493.31	system	54:22.7	system	NULL	4
ICOOL C?u Ch? Y	DB7D09C7-7054-EB11-80E8-00155DC46400	11/01/2021	16	9259600	8824600	435000	0	0	0	0	26	19	7	1	4903225.8	2158846.2	0	2	14	100	0.5	0	14	1762528	system	54:52.7	system	NULL	4
ICOOL Nh? Thiên ???ng	401D7456-7154-EB11-80E8-00155DC46400	11/01/2021	17	16936700	16836700	100000	0	0	0	0	42	29	18	1	10135483.88	3309016.65	0	2	7	130	1.13	0	16	3392199.47	system	58:53.3	system	NULL	4
ICOOL Tr?n Não	EEF007C2-7154-EB11-80E8-00155DC46400	11/01/2021	18	60702400	59575531.5	650830	223638.5	252400	403436	0	158	153	46	3	16096774.2	13556711.69	0	10	4	210	2.3	0	20	30325481.61	system	01:53.8	system	NULL	4
ICOOL Nguy?n Tri Ph??ng	96758244-7154-EB11-80E8-00155DC46400	11/01/2021	19	18793400	17918400	875000	0	0	0	0	55	38	20	1	8090241.94	4104492.67	0	1	14	280	1.25	0	16	5723665.39	system	58:23.2	system	NULL	4
ICOOL ??ng ?en	8A43F2D8-7054-EB11-80E8-00155DC46400	11/01/2021	22	28785200	27648390	446100	0	690710	0	0	92	121	29	3	10775806.45	5671399.44	0	25	7	220	1.16	0	25	11201184.11	system	55:22.8	system	NULL	4
ICOOL Phan Chu Trinh	47DE5B68-7154-EB11-80E8-00155DC46400	11/01/2021	23	12461200	12400255	60945	0	0	0	0	27	20	12	0	8152338.71	2937547	0	2	9.17	110	0.86	0	14	1310369.29	system	59:23.4	system	NULL	4
ICOOL Phan Xích Long	2D204C7A-7154-EB11-80E8-00155DC46400	11/01/2021	24	49286300	48063035	1165870	57395	0	0	0	121	99	42	1	14032258.06	8500669.91	283600	15	5.71	240	1.68	0	25	25813707.03	system	59:53.5	system	NULL	4
ICOOL Xô Vi?t Ngh? T?nh	688EC5F7-7154-EB11-80E8-00155DC46400	11/01/2021	4	42591200	41505990	1085210	0	0	0	0	116	91	35	5	16209677.42	9433844.11	0	18	9	320	1.21	0	29	15862468.47	system	03:24.0	system	NULL	4
ICOOL Tô Ký	F71D429E-7154-EB11-80E8-00155DC46400	11/01/2021	5	27717300	25804165	821030	113645	978460	0	0	44	45	20	1	10919354.84	6756272.64	0	8	7	150	0.77	0	26	8128537.52	system	00:53.8	system	NULL	4
ICOOL Bình Phú	DB1462A3-7054-EB11-80E8-00155DC46400	11/01/2021	6	34891000	33409824.25	563712	181993.75	735470	296000	0	103	70	25	2	21487512.59	7345500.29	0	1	9	230	1.04	0	24	4872811.37	system	53:52.9	system	NULL	4
ICOOL D??ng Bá Tr?c	7F44E7EA-7054-EB11-80E8-00155DC46400	11/01/2021	7	55623900	54166072	1152298	96450	209080	0	100000	101	97	41	1	18865550.1	13107908.66	1775637.11	11	7.8	320	1.78	0	23	24068250.35	system	55:52.9	system	NULL	4
ICOOL Nguy?n S?n	9F93A720-7154-EB11-80E8-00155DC46400	11/01/2021	9	17284300	16728795	315665	0	239840	0	0	45	42	16	0	8019064.52	4063953.91	0	6	9.38	150	1.14	0	14	4645776.57	system	57:23.1	system	NULL	4
ICOOL Ung V?n Khiêm	42577CE1-F854-EB11-80FC-509A4C8C9FAC	12/01/2021	1	108596400	104822096	3510294	0	264010	321552	0	314	172	68	2	25600000.01	23960688.41	32190	29	4	300	1.94	0	35	55615149.58	system	09:08.7	system	NULL	4
ICOOL Thành Thái	B413E399-F854-EB11-80FC-509A4C8C9FAC	12/01/2021	10	72499900	69614866	2048684	0	836350	48060	0	248	179	57	4	20213348.39	29531143.31	0	8	6	351	2.04	0	28	19918434.3	system	07:08.5	system	NULL	4
ICOOL Nguy?n Trãi	D9CA6940-F854-EB11-80FC-509A4C8C9FAC	12/01/2021	11	18043000	14959225	264775	0	2819000	0	0	45	44	14	0	6587311.84	3999049.77	0	7	8	120	0.88	0	16	4372863.39	system	04:38.4	system	NULL	4
ICOOL M?c ??nh Chi	092CA31C-F854-EB11-80FC-509A4C8C9FAC	12/01/2021	12	46223600	45414975	672995	44850	90780	993449.5	0	84	77	26	3	22741935.48	9407790.9	0	12	10	260	1.24	0	21	14258698.12	system	03:38.4	system	NULL	4
ICOOL Tr?n Bình Tr?ng	5EE0A7BD-F854-EB11-80FC-509A4C8C9FAC	12/01/2021	13	21224600	20788990	238910	0	196700	0	0	48	60	16	6	9345161.29	3995286.67	0	5	11.25	180	0.94	0	17	7448542.04	system	08:08.5	system	NULL	4
ICOOL Cách M?ng Tháng 8	C1162FC3-F754-EB11-80FC-509A4C8C9FAC	12/01/2021	14	77598901	75058591	2015120	200900	324290	0	0	178	148	49	7	18661290.32	14998483.86	0	19	6	320	1.75	0	28	41398816.82	system	01:08.3	system	NULL	4
ICOOL C?u Ch? Y	B83014D5-F754-EB11-80FC-509A4C8C9FAC	12/01/2021	16	11454000	11391940	11040	0	51020	0	0	33	31	12	1	4903225.8	2074597.87	0	9	9	110	0.86	0	14	4414116.33	system	01:38.3	system	NULL	4
ICOOL Nh? Thiên ???ng	C6D53164-F854-EB11-80FC-509A4C8C9FAC	12/01/2021	17	11607300	11486455	26445	0	94400	0	0	39	19	12	2	10135483.88	2435822.34	0	2	12	150	0.75	0	16	-1084851.22	system	05:38.5	system	NULL	4
ICOOL Tr?n Não	E9879ACF-F854-EB11-80FC-509A4C8C9FAC	12/01/2021	18	79120400	77277575	1561845	0	280980	581925	200000	223	183	54	6	16096774.2	18809208.06	0	21	4	240	2.7	0	20	43153517.74	system	08:38.7	system	NULL	4
ICOOL Nguy?n Tri Ph??ng	E8D04E52-F854-EB11-80FC-509A4C8C9FAC	12/01/2021	19	20984900	19432190	1104350	0	448360	0	0	83	63	25	1	8090241.94	4516656.57	445953	4	11.2	280	1.56	0	16	7271244.49	system	05:08.4	system	NULL	4
ICOOL ??ng ?en	2FABF5E6-F754-EB11-80FC-509A4C8C9FAC	12/01/2021	22	37634000	36948075	145000	97815	443110	0	0	124	103	35	2	10775806.45	7906247.67	0	7	6	220	1.4	0	25	18266020.88	system	02:08.3	system	NULL	4
ICOOL Phan Chu Trinh	CE691276-F854-EB11-80FC-509A4C8C9FAC	12/01/2021	23	22650300	21544075	946705	0	159520	0	0	64	39	19	3	8152338.71	4980168.24	0	2	6.32	120	1.36	0	14	8411568.05	system	06:08.4	system	NULL	4
ICOOL Phan Xích Long	21E0F787-F854-EB11-80FC-509A4C8C9FAC	12/01/2021	24	67791800	65429622	2101518	0	260660	0	0	163	101	39	6	14032258.06	17431053.26	992880	21	6.15	240	1.56	0	25	34959190.68	system	06:38.5	system	NULL	4
ICOOL Xô Vi?t Ngh? T?nh	52383F05-F954-EB11-80FC-509A4C8C9FAC	12/01/2021	4	33386100	32304005	834655	0	247440	0	0	107	70	33	0	16209677.42	7029727.49	0	13	9	320	1.14	0	29	9064600.09	system	10:08.7	system	NULL	4
ICOOL Tô Ký	9194C5AB-F854-EB11-80FC-509A4C8C9FAC	12/01/2021	5	23326100	22836785	253745	0	235570	0	0	50	44	25	3	10919354.84	4872664.24	0	11	6	150	0.96	0	26	7044765.92	system	07:38.5	system	NULL	4
ICOOL Bình Phú	09C6EAB1-F754-EB11-80FC-509A4C8C9FAC	12/01/2021	6	60225000	58599418	930622	116960	578000	0	0	175	140	45	4	21487512.59	13864268.47	0	9	5	230	1.88	0	24	23247636.94	system	00:39.4	system	NULL	4
ICOOL D??ng Bá Tr?c	FA7AE1F8-F754-EB11-80FC-509A4C8C9FAC	12/01/2021	7	75266600	73518555	989795	0	758250	188000	0	150	132	52	7	18865550.1	15409806.75	0	30	6.15	320	2.26	0	23	39431198.16	system	02:38.4	system	NULL	4
ICOOL Nguy?n S?n	01FE852E-F854-EB11-80FC-509A4C8C9FAC	12/01/2021	9	23570900	23431740	139160	0	0	0	0	69	56	20	6	8019064.52	5367003.48	0	14	8	160	1.43	0	14	10045672	system	04:08.4	system	NULL	4
ICOOL Ung V?n Khiêm	F4172F0C-C255-EB11-80FC-509A4C8C9FAC	13/01/2021	1	98581900	96807235	1220155	37430	517080	666867	0	336	181	68	5	25600000.01	20760429.23	0	27	4	300	1.94	0	35	51113672.76	system	09:09.1	system	NULL	4
ICOOL Thành Thái	03A69BC4-C155-EB11-80FC-509A4C8C9FAC	13/01/2021	10	47236000	45807180	1146250	0	282570	626970	0	137	128	42	1	20213348.39	9610135.35	0	12	8	338	1.5	0	28	16610666.26	system	07:09.0	system	NULL	4
ICOOL Nguy?n Trãi	E23C1F6B-C155-EB11-80FC-509A4C8C9FAC	13/01/2021	11	19031801	18158701	873100	0	0	0	0	22	31	11	3	6587311.84	4894932.19	0	3	10	120	0.69	0	16	6676456.97	system	04:38.9	system	NULL	4
ICOOL M?c ??nh Chi	C5185D47-C155-EB11-80FC-509A4C8C9FAC	13/01/2021	12	67187400	65388150	403550	57350	1338350	788410	0	130	147	42	4	22741935.48	12498240.09	0	16	6	260	2	0	21	30936384.43	system	03:38.9	system	NULL	4
ICOOL Tr?n Bình Tr?ng	5D3464E8-C155-EB11-80FC-509A4C8C9FAC	13/01/2021	13	19713800	18879790	834010	0	0	0	0	54	44	20	3	9345161.29	3842328.67	0	4	9	180	1.18	0	17	5692300.04	system	08:09.1	system	NULL	4
ICOOL Cách M?ng Tháng 8	9CBCE3ED-C055-EB11-80FC-509A4C8C9FAC	13/01/2021	14	88962600	85019920	1700820	45620	2196240	0	375000	214	171	61	2	18661290.32	16543294.46	0	19	5	340	2.18	0	28	50190335.22	system	01:08.8	system	NULL	4
ICOOL C?u Ch? Y	4646C4FF-C055-EB11-80FC-509A4C8C9FAC	13/01/2021	16	19248000	18799765	268485	0	179750	0	0	46	41	16	0	4903225.8	3467026.74	0	1	6	100	1.14	0	14	10429512.46	system	01:38.8	system	NULL	4
ICOOL Nh? Thiên ???ng	98B2E68E-C155-EB11-80FC-509A4C8C9FAC	13/01/2021	17	14639600	14240340	100000	0	299260	82080	0	28	23	13	0	10135483.88	3046483.38	0	2	10	130	0.81	0	16	1140452.74	system	05:38.9	system	NULL	4
ICOOL Tr?n Não	886C46FA-C155-EB11-80FC-509A4C8C9FAC	13/01/2021	18	66643200	65158475	810525	102700	571500	1227020.5	0	171	189	44	4	16096774.2	16414750.01	0	18	4	210	2.2	0	20	33873971.29	system	08:39.1	system	NULL	4
ICOOL Nguy?n Tri Ph??ng	26D20C7D-C155-EB11-80FC-509A4C8C9FAC	13/01/2021	19	16899500	16325840	488400	0	85260	166200	0	54	56	20	3	8090241.94	3401436.05	0	1	14	280	1.25	0	16	5000362.01	system	05:09.0	system	NULL	4
ICOOL ??ng ?en	4867A411-C155-EB11-80FC-509A4C8C9FAC	13/01/2021	22	21601600	20751000	571550	0	279050	0	0	82	482	19	3	10775806.45	4642882.29	0	19	11	220	0.76	0	25	5332311.26	system	02:08.8	system	NULL	4
ICOOL Phan Chu Trinh	3CE7CFA0-C155-EB11-80FC-509A4C8C9FAC	13/01/2021	23	17103600	17057160	0	0	46440	0	0	37	29	15	2	8152338.71	3806263.9	0	5	7.33	110	1.07	0	14	5098557.39	system	06:09.0	system	NULL	4
ICOOL Phan Xích Long	7FFCB2B2-C155-EB11-80FC-509A4C8C9FAC	13/01/2021	24	47053700	46057210	608290	0	388200	439728	0	117	112	37	5	14032258.06	13043686.22	3563066.08	9	6.49	240	1.48	0	25	22984059.8	system	06:39.0	system	NULL	4
ICOOL V?ng Tàu	5B8F541E-C255-EB11-80FC-509A4C8C9FAC	13/01/2021	25	9680400	8647400	387000	0	646000	0	409000	13	8	3	0	4161290.32	2774610	0	0	40	120	0.19	0	16	2120499.68	system	09:39.6	system	NULL	4
ICOOL Xô Vi?t Ngh? T?nh	905CF22F-C255-EB11-80FC-509A4C8C9FAC	13/01/2021	4	48796200	47441097	1229413	30270	95420	192520	0	123	91	31	1	16209677.42	11678569.49	0	8	10	320	1.07	0	29	19745370.09	system	10:09.1	system	NULL	4
ICOOL Tô Ký	68797ED6-C155-EB11-80FC-509A4C8C9FAC	13/01/2021	5	28280200	27085735	776005	0	418460	0	0	60	57	24	0	10919354.84	7430985.51	0	11	6	150	0.92	0	26	8735394.65	system	07:39.1	system	NULL	4
ICOOL Bình Phú	5A3560DC-C055-EB11-80FC-509A4C8C9FAC	13/01/2021	6	42638400	40312495	1109045	156460	1060400	0	0	131	81	34	0	21487512.59	9588502.01	0	1	6	230	1.42	0	24	9236480.4	system	00:39.4	system	NULL	4
ICOOL D??ng Bá Tr?c	2DB69223-C155-EB11-80FC-509A4C8C9FAC	13/01/2021	7	67187600	64981740	1077010	80150	1048700	0	0	146	115	42	6	18865550.1	13368724.3	0	14	7.62	320	1.83	0	23	32747465.6	system	02:38.9	system	NULL	4
ICOOL Nguy?n S?n	87A73E59-C155-EB11-80FC-509A4C8C9FAC	13/01/2021	9	20603000	19677510	115000	0	810490	0	0	56	51	21	0	8019064.52	4638696.2	0	13	7.14	150	1.5	0	14	7019749.29	system	04:08.9	system	NULL	4
ICOOL Ung V?n Khiêm	11D67737-8B56-EB11-80FC-509A4C8C9FAC	14/01/2021	1	90176600	88514495	1536965	125140	0	335340	0	272	119	55	3	25600000.01	21127854.8	0	22	5	300	1.57	0	35	42121980.19	system	09:10.6	system	NULL	4
ICOOL Thành Thái	144B923A-BD56-EB11-80FC-509A4C8C9FAC	14/01/2021	10	79136500	77857495	966185	0	312820	0	0	219	181	59	5	20213348.39	16678003.31	0	16	5	342	2.11	0	28	40966143.3	system	07:10.6	system	NULL	4
ICOOL Nguy?n Trãi	532A7796-8A56-EB11-80FC-509A4C8C9FAC	14/01/2021	11	11981800	11902840	78960	0	0	0	0	27	41	16	0	6587311.84	1943651.09	0	5	7	120	1	0	16	3371877.07	system	04:40.5	system	NULL	4
ICOOL M?c ??nh Chi	5398AC72-8A56-EB11-80FC-509A4C8C9FAC	14/01/2021	12	82641600	79798820	359100	0	2483680	334230	0	171	168	46	4	22741935.48	18837668.58	576870	15	5	260	2.19	0	21	39130315.94	system	03:40.4	system	NULL	4
ICOOL Tr?n Bình Tr?ng	D5EEAE13-8B56-EB11-80FC-509A4C8C9FAC	14/01/2021	13	25278300	23440185	1481835	80120	276160	213840	0	67	49	20	4	9345161.29	5254176.34	295824	7	9	180	1.18	0	17	9350511.37	system	08:10.6	system	NULL	4
ICOOL Cách M?ng Tháng 8	EADE3F19-8A56-EB11-80FC-509A4C8C9FAC	14/01/2021	14	66153200	63537232	1302438	0	1313530	320538	0	165	141	46	9	18661290.32	12592717.41	315950	17	7	340	1.64	0	28	32919712.27	system	01:10.4	system	NULL	4
ICOOL C?u Ch? Y	6E0F242B-8A56-EB11-80FC-509A4C8C9FAC	14/01/2021	16	10863200	10698165	165035	0	0	0	0	23	27	10	1	4903225.8	2302934.34	0	4	10	100	0.71	0	14	3492004.86	system	01:40.4	system	NULL	4
ICOOL Nh? Thiên ???ng	975940BA-8A56-EB11-80FC-509A4C8C9FAC	14/01/2021	17	11457700	11094800	0	0	362900	0	0	23	19	10	0	10135483.88	2639073.19	0	0	17	170	0.63	0	16	-1679757.07	system	05:40.5	system	NULL	4
ICOOL Tr?n Não	669D9825-8B56-EB11-80FC-509A4C8C9FAC	14/01/2021	18	84461101	83542906	918195	0	0	484980	0	309	177	53	4	16096774.2	20562657.16	463500	26	4	240	2.65	0	20	47831954.64	system	08:40.6	system	NULL	4
ICOOL Nguy?n Tri Ph??ng	061A58A8-8A56-EB11-80FC-509A4C8C9FAC	14/01/2021	19	14228000	14046960	145000	36040	0	0	0	44	50	18	0	8090241.94	2891033.53	0	1	15.56	280	1.13	0	16	3065684.54	system	05:10.5	system	NULL	4
ICOOL ??ng ?en	A6E0093D-8A56-EB11-80FC-509A4C8C9FAC	14/01/2021	22	39474100	38965473	301427	0	207200	0	1320000	112	64	31	4	10775806.45	8541052.39	0	16	7	220	1.24	0	25	20968614.16	system	02:10.4	system	NULL	4
ICOOL Phan Chu Trinh	A88F24CC-8A56-EB11-80FC-509A4C8C9FAC	14/01/2021	23	20765600	20416970	348630	0	0	0	0	48	36	18	1	8152338.71	5390103	0	3	6.67	120	1.29	0	14	6874528.29	system	06:10.5	system	NULL	4
ICOOL Phan Xích Long	066601DE-8A56-EB11-80FC-509A4C8C9FAC	14/01/2021	24	64348800	62528840	1118880	0	701080	0	0	144	128	46	5	14032258.06	12593656.14	0	19	5.22	240	1.84	0	25	35902925.8	system	06:40.5	system	NULL	4
ICOOL V?ng Tàu	5A4A5B49-8B56-EB11-80FC-509A4C8C9FAC	14/01/2021	25	6795000	5996200	351800	0	447000	350180	0	18	14	3	1	4161290.32	1583579.28	0	0	40	120	0.19	0	16	601510.4	system	09:40.6	system	NULL	4
ICOOL Xô Vi?t Ngh? T?nh	6891425B-8B56-EB11-80FC-509A4C8C9FAC	14/01/2021	4	48203500	46373295	1830205	0	0	0	0	135	101	35	2	16209677.42	11823061.15	975000	16	9	320	1.21	0	29	19315556.43	system	10:10.6	system	NULL	4
ICOOL Tô Ký	9240D001-8B56-EB11-80FC-509A4C8C9FAC	14/01/2021	5	35937900	34174375	343800	58775	1360950	0	100000	64	58	26	0	10919354.84	8644143.08	0	6	5	150	1	0	26	14710877.08	system	07:40.6	system	NULL	4
ICOOL Bình Phú	620F6107-8A56-EB11-80FC-509A4C8C9FAC	14/01/2021	6	30643900	29531969	857916	152915	101100	0	0	68	66	19	1	21487512.59	8084290.2	0	8	12	230	0.79	0	24	-39833.79	system	00:40.4	system	NULL	4
ICOOL D??ng Bá Tr?c	F65FE14E-8A56-EB11-80FC-509A4C8C9FAC	14/01/2021	7	49113000	48532710	434670	43270	102350	210100	0	121	69	35	6	18865550.1	9658355.64	0	13	9.14	320	1.52	0	23	20218904.26	system	02:40.4	system	NULL	4
ICOOL Nguy?n S?n	E8748F84-8A56-EB11-80FC-509A4C8C9FAC	14/01/2021	9	19684000	19106825	553775	0	23400	0	0	52	70	20	4	8019064.52	4486439.77	0	6	7.5	150	1.43	0	14	6601320.72	system	04:10.4	system	NULL	4
ICOOL Ung V?n Khiêm	8625874B-5457-EB11-80FD-509A4C8C9FAC	15/01/2021	1	179951466	166333939.4	4562601.62	19675	9035250	2362193.5	0	444	233	92	6	25600000.01	38712222.83	0	38	3	299	2.63	0	35	104383910	system	08:33.1	system	NULL	4
ICOOL Thành Thái	0EE6F503-5457-EB11-80FD-509A4C8C9FAC	15/01/2021	10	93126900	90621370	1790960	123290	591280	270880	0	283	223	73	4	20213348.39	16685674.71	0	33	4	351	2.61	0	28	53993226.9	system	06:33.0	system	NULL	4
ICOOL Nguy?n Trãi	337E7BAA-5357-EB11-80FD-509A4C8C9FAC	15/01/2021	11	14305300	13796465	13035	0	495800	0	0	49	39	12	2	6587311.84	3051513.52	0	5	13	160	0.75	0	16	4157639.64	system	04:02.9	system	NULL	4
ICOOL M?c ??nh Chi	7A9AB686-5357-EB11-80FD-509A4C8C9FAC	15/01/2021	12	104439900	101593980	1950180	0	895740	1008260	0	204	194	50	7	22741935.48	20049089.51	0	19	6	300	2.38	0	21	59811215.01	system	03:02.9	system	NULL	4
ICOOL Tr?n Bình Tr?ng	09D1C227-5457-EB11-80FD-509A4C8C9FAC	15/01/2021	13	41518300	39600195	995275	0	922830	254241	0	99	103	31	3	9345161.29	6899101.67	0	11	7.1	220	1.82	0	17	23610173.04	system	07:33.1	system	NULL	4
ICOOL Cách M?ng Tháng 8	46FEE72E-5357-EB11-80FD-509A4C8C9FAC	15/01/2021	14	135893800	130650145	2110605	0	3133050	687847.5	0	314	278	78	9	18661290.32	25152487.87	0	26	4	340	2.79	0	28	87524214.31	system	00:35.6	system	NULL	4
ICOOL C?u Ch? Y	9577233F-5357-EB11-80FD-509A4C8C9FAC	15/01/2021	16	17359800	16749230	321170	0	289400	0	0	33	32	12	0	4903225.8	3307774.01	0	3	10	130	0.86	0	14	8538230.19	system	01:02.8	system	NULL	4
ICOOL Nh? Thiên ???ng	F67341CE-5357-EB11-80FD-509A4C8C9FAC	15/01/2021	17	34304200	34081440	0	0	222760	469140	0	69	54	25	0	10135483.88	7591781.11	0	2	8	200	1.56	0	16	16823315.01	system	05:02.9	system	NULL	4
ICOOL Tr?n Não	71EDA539-5457-EB11-80FD-509A4C8C9FAC	15/01/2021	18	111314600	109830130	563155	316525	604790	859000	0	279	222	57	4	16096774.2	25162638.1	47000	21	5	300	2.85	0	20	69476717.7	system	08:03.1	system	NULL	4
ICOOL Nguy?n Tri Ph??ng	1C1A65BC-5357-EB11-80FD-509A4C8C9FAC	15/01/2021	19	30890000	30600000	290000	0	0	123600	0	88	92	31	3	8090241.94	5554525.48	26070	2	9.03	280	1.94	0	16	17104902.58	system	04:33.0	system	NULL	4
ICOOL ??ng ?en	12F10B51-5357-EB11-80FD-509A4C8C9FAC	15/01/2021	22	70034600	69079215	709930	82555	162900	0	0	189	175	48	7	10775806.45	13395749.98	0	13	5	260	1.92	0	25	44907658.57	system	01:32.9	system	NULL	4
ICOOL Phan Chu Trinh	8D3B27E0-5357-EB11-80FD-509A4C8C9FAC	15/01/2021	23	35171000	33976540	590500	0	603960	70680	0	102	58	32	4	8152338.71	6614338.34	0	7	4.69	150	2.29	0	14	19280542.95	system	05:32.9	system	NULL	4
ICOOL Phan Xích Long	F6060BF2-5357-EB11-80FD-509A4C8C9FAC	15/01/2021	24	103585900	102129980	659575	266435	529910	94540	0	220	183	52	10	14032258.06	21451610.5	0	18	4.62	240	2.08	0	25	66740651.44	system	06:03.0	system	NULL	4
ICOOL V?ng Tàu	9F406A5D-5457-EB11-80FD-509A4C8C9FAC	15/01/2021	25	8630200	6997320	948200	0	684680	0	0	23	34	8	3	4161290.32	1759777.1	0	2	16	130	0.5	0	16	1076252.58	system	09:03.1	system	NULL	4
ICOOL Xô Vi?t Ngh? T?nh	FB8F546F-5457-EB11-80FD-509A4C8C9FAC	15/01/2021	4	88022700	85143562	1931548	119650	827940	581932	0	230	184	59	5	16209677.42	19240735.49	0	23	5	320	2.03	0	29	50275081.09	system	09:33.2	system	NULL	4
ICOOL Tô Ký	7707DC15-5457-EB11-80FD-509A4C8C9FAC	15/01/2021	5	28961600	28629905	331695	0	0	113530	0	49	48	24	1	10919354.84	5661720	0	13	7	170	0.92	0	26	12162360.16	system	07:03.1	system	NULL	4
ICOOL Bình Phú	2806521B-5357-EB11-80FD-509A4C8C9FAC	15/01/2021	6	68555900	64400562	3554908	162070	438360	116793	0	170	118	36	3	21487512.59	17727421.56	0	6	8	290	1.5	0	24	25302420.85	system	00:02.7	system	NULL	4
ICOOL D??ng Bá Tr?c	A50BE262-5357-EB11-80FD-509A4C8C9FAC	15/01/2021	7	91071800	89725655	1227565	0	118580	947988	0	151	165	54	7	18865550.1	18769860.75	795027	11	5.93	320	2.35	0	23	53833259.15	system	02:02.8	system	NULL	4
ICOOL Nguy?n S?n	171A9398-5357-EB11-80FD-509A4C8C9FAC	15/01/2021	9	33398400	32980620	417780	0	0	0	0	94	73	24	4	8019064.52	21875715.94	14174198.02	15	8.33	200	1.71	0	14	17260037.56	system	03:32.9	system	NULL	4
ICOOL Ung V?n Khiêm	616D7F79-1D58-EB11-80FD-509A4C8C9FAC	16/01/2021	1	222645800	217414127	3231493	169680	1830500	728644	0	607	342	123	8	25600000.01	48741262.34	0	57	2	300	3.51	0	35	143801508.7	system	08:39.1	system	NULL	4
ICOOL Thành Thái	6D8E9C31-1D58-EB11-80FD-509A4C8C9FAC	16/01/2021	10	118755201	116055864	1477327	0	1222010	656580	0	318	255	76	8	20213348.39	24513133.99	0	38	4	344	2.71	0	28	71985961.62	system	06:38.5	system	NULL	4
ICOOL Nguy?n Trãi	C94615D8-1C58-EB11-80FD-509A4C8C9FAC	16/01/2021	11	34971900	33714625	977855	0	279420	0	0	117	86	27	2	6587311.84	6881227.96	0	10	5	150	1.69	0	16	20246085.2	system	04:08.2	system	NULL	4
ICOOL M?c ??nh Chi	8EBD60B4-1C58-EB11-80FD-509A4C8C9FAC	16/01/2021	12	112477200	110360185	955465	0	1161550	582300	0	222	193	62	11	22741935.48	22396100.01	205816	30	4	300	2.95	0	21	66010265.51	system	03:08.3	system	NULL	4
ICOOL Tr?n Bình Tr?ng	6D331957-1D58-EB11-80FD-509A4C8C9FAC	16/01/2021	13	46482100	43932541	1250324	0	1299235	0	0	91	83	24	0	9345161.29	10488037.68	315950	6	9.17	220	1.41	0	17	24415292.03	system	07:41.3	system	NULL	4
ICOOL Cách M?ng Tháng 8	3298D15A-1C58-EB11-80FD-509A4C8C9FAC	16/01/2021	14	151799200	147823725	2815820	147325	1012330	761385.5	0	322	293	77	17	18661290.32	29855931.23	0	44	4	340	2.75	0	28	100067889	system	00:38.1	system	NULL	4
ICOOL C?u Ch? Y	E0E2B26C-1C58-EB11-80FD-509A4C8C9FAC	16/01/2021	16	34343100	34081215	132025	0	129860	0	0	64	73	25	4	4903225.8	6326102.01	0	9	5	130	1.79	0	14	22851887.19	system	01:08.1	system	NULL	4
ICOOL Nh? Thiên ???ng	0109F0FB-1C58-EB11-80FD-509A4C8C9FAC	16/01/2021	17	39243500	38049745	459905	0	733850	0	0	71	47	27	3	10135483.88	8362460.63	0	7	7	200	1.69	0	16	19551800.49	system	05:08.4	system	NULL	4
ICOOL Tr?n Não	F7855167-1D58-EB11-80FD-509A4C8C9FAC	16/01/2021	18	148022600	145865409	1694691	141500	321000	1758411	0	366	304	77	4	16096774.2	35855030.74	0	30	3	300	3.85	0	20	95672015.06	system	08:08.6	system	NULL	4
ICOOL Nguy?n Tri Ph??ng	66C1FCE9-1C58-EB11-80FD-509A4C8C9FAC	16/01/2021	19	45668400	45233400	145000	0	290000	0	0	117	124	39	5	8090241.94	8821939.06	42000	3	7.18	280	2.44	0	16	28363219	system	04:38.3	system	NULL	4
ICOOL ??ng ?en	C1E0977E-1C58-EB11-80FD-509A4C8C9FAC	16/01/2021	22	92477300	91447425	591875	0	438000	0	0	252	263	57	3	10775806.45	18971974.1	0	42	4	260	2.28	0	25	61699644.45	system	01:38.1	system	NULL	4
ICOOL Phan Chu Trinh	FC62CD0D-1D58-EB11-80FD-509A4C8C9FAC	16/01/2021	23	51517700	49723470	1794230	0	0	96190	0	113	62	37	3	8152338.71	10416582.34	0	15	4.05	150	2.64	0	14	31250738.95	system	05:38.4	system	NULL	4
ICOOL Phan Xích Long	312EAF1F-1D58-EB11-80FD-509A4C8C9FAC	16/01/2021	24	106419000	104481225	1068605	41980	827190	658756	0	251	214	64	6	14032258.06	21059472.66	315950	28	3.75	240	2.56	0	25	70364200.28	system	06:08.4	system	NULL	4
ICOOL V?ng Tàu	4065098B-1D58-EB11-80FD-509A4C8C9FAC	16/01/2021	25	17962800	14805700	2902900	0	254200	0	0	58	56	16	3	4161290.32	3803558.76	0	7	8	130	1	0	16	6840850.92	system	09:08.5	system	NULL	4
ICOOL Xô Vi?t Ngh? T?nh	DB2AF59C-1D58-EB11-80FD-509A4C8C9FAC	16/01/2021	4	155693500	149576684	4577061	37355	1502400	0	7770000	416	268	91	10	16209677.42	36377619.11	0	32	3	320	3.14	0	29	104759387.5	system	09:38.6	system	NULL	4
ICOOL Tô Ký	9F45AD43-1D58-EB11-80FD-509A4C8C9FAC	16/01/2021	5	81537600	78809404	1712006	0	1016190	0	0	133	117	49	4	10919354.84	19537085.91	0	10	4	200	1.88	0	26	48352963.25	system	07:08.8	system	NULL	4
ICOOL Bình Phú	5282F448-1C58-EB11-80FD-509A4C8C9FAC	16/01/2021	6	91854600	88351111	2344994	135135	1023360	398400	0	231	175	56	4	21487512.59	18935069.73	0	4	5	300	2.33	0	24	48326928.68	system	00:08.1	system	NULL	4
ICOOL D??ng Bá Tr?c	14767E90-1C58-EB11-80FD-509A4C8C9FAC	16/01/2021	7	156261700	152025371.3	3133665	500123.75	602540	950235.1	100000	281	285	81	9	18865550.1	33545797.99	255616.67	25	3.95	320	3.52	0	23	100919874.9	system	02:08.1	system	NULL	4
ICOOL Nguy?n S?n	598230C6-1C58-EB11-80FD-509A4C8C9FAC	16/01/2021	9	58335000	57986080	128360	0	220560	0	0	165	173	47	0	8019064.52	13284855.87	0	20	4.26	200	3.36	0	14	36682159.62	system	03:38.2	system	NULL	4
ICOOL Ung V?n Khiêm	A291CDA3-E658-EB11-80FD-509A4C8C9FAC	17/01/2021	1	159862200	156763427	2168343	83400	847030	673928	0	473	241	96	4	25600000.01	38982750.7	0	55	3	300	2.74	0	35	92854604.29	system	08:38.9	system	NULL	4
ICOOL Thành Thái	6C6E3B5C-E658-EB11-80FD-509A4C8C9FAC	17/01/2021	10	72478800	71470150	792380	43390	172880	0	0	228	195	58	11	20213348.39	24882045.89	0	32	0	1	2.07	0	28	26374755.72	system	06:38.8	system	NULL	4
ICOOL Nguy?n Trãi	B573CB02-E658-EB11-80FD-509A4C8C9FAC	17/01/2021	11	20861500	20361305	500195	0	0	0	0	35	57	23	2	6587311.84	3162056.4	0	12	6	160	1.44	0	16	10611936.76	system	04:08.8	system	NULL	4
ICOOL M?c ??nh Chi	464EFADE-E558-EB11-80FD-509A4C8C9FAC	17/01/2021	12	65427200	63868915	861875	40730	655680	170060	0	131	111	43	3	22741935.48	13105003.67	0	19	6	270	2.05	0	21	28192035.85	system	03:08.7	system	NULL	4
ICOOL Tr?n Bình Tr?ng	69F00080-E658-EB11-80FD-509A4C8C9FAC	17/01/2021	13	23881900	22800510	670650	0	410740	0	0	69	63	22	2	9345161.29	4542887	0	9	8.18	180	1.29	0	17	8912461.71	system	07:38.8	system	NULL	4
ICOOL Cách M?ng Tháng 8	8CF88A85-E558-EB11-80FD-509A4C8C9FAC	17/01/2021	14	90364500	87170956	2483164	175280	535100	233000	0	215	178	58	8	18661290.32	14357157.79	0	35	5	340	2.07	0	28	54385507.89	system	00:38.6	system	NULL	4
ICOOL C?u Ch? Y	2E236997-E558-EB11-80FD-509A4C8C9FAC	17/01/2021	16	30119800	29531672	457768	0	130360	0	0	70	59	23	5	4903225.8	5629390.57	0	5	5	120	1.64	0	14	18999055.63	system	01:08.6	system	NULL	4
ICOOL Nh? Thiên ???ng	4ABE8F26-E658-EB11-80FD-509A4C8C9FAC	17/01/2021	17	35358001	34339280.9	215110	0	803610.1	0	0	75	51	24	3	10135483.88	8002592.44	0	7	7	190	1.5	0	16	16201204.58	system	05:08.8	system	NULL	4
ICOOL Tr?n Não	B242E991-E658-EB11-80FD-509A4C8C9FAC	17/01/2021	18	81674700	78836485	521595	0	2316620	225405	0	177	170	55	5	16096774.2	37223980.57	19030911.31	26	4	270	2.75	0	20	44772046.54	system	08:08.9	system	NULL	4
ICOOL Nguy?n Tri Ph??ng	BDE0A514-E658-EB11-80FD-509A4C8C9FAC	17/01/2021	19	21829900	21578350	200000	51550	0	0	0	55	71	31	2	8090241.94	3225454.29	0	5	9.03	280	1.94	0	16	10262653.78	system	04:38.7	system	NULL	4
ICOOL ??ng ?en	1B0F51A9-E558-EB11-80FD-509A4C8C9FAC	17/01/2021	22	60322000	58651175	1423005	0	247820	0	0	182	121	43	10	10775806.45	11746566.82	0	27	5	240	1.72	0	25	36128801.73	system	01:38.6	system	NULL	4
ICOOL Phan Chu Trinh	33CF7138-E658-EB11-80FD-509A4C8C9FAC	17/01/2021	23	44957200	42546290	1589230	0	821680	0	0	104	56	29	2	8152338.71	9655801.24	0	9	4.83	140	2.07	0	14	24738150.05	system	05:38.8	system	NULL	4
ICOOL Phan Xích Long	F873534A-E658-EB11-80FD-509A4C8C9FAC	17/01/2021	24	96246800	94872760	1121920	38430	213690	0	0	242	213	65	6	14032258.06	16632196.81	0	26	3.69	240	2.6	0	25	64208305.13	system	06:08.8	system	NULL	4
ICOOL V?ng Tàu	EB0FAEB5-E658-EB11-80FD-509A4C8C9FAC	17/01/2021	25	6897600	5142550	1755050	0	0	0	0	18	42	7	0	4161290.32	1465586.77	0	4	18	130	0.44	0	16	-484327.09	system	09:08.9	system	NULL	4
ICOOL Xô Vi?t Ngh? T?nh	D10793C7-E658-EB11-80FD-509A4C8C9FAC	17/01/2021	4	91333400	90164620	846550	99490	222740	0	0	264	184	60	10	16209677.42	21069571.78	0	31	5	320	2.07	0	29	52885370.8	system	09:38.9	system	NULL	4
ICOOL Tô Ký	864F206E-E658-EB11-80FD-509A4C8C9FAC	17/01/2021	5	41627300	40656600	452580	0	518120	299240	0	86	101	37	1	10919354.84	8569342.5	0	31	5	200	1.42	0	26	21467142.66	system	07:08.8	system	NULL	4
ICOOL Bình Phú	DDAFAB73-E558-EB11-80FD-509A4C8C9FAC	17/01/2021	6	46839700	45851935	533995	36320	417450	0	0	127	99	33	4	21487512.59	16920684.05	0	11	8	290	1.38	0	24	7443738.36	system	00:08.6	system	NULL	4
ICOOL D??ng Bá Tr?c	C0FB30BB-E558-EB11-80FD-509A4C8C9FAC	17/01/2021	7	93107600	91327025	1327525	266510	186540	235480	0	189	158	60	7	18865550.1	18325796.92	1927000	20	5.33	320	2.61	0	23	56298157.99	system	02:08.6	system	NULL	4
ICOOL Nguy?n S?n	5596E4F0-E558-EB11-80FD-509A4C8C9FAC	17/01/2021	9	65372700	63716690	1230510	0	425500	291240	0	202	125	42	4	8019064.52	16059669.03	0	22	4.52	190	3	0	14	39929196.46	system	03:38.7	system	NULL	4
ICOOL Ung V?n Khiêm	1A3C8FCE-AF59-EB11-80FD-509A4C8C9FAC	18/01/2021	1	78106200	75337910	1671840	0	1096450	788223	0	205	127	49	4	25600000.01	20369929.26	0	16	6	300	1.4	0	35	30156203.73	system	08:39.5	system	NULL	4
ICOOL Thành Thái	7721FD86-AF59-EB11-80FD-509A4C8C9FAC	18/01/2021	10	61729500	60690690	514440	161390	362980	88270	200000	183	168	48	3	20213348.39	14137286.67	0	26	0	1	1.71	0	28	26628324.94	system	06:39.4	system	NULL	4
ICOOL Nguy?n Trãi	6F9C822D-AF59-EB11-80FD-509A4C8C9FAC	18/01/2021	11	16249300	15903810	345490	0	0	472300	0	49	24	11	1	6587311.84	4552705.24	0	5	11	130	0.69	0	16	5236092.92	system	04:09.3	system	NULL	4
ICOOL M?c ??nh Chi	4128B409-AF59-EB11-80FD-509A4C8C9FAC	18/01/2021	12	54986000	53661350	846850	0	477800	1331050	0	124	70	28	5	22741935.48	27925266.36	16422653	9	9	270	1.33	0	21	20747851.16	system	03:09.2	system	NULL	4
ICOOL Tr?n Bình Tr?ng	D7DDC4AA-AF59-EB11-80FD-509A4C8C9FAC	18/01/2021	13	31070600	29468675	548625	0	1053300	0	100000	69	50	19	0	9345161.29	6768174.01	0	6	8.95	170	1.12	0	17	13455339.7	system	07:39.4	system	NULL	4
ICOOL Cách M?ng Tháng 8	10E73EB0-AE59-EB11-80FD-509A4C8C9FAC	18/01/2021	14	62455200	60484995	1496115	0	474090	203245	0	120	125	37	5	18661290.32	11806011.9	0	16	8	320	1.32	0	28	30220937.78	system	00:39.1	system	NULL	4
ICOOL C?u Ch? Y	6AAE24C2-AE59-EB11-80FD-509A4C8C9FAC	18/01/2021	16	10033100	9250890	618900	0	163310	0	0	25	26	9	6	4903225.8	2122858	0	5	11	100	0.64	0	14	2224806.2	system	01:09.1	system	NULL	4
ICOOL Nh? Thiên ???ng	6EF75951-AF59-EB11-80FD-509A4C8C9FAC	18/01/2021	17	23713200	22760080	348000	0	605120	0	200000	35	38	16	4	10135483.88	5893571.35	0	3	9	150	1	0	16	6931024.77	system	05:09.4	system	NULL	4
ICOOL Tr?n Não	A426A8BC-AF59-EB11-80FD-509A4C8C9FAC	18/01/2021	18	78556700	76346475	1243065	478610	488550	1396126	437000	166	216	45	5	16096774.2	18063538.69	0	18	5	240	2.25	0	20	44019288.11	system	08:09.4	system	NULL	4
ICOOL Nguy?n Tri Ph??ng	8FC4773F-AF59-EB11-80FD-509A4C8C9FAC	18/01/2021	19	15470100	14794700	675400	0	0	0	0	50	47	20	0	8090241.94	3364170.1	0	9	14	280	1.25	0	16	3340287.96	system	04:39.4	system	NULL	4
ICOOL ??ng ?en	27FF02D4-AE59-EB11-80FD-509A4C8C9FAC	18/01/2021	22	26326000	25773440	459790	0	92770	0	0	88	85	22	2	10775806.45	6086939.48	0	23	8	190	0.88	0	25	8910694.07	system	01:39.1	system	NULL	4
ICOOL Phan Chu Trinh	04CF2F63-AF59-EB11-80FD-509A4C8C9FAC	18/01/2021	23	13485500	12773720	711780	0	0	0	0	42	22	13	1	8152338.71	2624549.34	0	6	8.46	110	0.93	0	14	1996831.95	system	05:39.3	system	NULL	4
ICOOL Phan Xích Long	A26F1775-AF59-EB11-80FD-509A4C8C9FAC	18/01/2021	24	51932900	51180865	554970	39125	157940	0	0	141	130	36	7	14032258.06	10536510.07	0	15	6.67	240	1.44	0	25	26612096.87	system	06:09.4	system	NULL	4
ICOOL V?ng Tàu	CD425836-C95A-EB11-80E9-00155DC46400	18/01/2021	25	9806800	8327400	1479400	0	0	0	0	24	29	7	0	4161290.32	2766149.19	0	3	18	130	0.44	0	16	1399960.49	system	43:02.2	system	NULL	4
ICOOL Xô Vi?t Ngh? T?nh	9A2F5AF2-AF59-EB11-80FD-509A4C8C9FAC	18/01/2021	4	43934200	41420595	2400405	0	113200	532800	0	130	95	32	5	16209677.42	10862564.03	800000	7	10	320	1.1	0	29	15681153.55	system	09:39.5	system	NULL	4
ICOOL Tô Ký	711BDA98-AF59-EB11-80FD-509A4C8C9FAC	18/01/2021	5	18010100	16842130	333800	0	834170	0	0	50	28	16	3	10919354.84	4068904.21	0	9	9	150	0.62	0	26	1853870.95	system	07:09.3	system	NULL	4
ICOOL Bình Phú	936E5A9E-AE59-EB11-80FD-509A4C8C9FAC	18/01/2021	6	40116400	39233039	883361	0	0	0	0	107	70	21	3	21487512.59	18272704.73	0	6	10	230	0.88	0	24	-527178.32	system	00:09.1	system	NULL	4
ICOOL D??ng Bá Tr?c	8B6100E6-AE59-EB11-80FD-509A4C8C9FAC	18/01/2021	7	69466500	67586480	1463475	60225	356320	240400	0	128	123	44	5	18865550.1	24258578.33	10318000.02	17	7.27	320	1.91	0	23	35020751.59	system	02:09.3	system	NULL	4
ICOOL Nguy?n S?n	ECD69D1B-AF59-EB11-80FD-509A4C8C9FAC	18/01/2021	9	43638000	41175280	735380	0	1727340	186242.5	240000	88	84	24	4	8019064.52	10898406.39	0	11	6.25	150	1.71	0	14	22684051.59	system	03:39.2	system	NULL	4
ICOOL Ung V?n Khiêm	D5C9E5FA-785A-EB11-80FD-509A4C8C9FAC	19/01/2021	1	99099700	97262455	371155	97300	1368790	638930	0	309	102	64	4	25600000.01	21163732.32	0	27	4	300	1.83	0	35	51137652.67	system	08:42.7	system	NULL	4
ICOOL Thành Thái	76BC56B3-785A-EB11-80FD-509A4C8C9FAC	19/01/2021	10	84680201	82228725.9	2043835	0	407640.1	1166090	0	251	251	63	5	20213348.39	18739540.2	0	30	5	340	2.25	0	28	44441927.31	system	06:42.6	system	NULL	4
ICOOL Nguy?n Trãi	E475D959-785A-EB11-80FD-509A4C8C9FAC	19/01/2021	11	15266400	14855390	220910	0	190100	0	0	43	46	15	2	6587311.84	10793191.84	7572772.04	2	8	120	0.94	0	16	5047658.36	system	04:12.5	system	NULL	4
ICOOL M?c ??nh Chi	FC631736-785A-EB11-80FD-509A4C8C9FAC	19/01/2021	12	71243401	68170736	2556765	0	515900	650980	0	161	137	40	4	22741935.48	15449447.6	0	17	6	270	1.9	0	21	30630332.92	system	03:12.5	system	NULL	4
ICOOL Tr?n Bình Tr?ng	722319D7-785A-EB11-80FD-509A4C8C9FAC	19/01/2021	13	30778000	29659020	815040	0	303940	0	400000	94	90	25	1	9345161.29	7742176.67	660000	7	7.2	180	1.47	0	17	13631682.04	system	07:42.6	system	NULL	4
ICOOL Cách M?ng Tháng 8	1CF8C2DC-775A-EB11-80FD-509A4C8C9FAC	19/01/2021	14	56176900	53864600	260220	0	2052080	257274	0	115	111	39	7	18661290.32	10915449	0	22	8	320	1.39	0	28	24545134.68	system	00:42.6	system	NULL	4
ICOOL C?u Ch? Y	0F8480EE-775A-EB11-80FD-509A4C8C9FAC	19/01/2021	16	9275800	8827800	448000	0	0	0	0	22	24	9	0	4903225.8	2229407.34	0	7	12	110	0.64	0	14	1695166.86	system	01:12.4	system	NULL	4
ICOOL Nh? Thiên ???ng	A812A77D-785A-EB11-80FD-509A4C8C9FAC	19/01/2021	17	21761000	21350845	185545	0	224610	0	0	40	35	18	4	10135483.88	5158032.1	0	2	8	150	1.13	0	16	6057329.02	system	05:12.6	system	NULL	4
ICOOL Tr?n Não	835D04E9-785A-EB11-80FD-509A4C8C9FAC	19/01/2021	18	80900000	79282035	708635	0	909330	321226	0	190	166	46	3	16096774.2	20353357.73	0	17	5	240	2.3	0	20	43153129.07	system	08:12.7	system	NULL	4
ICOOL Nguy?n Tri Ph??ng	3E2EC46B-785A-EB11-80FD-509A4C8C9FAC	19/01/2021	19	10497200	9769270	656790	31350	39790	0	0	39	31	18	3	8090241.94	1945302.62	108120	3	15.56	280	1.13	0	16	-158154.56	system	04:42.5	system	NULL	4
ICOOL ??ng ?en	2F336800-785A-EB11-80FD-509A4C8C9FAC	19/01/2021	22	35276600	34741105	535495	0	0	0	0	119	82	26	6	10775806.45	8053856.58	319550	7	6	180	1.04	0	25	16230991.97	system	01:42.4	system	NULL	4
ICOOL Phan Chu Trinh	6AEF848F-785A-EB11-80FD-509A4C8C9FAC	19/01/2021	23	15623200	14668100	619800	0	335300	0	0	42	28	16	2	8152338.71	3327064	0	7	7.5	120	1.14	0	14	3188697.29	system	05:42.5	system	NULL	4
ICOOL Phan Xích Long	FF8772A1-785A-EB11-80FD-509A4C8C9FAC	19/01/2021	24	71970000	69735695	2028545	0	205760	0	0	210	172	50	12	14032258.06	16883647.75	0	13	4.8	240	2	0	25	38819789.19	system	06:12.6	system	NULL	4
ICOOL V?ng Tàu	5D09C60C-795A-EB11-80FD-509A4C8C9FAC	19/01/2021	25	8378900	6779450	1396450	0	203000	0	0	23	20	7	0	4161290.32	2027289.27	0	6	18	130	0.44	0	16	590870.41	system	09:12.7	system	NULL	4
ICOOL Xô Vi?t Ngh? T?nh	55C8AA1E-795A-EB11-80FD-509A4C8C9FAC	19/01/2021	4	35856000	34621775	1109705	0	124520	222343.5	0	97	64	31	2	16209677.42	13801323.65	9433100	8	10	320	1.07	0	29	14266217.43	system	09:42.7	system	NULL	4
ICOOL Tô Ký	7F1933C5-785A-EB11-80FD-509A4C8C9FAC	19/01/2021	5	12758900	12509730	249170	0	0	0	0	20	24	10	0	10919354.84	3282292.39	0	1	15	150	0.38	0	26	-1691917.23	system	07:12.6	system	NULL	4
ICOOL Bình Phú	4225BCCA-775A-EB11-80FD-509A4C8C9FAC	19/01/2021	6	41821800	40530750	1195700	0	95350	0	50000	119	105	33	3	21487512.59	16368419.96	0	4	6	230	1.38	0	24	2724817.45	system	00:12.4	system	NULL	4
ICOOL D??ng Bá Tr?c	14F15112-785A-EB11-80FD-509A4C8C9FAC	19/01/2021	7	68117500	65024753.75	1345140	261006.25	1486600	335250	0	127	122	37	6	18865550.1	21258808.38	7352658.41	12	8.65	320	1.61	0	23	32588303.68	system	02:12.5	system	NULL	4
ICOOL Nguy?n S?n	ED65F947-785A-EB11-80FD-509A4C8C9FAC	19/01/2021	9	27941800	27441750	359370	0	140680	0	0	85	86	26	4	8019064.52	7060704.06	0	18	6.15	160	1.86	0	14	12361981.43	system	03:42.5	system	NULL	4
ICOOL Ung V?n Khiêm	C3C89625-425B-EB11-80FD-509A4C8C9FAC	20/01/2021	1	107394300	104472613	2682087	0	239600	672845	0	332	202	71	2	25600000.01	24288194.59	0	28	4	300	2.03	0	35	55257263.4	system	08:43.2	system	NULL	4
ICOOL Thành Thái	CA4702DE-415B-EB11-80FD-509A4C8C9FAC	20/01/2021	10	62090200	61363190	497330	0	229680	207740	0	206	218	50	6	20213348.39	27381416.04	13606359	20	6	338	1.79	0	28	27582524.57	system	06:43.1	system	NULL	4
ICOOL Nguy?n Trãi	B9078F84-415B-EB11-80FD-509A4C8C9FAC	20/01/2021	11	16565400	16463710	74710	0	26980	0	0	38	51	14	3	6587311.84	3849736.29	0	5	7	110	0.88	0	16	6026661.87	system	04:13.0	system	NULL	4
ICOOL M?c ??nh Chi	20B8D160-415B-EB11-80FD-509A4C8C9FAC	20/01/2021	12	68326300	66390705	937485	0	998110	494050	0	137	135	42	5	22741935.48	12433457.6	0	9	5	240	2	0	21	31709361.92	system	03:13.0	system	NULL	4
ICOOL Tr?n Bình Tr?ng	4C73CB01-425B-EB11-80FD-509A4C8C9FAC	20/01/2021	13	18882900	18212665	560675	0	109560	0	0	57	50	19	1	9345161.29	18564125	15017191	6	9.47	180	1.12	0	17	5320569.71	system	07:43.1	system	NULL	4
ICOOL Cách M?ng Tháng 8	C5835307-415B-EB11-80FD-509A4C8C9FAC	20/01/2021	14	71621900	68259425	2656015	0	706460	1048672.5	0	166	148	54	8	18661290.32	13721508.01	0	18	5	320	1.93	0	28	36925299.17	system	00:42.9	system	NULL	4
ICOOL C?u Ch? Y	40DE3519-415B-EB11-80FD-509A4C8C9FAC	20/01/2021	16	5544800	5544800	0	0	0	0	0	12	15	6	0	4903225.8	1105016.9	0	2	18	110	0.43	0	14	-463442.7	system	01:12.9	system	NULL	4
ICOOL Nh? Thiên ???ng	899950A8-415B-EB11-80FD-509A4C8C9FAC	20/01/2021	17	11588800	11565250	23550	0	0	0	0	35	21	11	0	10135483.88	2811577	0	3	14	160	0.69	0	16	-1381810.88	system	05:13.0	system	NULL	4
ICOOL Tr?n Não	D3FDB213-425B-EB11-80FD-509A4C8C9FAC	20/01/2021	18	94981900	93558811	960769	21020	441300	130740	830000	238	225	55	4	16096774.2	21240306.11	0	19	3	210	2.75	0	20	57182470.69	system	08:13.1	system	NULL	4
ICOOL Nguy?n Tri Ph??ng	252F7196-415B-EB11-80FD-509A4C8C9FAC	20/01/2021	19	9346700	8126350	1087000	133350	0	0	0	36	40	12	0	8090241.94	7018194.48	5245085	0	23.33	280	0.75	0	16	-1737001.41	system	04:43.0	system	NULL	4
ICOOL ??ng ?en	1DE5192B-415B-EB11-80FD-509A4C8C9FAC	20/01/2021	22	43984800	43030500	851300	0	103000	0	0	141	139	38	4	10775806.45	9107074.87	0	42	4	180	1.52	0	25	23147618.68	system	01:42.9	system	NULL	4
ICOOL Phan Chu Trinh	4F6539BA-415B-EB11-80FD-509A4C8C9FAC	20/01/2021	23	17094100	16364445	729655	0	0	0	0	42	24	15	0	8152338.71	3921494.67	0	2	7.33	110	1.07	0	14	4290611.62	system	05:43.0	system	NULL	4
ICOOL Phan Xích Long	64951DCC-415B-EB11-80FD-509A4C8C9FAC	20/01/2021	24	56919000	55802565	769475	0	346960	191040	0	174	124	45	8	14032258.06	11572592.67	0	21	5.33	240	1.8	0	25	30388754.27	system	06:13.0	system	NULL	4
ICOOL V?ng Tàu	F8FF7537-425B-EB11-80FD-509A4C8C9FAC	20/01/2021	25	3286900	2805950	480950	0	0	0	0	11	8	3	0	4161290.32	743873.27	0	2	46	140	0.19	0	16	-2099213.59	system	09:13.1	system	NULL	4
ICOOL Xô Vi?t Ngh? T?nh	E4115A49-425B-EB11-80FD-509A4C8C9FAC	20/01/2021	4	46285400	44862375	924990	80735	417300	0	0	143	110	36	0	16209677.42	10368987.72	0	14	8	320	1.24	0	29	18283709.86	system	09:43.2	system	NULL	4
ICOOL Tô Ký	A29BEBEF-415B-EB11-80FD-509A4C8C9FAC	20/01/2021	5	32081100	31003845	250605	0	826650	0	0	56	57	26	1	10919354.84	8434823.38	0	2	5	140	1	0	26	11649666.78	system	07:13.1	system	NULL	4
ICOOL Bình Phú	52856EF5-405B-EB11-80FD-509A4C8C9FAC	20/01/2021	6	46159800	45168214	950586	41000	0	210380	0	137	98	32	3	21487512.59	20188361.44	0	8	7	240	1.33	0	24	3702719.97	system	00:12.9	system	NULL	4
ICOOL D??ng Bá Tr?c	135BFD3C-415B-EB11-80FD-509A4C8C9FAC	20/01/2021	7	83962700	80807455	1723085	0	1432160	178500	0	170	143	48	11	18865550.1	19179286.35	79208	18	6.67	320	2.09	0	23	43020326.56	system	02:12.9	system	NULL	4
ICOOL Nguy?n S?n	794CAF72-415B-EB11-80FD-509A4C8C9FAC	20/01/2021	9	32607200	31870370	262970	92840	381020	0	0	93	64	23	0	8019064.52	8504880.06	0	16	6.52	150	1.64	0	14	15346425.42	system	03:43.0	system	NULL	4
ICOOL Ung V?n Khiêm	11594750-0B5C-EB11-80FD-509A4C8C9FAC	21/01/2021	1	136983000	133463368	2801672	129840	588120	987540	0	409	243	80	6	25600000	30874224.01	875700	37	3.75	300	2.29	0	35	78852383.99	system	08:43.6	system	NULL	4
ICOOL Thành Thái	01A8B908-0B5C-EB11-80FD-509A4C8C9FAC	21/01/2021	10	86495801	82250685	2872586	0	1372530	938853.4	0	247	177	65	5	20213348.39	18370400.34	230907	26	5	338	2.32	0	28	44836696.67	system	06:43.6	system	NULL	4
ICOOL Nguy?n Trãi	177E42AF-0A5C-EB11-80FD-509A4C8C9FAC	21/01/2021	11	9624800	9476375	148425	0	0	0	0	31	22	10	1	6587311.84	2274504.95	0	5	12	120	0.63	0	16	614558.21	system	04:13.5	system	NULL	4
ICOOL M?c ??nh Chi	D707938B-0A5C-EB11-80FD-509A4C8C9FAC	21/01/2021	12	89172602	85229776.9	426075	51325	3465425.1	873160	0	186	98	43	16	22741935.48	19201765.01	0	11	6	270	2.05	0	21	44159236.41	system	03:13.6	system	NULL	4
ICOOL Tr?n Bình Tr?ng	D541832C-0B5C-EB11-80FD-509A4C8C9FAC	21/01/2021	13	28891500	27509260	1099720	0	282520	0	0	75	72	23	3	9345161.29	6503719.67	0	10	7.83	180	1.35	0	17	11660379.04	system	07:43.6	system	NULL	4
ICOOL Cách M?ng Tháng 8	D1420632-0A5C-EB11-80FD-509A4C8C9FAC	21/01/2021	14	108551200	104038300	2343900	0	2169000	1397597	0	235	196	60	3	18661290.32	24087028.01	0	24	5	320	2.14	0	28	62687578.67	system	00:43.4	system	NULL	4
ICOOL C?u Ch? Y	130FE943-0A5C-EB11-80FD-509A4C8C9FAC	21/01/2021	16	6760900	6715485	14950	30465	0	0	0	23	13	8	0	4903225.8	1449243	0	2	13	110	0.57	0	14	363016.2	system	01:13.4	system	NULL	4
ICOOL Nh? Thiên ???ng	28A90FD3-0A5C-EB11-80FD-509A4C8C9FAC	21/01/2021	17	29822501	29251430.9	0	0	571070.1	0	0	92	20	23	0	10135483.88	8404794.39	0	5	6	150	1.44	0	16	10711152.63	system	05:13.5	system	NULL	4
ICOOL Tr?n Não	565C673E-0B5C-EB11-80FD-509A4C8C9FAC	21/01/2021	18	90613900	89035550	1234365	73145	270840	763147	200000	232	225	60	4	16096774.2	21178092.63	0	28	3	230	3	0	20	52723830.17	system	08:13.6	system	NULL	4
ICOOL Nguy?n Tri Ph??ng	66F225C1-0A5C-EB11-80FD-509A4C8C9FAC	21/01/2021	19	23582400	22938385	564215	0	79800	0	0	81	68	25	0	8090241.94	5144289.29	0	3	11.2	280	1.56	0	16	9703853.77	system	04:43.5	system	NULL	4
ICOOL ??ng ?en	CB78CD55-0A5C-EB11-80FD-509A4C8C9FAC	21/01/2021	22	48443900	47248915	337050	92795	765140	0	0	150	92	40	3	10775806.45	11024584.24	0	13	4	180	1.6	0	25	25448524.31	system	01:43.4	system	NULL	4
ICOOL Phan Chu Trinh	AF920FE5-0A5C-EB11-80FD-509A4C8C9FAC	21/01/2021	23	12198900	12069580	64390	0	64930	0	0	28	24	13	2	8152338.71	42686660.55	40454137.83	3	9.23	120	0.93	0	14	1684718.57	system	05:43.7	system	NULL	4
ICOOL Phan Xích Long	2F5AD4F6-0A5C-EB11-80FD-509A4C8C9FAC	21/01/2021	24	92065500	88478145	1121625	72370	2393360	527059	0	232	221	56	6	14032258.06	19995058.35	0	14	4.29	240	2.24	0	25	54977887.59	system	06:13.5	system	NULL	4
ICOOL V?ng Tàu	37062C62-0B5C-EB11-80FD-509A4C8C9FAC	21/01/2021	25	2131600	1768800	362800	0	0	0	0	3	9	2	0	4161290.32	579476.71	0	2	70	140	0.13	0	16	-2971967.03	system	09:13.6	system	NULL	4
ICOOL Xô Vi?t Ngh? T?nh	3A620674-0B5C-EB11-80FD-509A4C8C9FAC	21/01/2021	4	61865600	59103600	1639065	117925	1005010	41800	0	174	126	43	4	16209677.42	15760429.77	0	15	7	320	1.48	0	29	27175292.81	system	09:43.6	system	NULL	4
ICOOL Tô Ký	32BF961A-0B5C-EB11-80FD-509A4C8C9FAC	21/01/2021	5	32615000	31284675	1087025	0	243300	0	0	56	57	22	3	10919354.84	8398615.69	0	1	6	150	0.85	0	26	11966704.47	system	07:13.5	system	NULL	4
ICOOL Bình Phú	C68E2720-0A5C-EB11-80FD-509A4C8C9FAC	21/01/2021	6	56703900	55421376	937524	0	345000	346250	0	133	110	34	4	21487512.58	25319083.54	0	6	7.06	240	1.42	0	24	8961029.88	system	00:13.4	system	NULL	4
ICOOL D??ng Bá Tr?c	0C6AB767-0A5C-EB11-80FD-509A4C8C9FAC	21/01/2021	7	71219100	68847140	1315360	0	1056600	525360	0	160	114	44	8	18865550.1	15047651.09	0	15	7.27	320	1.91	0	23	35459298.81	system	02:13.4	system	NULL	4
ICOOL Nguy?n S?n	A5A15F9D-0A5C-EB11-80FD-509A4C8C9FAC	21/01/2021	9	33007600	30984710	1946270	0	76620	102444.5	0	118	75	28	4	8019064.52	8661779.01	0	15	5.36	150	2	0	14	14406310.98	system	03:43.5	system	NULL	4
ICOOL Ung V?n Khiêm	E10BF87A-D45C-EB11-80FD-509A4C8C9FAC	22/01/2021	1	171338100	164982593	3276645	223662	2855200	1640538	0	395	257	81	9	25600000	36380555.36	23500	36	3.7	300	2.31	0	35	104666075.6	system	08:44.1	system	NULL	4
ICOOL Thành Thái	04966C33-D45C-EB11-80FD-509A4C8C9FAC	22/01/2021	10	121084300	117169139	2990611	0	924550	370544	100000	274	247	66	5	20213348.39	24756470.51	0	24	5	349	2.36	0	28	72669864.1	system	06:44.0	system	NULL	4
ICOOL Nguy?n Trãi	C33DFDD9-D35C-EB11-80FD-509A4C8C9FAC	22/01/2021	11	50235500	47881720	898620	0	1455160	0	0	103	123	36	4	6587311.84	10539332.1	0	6	4	160	2.25	0	16	30755076.06	system	04:14.0	system	NULL	4
ICOOL M?c ??nh Chi	55382DB6-D35C-EB11-80FD-509A4C8C9FAC	22/01/2021	12	153288200	147566235	2562305	108200	3051460	2554925	0	298	273	59	9	22741935.48	32093733.54	0	25	5	300	2.81	0	21	95285490.98	system	03:13.9	system	NULL	4
ICOOL Tr?n Bình Tr?ng	06C02A57-D45C-EB11-80FD-509A4C8C9FAC	22/01/2021	13	54570800	50928311.4	2092433	315045.6	1235010	117590	0	130	138	35	8	9345161.29	10849853.24	0	8	6.29	220	2.06	0	17	30850886.87	system	07:44.0	system	NULL	4
ICOOL Cách M?ng Tháng 8	2E9BE65C-D35C-EB11-80FD-509A4C8C9FAC	22/01/2021	14	157337800	145311990	2858640	491360	8675810	3743352	200000	342	305	66	17	18661290.32	31543667.47	0	33	5	380	2.36	0	28	99050384.21	system	00:44.1	system	NULL	4
ICOOL C?u Ch? Y	1594A06E-D35C-EB11-80FD-509A4C8C9FAC	22/01/2021	16	30605300	29963225	95445	0	546630	0	0	78	58	24	0	4903225.8	5723913.34	0	7	5	130	1.71	0	14	19336085.86	system	01:13.9	system	NULL	4
ICOOL Nh? Thiên ???ng	6E89BEFD-D35C-EB11-80FD-509A4C8C9FAC	22/01/2021	17	29198500	28635623	233837	0	329040	163160	0	73	57	19	3	10135483.88	6786402.25	60000	4	10	200	1.19	0	16	11936896.87	system	05:14.0	system	NULL	4
ICOOL Tr?n Não	E0111A69-D45C-EB11-80FD-509A4C8C9FAC	22/01/2021	18	132905100	129216130	1828020	45700	1815250	1029977.5	0	312	262	63	7	16096774.2	29503859.16	47000	25	4	300	3.15	0	20	84692474.14	system	08:14.1	system	NULL	4
ICOOL Nguy?n Tri Ph??ng	4BBEDFEB-D35C-EB11-80FD-509A4C8C9FAC	22/01/2021	19	33620800	32958970	525640	0	136190	182950	0	106	91	32	1	8090241.94	6361691.56	0	3	8.75	280	2	0	16	18689986.51	system	04:44.0	system	NULL	4
ICOOL ??ng ?en	65AC8680-D35C-EB11-80FD-509A4C8C9FAC	22/01/2021	22	94287000	92066780	1129930	0	1090290	0	0	232	272	51	4	10775806.45	19305630.05	0	23	5	260	2.04	0	25	61985343.5	system	01:43.9	system	NULL	4
ICOOL Phan Chu Trinh	C42A9E0F-D45C-EB11-80FD-509A4C8C9FAC	22/01/2021	23	46863500	45186030	1379470	0	298000	768400	0	102	65	34	6	8152338.71	8288034.34	0	9	4.41	150	2.43	0	14	29514056.95	system	05:44.0	system	NULL	4
ICOOL Phan Xích Long	51DA8321-D45C-EB11-80FD-509A4C8C9FAC	22/01/2021	24	104168800	101485805	1079840	105605	1497550	316080	100000	237	204	58	4	14032258.06	19852699.06	150000	23	4.14	240	2.32	0	25	68166927.88	system	06:14.0	system	NULL	4
ICOOL V?ng Tàu	701CE98C-D45C-EB11-80FD-509A4C8C9FAC	22/01/2021	25	46397000	25754850	4849750	0	15792400	0	0	137	81	34	2	4161290.32	9659842.72	0	8	4	140	2.13	0	16	11933716.96	system	09:14.2	system	NULL	4
ICOOL Xô Vi?t Ngh? T?nh	4EFABE9E-D45C-EB11-80FD-509A4C8C9FAC	22/01/2021	4	104187700	101969010	1512090	0	706600	1250743	0	272	175	62	5	16209677.42	22746606.07	0	26	5	320	2.14	0	29	64263469.51	system	09:44.1	system	NULL	4
ICOOL Tô Ký	4BEB5145-D45C-EB11-80FD-509A4C8C9FAC	22/01/2021	5	50321600	48921649	826171	0	573780	647540.4	0	76	87	29	0	10919354.84	11854115.81	0	7	5	170	1.12	0	26	26795718.75	system	07:14.1	system	NULL	4
ICOOL Bình Phú	BEB5DE4A-D35C-EB11-80FD-509A4C8C9FAC	22/01/2021	6	65811701	64549359.9	819341	0	443000.1	320450	0	180	108	45	1	21487512.58	13781597.3	0	9	6.44	290	1.88	0	24	29600700.02	system	00:13.9	system	NULL	4
ICOOL D??ng Bá Tr?c	6D7A7A92-D35C-EB11-80FD-509A4C8C9FAC	22/01/2021	7	151114100	147553900	1950710	166000	1443490	694750	0	275	267	78	12	18865550.1	31588772.83	0	28	4.1	320	3	0	26	97794327.08	system	02:14.0	system	NULL	4
ICOOL Nguy?n S?n	AD7115C8-D35C-EB11-80FD-509A4C8C9FAC	22/01/2021	9	47742700	45620040	201160	0	1921500	262120	0	135	88	34	1	8019064.52	10833401.35	0	12	5.88	200	2.43	0	14	27029694.14	system	03:44.0	system	NULL	4
ICOOL Ung V?n Khiêm	C17EBCA5-9D5D-EB11-80FD-509A4C8C9FAC	23/01/2021	1	227197900	220731392	5054808	71050	1340650	2609939.6	0	570	340	116	11	25600000	48411356.89	563500	52	3.02	350	3.31	0	35	149893474.7	system	08:44.7	system	NULL	4
ICOOL Thành Thái	B794615E-9D5D-EB11-80FD-509A4C8C9FAC	23/01/2021	10	152976100	147877710	3070830	0	2027560	1312841.8	0	344	301	89	24	20213348.39	31700135.89	0	45	4	357	3.18	0	28	97277067.52	system	06:45.0	system	NULL	4
ICOOL Nguy?n Trãi	7EEAC304-9D5D-EB11-80FD-509A4C8C9FAC	23/01/2021	11	40758800	38482410	1046290	284750	945350	959585	0	78	97	27	4	6587311.84	8668381.92	0	18	5	160	1.69	0	16	24186301.24	system	04:14.6	system	NULL	4
ICOOL M?c ??nh Chi	E577EBE0-9C5D-EB11-80FD-509A4C8C9FAC	23/01/2021	12	165618300	158926845	5591795	0	1099660	2055246	0	265	287	74	3	22741935.48	34135935.27	0	30	4	300	3.52	0	21	104104220.3	system	03:14.5	system	NULL	4
ICOOL Tr?n Bình Tr?ng	2188FC81-9D5D-EB11-80FD-509A4C8C9FAC	23/01/2021	13	53055200	51445085	746505	0	863610	0	200000	112	121	35	2	9345161.29	10599265.9	0	12	6.29	220	2.06	0	17	31700657.81	system	07:44.7	system	NULL	4
ICOOL Cách M?ng Tháng 8	DE627E87-9C5D-EB11-80FD-509A4C8C9FAC	23/01/2021	14	162430200	158964795	1869565	269580	1326260	836154	0	357	325	101	15	18661290.32	30960401.25	871080	32	3	380	3.61	0	28	111050337.4	system	00:44.4	system	NULL	4
ICOOL C?u Ch? Y	1EF55C99-9C5D-EB11-80FD-509A4C8C9FAC	23/01/2021	16	24673500	24469980	35380	0	168140	0	0	56	59	21	4	4903225.8	5297169	0	5	6	130	1.5	0	14	14269585.2	system	01:14.4	system	NULL	4
ICOOL Nh? Thiên ???ng	30DF8328-9D5D-EB11-80FD-509A4C8C9FAC	23/01/2021	17	43646000	42985735	272345	0	387920	0	0	95	65	32	3	10135483.88	8516343.96	400000	3	6	200	2	0	16	24733907.16	system	05:14.6	system	NULL	4
ICOOL Tr?n Não	1F71F593-9D5D-EB11-80FD-509A4C8C9FAC	23/01/2021	18	160428800	157617640	2402935	174525	233700	440045	0	377	370	78	8	16096774.2	35383553.45	23500	32	3	300	3.9	0	20	106600857.4	system	08:14.8	system	NULL	4
ICOOL Nguy?n Tri Ph??ng	FEF29E16-9D5D-EB11-80FD-509A4C8C9FAC	23/01/2021	19	57028300	55699545	766800	170225	391730	0	0	189	147	42	3	8090241.94	12265274.91	0	3	6.67	280	2.63	0	16	35344028.15	system	04:44.6	system	NULL	4
ICOOL ??ng ?en	6E503BAB-9C5D-EB11-80FD-509A4C8C9FAC	23/01/2021	22	103876000	100868647	1583173	0	1424180	0	0	368	289	65	5	10775806.45	20898987.22	0	44	4	260	2.6	0	25	69193853.33	system	01:44.4	system	NULL	4
ICOOL Phan Chu Trinh	9BAE5A3A-9D5D-EB11-80FD-509A4C8C9FAC	23/01/2021	23	59763800	58705605	965030	0	93165	199380	0	161	92	42	8	8152338.71	12437159.68	279000	8	3.57	150	3	0	14	38594486.61	system	05:44.5	system	NULL	4
ICOOL Phan Xích Long	7C1B544C-9D5D-EB11-80FD-509A4C8C9FAC	23/01/2021	24	132143501	128866922.5	1483325	235673.5	1557580	926229	0	369	267	80	10	14032258.06	24104969.2	0	24	3	240	3.2	0	25	91655924.24	system	06:14.7	system	NULL	4
ICOOL V?ng Tàu	0D94AFB7-9D5D-EB11-80FD-509A4C8C9FAC	23/01/2021	25	37033100	28600200	7366900	0	1066000	0	250000	114	100	38	2	4161290.32	7636390.74	0	17	3	140	2.38	0	16	17052518.94	system	09:14.8	system	NULL	4
ICOOL Xô Vi?t Ngh? T?nh	24D380C9-9D5D-EB11-80FD-509A4C8C9FAC	23/01/2021	4	160580200	158632995	1918035	29170	0	811988	0	360	245	87	10	16209677.42	36987171.41	0	38	3	320	3	0	29	106248134.2	system	09:44.7	system	NULL	4
ICOOL Tô Ký	6EE30D70-9D5D-EB11-80FD-509A4C8C9FAC	23/01/2021	5	64552900	62574680	752310	66570	1159340	262370	0	116	99	44	1	10919354.84	14930462.13	0	10	4	200	1.69	0	26	36987233.03	system	07:14.6	system	NULL	4
ICOOL Bình Phú	31829D75-9C5D-EB11-80FD-509A4C8C9FAC	23/01/2021	6	120114300	117449258	1165392	95370	1404280	678420	0	293	205	63	4	21487512.58	27930830.51	0	10	4.76	300	2.63	0	24	68709334.91	system	00:14.4	system	NULL	4
ICOOL D??ng Bá Tr?c	7DFF23BD-9C5D-EB11-80FD-509A4C8C9FAC	23/01/2021	7	158880500	154712712	2449568	134600	1583620	1196385	0	298	304	82	12	18865550.1	37945653.03	3714664	31	3.9	320	3.15	0	26	102812557.9	system	02:14.4	system	NULL	4
ICOOL Nguy?n S?n	3942CEF2-9C5D-EB11-80FD-509A4C8C9FAC	23/01/2021	9	79044600	77905295	765625	0	373680	559240	0	223	168	44	6	8019064.52	19859606.93	0	25	4.55	200	3.14	0	14	50585863.55	system	03:44.5	system	NULL	4
ICOOL Ung V?n Khiêm	67FF73D0-665E-EB11-80FD-509A4C8C9FAC	24/01/2021	1	161786800	158748297	1894553	155900	988050	962650	0	439	258	93	14	25600000	35219141.38	64380	53	3.55	330	2.66	0	35	98956185.62	system	08:45.2	system	NULL	4
ICOOL Thành Thái	3980F388-665E-EB11-80FD-509A4C8C9FAC	24/01/2021	10	129439500	126574702	1508488	0	1356310	0	0	387	324	83	20	20213348.39	26846660.86	0	39	4	347	2.96	0	28	79514692.75	system	06:45.2	system	NULL	4
ICOOL Nguy?n Trãi	B2EA732F-665E-EB11-80FD-509A4C8C9FAC	24/01/2021	11	32611100	32156100	174050	95150	185800	0	0	68	84	24	1	6587311.84	7295577.24	0	19	6	160	1.5	0	16	18273210.92	system	04:15.1	system	NULL	4
ICOOL M?c ??nh Chi	5AB8AD0B-665E-EB11-80FD-509A4C8C9FAC	24/01/2021	12	97433802	95966757	1168480	58575	239990	1082800	0	187	224	53	4	22741935.48	18626351.25	0	22	5	270	2.52	0	21	55681270.27	system	03:15.1	system	NULL	4
ICOOL Tr?n Bình Tr?ng	9E24B7AC-665E-EB11-80FD-509A4C8C9FAC	24/01/2021	13	27382600	26459510	290000	0	633090	0	0	70	62	20	0	9345161.29	6098247.67	0	10	9	180	1.18	0	17	11016101.04	system	07:45.2	system	NULL	4
ICOOL Cách M?ng Tháng 8	E9C03DB2-655E-EB11-80FD-509A4C8C9FAC	24/01/2021	14	117070300	114818495	745645	14000	1492160	399474	0	239	241	72	12	18661290.32	21059231.59	148000	36	5	380	2.57	0	28	75645447.09	system	00:45.0	system	NULL	4
ICOOL C?u Ch? Y	589718C4-655E-EB11-80FD-509A4C8C9FAC	24/01/2021	16	23314300	22195820	1118480	0	0	0	0	52	41	16	3	4903225.8	4872825.7	0	10	7	120	1.14	0	14	12419768.5	system	01:15.0	system	NULL	4
ICOOL Nh? Thiên ???ng	08133853-665E-EB11-80FD-509A4C8C9FAC	24/01/2021	17	33319400	32289030	515750	0	514620	0	0	72	53	27	5	10135483.88	7113273.1	0	5	6	180	1.69	0	16	15040273.02	system	05:15.1	system	NULL	4
ICOOL Tr?n Não	9CFB97BE-665E-EB11-80FD-509A4C8C9FAC	24/01/2021	18	92276200	91040190	781060	37330	417620	213930	0	295	220	65	4	16096774.2	28377584.97	10198083.13	27	4	300	3.25	0	20	56977843.96	system	08:15.2	system	NULL	4
ICOOL Nguy?n Tri Ph??ng	6F7B5941-665E-EB11-80FD-509A4C8C9FAC	24/01/2021	19	47454000	46955560	267515	86550	144375	0	0	146	141	49	6	8090241.94	8669260.2	0	6	5.71	280	3.06	0	16	30196057.86	system	04:45.1	system	NULL	4
ICOOL ??ng ?en	DD7005D6-655E-EB11-80FD-509A4C8C9FAC	24/01/2021	22	101995300	99777440	1476690	0	741170	0	0	285	241	66	8	10775806.45	21450145.79	0	45	3	250	2.64	0	25	67551487.76	system	01:45.0	system	NULL	4
ICOOL Phan Chu Trinh	621F2265-665E-EB11-80FD-509A4C8C9FAC	24/01/2021	23	34323800	33718440	175340	0	430020	0	0	85	45	26	1	8152338.71	7394973.34	0	21	5.38	140	1.86	0	14	18171127.95	system	05:45.1	system	NULL	4
ICOOL Phan Xích Long	D6C90377-665E-EB11-80FD-509A4C8C9FAC	24/01/2021	24	102151300	101373904.5	197645	89490.5	490260	0	0	268	212	71	7	14032258.06	18681845.14	0	27	3.38	240	2.84	0	25	68659801.3	system	06:15.1	system	NULL	4
ICOOL V?ng Tàu	8A9D5BE2-665E-EB11-80FD-509A4C8C9FAC	24/01/2021	25	19361500	15769250	3592250	0	0	277650	0	64	57	20	7	4161290.32	3728106.03	0	14	6	130	1.25	0	16	8157503.65	system	09:15.2	system	NULL	4
ICOOL Xô Vi?t Ngh? T?nh	7C823CF4-665E-EB11-80FD-509A4C8C9FAC	24/01/2021	4	110557800	107370050	2245790	268360	673600	822450	0	303	204	70	6	16209677.42	24719178.38	0	25	4	320	2.41	0	29	67263644.2	system	09:45.2	system	NULL	4
ICOOL Tô Ký	D8FFC99A-665E-EB11-80FD-509A4C8C9FAC	24/01/2021	5	67518500	65404885	715825	0	1397790	411600	0	123	129	50	2	10919354.84	16544315.11	0	14	4	200	1.92	0	26	38352815.05	system	07:15.2	system	NULL	4
ICOOL Bình Phú	60F858A0-655E-EB11-80FD-509A4C8C9FAC	24/01/2021	6	90434700	86428345	3218045	0	788310	0	0	237	192	52	4	21487512.58	20455581.12	0	19	5.58	290	2.17	0	24	44485251.3	system	00:15.0	system	NULL	4
ICOOL D??ng Bá Tr?c	B5E0E0E7-655E-EB11-80FD-509A4C8C9FAC	24/01/2021	7	108785500	106293138	2057232	62720	372410	464828	500000	212	171	60	10	18865550.1	25316074.95	2353305.69	25	5.33	320	2.31	0	26	65429646.65	system	02:15.0	system	NULL	4
ICOOL Nguy?n S?n	E6CD951D-665E-EB11-80FD-509A4C8C9FAC	24/01/2021	9	66852200	66160060	255310	0	436830	0	300000	222	142	45	7	8019064.52	15908036.39	0	30	4.22	190	3.21	0	14	42532959.09	system	03:45.1	system	NULL	4
ICOOL Ung V?n Khiêm	10D841FB-2F5F-EB11-80FD-509A4C8C9FAC	25/01/2021	1	113727100	111678453	1108957	0	939690	502677	0	332	137	70	4	25600000	22703129.68	0	32	4.29	300	2	0	35	63878000.32	system	08:45.8	system	NULL	4
ICOOL Thành Thái	87E3AEB3-2F5F-EB11-80FD-509A4C8C9FAC	25/01/2021	10	79499400	77510160	558250	0	1430990	105050	0	293	257	67	8	20213348.39	16719845.83	0	41	5	343	2.39	0	28	40682015.78	system	06:45.8	system	NULL	4
ICOOL Nguy?n Trãi	EBD0315A-2F5F-EB11-80FD-509A4C8C9FAC	25/01/2021	11	12088700	11447765	288185	93950	258800	0	0	25	35	14	2	6587311.84	2280838.86	0	3	9	130	0.88	0	16	2579614.3	system	04:15.6	system	NULL	4
ICOOL M?c ??nh Chi	6CFD6A36-2F5F-EB11-80FD-509A4C8C9FAC	25/01/2021	12	87197401	84090110.95	1766605	0	1340685.05	480557.6	0	182	159	46	7	22741935.48	39123435.81	21308600	17	5	270	2.19	0	21	44013897.26	system	03:15.6	system	NULL	4
ICOOL Tr?n Bình Tr?ng	98F870D7-2F5F-EB11-80FD-509A4C8C9FAC	25/01/2021	13	20259200	18737175	1161050	66625	294350	0	0	59	57	24	4	9345161.29	3672753.67	0	2	7.08	170	1.41	0	17	5719260.04	system	07:45.8	system	NULL	4
ICOOL Cách M?ng Tháng 8	0EEC0CDD-2E5F-EB11-80FD-509A4C8C9FAC	25/01/2021	14	101785401	100251641	997720	110480	425560	843201	0	228	215	69	8	18661290.32	21146799.35	0	27	5	350	2.46	0	28	61286752.33	system	00:45.7	system	NULL	4
ICOOL C?u Ch? Y	DB72E3EE-2E5F-EB11-80FD-509A4C8C9FAC	25/01/2021	16	11000000	11000000	0	0	0	0	220000	42	25	12	1	4903225.8	2354225	0	4	8	100	0.86	0	14	3962549.2	system	01:15.6	system	NULL	4
ICOOL Nh? Thiên ???ng	76A8FC7D-2F5F-EB11-80FD-509A4C8C9FAC	25/01/2021	17	21066700	20692460	16240	0	358000	0	0	57	43	20	2	10135483.88	4138953.77	0	4	7	150	1.25	0	16	6418022.35	system	05:15.7	system	NULL	4
ICOOL Tr?n Não	628B5AE9-2F5F-EB11-80FD-509A4C8C9FAC	25/01/2021	18	70771400	69354042.5	843335	287582.5	286440	535550	300000	205	157	46	5	16096774.2	15784417.67	0	15	5	230	2.3	0	20	38308400.63	system	08:15.8	system	NULL	4
ICOOL Nguy?n Tri Ph??ng	4A4E176C-2F5F-EB11-80FD-509A4C8C9FAC	25/01/2021	19	23454500	22791850	547950	0	114700	272100	0	65	92	33	5	8090241.94	3951480.43	0	2	8.48	280	2.06	0	16	11022227.63	system	04:45.6	system	NULL	4
ICOOL ??ng ?en	1A94CD00-2F5F-EB11-80FD-509A4C8C9FAC	25/01/2021	22	34149500	33402580	506200	0	240720	0	0	133	83	29	2	10775806.45	34878972.62	27782324	21	6	180	1.16	0	25	15530124.93	system	01:45.7	system	NULL	4
ICOOL Phan Chu Trinh	C56CE58F-2F5F-EB11-80FD-509A4C8C9FAC	25/01/2021	23	15362800	15289415	73385	0	0	0	0	47	31	16	0	8152338.71	3415551.67	0	5	6.88	110	1.14	0	14	3721524.62	system	05:45.7	system	NULL	4
ICOOL Phan Xích Long	8C69C3A1-2F5F-EB11-80FD-509A4C8C9FAC	25/01/2021	24	75914500	73467410	2273890	0	173200	0	0	195	189	48	3	14032258.06	16028101.98	0	14	5	240	1.92	0	25	43407049.96	system	06:15.7	system	NULL	4
ICOOL V?ng Tàu	C5F51E0D-305F-EB11-80FD-509A4C8C9FAC	25/01/2021	25	27231000	21120500	5820500	0	290000	0	0	61	43	15	2	4161290.32	4190258.52	0	8	8	130	0.94	0	16	12768951.16	system	09:15.8	system	NULL	4
ICOOL Xô Vi?t Ngh? T?nh	63A2041F-305F-EB11-80FD-509A4C8C9FAC	25/01/2021	4	67001700	65541640	1273220	0	186840	69760	0	212	155	53	5	16209677.42	15161082.05	0	11	6	320	1.83	0	29	34240640.53	system	09:45.8	system	NULL	4
ICOOL Tô Ký	D0D394C5-2F5F-EB11-80FD-509A4C8C9FAC	25/01/2021	5	27026300	25774920	365170	67370	818840	0	0	62	55	22	0	10919354.84	6714054.35	0	20	6	140	0.85	0	26	8141510.81	system	07:15.8	system	NULL	4
ICOOL Bình Phú	796D1BCB-2E5F-EB11-80FD-509A4C8C9FAC	25/01/2021	6	34214900	33365450	358120	0	491330	113600	0	116	61	23	3	21487512.58	8400118.29	0	4	10	230	0.96	0	24	3591419.13	system	00:15.6	system	NULL	4
ICOOL D??ng Bá Tr?c	66D0A912-2F5F-EB11-80FD-509A4C8C9FAC	25/01/2021	7	76355000	74197440	753250	439630	964680	0	0	155	144	47	3	18865550.1	15813390.75	0	22	6.81	320	1.81	0	26	39518499.15	system	02:15.6	system	NULL	4
ICOOL Nguy?n S?n	02D44C48-2F5F-EB11-80FD-509A4C8C9FAC	25/01/2021	9	21893900	20239650	1654250	0	0	0	0	75	58	23	1	8019064.52	4576545.1	0	13	6.52	150	1.64	0	14	7644040.39	system	03:45.6	system	NULL	4
ICOOL Ung V?n Khiêm	BD2DE729-F95F-EB11-80FD-509A4C8C9FAC	26/01/2021	1	131077900	127215841	2348899	221750	1291410	423890	0	405	268	88	7	25600000	27851858.9	0	40	3.75	330	2.51	0	35	74187872.1	system	08:52.9	system	NULL	4
ICOOL Thành Thái	A8E057E2-F85F-EB11-80FD-509A4C8C9FAC	26/01/2021	10	74190701	71676345.9	1747845	0	766510.1	1182062	0	256	199	58	11	20213348.39	15097096.29	0	22	6	350	2.07	0	28	37547963.22	system	06:52.9	system	NULL	4
ICOOL Nguy?n Trãi	08DCDF88-F85F-EB11-80FD-509A4C8C9FAC	26/01/2021	11	26276700	25783500	493200	0	0	0	0	43	82	26	3	6587311.84	5332500.67	59814	5	5	130	1.63	0	16	13923501.49	system	04:22.8	system	NULL	4
ICOOL M?c ??nh Chi	2C1D1565-F85F-EB11-80FD-509A4C8C9FAC	26/01/2021	12	77577800	74843175	2573575	0	161050	1133449	0	212	155	38	2	22741935.48	16935232.18	0	16	7	300	1.81	0	21	36299456.34	system	03:22.7	system	NULL	4
ICOOL Tr?n Bình Tr?ng	F6FB1C06-F95F-EB11-80FD-509A4C8C9FAC	26/01/2021	13	25277400	24117755	808985	0	350660	280050	0	55	76	18	3	9345161.29	6173275.01	0	3	10	180	1.06	0	17	8879368.7	system	07:52.9	system	NULL	4
ICOOL Cách M?ng Tháng 8	144CA60B-F85F-EB11-80FD-509A4C8C9FAC	26/01/2021	14	90445600	87417265	2562895	80600	384840	539260	0	192	188	52	10	18661290.32	18405772.68	0	23	6	350	1.86	0	28	50889462	system	00:52.7	system	NULL	4
ICOOL C?u Ch? Y	43EF8A1D-F85F-EB11-80FD-509A4C8C9FAC	26/01/2021	16	10279400	9959600	319800	0	0	0	0	27	25	9	2	4903225.81	2730382.67	148000	4	12.22	110	0.64	0	14	2473991.52	system	01:22.7	system	NULL	4
ICOOL Nh? Thiên ???ng	D4BDA5AC-F85F-EB11-80FD-509A4C8C9FAC	26/01/2021	17	28389300	27461515	706745	0	221040	0	0	46	46	18	1	10135483.88	6338200.62	0	4	8	150	1.13	0	16	10987830.5	system	05:22.8	system	NULL	4
ICOOL Tr?n Não	0F4E0618-F95F-EB11-80FD-509A4C8C9FAC	26/01/2021	18	91907400	89757570	1907280	66050	176500	459744	0	243	173	52	4	16096774.2	22113781.45	47000	21	4	240	2.6	0	20	52053758.35	system	08:22.9	system	NULL	4
ICOOL Nguy?n Tri Ph??ng	B8CBC89A-F85F-EB11-80FD-509A4C8C9FAC	26/01/2021	19	23348100	22363050	882550	0	102500	0	0	98	70	29	2	8090241.94	4510820.15	0	0	9.66	280	1.81	0	16	9761987.91	system	04:52.8	system	NULL	4
ICOOL ??ng ?en	5B43762F-F85F-EB11-80FD-509A4C8C9FAC	26/01/2021	22	50130700	48558133	955567	0	617000	327953.3	0	185	150	46	1	10775806.45	10209963.96	684630	10	4	200	1.84	0	25	28584945.89	system	01:52.8	system	NULL	4
ICOOL Phan Chu Trinh	638A86BE-F85F-EB11-80FD-509A4C8C9FAC	26/01/2021	23	16369700	16092440	99200	0	178060	0	0	58	30	15	0	8152338.71	3755098.67	0	3	8	120	1.07	0	14	4185002.62	system	05:52.8	system	NULL	4
ICOOL Phan Xích Long	2C9B76D0-F85F-EB11-80FD-509A4C8C9FAC	26/01/2021	24	86018900	84223555	1189205	0	606140	271401	0	215	191	58	4	14032258.06	16506613.16	0	23	4.14	240	2.32	0	25	53956084.78	system	06:22.9	system	NULL	4
ICOOL V?ng Tàu	6B15C23B-F95F-EB11-80FD-509A4C8C9FAC	26/01/2021	25	16739100	14059770	2620650	0	58680	0	120000	58	53	16	2	4161290.32	3957485.29	0	10	8	140	1	0	16	6060994.39	system	09:22.9	system	NULL	4
ICOOL Xô Vi?t Ngh? T?nh	4719AC4D-F95F-EB11-80FD-509A4C8C9FAC	26/01/2021	4	55058100	53153235	1494435	0	410430	127455	0	127	107	49	4	16209677.42	11902451.48	0	14	6	320	1.69	0	29	25168561.1	system	09:53.0	system	NULL	4
ICOOL Tô Ký	BFD55FF4-F85F-EB11-80FD-509A4C8C9FAC	26/01/2021	5	37021400	35225075	1043025	313650	439650	0	0	67	92	33	0	10919354.84	8593652.97	0	7	4	140	1.27	0	26	15712067.19	system	07:23.1	system	NULL	4
ICOOL Bình Phú	C535BEF9-F75F-EB11-80FD-509A4C8C9FAC	26/01/2021	6	53032000	51611675	753495	0	666830	0	300000	132	115	39	2	21487512.58	12633312.63	0	9	5.9	230	1.63	0	24	17790849.79	system	00:22.6	system	NULL	4
ICOOL D??ng Bá Tr?c	FF375541-F85F-EB11-80FD-509A4C8C9FAC	26/01/2021	7	101705000	98882830	1401970	0	1420200	404100	0	172	185	59	7	18865550.1	21804744.16	39524.41	21	5.42	320	2.27	0	26	58656160.15	system	02:22.8	system	NULL	4
ICOOL Nguy?n S?n	78FCFC76-F85F-EB11-80FD-509A4C8C9FAC	26/01/2021	9	22156500	20620510	1535990	0	0	0	0	58	53	19	3	8019064.52	5057908.48	0	9	8.42	160	1.36	0	14	7543537	system	03:52.8	system	NULL	4
ICOOL Ung V?n Khiêm	0B3F9654-C260-EB11-80FD-509A4C8C9FAC	27/01/2021	1	143597900	138695113	3365477	73600	1463710	270670	0	391	222	85	6	25600000	34076347.78	3389135	28	3.53	300	2.43	0	35	82678570.22	system	08:53.4	system	NULL	4
ICOOL Thành Thái	E874010D-C260-EB11-80FD-509A4C8C9FAC	27/01/2021	10	96242600	93847854	1996456	0	398290	390520	0	302	272	65	6	20213348.39	22087605.16	340353.5	24	5	343	2.32	0	28	52277773.95	system	06:53.3	system	NULL	4
ICOOL Nguy?n Trãi	934C8CB3-C160-EB11-80FD-509A4C8C9FAC	27/01/2021	11	20832000	20633285	52965	0	145750	0	0	77	44	20	0	6587311.84	4366209.39	0	21	5	110	1.25	0	16	9679763.77	system	04:23.2	system	NULL	4
ICOOL M?c ??nh Chi	05A8C58F-C160-EB11-80FD-509A4C8C9FAC	27/01/2021	12	105158601	100556196	3163985	0	1438420	2267699.5	0	200	216	45	8	22741935.48	21584174.01	0	21	6	300	2.14	0	21	58497786.01	system	03:23.2	system	NULL	4
ICOOL Tr?n Bình Tr?ng	8DB3C330-C260-EB11-80FD-509A4C8C9FAC	27/01/2021	13	33175600	31896505	780775	0	498320	0	0	89	93	30	2	9345161.29	7003154.01	0	6	6	180	1.76	0	17	15548189.7	system	07:53.3	system	NULL	4
ICOOL Cách M?ng Tháng 8	84D05736-C160-EB11-80FD-509A4C8C9FAC	27/01/2021	14	108040800	105085860	2216620	61030	677290	1748116	0	253	250	59	9	18661290.32	22463520.02	0	27	5	350	2.11	0	28	65709165.66	system	00:53.2	system	NULL	4
ICOOL C?u Ch? Y	D3573648-C160-EB11-80FD-509A4C8C9FAC	27/01/2021	16	20011700	19796610	102250	0	112840	0	0	52	47	17	0	4903225.81	4947010.01	0	4	5.88	100	1.21	0	14	9946374.18	system	01:23.1	system	NULL	4
ICOOL Nh? Thiên ???ng	BC706CD7-C160-EB11-80FD-509A4C8C9FAC	27/01/2021	17	19492100	19065950	21300	0	404850	0	0	36	28	13	2	10135483.88	9045167.25	6017758.72	0	12	160	0.81	0	16	5903057.59	system	05:23.4	system	NULL	4
ICOOL Tr?n Não	8244AE42-C260-EB11-80FD-509A4C8C9FAC	27/01/2021	18	87949700	86496416	566814	0	886470	580860	620000	223	238	55	3	16096774.2	20407052.62	390373	16	3	210	2.75	0	20	51583822.18	system	08:23.4	system	NULL	4
ICOOL Nguy?n Tri Ph??ng	34EF71C5-C160-EB11-80FD-509A4C8C9FAC	27/01/2021	19	20997900	19751300	1216800	0	29800	0	0	73	55	28	6	8090241.94	4149988.29	0	5	10	280	1.75	0	16	7511069.77	system	04:53.2	system	NULL	4
ICOOL ??ng ?en	0673255A-C160-EB11-80FD-509A4C8C9FAC	27/01/2021	22	35627300	34638670	369000	0	619630	0	0	93	99	32	5	10775806.45	6651831.34	0	25	6	200	1.28	0	25	17211032.21	system	01:53.2	system	NULL	4
ICOOL Phan Chu Trinh	C52D37E9-C160-EB11-80FD-509A4C8C9FAC	27/01/2021	23	24963100	24912320	50780	0	0	0	0	79	39	21	0	8152338.71	5765858.01	0	7	5.24	110	1.5	0	14	10994123.28	system	05:53.3	system	NULL	4
ICOOL Phan Xích Long	797521FB-C160-EB11-80FD-509A4C8C9FAC	27/01/2021	24	78669300	75366610	844750	0	2457940	572700	0	189	187	57	13	14032258.06	15041999.21	0	22	4.21	240	2.28	0	25	46865052.73	system	06:23.3	system	NULL	4
ICOOL V?ng Tàu	63A27466-C260-EB11-80FD-509A4C8C9FAC	27/01/2021	25	11059200	9155500	1903700	0	0	0	0	33	23	6	2	4161290.32	2558203.95	0	8	21	130	0.38	0	16	2436005.73	system	09:23.4	system	NULL	4
ICOOL Xô Vi?t Ngh? T?nh	9B4B5D78-C260-EB11-80FD-509A4C8C9FAC	27/01/2021	4	53392100	52036426	1225714	0	129960	153680	0	167	124	43	2	16209677.42	11321901.29	0	20	7	320	1.48	0	29	24658527.29	system	09:53.4	system	NULL	4
ICOOL Tô Ký	40E3EB1E-C260-EB11-80FD-509A4C8C9FAC	27/01/2021	5	25115500	23625405	458140	78325	953630	170397	0	45	59	20	1	10919354.84	6093231.15	0	10	7	140	0.77	0	26	6783216.01	system	07:23.4	system	NULL	4
ICOOL Bình Phú	DD217124-C160-EB11-80FD-509A4C8C9FAC	27/01/2021	6	31489700	30782305	319240	280585	107570	178800	0	92	58	27	2	21487512.58	7111257.05	0	9	8.89	240	1.13	0	24	2362335.37	system	00:23.1	system	NULL	4
ICOOL D??ng Bá Tr?c	F62AFF6B-C160-EB11-80FD-509A4C8C9FAC	27/01/2021	7	115613800	111114331	2242594	48225	2208650	2337900	0	204	214	58	10	18865550.1	25322297.34	0	23	5.52	320	2.23	0	26	69264383.56	system	02:23.2	system	NULL	4
ICOOL Nguy?n S?n	EB87AEA1-C160-EB11-80FD-509A4C8C9FAC	27/01/2021	9	31182000	30726850	455150	0	0	0	0	95	83	26	2	8019064.52	7523616.82	0	11	5.77	150	1.86	0	14	15184168.66	system	03:53.2	system	NULL	4
ICOOL Ung V?n Khiêm	C7E1DA8E-8B61-EB11-80FD-509A4C8C9FAC	28/01/2021	1	175312300	170095925	4205675	0	1010700	1136795	0	404	274	80	4	25600000	38411376.33	0	33	4	320	2.29	0	35	107221343.7	system	09:20.0	system	NULL	4
ICOOL Thành Thái	5836D137-8B61-EB11-80FD-509A4C8C9FAC	28/01/2021	10	90645900	89855625	558435	68870	162970	564170	0	279	228	70	12	20213348.39	17913318.77	340353.5	33	5	352	2.5	0	28	52633481.34	system	06:54.0	system	NULL	4
ICOOL Nguy?n Trãi	7B3BB4DD-8A61-EB11-80FD-509A4C8C9FAC	28/01/2021	11	34782300	34144165	212515	0	425620	0	0	54	76	24	3	6587311.84	7296367.15	0	4	5	120	1.5	0	16	20260486.01	system	04:30.0	system	NULL	4
ICOOL M?c ??nh Chi	178F4DBB-8A61-EB11-80FD-509A4C8C9FAC	28/01/2021	12	109055700	105870537.5	2035690	285062.5	864410	1560425	0	257	204	52	5	22741935.48	21385422.34	0	14	5	300	2.48	0	21	63303604.68	system	03:25.1	system	NULL	4
ICOOL Tr?n Bình Tr?ng	3ABF3961-8B61-EB11-80FD-509A4C8C9FAC	28/01/2021	13	54894000	52776409	843861	0	1273730	0	0	125	113	32	2	9345161.29	20436485.16	4680442.82	12	5.63	180	1.88	0	17	27675205.37	system	08:03.4	system	NULL	4
ICOOL Cách M?ng Tháng 8	5B625D6D-8A61-EB11-80FD-509A4C8C9FAC	28/01/2021	14	131306100	128701900	2413050	0	191150	903485.5	0	270	251	74	12	18661290.32	23866192.38	0	32	4	360	2.64	0	28	87077902.8	system	01:14.3	system	NULL	4
ICOOL C?u Ch? Y	69A88583-8A61-EB11-80FD-509A4C8C9FAC	28/01/2021	16	32898600	32832410	66190	0	0	101410	85000	86	62	24	2	4903225.81	6952411.67	0	6	4.17	100	1.71	0	14	21163182.52	system	01:51.5	system	NULL	4
ICOOL Nh? Thiên ???ng	ED40FB0A-8B61-EB11-80FD-509A4C8C9FAC	28/01/2021	17	20425100	19924530	0	0	500570	50100	0	44	31	14	1	10135483.88	4463210.58	0	4	12	170	0.88	0	16	5375935.54	system	05:38.7	system	NULL	4
ICOOL Tr?n Não	9A3DCB78-8B61-EB11-80FD-509A4C8C9FAC	28/01/2021	18	106613902	104077121.8	929530	0	1607250.2	1674542	0	312	184	54	3	16096774.2	23640158.24	0	23	4	240	2.7	0	20	66014731.36	system	08:43.0	system	NULL	4
ICOOL Nguy?n Tri Ph??ng	428F03F3-8A61-EB11-80FD-509A4C8C9FAC	28/01/2021	19	33773400	33189850	422200	0	161350	0	0	86	105	42	2	8090241.94	4845158.05	0	9	6.67	280	2.63	0	16	20254450.01	system	04:58.5	system	NULL	4
ICOOL ??ng ?en	6AA88583-8A61-EB11-80FD-509A4C8C9FAC	28/01/2021	22	65017000	64223045	484000	86075	223880	161220	0	187	176	43	10	10775806.45	16673831.16	3987000	20	5	220	1.72	0	25	40921627.39	system	01:53.7	system	NULL	4
ICOOL Phan Chu Trinh	DE3A1114-8B61-EB11-80FD-509A4C8C9FAC	28/01/2021	23	43363300	42577420	498000	0	287880	0	0	127	72	35	1	8152338.71	8436663.68	0	4	3.43	120	2.5	0	14	25988417.61	system	05:54.0	system	NULL	4
ICOOL Phan Xích Long	75E73B2F-8B61-EB11-80FD-509A4C8C9FAC	28/01/2021	24	111526000	109276678	2137772	0	111550	509185.5	0	250	310	63	15	14032258.06	22358882.98	0	15	3.81	240	2.52	0	25	73394722.46	system	06:39.6	system	NULL	4
ICOOL V?ng Tàu	DB7FF396-8B61-EB11-80FD-509A4C8C9FAC	28/01/2021	25	10871800	9044400	1827400	0	0	0	0	35	28	12	8	4161290.32	2249907.52	0	10	10	130	0.75	0	16	2633202.16	system	09:33.6	system	NULL	4
ICOOL Xô Vi?t Ngh? T?nh	A956C5A8-8B61-EB11-80FD-509A4C8C9FAC	28/01/2021	4	79817600	77939625	1168235	324140	385600	43860	0	218	137	45	11	16209677.42	18220896.85	0	20	7	320	1.55	0	29	43552910.73	system	10:03.5	system	NULL	4
ICOOL Tô Ký	6548D052-8B61-EB11-80FD-509A4C8C9FAC	28/01/2021	5	32492300	31304790	543910	137960	505640	836534	0	57	55	23	0	10919354.84	16690015.39	9315789.5	4	6	160	0.88	0	26	13847743.27	system	07:39.3	system	NULL	4
ICOOL Bình Phú	61575758-8A61-EB11-80FD-509A4C8C9FAC	28/01/2021	6	79031300	76863676	1749149	121735	296740	142440	0	156	135	44	3	21487512.58	16881462.16	0	6	5.23	230	1.83	0	24	38637141.26	system	00:39.0	system	NULL	4
ICOOL D??ng Bá Tr?c	B57A8397-8A61-EB11-80FD-509A4C8C9FAC	28/01/2021	7	137560100	133521775	596645	0	3441680	400408	0	250	148	62	5	18865550.1	28494847.05	0	19	5.16	320	2.38	0	26	86561785.85	system	02:25.0	system	NULL	4
ICOOL Nguy?n S?n	7A3BB4DD-8A61-EB11-80FD-509A4C8C9FAC	28/01/2021	9	34514500	33061380	854520	0	598600	0	0	108	91	28	1	8019064.52	7467846.87	0	12	5.36	150	2	0	14	17574468.62	system	04:22.8	system	NULL	4
ICOOL Ung V?n Khiêm	A4B0DBBA-5462-EB11-80FD-509A4C8C9FAC	29/01/2021	1	191198001	187091976.5	1981474	0	2124550.5	1697139	0	525	275	102	11	25600000	38015538.92	47000	37	3.43	350	2.91	0	35	125220576.6	system	09:22.7	system	NULL	4
ICOOL Thành Thái	DAC85573-5462-EB11-80FD-509A4C8C9FAC	29/01/2021	10	122518010	119812465	1529054	223130	953361	644330	150000	339	279	69	7	20213348.39	26211548.21	0	42	5	368	2.46	0	28	74181898.4	system	07:22.7	system	NULL	4
ICOOL Nguy?n Trãi	C7D5EC07-5462-EB11-80FD-509A4C8C9FAC	29/01/2021	11	33151300	32289975	122145	0	739180	206440	0	58	70	23	1	6587311.84	7313736.72	0	3	6	150	1.44	0	16	18595366.44	system	04:22.5	system	NULL	4
ICOOL M?c ??nh Chi	B1F221E4-5362-EB11-80FD-509A4C8C9FAC	29/01/2021	12	128404801	122250041	4376200	0	1778560	1073710	0	248	213	53	1	22741935.48	26090674.01	0	16	5	300	2.52	0	21	74491141.51	system	03:22.4	system	NULL	4
ICOOL Tr?n Bình Tr?ng	CD4B1197-5462-EB11-80FD-509A4C8C9FAC	29/01/2021	13	50236700	48424404	1696916	0	115380	0	0	125	122	31	3	9345161.29	10191608.67	0	10	7.1	220	1.82	0	17	28887634.04	system	08:22.6	system	NULL	4
ICOOL Cách M?ng Tháng 8	3FEEAD8A-5362-EB11-80FD-509A4C8C9FAC	29/01/2021	14	152752600	149158985	2066490	165855	1361270	2287787.5	0	337	298	76	9	18661290.32	28407682.35	0	28	4	360	2.71	0	28	104377799.8	system	00:52.3	system	NULL	4
ICOOL C?u Ch? Y	D03D889C-5362-EB11-80FD-509A4C8C9FAC	29/01/2021	16	32422000	31921250	11750	0	489000	0	0	75	76	26	1	4903225.81	5940221.68	0	7	5	130	1.86	0	14	21077802.51	system	01:22.3	system	NULL	4
ICOOL Nh? Thiên ???ng	5863B62B-5462-EB11-80FD-509A4C8C9FAC	29/01/2021	17	41700300	40099340	927000	0	673960	210213	0	72	55	26	3	10135483.88	9366918.88	0	6	7	200	1.63	0	16	20807150.24	system	05:22.5	system	NULL	4
ICOOL Tr?n Não	33FEEDA8-5462-EB11-80FD-509A4C8C9FAC	29/01/2021	18	159619500	158007675	1412125	199700	0	2349571	150000	371	314	68	10	16096774.2	34818280.45	202632	21	4	300	3.4	0	20	109794823.4	system	08:52.6	system	NULL	4
ICOOL Nguy?n Tri Ph??ng	C3F0D319-5462-EB11-80FD-509A4C8C9FAC	29/01/2021	19	38195000	37175770	702250	32635	284345	0	0	128	109	41	2	8090241.94	6765342.96	0	2	6.83	280	2.56	0	16	22320185.1	system	04:52.5	system	NULL	4
ICOOL ??ng ?en	B27D6FAE-5362-EB11-80FD-509A4C8C9FAC	29/01/2021	22	113980300	109920407	1799243	0	2260650	2299895.7	0	260	257	58	4	10775806.45	23450377.7	0	29	4	240	2.32	0	25	77994118.55	system	01:52.3	system	NULL	4
ICOOL Phan Chu Trinh	717D983D-5462-EB11-80FD-509A4C8C9FAC	29/01/2021	23	55691600	54250840	583800	104150	752810	0	2370000	150	104	39	5	8152338.71	13061948.01	2433000	9	2.82	110	2.79	0	14	37839553.28	system	05:52.5	system	NULL	4
ICOOL Phan Xích Long	D40DDB4F-5462-EB11-80FD-509A4C8C9FAC	29/01/2021	24	110430700	107153075	1868175	0	1409450	709370	20000	276	251	66	8	14032258.06	20826324.98	0	19	3.64	240	2.64	0	25	73023861.96	system	06:23.1	system	NULL	4
ICOOL V?ng Tàu	9BD1BCCC-5462-EB11-80FD-509A4C8C9FAC	29/01/2021	25	27103400	21734620	4574200	0	794580	0	0	77	61	18	4	4161290.32	5729041	0	9	7	140	1.13	0	16	11844288.68	system	09:52.7	system	NULL	4
ICOOL Xô Vi?t Ngh? T?nh	AB6899DE-5462-EB11-80FD-509A4C8C9FAC	29/01/2021	4	133625900	130955200	1847820	76920	745960	588000	0	311	215	79	9	16209677.42	28960333.66	0	22	4	320	2.72	0	29	86373188.92	system	10:22.6	system	NULL	4
ICOOL Tô Ký	65313285-5462-EB11-80FD-509A4C8C9FAC	29/01/2021	5	61691801	59028012.9	1201828	220070	1241890.1	0	0	115	109	38	6	10919354.84	14081429.4	0	6	5	200	1.46	0	26	34027228.66	system	07:52.6	system	NULL	4
ICOOL Bình Phú	1AACBD78-5362-EB11-80FD-509A4C8C9FAC	29/01/2021	6	101485700	97333661	3029854	249865	872320	244112.5	0	251	172	55	5	21487512.58	21314858.44	0	9	5.27	290	2.29	0	24	54775402.48	system	00:22.2	system	NULL	4
ICOOL D??ng Bá Tr?c	49105DC0-5362-EB11-80FD-509A4C8C9FAC	29/01/2021	7	131199900	127265030	3510095	82785	341990	746432.5	0	233	232	62	7	18865550.1	29363787.11	2040988.71	27	5.16	320	2.38	0	26	81823114	system	02:22.4	system	NULL	4
ICOOL Nguy?n S?n	94590EF6-5362-EB11-80FD-509A4C8C9FAC	29/01/2021	9	54104200	53814680	200000	89520	0	107000	0	161	113	38	6	8019064.52	12557922.54	0	17	5.26	200	2.71	0	14	33344692.95	system	03:52.5	system	NULL	4
ICOOL Ung V?n Khiêm	6D578EE5-1D63-EB11-80FD-509A4C8C9FAC	30/01/2021	1	273385500	268969222	3630978	201050	584250	1770880	0	691	381	138	10	25600000	58263854.64	0	56	2.54	350	3.94	0	35	186876247.4	system	09:23.1	system	NULL	4
ICOOL Thành Thái	C36F519E-1D63-EB11-80FD-509A4C8C9FAC	30/01/2021	10	153026300	147726212	2983098	115870	2201120	1481112.8	0	454	341	90	4	20213348.39	32970165.56	0	48	4	382	3.21	0	28	96023810.85	system	07:23.6	system	NULL	4
ICOOL Nguy?n Trãi	74379C32-1D63-EB11-80FD-509A4C8C9FAC	30/01/2021	11	66922900	64831130	1008160	0	1083610	0	0	118	124	34	3	6587311.84	16193364.83	0	17	4	160	2.13	0	16	42050453.33	system	04:22.9	system	NULL	4
ICOOL M?c ??nh Chi	713CD60E-1D63-EB11-80FD-509A4C8C9FAC	30/01/2021	12	140965707	137924776.9	1382300	0	1658630.1	957700.2	0	324	312	65	3	22741935.48	28221360.69	0	27	4	300	3.1	0	21	87919180.93	system	03:22.9	system	NULL	4
ICOOL Tr?n Bình Tr?ng	0702BBC1-1D63-EB11-80FD-509A4C8C9FAC	30/01/2021	13	62611500	57963845	1465435	0	3182220	0	0	153	123	42	5	9345161.29	11289279.68	0	19	5.24	220	2.47	0	17	37329404.03	system	08:23.0	system	NULL	4
ICOOL Cách M?ng Tháng 8	B1E752B5-1C63-EB11-80FD-509A4C8C9FAC	30/01/2021	14	140689200	134395785	3909720	160945	2222750	628130	0	287	254	74	12	18661290.32	26805541.69	426600	28	4.86	360	2.64	0	28	89983682.99	system	00:52.7	system	NULL	4
ICOOL C?u Ch? Y	CA1345C7-1C63-EB11-80FD-509A4C8C9FAC	30/01/2021	16	32040200	31960430	79770	0	0	0	450000	75	65	25	2	4903225.81	6526555.01	0	12	5.2	130	1.79	0	14	20980649.18	system	01:22.8	system	NULL	4
ICOOL Nh? Thiên ???ng	FC266D56-1D63-EB11-80FD-509A4C8C9FAC	30/01/2021	17	49776600	48831965	133465	0	811170	0	0	91	90	32	2	10135483.87	10486934.32	0	3	5.94	190	2	0	16	28209546.8	system	05:23.0	system	NULL	4
ICOOL Tr?n Não	BA479ED3-1D63-EB11-80FD-509A4C8C9FAC	30/01/2021	18	176741900	174838775	1241155	100750	561220	3284270	9585000	393	380	87	10	16096774.19	41312804.52	23500	28	3.45	300	4.35	0	20	130321966.3	system	08:53.0	system	NULL	4
ICOOL Nguy?n Tri Ph??ng	6B907E44-1D63-EB11-80FD-509A4C8C9FAC	30/01/2021	19	52723500	50888390	1052100	0	783010	152600	0	181	155	48	0	8090241.94	10272836.92	0	6	5.83	280	3	0	16	32677911.14	system	04:52.9	system	NULL	4
ICOOL ??ng ?en	59E81FD9-1C63-EB11-80FD-509A4C8C9FAC	30/01/2021	22	136546100	130652058	1568712	0	4325330	495150	0	371	321	62	4	10775806.45	30343690.6	0	29	3.87	240	2.48	0	25	90027710.95	system	01:52.8	system	NULL	4
ICOOL Phan Chu Trinh	1E424468-1D63-EB11-80FD-509A4C8C9FAC	30/01/2021	23	54754500	54348650	306870	0	98980	162580	0	151	84	42	8	8152338.71	10702626.68	0	9	3.57	150	3	0	14	35656264.61	system	05:52.9	system	NULL	4
ICOOL Phan Xích Long	1C0B2B7A-1D63-EB11-80FD-509A4C8C9FAC	30/01/2021	24	139001500	135293000	1891540	132670	1684290	207500	100000	298	361	74	9	14032258.06	62030996.32	33527274	27	3.24	240	2.96	0	25	93064519.62	system	06:23.0	system	NULL	4
ICOOL V?ng Tàu	A7C16EF7-1D63-EB11-80FD-509A4C8C9FAC	30/01/2021	25	20172000	16530500	3351500	0	290000	0	0	60	59	20	4	4161290.32	4680294.75	0	13	7	140	1.25	0	16	7688914.93	system	09:53.1	system	NULL	4
ICOOL Xô Vi?t Ngh? T?nh	9FAD5509-1E63-EB11-80FD-509A4C8C9FAC	30/01/2021	4	160256000	155842275	1797435	118800	2497490	1234210	570000	396	247	81	6	16209677.42	37497290.89	0	27	3.95	320	2.79	0	29	103939516.7	system	10:23.2	system	NULL	4
ICOOL Tô Ký	DB01DCAF-1D63-EB11-80FD-509A4C8C9FAC	30/01/2021	5	68019400	66342364	985156	0	691880	82140	0	131	123	53	1	10919354.84	15058806.53	0	5	3.77	200	2.04	0	26	40446342.63	system	07:53.1	system	NULL	4
ICOOL Bình Phú	2D3D78A3-1C63-EB11-80FD-509A4C8C9FAC	30/01/2021	6	134296700	130626390	2761805	220535	687970	341209	0	318	233	76	3	21487512.58	40166179.55	9164730	15	3.95	300	3.17	0	24	78478636.87	system	00:22.8	system	NULL	4
ICOOL D??ng Bá Tr?c	634518EB-1C63-EB11-80FD-509A4C8C9FAC	30/01/2021	7	212108300	207961435	3611685	0	535180	810200	0	380	469	99	9	18865550.1	46624102.45	247790	30	3.23	320	3.81	0	26	143529772.5	system	02:22.9	system	NULL	4
ICOOL Nguy?n S?n	CAC6B320-1D63-EB11-80FD-509A4C8C9FAC	30/01/2021	9	87868500	85258415	1832520	58665	718900	0	0	238	164	48	5	8019064.52	21627584.6	0	17	4.17	200	3.43	0	14	55611765.88	system	03:52.9	system	NULL	4
ICOOL Ung V?n Khiêm	CEE92810-E763-EB11-80FD-509A4C8C9FAC	31/01/2021	1	180340200	177384352	2366133	129365	460350	705665.6	0	397	303	83	6	25600000	60106324.28	20802849.85	53	4.22	350	2.37	0	35	113186543.2	system	09:23.5	system	NULL	4
ICOOL Thành Thái	B80692C8-E663-EB11-80FD-509A4C8C9FAC	31/01/2021	10	118247200	115270582	2516348	0	460270	988469.8	0	338	243	69	7	20213348.39	24374976.85	0	42	4.88	337	2.46	0	28	71670726.56	system	07:23.4	system	NULL	4
ICOOL Nguy?n Trãi	2B94445D-E663-EB11-80FD-509A4C8C9FAC	31/01/2021	11	34962200	34049490	258110	0	654600	0	220000	85	91	32	1	6587311.84	7153311.34	351707	11	5	160	2	0	16	20880573.82	system	04:23.3	system	NULL	4
ICOOL M?c ??nh Chi	A9747339-E663-EB11-80FD-509A4C8C9FAC	31/01/2021	12	101892200	98818660	1393820	0	1679720	770750	0	250	211	62	4	22741935.48	26161148.69	6957936.21	26	4.84	300	2.95	0	21	57644262.04	system	03:23.2	system	NULL	4
ICOOL Tr?n Bình Tr?ng	0F0A57EC-E663-EB11-80FD-509A4C8C9FAC	31/01/2021	13	42094800	39566090	893220	0	1635490	0	0	109	99	33	4	9345161.29	8169782.34	0	6	6.67	220	1.94	0	17	22051146.37	system	08:23.4	system	NULL	4
ICOOL Cách M?ng Tháng 8	8EAD03E0-E563-EB11-80FD-509A4C8C9FAC	31/01/2021	14	88991200	86887020	1958580	0	145600	0	0	200	179	62	5	18661290.32	115816489.4	101602053	27	5.97	370	2.21	0	28	54011293.25	system	00:53.2	system	NULL	4
ICOOL C?u Ch? Y	DF47E6F1-E563-EB11-80FD-509A4C8C9FAC	31/01/2021	16	22679900	22634030	45870	0	0	0	0	62	48	21	0	4903225.81	4317820.67	0	14	5.71	120	1.5	0	14	13412983.52	system	01:23.2	system	NULL	4
ICOOL Nh? Thiên ???ng	D0090981-E663-EB11-80FD-509A4C8C9FAC	31/01/2021	17	44805000	44226545	13325	0	565130	163490	0	93	66	30	2	10135483.87	10448734.01	0	3	6	180	1.88	0	16	23805817.12	system	05:23.3	system	NULL	4
ICOOL Tr?n Não	A7FF3EFE-E663-EB11-80FD-509A4C8C9FAC	31/01/2021	18	128312200	127103485	860740	37275	310700	867862	50000	305	280	66	4	16096774.19	37339388.2	12254184.53	14	4.55	300	3.3	0	20	86839369.13	system	08:53.4	system	NULL	4
ICOOL Nguy?n Tri Ph??ng	016F216F-E663-EB11-80FD-509A4C8C9FAC	31/01/2021	19	35774200	34857020	529000	70600	317580	0	0	102	98	38	0	8090241.94	6659511.2	0	4	7.37	280	2.38	0	16	20107266.86	system	04:53.3	system	NULL	4
ICOOL ??ng ?en	F916CE03-E663-EB11-80FD-509A4C8C9FAC	31/01/2021	22	71494400	70785560	632000	0	76840	283370	0	224	142	51	5	10775806.45	12912854.09	0	36	4.71	240	2.04	0	25	47380269.46	system	01:53.2	system	NULL	4
ICOOL Phan Chu Trinh	FE60EB92-E663-EB11-80FD-509A4C8C9FAC	31/01/2021	23	35688400	35113470	446620	0	128310	0	0	101	48	28	1	8152338.71	14379504.17	7081600	7	5.36	150	2	0	14	19663227.12	system	05:53.3	system	NULL	4
ICOOL Phan Xích Long	F590D9A4-E663-EB11-80FD-509A4C8C9FAC	31/01/2021	24	87483200	85415480	1059050	0	1008670	360170.5	0	228	191	58	3	14032258.06	16753775.97	0	27	4.14	240	2.32	0	25	54989616.47	system	06:23.4	system	NULL	4
ICOOL V?ng Tàu	F2461322-E763-EB11-80FD-509A4C8C9FAC	31/01/2021	25	17755000	14431750	3178250	0	145000	0	0	53	54	16	0	4161290.32	3513891.28	0	9	8.13	130	1	0	16	6756568.4	system	09:53.5	system	NULL	4
ICOOL Xô Vi?t Ngh? T?nh	1265E933-E763-EB11-80FD-509A4C8C9FAC	31/01/2021	4	88960800	87984985	763115	55200	157500	0	0	275	187	67	3	16209677.42	27806699.7	11504425	38	4.78	320	2.31	0	29	55473032.88	system	10:23.4	system	NULL	4
ICOOL Tô Ký	78B176DA-E663-EB11-80FD-509A4C8C9FAC	31/01/2021	5	60983600	58322830	989930	0	1670840	0	0	117	121	48	1	10919354.84	13798821.59	0	9	3.96	190	1.85	0	26	33604653.57	system	07:53.4	system	NULL	4
ICOOL Bình Phú	F9AD34CE-E563-EB11-80FD-509A4C8C9FAC	31/01/2021	6	93355200	91130335	2034165	0	190700	0	0	252	156	59	7	21487512.58	31190412.43	11070105.27	13	4.92	290	2.46	0	24	49522515.26	system	00:23.3	system	NULL	4
ICOOL D??ng Bá Tr?c	7D6CB015-E663-EB11-80FD-509A4C8C9FAC	31/01/2021	7	104231500	101583378	1607282	0	1040840	256000	200000	211	174	63	10	18865550.1	48141241.58	28459769.29	30	5.08	320	2.42	0	26	63492355.61	system	02:23.2	system	NULL	4
ICOOL Nguy?n S?n	68F4614B-E663-EB11-80FD-509A4C8C9FAC	31/01/2021	9	58601200	57764260	469320	0	367620	0	780000	166	124	40	1	8019064.52	13365709.44	0	19	4.75	190	2.86	0	14	37159486.04	system	03:53.3	system	NULL	4
ICOOL Ung V?n Khiêm	054DE23A-B064-EB11-80FD-509A4C8C9FAC	01/02/2021	1	161399800	155433784	4141116	386050	1438850	240600	0	407	270	81	5	26934107.15	33217520.24	128760	24	4	350	2.31	0	35	95651516.61	system	09:24.0	system	NULL	4
ICOOL Thành Thái	D46653F3-AF64-EB11-80FD-509A4C8C9FAC	01/02/2021	10	90122400	87713020	1588390	0	820990	202082	250000	260	199	59	7	19379603.53	18358567.8	1909202.38	38	5	339	2.11	0	28	52336133.05	system	07:23.9	system	NULL	4
ICOOL Nguy?n Trãi	3087F487-AF64-EB11-80FD-509A4C8C9FAC	01/02/2021	11	24450700	24411205	39495	0	0	0	0	61	49	20	1	7293095.55	5178153.2	0	10	8	160	1.25	0	16	11939956.25	system	04:23.8	system	NULL	4
ICOOL M?c ??nh Chi	4D763364-AF64-EB11-80FD-509A4C8C9FAC	01/02/2021	12	106036200	102971150	1578760	0	1486290	797120	0	279	216	49	0	17285714.29	21788813.84	0	17	6	300	2.33	0	21	64693741.87	system	03:23.8	system	NULL	4
ICOOL Tr?n Bình Tr?ng	AB4C1217-B064-EB11-80FD-509A4C8C9FAC	01/02/2021	13	45895000	43131145	1987675	0	776180	0	0	99	83	28	5	9107142.86	7294428.67	0	6	6.07	170	1.65	0	17	26729573.47	system	08:23.9	system	NULL	4
ICOOL Cách M?ng Tháng 8	1D13BE0A-AF64-EB11-80FD-509A4C8C9FAC	01/02/2021	14	106296100	102835225	2350925	189970	919980	642126	780000	262	203	62	5	22625000	17928080.67	0	17	6	400	2.21	0	28	63704270.33	system	00:53.7	system	NULL	4
ICOOL C?u Ch? Y	838BA21C-AF64-EB11-80FD-509A4C8C9FAC	01/02/2021	16	24701800	24542675	159125	0	0	0	0	59	47	21	3	6045142.86	4876318.34	0	5	5.71	120	1.5	0	14	13621213.8	system	01:23.7	system	NULL	4
ICOOL Nh? Thiên ???ng	62DBCBAB-AF64-EB11-80FD-509A4C8C9FAC	01/02/2021	17	17430500	16616010	647000	0	167490	0	0	44	31	16	3	11207142.85	3475258.86	0	2	10	170	1	0	16	1933608.29	system	05:23.9	system	NULL	4
ICOOL Tr?n Não	7CD5F628-B064-EB11-80FD-509A4C8C9FAC	01/02/2021	18	131902500	129906900	1464370	32510	498720	2176920	0	304	329	63	1	17821428.56	27745651.61	0	10	3	240	3.15	0	20	86516739.83	system	08:53.9	system	NULL	4
ICOOL Nguy?n Tri Ph??ng	8B11F199-AF64-EB11-80FD-509A4C8C9FAC	01/02/2021	19	20508100	19836400	199000	0	472700	0	0	60	49	21	0	8899285.71	3307172.22	35055	5	7.14	150	1.31	0	16	7664997.07	system	04:54.0	system	NULL	4
ICOOL ??ng ?en	E1B7802E-AF64-EB11-80FD-509A4C8C9FAC	01/02/2021	22	55415000	54374981	439799	0	600220	0	0	162	104	37	9	11215357.15	10730306.66	0	29	5	200	1.48	0	25	32429317.19	system	01:53.7	system	NULL	4
ICOOL Phan Chu Trinh	E2B6A1BD-AF64-EB11-80FD-509A4C8C9FAC	01/02/2021	23	18588200	18175740	44460	0	368000	0	0	49	32	15	1	7667857.15	4046328.67	153720	10	9	140	1.07	0	14	6615274.18	system	05:53.8	system	NULL	4
ICOOL Phan Xích Long	A76885CF-AF64-EB11-80FD-509A4C8C9FAC	01/02/2021	24	109587700	107987075	589565	0	1011060	460570	0	220	277	66	9	16964285.71	20232313.49	0	20	3	240	2.64	0	25	71251045.8	system	06:23.9	system	NULL	4
ICOOL V?ng Tàu	D76BC04C-B064-EB11-80FD-509A4C8C9FAC	01/02/2021	25	16309100	13619430	0	0	2689670	0	0	54	45	14	7	6446428.57	3738882.81	0	6	9	130	0.88	0	16	3434118.62	system	09:54.0	system	NULL	4
ICOOL Xô Vi?t Ngh? T?nh	9F06A25E-B064-EB11-80FD-509A4C8C9FAC	01/02/2021	4	99443700	97338690	2072410	32600	0	0	200000	276	184	63	6	8610650.78	21017765.98	0	20	4	260	2.17	0	29	67910273.24	system	10:24.0	system	NULL	4
ICOOL Tô Ký	71552F05-B064-EB11-80FD-509A4C8C9FAC	01/02/2021	5	37868800	37342600	327335	30085	168780	203540	0	63	73	29	4	5616071.43	8296175.98	0	11	5	170	1.12	0	26	23633892.59	system	07:53.9	system	NULL	4
ICOOL Bình Phú	20E4D8F8-AE64-EB11-80FD-509A4C8C9FAC	01/02/2021	6	52925600	51842551	709409	0	373640	152130	0	141	97	30	1	23789746.08	11701949.34	0	4	7	220	1.25	0	24	16502985.58	system	00:23.7	system	NULL	4
ICOOL D??ng Bá Tr?c	1F7E6840-AF64-EB11-80FD-509A4C8C9FAC	01/02/2021	7	101555400	98609120	2728340	0	217940	420172.5	1120000	184	200	54	3	17379715.82	20972422.19	0	23	6	326	2.08	0	26	61797154.49	system	02:23.8	system	NULL	4
ICOOL Nguy?n S?n	896E0E76-AF64-EB11-80FD-509A4C8C9FAC	01/02/2021	9	41471900	40615880	390000	0	466020	0	0	141	100	34	5	8423464.28	8881070.53	0	16	4	150	2.43	0	14	23311345.19	system	03:53.8	system	NULL	4
ICOOL Ung V?n Khiêm	62697E69-7965-EB11-80FD-509A4C8C9FAC	02/02/2021	1	133570100	130536460	1767760	0	1265880	1137439	0	369	211	74	2	26934107.15	27628710.55	0	39	4	350	2.11	0	35	77111081.3	system	09:31.0	system	NULL	4
ICOOL Thành Thái	67D4ED21-7965-EB11-80FD-509A4C8C9FAC	02/02/2021	10	94149897.9	90693595.42	2910033	0	546269.9	181840	0	263	186	54	6	19379603.53	18953376.09	0	32	6	333	1.93	0	28	52542455.8	system	07:31.0	system	NULL	4
ICOOL Nguy?n Trãi	F66A94B6-7865-EB11-80FD-509A4C8C9FAC	02/02/2021	11	35892800	33599305	318635	0	1974860	0	100000	67	79	24	1	7293095.55	8620998.77	0	14	5	140	1.5	0	16	17785210.68	system	04:30.9	system	NULL	4
ICOOL M?c ??nh Chi	B75BCD92-7865-EB11-80FD-509A4C8C9FAC	02/02/2021	12	83345500	80861965	1522040	119225	842270	2590871	0	251	140	38	3	17285714.29	16253286.45	0	15	7	300	1.81	0	21	49913835.26	system	03:30.8	system	NULL	4
ICOOL Tr?n Bình Tr?ng	6E17B545-7965-EB11-80FD-509A4C8C9FAC	02/02/2021	13	42738800	41402267	608053	0	728480	0	0	98	92	29	1	9107142.86	8627133	0	9	5.86	170	1.71	0	17	23667991.14	system	08:31.0	system	NULL	4
ICOOL Cách M?ng Tháng 8	19F46239-7865-EB11-80FD-509A4C8C9FAC	02/02/2021	14	99835000	97185855	707865	0	1941280	348260	0	221	186	61	10	22625000	18551556	0	28	6	380	2.18	0	28	56357559	system	01:00.8	system	NULL	4
ICOOL C?u Ch? Y	FCF0424B-7865-EB11-80FD-509A4C8C9FAC	02/02/2021	16	15123500	15049420	74080	0	0	0	0	38	33	15	3	6045142.86	2963539.34	0	8	8	120	1.07	0	14	6040737.8	system	01:30.8	system	NULL	4
ICOOL Nh? Thiên ???ng	BF9E60DA-7865-EB11-80FD-509A4C8C9FAC	02/02/2021	17	19672400	19200235	12615	0	459550	0	0	31	30	13	1	11207142.85	4150901.63	0	0	13	180	0.81	0	16	3842190.52	system	05:30.9	system	NULL	4
ICOOL Tr?n Não	AC129A57-7965-EB11-80FD-509A4C8C9FAC	02/02/2021	18	76829001	74815321	959560	0	1054120	1024228	100000	213	203	40	4	17821428.56	15199464.69	9916.67	18	6	250	2	0	20	42928572.42	system	09:01.0	system	NULL	4
ICOOL Nguy?n Tri Ph??ng	7C7779C8-7865-EB11-80FD-509A4C8C9FAC	02/02/2021	19	33402900	33012900	390000	0	0	0	0	67	71	24	0	8899285.71	6247067.01	0	12	6.25	150	1.5	0	16	17866547.28	system	05:00.9	system	NULL	4
ICOOL ??ng ?en	5352275D-7865-EB11-80FD-509A4C8C9FAC	02/02/2021	22	57562500	56732460	542320	0	287720	0	0	171	169	44	4	11215357.15	9634081.06	0	26	4	200	1.76	0	25	35883021.79	system	02:00.8	system	NULL	4
ICOOL Phan Chu Trinh	85A444EC-7865-EB11-80FD-509A4C8C9FAC	02/02/2021	23	41709600	41162395	73625	0	473580	0	0	122	70	29	1	7667857.15	9211122.01	837947	11	4	140	2.07	0	14	25121362.84	system	06:00.9	system	NULL	4
ICOOL Phan Xích Long	EA1126FE-7865-EB11-80FD-509A4C8C9FAC	02/02/2021	24	97721500	94459545	656395	197880	2407680	1130700	0	160	261	56	4	16964285.71	19394596.74	0	25	4	240	2.24	0	25	59231362.55	system	06:30.9	system	NULL	4
ICOOL V?ng Tàu	C40E6F7B-7965-EB11-80FD-509A4C8C9FAC	02/02/2021	25	11896900	11661060	86560	0	149280	0	250000	28	16	12	3	6446428.57	2271786.98	0	8	10	130	0.75	0	16	3192844.45	system	10:01.1	system	NULL	4
ICOOL Xô Vi?t Ngh? T?nh	C0AB488D-7965-EB11-80FD-509A4C8C9FAC	02/02/2021	4	73745500	72179165	1243820	120575	201940	0	0	194	144	46	3	8610650.78	16492168.2	0	30	5	260	1.59	0	29	47076346.02	system	10:31.1	system	NULL	4
ICOOL Tô Ký	1C2ACF33-7965-EB11-80FD-509A4C8C9FAC	02/02/2021	5	33397600	32581540	672140	0	143920	1090866	0	50	52	22	1	5616071.43	7262442.35	0	7	6	150	0.85	0	26	20793892.22	system	08:01.0	system	NULL	4
ICOOL Bình Phú	E4C2F727-7865-EB11-80FD-509A4C8C9FAC	02/02/2021	6	51988400	51213738	264272	47930	462460	0	0	136	91	37	0	23789746.08	9731337.58	0	9	6	230	1.54	0	24	17692654.34	system	00:31.6	system	NULL	4
ICOOL D??ng Bá Tr?c	0DD80A6F-7865-EB11-80FD-509A4C8C9FAC	02/02/2021	7	82713400	81391135	1149905	0	172360	0	0	172	138	54	6	17379715.82	15402112.3	0	19	6	352	2.08	0	26	48609306.88	system	02:30.8	system	NULL	4
ICOOL Nguy?n S?n	69C0B4A4-7865-EB11-80FD-509A4C8C9FAC	02/02/2021	9	29699400	29210460	0	0	488940	0	0	81	75	25	1	8423464.28	6314294.43	0	9	6	150	1.79	0	14	14472701.29	system	04:00.9	system	NULL	4
ICOOL Ung V?n Khiêm	F1924794-4266-EB11-80FD-509A4C8C9FAC	03/02/2021	1	99899000	98874600	788800	47450	188150	780720	0	318	176	65	3	26934107.15	18381048.67	0	35	4	300	1.86	0	35	54340164.18	system	09:31.6	system	NULL	4
ICOOL Thành Thái	2D2EB34C-4266-EB11-80FD-509A4C8C9FAC	03/02/2021	10	66256800	65447175	173410	120435	515780	0	0	207	216	43	6	19379603.53	12738403.1	0	19	7	318	1.54	0	28	33329168.37	system	07:31.6	system	NULL	4
ICOOL Nguy?n Trãi	95615DE1-4166-EB11-80FD-509A4C8C9FAC	03/02/2021	11	21740400	20707580	43400	0	989420	0	0	48	44	18	3	7293095.54	4080245.29	0	6	6.17	111	1.13	0	16	9334239.17	system	04:31.5	system	NULL	4
ICOOL M?c ??nh Chi	47449ABD-4166-EB11-80FD-509A4C8C9FAC	03/02/2021	12	72004300	69804010	958080	0	1242210	209740	0	250	135	44	3	17285714.29	13510560.24	0	28	6	300	2.1	0	21	39217475.47	system	03:31.5	system	NULL	4
ICOOL Tr?n Bình Tr?ng	3C2A7870-4266-EB11-80FD-509A4C8C9FAC	03/02/2021	13	29811500	29163620	317640	0	330240	286290	0	68	84	27	3	9107142.86	5351803.33	0	11	6.67	180	1.59	0	17	14990963.81	system	08:31.6	system	NULL	4
ICOOL Cách M?ng Tháng 8	03D22A64-4166-EB11-80FD-509A4C8C9FAC	03/02/2021	14	105221200	102815920	1098690	220760	1085830	775850	0	230	196	53	4	22625000	19701073.69	1260000	18	7	380	1.89	0	28	62525696.31	system	01:01.4	system	NULL	4
ICOOL C?u Ch? Y	B5EA0A76-4166-EB11-80FD-509A4C8C9FAC	03/02/2021	16	20078200	19814200	264000	0	0	0	0	46	42	16	5	6045142.86	3673419	0	1	7.5	120	1.14	0	14	10095638.14	system	01:31.4	system	NULL	4
ICOOL Nh? Thiên ???ng	21712305-4266-EB11-80FD-509A4C8C9FAC	03/02/2021	17	29274800	28908455	32565	0	333780	0	0	62	49	23	2	11207142.85	6057656.91	0	2	7	170	1.44	0	16	11643655.24	system	05:31.5	system	NULL	4
ICOOL Tr?n Não	50616282-4266-EB11-80FD-509A4C8C9FAC	03/02/2021	18	88290602	86861116.9	700465	0	729020.1	800670	375000	224	238	43	1	17821428.56	18333829.81	70500	13	6	260	2.15	0	20	51952028.53	system	09:01.6	system	NULL	4
ICOOL Nguy?n Tri Ph??ng	42364FF3-4166-EB11-80FD-509A4C8C9FAC	03/02/2021	19	16774700	16442740	0	0	331960	0	0	47	46	16	0	8899285.71	2951783.77	0	3	9.38	150	1	0	16	4591670.52	system	05:01.6	system	NULL	4
ICOOL ??ng ?en	E301EE87-4166-EB11-80FD-509A4C8C9FAC	03/02/2021	22	44866500	44115440	69600	0	681460	0	590000	135	97	35	2	11215357.15	8179965.86	0	10	5	200	1.4	0	25	25310116.99	system	02:01.4	system	NULL	4
ICOOL Phan Chu Trinh	CE630917-4266-EB11-80FD-509A4C8C9FAC	03/02/2021	23	22511100	21166415	774125	0	570560	0	0	45	25	16	1	7667857.14	5470273.34	371822	19	8.75	140	1.14	0	14	8400106.52	system	06:01.5	system	NULL	4
ICOOL Phan Xích Long	B6DBED28-4266-EB11-80FD-509A4C8C9FAC	03/02/2021	24	90803100	86519740	2104180	0	2179180	409700	0	151	252	54	2	16964285.71	17642989.25	0	15	4	240	2.16	0	25	52322165.04	system	06:31.5	system	NULL	4
ICOOL V?ng Tàu	76F235A6-4266-EB11-80FD-509A4C8C9FAC	03/02/2021	25	12342300	11643470	235400	0	463430	0	0	27	28	10	0	6446428.57	2456407.62	0	2	13	130	0.63	0	16	2740633.81	system	10:01.7	system	NULL	4
ICOOL Phú Qu?c	EA7FD53A-4266-EB11-80FD-509A4C8C9FAC	03/02/2021	26	9739400	8299250	1440150	0	0	0	600000	17	10	4	0	7678571.43	1596981.33	0	1	0	3	0.16	0	25	-376302.76	system	07:01.6	system	NULL	4
ICOOL Xô Vi?t Ngh? T?nh	0F7409B8-4266-EB11-80FD-509A4C8C9FAC	03/02/2021	4	59430200	58270638	1081402	0	78160	0	0	165	133	45	4	8610650.78	12712691.44	0	15	5	260	1.55	0	29	36947295.78	system	10:31.6	system	NULL	4
ICOOL Tô Ký	A7FE9C5E-4266-EB11-80FD-509A4C8C9FAC	03/02/2021	5	34760900	32924157	672008	167725	997010	0	0	50	56	21	2	5616071.43	8445402.96	0	9	8	170	0.81	0	26	18862682.61	system	08:01.6	system	NULL	4
ICOOL Bình Phú	4D684852-4166-EB11-80FD-509A4C8C9FAC	03/02/2021	6	67264200	65245383	999777	174600	844440	0	3100000	174	112	38	3	23789746.07	13749562.55	0	14	6.05	230	1.58	0	24	30806074.38	system	00:31.4	system	NULL	4
ICOOL D??ng Bá Tr?c	CEDFD299-4166-EB11-80FD-509A4C8C9FAC	03/02/2021	7	152303300	147211822	3895678	73310	1122490	254250	0	224	279	58	5	17379715.82	32857706.22	0	14	5	334	2.23	0	26	97228649.96	system	02:31.5	system	NULL	4
ICOOL Nguy?n S?n	20A17DCF-4166-EB11-80FD-509A4C8C9FAC	03/02/2021	9	45738900	45487540	251360	0	0	0	0	136	101	29	0	8423464.28	10966994.92	0	16	5	150	2.07	0	14	26097080.8	system	04:01.5	system	NULL	4
ICOOL Ung V?n Khiêm	AFCBF9BE-0B67-EB11-80FD-509A4C8C9FAC	04/02/2021	1	87731300	85593350	1355000	88900	694050	253350	0	258	145	53	2	26934107.15	16968388.6	0	26	6	330	1.47	0	36	41944204.25	system	09:32.1	system	NULL	4
ICOOL Thành Thái	54EE6877-0B67-EB11-80FD-509A4C8C9FAC	04/02/2021	10	68503500	67043255	726310	0	733935	0	200000	224	176	42	2	19379603.53	14397821.58	315950	20	7	311	1.5	0	28	33781779.89	system	07:32.1	system	NULL	4
ICOOL Nguy?n Trãi	9681120C-0B67-EB11-80FD-509A4C8C9FAC	04/02/2021	11	6109800	5797680	203000	0	109120	0	0	12	18	7	2	7293095.54	1015339.24	0	3	18.57	130	0.44	0	16	-2510754.78	system	04:32.0	system	NULL	4
ICOOL M?c ??nh Chi	FFB35CE8-0A67-EB11-80FD-509A4C8C9FAC	04/02/2021	12	88977700	84267635	2517655	155760	2036650	1788662.5	0	267	104	37	7	17285714.29	16764965.54	0	11	8	300	1.76	0	21	52005617.67	system	03:32.1	system	NULL	4
ICOOL Tr?n Bình Tr?ng	6DE1329B-0B67-EB11-80FD-509A4C8C9FAC	04/02/2021	13	31101300	30599515	406105	0	95680	0	0	73	78	23	0	9107142.86	6671589.67	0	6	8.26	190	1.35	0	17	14820782.47	system	08:32.1	system	NULL	4
ICOOL Cách M?ng Tháng 8	9663DF8E-0A67-EB11-80FD-509A4C8C9FAC	04/02/2021	14	71319500	70566495	406520	62425	284060	271600	1073000	156	139	51	12	22625000	11645463.67	0	20	7	380	1.82	0	28	37640631.33	system	01:01.9	system	NULL	4
ICOOL C?u Ch? Y	53F1BCA0-0A67-EB11-80FD-509A4C8C9FAC	04/02/2021	16	5708700	5680840	27860	0	0	0	0	15	9	6	0	6045142.86	1126043	0	5	20	120	0.43	0	14	-1490345.86	system	01:31.9	system	NULL	4
ICOOL Nh? Thiên ???ng	2966DC2F-0B67-EB11-80FD-509A4C8C9FAC	04/02/2021	17	29363000	28576120	397870	0	389010	0	0	58	49	23	2	11207142.85	6299908.44	0	2	7	180	1.44	0	16	11069068.71	system	05:32.0	system	NULL	4
ICOOL Tr?n Não	73871FAD-0B67-EB11-80FD-509A4C8C9FAC	04/02/2021	18	83767301	82247767.15	916675	93238.75	509620.1	521500	0	217	215	47	5	17821428.56	17076650.98	0	18	5	270	2.35	0	20	47871187.61	system	09:02.2	system	NULL	4
ICOOL Nguy?n Tri Ph??ng	0E0A011E-0B67-EB11-80FD-509A4C8C9FAC	04/02/2021	19	24890800	24421645	376335	0	92820	0	0	59	55	21	0	8899285.71	10249463.53	232000	1	7.14	150	1.31	0	16	5504895.76	system	05:02.1	system	NULL	4
ICOOL ??ng ?en	6710B3B2-0A67-EB11-80FD-509A4C8C9FAC	04/02/2021	22	64613700	62996580	534550	0	1082570	0	0	206	116	43	4	11215357.15	12400039.58	0	15	4	200	1.72	0	25	39381183.27	system	02:02.0	system	NULL	4
ICOOL Phan Chu Trinh	FCFCC041-0B67-EB11-80FD-509A4C8C9FAC	04/02/2021	23	24763000	24361570	30290	0	371140	0	0	65	33	19	3	7667857.14	6380009.67	326678	6	7.37	140	1.36	0	14	10640381.19	system	06:02.0	system	NULL	4
ICOOL Phan Xích Long	D392A653-0B67-EB11-80FD-509A4C8C9FAC	04/02/2021	24	79324500	77383335	1297355	65770	578040	0	0	171	156	50	6	16964285.71	14431491.36	0	25	4	240	2	0	25	45987557.93	system	06:32.1	system	NULL	4
ICOOL V?ng Tàu	81E9D9D0-0B67-EB11-80FD-509A4C8C9FAC	04/02/2021	25	8650900	7747762	309978	0	593160	0	0	27	25	7	2	6446428.57	1764069.31	0	4	20	140	0.44	0	16	-462735.88	system	10:02.1	system	NULL	4
ICOOL Phú Qu?c	93B38A65-0B67-EB11-80FD-509A4C8C9FAC	04/02/2021	26	1819100	1461550	357550	0	0	0	0	3	3	1	0	7678571.43	452993.81	0	1	3	3	0.04	0	25	-6670015.24	system	07:02.1	system	NULL	4
ICOOL Xô Vi?t Ngh? T?nh	1FDDC0E2-0B67-EB11-80FD-509A4C8C9FAC	04/02/2021	4	47676800	47000210	243680	432910	0	0	0	118	92	30	5	8610650.78	10319550.06	0	14	8	260	1.03	0	29	28070009.16	system	10:32.1	system	NULL	4
ICOOL Tô Ký	F11D5289-0B67-EB11-80FD-509A4C8C9FAC	04/02/2021	5	42749900	42085175	473445	0	191280	0	0	77	77	29	0	5616071.43	9265324.97	0	6	6	190	1.12	0	26	27203778.6	system	08:02.1	system	NULL	4
ICOOL Bình Phú	DC00FF7C-0A67-EB11-80FD-509A4C8C9FAC	04/02/2021	6	71037400	69186610	992540	93700	764550	327550	0	169	119	46	6	23789746.07	14597474.01	0	8	5	230	1.92	0	24	31126939.92	system	00:31.9	system	NULL	4
ICOOL D??ng Bá Tr?c	A19888C4-0A67-EB11-80FD-509A4C8C9FAC	04/02/2021	7	96996900	93509350	2237310	0	1250240	292380	0	172	183	50	13	17379715.82	20062399.34	0	15	6	324	1.92	0	26	56359614.84	system	02:32.0	system	NULL	4
ICOOL Nguy?n S?n	92ED34FA-0A67-EB11-80FD-509A4C8C9FAC	04/02/2021	9	34015400	33315090	621410	33560	45340	0	0	98	82	29	3	8423464.28	7359328.39	0	14	5	150	2.07	0	14	17532297.33	system	04:02.0	system	NULL	4
ICOOL Ung V?n Khiêm	6E24B6E9-D467-EB11-80FD-509A4C8C9FAC	05/02/2021	1	126060500	123491890	1560260	341000	667350	1760785	0	342	223	73	2	26934107.15	25885918.98	64380	35	4	300	2.03	0	36	72497028.87	system	09:32.7	system	NULL	4
ICOOL Thành Thái	BB4627A2-D467-EB11-80FD-509A4C8C9FAC	05/02/2021	10	101017000	98722270	1660990	0	633740	405850	50000	305	259	64	5	19379603.53	19895020.36	0	31	4	317	2.29	0	28	59903496.11	system	07:32.6	system	NULL	4
ICOOL Nguy?n Trãi	F551D136-D467-EB11-80FD-509A4C8C9FAC	05/02/2021	11	19825800	18356620	875460	0	593720	0	0	53	28	11	0	7293095.54	4645945.72	0	3	13.64	150	0.69	0	16	6417578.74	system	04:32.5	system	NULL	4
ICOOL M?c ??nh Chi	D12E0B13-D467-EB11-80FD-509A4C8C9FAC	05/02/2021	12	105642800	102723110	1538540	0	1381150	1146470	0	360	152	49	1	17285714.29	21451451.68	0	14	6	300	2.33	0	21	65132414.03	system	03:32.5	system	NULL	4
ICOOL Tr?n Bình Tr?ng	15D3ECC5-D467-EB11-80FD-509A4C8C9FAC	05/02/2021	13	48011100	46956485	499395	0	555220	112100	0	101	101	28	0	9107142.86	14708759.89	4865546.2	12	7.5	210	1.65	0	17	28118228.45	system	08:32.6	system	NULL	4
ICOOL Cách M?ng Tháng 8	A7C6A6B9-D367-EB11-80FD-509A4C8C9FAC	05/02/2021	14	142564801	138600371	2590515	117055	1256860	737337	1875000	296	260	69	8	22625000	26081112.35	0	17	5	370	2.46	0	28	92506595.65	system	01:02.5	system	NULL	4
ICOOL C?u Ch? Y	5FD07DCB-D367-EB11-80FD-509A4C8C9FAC	05/02/2021	16	15708400	15708400	0	0	0	0	0	38	30	14	2	6045142.86	3140366.34	0	1	8.57	120	1	0	14	6522890.8	system	01:32.5	system	NULL	4
ICOOL Nh? Thiên ???ng	E342975A-D467-EB11-80FD-509A4C8C9FAC	05/02/2021	17	38945600	37905995	349000	0	690605	0	0	81	64	31	3	11207142.85	7345396.12	0	10	5	180	1.94	0	16	19353456.03	system	05:32.5	system	NULL	4
ICOOL Tr?n Não	FA6533D8-D467-EB11-80FD-509A4C8C9FAC	05/02/2021	18	114522200	111891140	2401080	0	229980	663370	0	247	287	63	4	17821428.56	22398772.4	0	18	4	270	3.15	0	20	72334309.04	system	09:03.3	system	NULL	4
ICOOL Nguy?n Tri Ph??ng	F7AEBF48-D467-EB11-80FD-509A4C8C9FAC	05/02/2021	19	37676500	36560150	953600	0	162750	0	0	107	70	30	0	8899285.71	8244507.01	563978	6	5	150	1.88	0	16	19980335.28	system	05:02.6	system	NULL	4
ICOOL ??ng ?en	BEF769DD-D367-EB11-80FD-509A4C8C9FAC	05/02/2021	22	73686900	72561390	830560	0	294950	0	500000	224	126	51	7	11215357.15	7131180.56	0	11	3	200	2.04	0	25	54714852.29	system	02:02.5	system	NULL	4
ICOOL Phan Chu Trinh	ACBF7B6C-D467-EB11-80FD-509A4C8C9FAC	05/02/2021	23	36988000	35867320	752170	106290	262220	0	0	74	42	28	3	7667857.14	8055510.01	612450	19	5	140	2	0	14	20756402.85	system	06:02.6	system	NULL	4
ICOOL Phan Xích Long	248C627E-D467-EB11-80FD-509A4C8C9FAC	05/02/2021	24	110713400	108450203	1883597	0	379600	0	0	177	263	62	9	16964285.71	21048997.3	0	27	3	240	2.48	0	25	70436919.99	system	06:32.6	system	NULL	4
ICOOL V?ng Tàu	82AEA1FB-D467-EB11-80FD-509A4C8C9FAC	05/02/2021	25	9074300	8760680	293800	0	19820	0	0	23	32	10	3	6446428.57	1948751	0	5	13	130	0.63	0	16	365500.43	system	10:02.7	system	NULL	4
ICOOL Phú Qu?c	B65C4790-D467-EB11-80FD-509A4C8C9FAC	05/02/2021	26	4576400	3738765	293750	0	543885	0	0	12	7	2	0	7678571.43	1122620.24	0	1	1	2	0.08	0	25	-5062426.67	system	07:02.6	system	NULL	4
ICOOL Xô Vi?t Ngh? T?nh	5F86800D-D567-EB11-80FD-509A4C8C9FAC	05/02/2021	4	83141700	80157010	2064610	0	920080	156650	320000	213	162	50	3	8610650.78	18014759.02	0	23	5	260	1.72	0	29	54008250.2	system	10:32.7	system	NULL	4
ICOOL Tô Ký	BA1509B4-D467-EB11-80FD-509A4C8C9FAC	05/02/2021	5	40700400	39171685	601410	65935	861370	0	0	77	72	30	4	5616071.43	9162155.39	0	7	6	180	1.15	0	26	24393458.18	system	08:02.6	system	NULL	4
ICOOL Bình Phú	67B0B9A7-D367-EB11-80FD-509A4C8C9FAC	05/02/2021	6	93552600	89178865	2154445	240230	1979060	0	0	256	143	54	0	23789746.07	22544217.21	369780	10	5.37	290	2.25	0	24	43214681.72	system	00:32.5	system	NULL	4
ICOOL D??ng Bá Tr?c	D73371EF-D367-EB11-80FD-509A4C8C9FAC	05/02/2021	7	102443700	100051340	1326980	432930	632450	0	803000	178	176	55	2	17379715.82	21938697.13	1576000	17	5	324	2.12	0	26	63111927.05	system	02:32.8	system	NULL	4
ICOOL Nguy?n S?n	B30BEE24-D467-EB11-80FD-509A4C8C9FAC	05/02/2021	9	35323100	34844830	478270	0	0	0	0	96	73	24	1	8423464.29	8377849.25	0	11	8.33	200	1.71	0	14	18043516.46	system	04:02.5	system	NULL	4
ICOOL Ung V?n Khiêm	B1A26714-9E68-EB11-80FD-509A4C8C9FAC	06/02/2021	1	121458100	117697166	3129204	337550	294180	162880	0	329	248	69	7	26934107.15	23940136.57	0	30	4	300	1.92	0	36	66985802.28	system	09:33.1	system	NULL	4
ICOOL Thành Thái	0943E0CC-9D68-EB11-80FD-509A4C8C9FAC	06/02/2021	10	97229300	95608628	699112	0	921560	0	0	321	247	66	2	19379603.53	18464243.13	0	17	4	296	2.36	0	28	57764781.34	system	07:33.1	system	NULL	4
ICOOL Nguy?n Trãi	FB727E61-9D68-EB11-80FD-509A4C8C9FAC	06/02/2021	11	44048400	43418590	347460	0	282350	216500	0	77	94	26	4	7293095.54	9384175.63	0	4	5.77	150	1.63	0	16	26957818.83	system	04:33.0	system	NULL	4
ICOOL M?c ??nh Chi	9094B83D-9D68-EB11-80FD-509A4C8C9FAC	06/02/2021	12	82015900	79629460	1072050	187200	1127190	0	0	241	129	52	8	17285714.29	13562503.01	0	12	5	300	2.48	0	21	48781242.7	system	03:33.0	system	NULL	4
ICOOL Tr?n Bình Tr?ng	F5769BF0-9D68-EB11-80FD-509A4C8C9FAC	06/02/2021	13	47930400	46065434.5	1224900	196535.5	443530	0	0	118	90	34	3	9107142.86	10327623.34	539166.66	10	6.18	210	2	0	17	27169834.97	system	08:33.1	system	NULL	4
ICOOL Cách M?ng Tháng 8	DAE451E4-9C68-EB11-80FD-509A4C8C9FAC	06/02/2021	14	87012400	83143660	3075300	0	793440	275372	0	167	172	45	5	22625000	18715488.68	2550000.01	23	8	370	1.61	0	28	44628543.33	system	01:03.0	system	NULL	4
ICOOL C?u Ch? Y	77512DF6-9C68-EB11-80FD-509A4C8C9FAC	06/02/2021	16	33788100	33258390	146880	115180	267650	0	0	80	56	27	3	6045142.86	6918494.06	0	13	4.44	120	1.93	0	14	20294753.08	system	01:32.9	system	NULL	4
ICOOL Nh? Thiên ???ng	32684785-9D68-EB11-80FD-509A4C8C9FAC	06/02/2021	17	58590200	56353078	1374272	0	862850	0	0	117	87	36	2	11207142.85	13828759.55	0	4	5	180	2.25	0	16	31317175.6	system	05:33.0	system	NULL	4
ICOOL Tr?n Não	7A558302-9E68-EB11-80FD-509A4C8C9FAC	06/02/2021	18	119439300	115524708	1188582	1040410	1685600	1649609	0	303	256	63	1	17821428.56	24109494.93	0	20	4	270	3.15	0	20	75243393.51	system	09:03.1	system	NULL	4
ICOOL Nguy?n Tri Ph??ng	C09E7673-9D68-EB11-80FD-509A4C8C9FAC	06/02/2021	19	27700300	27028060	461000	0	211240	0	0	70	65	24	1	8899285.71	12678385.04	637704.08	1	6.25	150	1.5	0	16	6088093.33	system	05:03.1	system	NULL	4
ICOOL ??ng ?en	A5A91008-9D68-EB11-80FD-509A4C8C9FAC	06/02/2021	22	81362000	79395320	1008740	0	957940	0	0	251	194	57	6	11215357.15	16863554.17	0	24	4	240	2.28	0	25	51316408.68	system	02:02.9	system	NULL	4
ICOOL Phan Chu Trinh	F3E92A97-9D68-EB11-80FD-509A4C8C9FAC	06/02/2021	23	30183800	29969640	214160	0	0	0	0	72	43	24	3	7667857.14	6694431.34	898738	13	5.83	140	1.71	0	14	16506089.52	system	06:03.0	system	NULL	4
ICOOL Phan Xích Long	2BF20BA9-9D68-EB11-80FD-509A4C8C9FAC	06/02/2021	24	72172500	71097145	861425	0	213930	0	0	121	187	49	4	16964285.71	12725290.16	0	19	4	240	1.96	0	25	41407569.13	system	06:33.0	system	NULL	4
ICOOL V?ng Tàu	10BD4626-9E68-EB11-80FD-509A4C8C9FAC	06/02/2021	25	23494500	22311500	1183000	0	0	0	0	48	57	19	6	6446428.57	4544361.98	0	6	6	130	1.19	0	16	11320709.45	system	10:03.1	system	NULL	4
ICOOL Phú Qu?c	169FF8BA-9D68-EB11-80FD-509A4C8C9FAC	06/02/2021	26	2012100	1314050	698050	0	0	0	0	5	3	3	1	7678571.43	215153.81	0	2	1	3	0.12	0	25	-6579675.24	system	07:03.1	system	NULL	4
ICOOL Xô Vi?t Ngh? T?nh	3CF92838-9E68-EB11-80FD-509A4C8C9FAC	06/02/2021	4	51970700	50518200	1263960	55180	133360	0	200000	124	89	40	3	8610650.78	10128696.39	0	21	6	260	1.38	0	29	31978852.83	system	10:33.1	system	NULL	4
ICOOL Tô Ký	9083B8DE-9D68-EB11-80FD-509A4C8C9FAC	06/02/2021	5	39673400	38260090	795330	72410	545570	0	210000	92	83	34	2	5616071.43	8756799.48	0	6	5	180	1.31	0	26	24097219.09	system	08:03.1	system	NULL	4
ICOOL Bình Phú	E18C6FD2-9C68-EB11-80FD-509A4C8C9FAC	06/02/2021	6	121591100	117928266	3048275	157009	457550	200340	5940000	258	194	65	1	23789746.07	26789650.57	554670	11	4.62	300	2.71	0	24	74043879.36	system	00:33.0	system	NULL	4
ICOOL D??ng Bá Tr?c	EB3CF619-9D68-EB11-80FD-509A4C8C9FAC	06/02/2021	7	120595200	117064771	1567239	0	1963190	0	0	228	207	67	4	17379715.82	23726262.42	0	24	4.72	316	2.58	0	26	75958792.76	system	02:33.0	system	NULL	4
ICOOL Nguy?n S?n	A44BA24F-9D68-EB11-80FD-509A4C8C9FAC	06/02/2021	9	46414700	45703180	312270	0	399250	0	0	122	108	37	2	8423464.29	10305328.35	0	23	5.41	200	2.64	0	14	26974387.36	system	04:03.0	system	NULL	4
ICOOL Ung V?n Khiêm	EFF11B3F-6769-EB11-80FD-509A4C8C9FAC	07/02/2021	1	33099600	30483540	299860	0	2316200	0	0	87	71	22	2	26934107.15	7094788.45	0	15	13	300	0.61	0	36	-3545355.6	system	09:33.6	system	NULL	4
ICOOL Thành Thái	30208BF7-6669-EB11-80FD-509A4C8C9FAC	07/02/2021	10	56412600	55885135	527465	0	0	0	0	165	170	40	5	19379603.53	10710321.06	0	11	6	277	1.43	0	28	25795210.41	system	07:33.6	system	NULL	4
ICOOL Nguy?n Trãi	7FAA398C-6669-EB11-80FD-509A4C8C9FAC	07/02/2021	11	26534300	26135885	277565	0	120850	0	0	56	35	16	0	7293095.54	5697899.67	0	3	10	160	1	0	16	13144889.79	system	04:33.5	system	NULL	4
ICOOL M?c ??nh Chi	25517068-6669-EB11-80FD-509A4C8C9FAC	07/02/2021	12	41524600	40677640	474760	0	372200	0	0	126	64	24	6	17285714.29	7407110.34	0	19	12	300	1.14	0	21	15984815.37	system	03:33.5	system	NULL	4
ICOOL Tr?n Bình Tr?ng	4C5C521B-6769-EB11-80FD-509A4C8C9FAC	07/02/2021	13	22389400	21427855	602435	0	359110	0	0	53	39	17	4	9107142.86	10504088.34	0	8	10	170	1	0	17	1816623.8	system	08:33.6	system	NULL	4
ICOOL Cách M?ng Tháng 8	EE8C120F-6669-EB11-80FD-509A4C8C9FAC	07/02/2021	14	58794400	57167310	1378090	92150	156850	0	0	175	118	37	4	22625000	10558331.33	0	15	10	370	1.32	0	28	23983978.67	system	01:03.5	system	NULL	4
ICOOL C?u Ch? Y	2486EE20-6669-EB11-80FD-509A4C8C9FAC	07/02/2021	16	8278000	8278000	0	0	0	0	0	16	19	9	1	6045142.86	1653291.72	0	6	12.22	110	0.64	0	14	579565.42	system	01:33.5	system	NULL	4
ICOOL Nh? Thiên ???ng	B478FDAF-6669-EB11-80FD-509A4C8C9FAC	07/02/2021	17	30177200	28923822	1171388	0	81990	245720	0	58	42	21	2	11207142.86	6456670.13	0	5	8.1	170	1.31	0	16	11505729.01	system	05:33.5	system	NULL	4
ICOOL Tr?n Não	94A23E2D-6769-EB11-80FD-509A4C8C9FAC	07/02/2021	18	43204600	42857610	290000	56990	0	123300	0	112	79	30	4	17821428.56	7338292.06	0	15	8	250	1.5	0	20	17821189.38	system	09:03.7	system	NULL	4
ICOOL Nguy?n Tri Ph??ng	66052A9E-6669-EB11-80FD-509A4C8C9FAC	07/02/2021	19	12508000	12049150	298000	0	160850	0	0	32	33	13	0	8899285.71	2759381.91	0	2	11.54	150	0.81	0	16	390482.38	system	05:03.6	system	NULL	4
ICOOL ??ng ?en	4625C632-6669-EB11-80FD-509A4C8C9FAC	07/02/2021	22	44436100	43097245	536065	0	802790	0	0	113	79	31	9	11215357.14	8000976.82	0	29	6.45	200	1.24	0	25	23880911.04	system	02:03.4	system	NULL	4
ICOOL Phan Chu Trinh	C5C4DFC1-6669-EB11-80FD-509A4C8C9FAC	07/02/2021	23	24475800	24005775	470025	0	0	0	0	58	26	20	1	7667857.14	4739976.34	431250.33	18	7	140	1.43	0	14	12029191.85	system	06:03.5	system	NULL	4
ICOOL Phan Xích Long	8B2EC4D3-6669-EB11-80FD-509A4C8C9FAC	07/02/2021	24	70983800	69377450	422575	101855	1081920	0	0	136	169	46	8	16964285.71	12484108.16	0	19	5.22	240	1.84	0	25	39929056.13	system	06:33.5	system	NULL	4
ICOOL V?ng Tàu	403A0051-6769-EB11-80FD-509A4C8C9FAC	07/02/2021	25	11865100	11559800	100000	0	205300	273100	0	43	31	9	3	6446428.57	2414691.41	0	4	13	120	0.56	0	16	2971780.02	system	10:03.6	system	NULL	4
ICOOL Phú Qu?c	FB4FB3E5-6669-EB11-80FD-509A4C8C9FAC	07/02/2021	26	3665400	2894220	351500	0	419680	0	0	15	5	2	0	7678571.43	943079.29	0	1	1.5	3	0.08	0	25	-5727430.72	system	07:03.6	system	NULL	4
ICOOL Xô Vi?t Ngh? T?nh	D1401163-6769-EB11-80FD-509A4C8C9FAC	07/02/2021	4	46675500	45411125	1264375	0	0	0	0	108	101	39	3	8610650.78	9813612.2	0	21	6	260	1.34	0	29	26986862.02	system	10:34.0	system	NULL	4
ICOOL Tô Ký	E1036D09-6769-EB11-80FD-509A4C8C9FAC	07/02/2021	5	24108800	23478505	204425	177730	248140	0	0	48	44	20	6	5616071.43	5701679.1	0	5	8	170	0.77	0	26	12160754.47	system	08:03.6	system	NULL	4
ICOOL Bình Phú	235826FD-6569-EB11-80FD-509A4C8C9FAC	07/02/2021	6	70759200	69854615	325935	296950	281700	0	0	226	147	57	2	23789746.07	13963807.06	0	15	5.09	290	2.38	0	24	32101061.87	system	00:33.5	system	NULL	4
ICOOL D??ng Bá Tr?c	BB75AA44-6669-EB11-80FD-509A4C8C9FAC	07/02/2021	7	80629100	78723445	1467265	0	438390	0	0	151	132	52	9	17379715.82	14868367.13	0	18	6.15	320	2	0	26	46475362.05	system	02:33.4	system	NULL	4
ICOOL Nguy?n S?n	5B43527A-6669-EB11-80FD-509A4C8C9FAC	07/02/2021	9	31137700	30634960	345880	0	156860	0	0	81	65	25	3	8423464.29	6575096.13	0	11	8	200	1.79	0	14	15636399.58	system	04:03.5	system	NULL	4
ICOOL Ung V?n Khiêm	23A4C869-306A-EB11-80FD-509A4C8C9FAC	08/02/2021	1	28160100	22332600	3953700	0	1873800	0	0	92	24	18	2	26934107.14	20747131.1	14262819	9	16.67	300	0.5	0	36	-11085819.24	system	09:34.1	system	NULL	4
ICOOL Thành Thái	31913B22-306A-EB11-80FD-509A4C8C9FAC	08/02/2021	10	19611200	19216785.75	261755	132659.25	0	0	0	81	75	15	0	19379603.54	3494592.1	0	7	18.53	278	0.54	0	28	-3657409.88	system	07:34.0	system	NULL	4
ICOOL Nguy?n Trãi	BC34FFB6-2F6A-EB11-80FD-509A4C8C9FAC	08/02/2021	11	20369000	18655010	1626640	87350	0	0	0	57	29	15	0	7293095.54	4330949.58	0	6	6.4	96	0.94	0	16	7030964.89	system	04:34.1	system	NULL	4
ICOOL M?c ??nh Chi	BC5A2393-2F6A-EB11-80FD-509A4C8C9FAC	08/02/2021	12	20720800	20372200	348600	0	0	0	0	44	26	11	0	17285714.29	3564306.67	0	5	27	300	0.52	0	21	-477820.96	system	03:33.9	system	NULL	4
ICOOL Tr?n Bình Tr?ng	79390346-306A-EB11-80FD-509A4C8C9FAC	08/02/2021	13	3131500	3131500	0	0	0	0	0	10	15	6	1	9107142.86	958068	570000	1	13.33	80	0.35	0	17	-6363710.86	system	08:34.0	system	NULL	4
ICOOL Cách M?ng Tháng 8	49B8B639-2F6A-EB11-80FD-509A4C8C9FAC	08/02/2021	14	27329400	25251905	1268995	0	808500	83900	0	77	50	19	2	22625000	5220943.67	198020	9	19	370	0.68	0	28	-2312118.67	system	01:03.9	system	NULL	4
ICOOL C?u Ch? Y	814D954B-2F6A-EB11-80FD-509A4C8C9FAC	08/02/2021	16	12612300	12418300	194000	0	0	0	320000	24	23	10	0	6045142.86	2758207.34	0	1	11	110	0.71	0	14	3934949.8	system	01:33.9	system	NULL	4
ICOOL Nh? Thiên ???ng	7D73B0DA-2F6A-EB11-80FD-509A4C8C9FAC	08/02/2021	17	14768300	13372370	1295000	0	100930	0	0	30	15	13	2	11207142.86	2849253.62	0	1	11.54	150	0.81	0	16	-684026.48	system	05:34.0	system	NULL	4
ICOOL Tr?n Não	A327E657-306A-EB11-80FD-509A4C8C9FAC	08/02/2021	18	29106200	28398705	575775	0	131720	0	0	62	56	16	2	17821428.56	6296472.1	0	8	9	150	0.8	0	20	4280804.34	system	09:04.1	system	NULL	4
ICOOL Nguy?n Tri Ph??ng	DC07CDC8-2F6A-EB11-80FD-509A4C8C9FAC	08/02/2021	19	15310600	14977000	298000	0	35600	0	0	39	32	15	0	8899285.71	7342451.19	4157000	0	10	150	0.94	0	16	2892263.1	system	05:04.0	system	NULL	4
ICOOL ??ng ?en	1778785D-2F6A-EB11-80FD-509A4C8C9FAC	08/02/2021	22	24507100	24188510	49800	0	268790	137853	0	74	70	21	1	11215357.14	4886556.86	688637	13	9.52	200	0.84	0	25	8913086	system	02:03.9	system	NULL	4
ICOOL Phan Chu Trinh	6BA495EC-2F6A-EB11-80FD-509A4C8C9FAC	08/02/2021	23	5728700	4678565	0	61735	988400	0	0	6	3	5	0	7667857.14	1234358	0	8	28	140	0.36	0	14	-4223650.14	system	06:04.0	system	NULL	4
ICOOL Phan Xích Long	2C7E75FE-2F6A-EB11-80FD-509A4C8C9FAC	08/02/2021	24	21890600	21502000	388600	0	0	0	0	52	47	17	4	16964285.71	3677180.67	0	10	14.12	240	0.68	0	25	860533.62	system	06:34.0	system	NULL	4
ICOOL V?ng Tàu	136DAE7B-306A-EB11-80FD-509A4C8C9FAC	08/02/2021	25	7833200	7079600	753600	0	0	0	0	21	17	7	1	6446428.57	1534629.98	0	4	15	110	0.44	0	16	-901458.55	system	10:04.1	system	NULL	4
ICOOL Phú Qu?c	7A1C5C10-306A-EB11-80FD-509A4C8C9FAC	08/02/2021	26	952000	698330	105450	0	148220	0	0	14	4	2	0	7678571.43	147175.48	0	1	1.5	3	0.08	0	25	-7127416.91	system	07:04.0	system	NULL	4
ICOOL Xô Vi?t Ngh? T?nh	EF16928D-306A-EB11-80FD-509A4C8C9FAC	08/02/2021	4	21746800	20324730	1375000	47070	0	611313	0	37	42	14	1	8610650.78	5193457.34	2981040	11	18	260	0.48	0	29	10112974.88	system	10:34.1	system	NULL	4
ICOOL Tô Ký	295A2834-306A-EB11-80FD-509A4C8C9FAC	08/02/2021	5	7136000	6391200	174800	0	570000	0	0	24	10	7	0	5616071.43	7192878.38	5825735	2	18	130	0.27	0	26	-592014.81	system	08:04.1	system	NULL	4
ICOOL Bình Phú	732ED427-2F6A-EB11-80FD-509A4C8C9FAC	08/02/2021	6	22622800	21408958	234890	67242	911710	0	0	74	41	18	0	23789746.07	4868072.2	0	5	12.78	230	0.75	0	24	-7248860.27	system	00:33.9	system	NULL	4
ICOOL D??ng Bá Tr?c	70B55C6F-2F6A-EB11-80FD-509A4C8C9FAC	08/02/2021	7	56725000	54191015	1316615	163590	1053780	0	0	93	62	31	2	17379715.82	10391064.21	0	8	10.32	320	1.19	0	26	26420234.97	system	02:33.9	system	NULL	4
ICOOL Nguy?n S?n	33E902A5-2F6A-EB11-80FD-509A4C8C9FAC	08/02/2021	9	7605800	6430800	1175000	0	0	0	0	18	25	8	2	8423464.29	1526193.51	0	0	25	200	0.57	0	14	-3518857.8	system	04:03.9	system	NULL	4
ICOOL Thành Thái	68F5C850-F96A-EB11-80FD-509A4C8C9FAC	09/02/2021	10	0	0	0	0	0	0	0	0	0	0	0	19379603.54	3754832	3754832	0	0	1	0	0	28	-19379603.54	system	07:41.0	system	NULL	4
ICOOL Tr?n Bình Tr?ng	C6DA8E74-F96A-EB11-80FD-509A4C8C9FAC	09/02/2021	13	0	0	0	0	0	0	0	0	0	0	0	9107142.86	0	5863000	0	0	80	0	0	17	-3244142.86	system	08:41.0	system	NULL	4
ICOOL Cách M?ng Tháng 8	9FA53C68-F86A-EB11-80FD-509A4C8C9FAC	09/02/2021	14	0	0	0	0	0	0	0	0	0	0	0	22625000	8525000	8525000	0	0	370	0	0	28	-22625000	system	01:10.8	system	NULL	4
ICOOL C?u Ch? Y	89B8287A-F86A-EB11-80FD-509A4C8C9FAC	09/02/2021	16	0	0	0	0	0	0	0	0	0	0	0	6045142.86	0	0	0	0	100	0	0	14	-6045142.86	system	01:40.9	system	NULL	4
ICOOL V?ng Tàu	A34C37AA-F96A-EB11-80FD-509A4C8C9FAC	09/02/2021	25	5736900	5332700	100000	0	304200	0	0	19	5	5	0	6446428.57	1232007.15	0	2	22	110	0.31	0	16	-2345735.72	system	10:11.0	system	NULL	4
ICOOL Phú Qu?c	BA1AE63E-F96A-EB11-80FD-509A4C8C9FAC	09/02/2021	26	2277500	2111250	166250	0	0	0	0	7	3	1	0	7678571.43	850823.81	0	3	3	3	0.04	0	25	-6418145.24	system	07:11.0	system	NULL	4
ICOOL V?ng Tàu	A691EDD4-C26B-EB11-80FD-509A4C8C9FAC	10/02/2021	25	2327100	2327100	0	0	0	0	0	6	4	2	0	6446428.57	449714.71	0	0	55	110	0.13	0	16	-4569043.28	system	10:11.5	system	NULL	4
ICOOL Phú Qu?c	82559969-C26B-EB11-80FD-509A4C8C9FAC	10/02/2021	26	3881000	2660000	1221000	0	0	0	0	17	11	3	0	7678571.43	489151.19	0	1	1	3	0.12	0	25	-5507722.62	system	07:11.4	system	NULL	4
ICOOL Phú Qu?c	8B2A4C94-8B6C-EB11-80FD-509A4C8C9FAC	11/02/2021	26	6267000	5007500	1259500	0	0	0	0	15	5	1	0	7678571.43	1478860.48	0	1	3	3	0.04	0	25	-4149931.91	system	07:11.9	system	NULL	4
ICOOL V?ng Tàu	83E60630-556D-EB11-80FE-509A4C8C9FAC	12/02/2021	25	11785300	11785300	0	0	0	0	0	28	25	10	3	6446428.57	2245063.14	0	1	13	130	0.63	0	16	3093808.29	system	10:22.0	system	NULL	4
ICOOL Phú Qu?c	5FA62AC3-546D-EB11-80FE-509A4C8C9FAC	12/02/2021	26	8148400	5853200	2295200	0	0	0	0	19	13	5	0	7678571.43	1575882.86	0	3	0.6	3	0.2	0	25	-3401254.29	system	07:19.4	system	NULL	4
ICOOL V?ng Tàu	6FF5FA58-1E6E-EB11-80FE-509A4C8C9FAC	13/02/2021	25	15718400	15718400	0	0	0	0	0	40	29	14	0	6446428.57	3489492.71	0	11	10	140	0.88	0	16	5782478.72	system	10:19.6	system	NULL	4
ICOOL Phú Qu?c	B58994ED-1D6E-EB11-80FE-509A4C8C9FAC	13/02/2021	26	306000	230500	75500	0	0	0	0	2	3	1	0	7678571.43	50583.33	0	0	3	3	0.04	0	25	-7498654.76	system	07:19.4	system	NULL	4
ICOOL V?ng Tàu	1243B183-E76E-EB11-80FE-509A4C8C9FAC	14/02/2021	25	15667500	15435900	168550	63050	0	0	0	40	38	14	0	6446428.57	3307737.14	0	6	11	160	0.88	0	16	5681734.29	system	10:20.1	system	NULL	4
ICOOL Phú Qu?c	12455318-E76E-EB11-80FE-509A4C8C9FAC	14/02/2021	26	5358900	3193000	2165900	0	0	0	0	21	12	3	0	7678571.43	1127604.29	0	1	1	3	0.12	0	25	-5613175.72	system	07:20.0	system	NULL	4
ICOOL V?ng Tàu	29855976-DE70-EB11-80FE-509A4C8C9FAC	16/02/2021	25	15658800	15469150	189650	0	0	0	0	55	53	20	1	6446428.57	3095482.11	0	12	8	160	1.25	0	16	5927239.32	system	10:34.6	system	NULL	4
ICOOL Phú Qu?c	F467AC0A-DE70-EB11-80FE-509A4C8C9FAC	16/02/2021	26	524000	97000	427000	0	0	0	0	3	0	1	0	7678571.43	43830	0	0	3	3	0.04	0	25	-7625401.43	system	07:33.9	system	NULL	4
ICOOL V?ng Tàu	67A01109-4371-EB11-80FE-509A4C8C9FAC	17/02/2021	25	15308200	14571960	437800	0	298440	0	0	44	37	14	1	6446428.57	2896826.38	0	7	11	160	0.88	0	16	5228705.05	system	10:30.4	system	NULL	4
ICOOL Phú Qu?c	EA13AC9D-4271-EB11-80FE-509A4C8C9FAC	17/02/2021	26	9829300	7596260	2065400	0	167640	0	0	23	18	6	1	7678571.43	1584065.72	0	4	0.5	3	0.24	0	25	-1666377.15	system	07:30.2	system	NULL	4
ICOOL Tr?n Não	A690D63E-3E72-EB11-80FE-509A4C8C9FAC	18/02/2021	18	0	0	0	0	0	0	0	0	0	0	0	17821428.57	0	0	0	0	40	0	0	20	-17821428.57	system	08:44.3	system	NULL	4
ICOOL V?ng Tàu	A81AFD0F-0C72-EB11-80FE-509A4C8C9FAC	18/02/2021	25	17920200	17175195	531525	0	213480	0	0	40	44	18	2	6446428.57	3640220.17	0	7	9	170	1.13	0	16	7088546.26	system	09:30.8	system	NULL	4
ICOOL Phú Qu?c	B395A5A4-0B72-EB11-80FE-509A4C8C9FAC	18/02/2021	26	10154500	6778050	3376450	0	0	0	0	12	11	4	2	7678571.43	1752386.67	0	2	0.75	3	0.16	0	25	-2652908.1	system	06:30.7	system	NULL	4
ICOOL Ung V?n Khiêm	2797D228-D572-EB11-80FE-509A4C8C9FAC	19/02/2021	1	1680000	1680000	0	0	0	0	0	0	0	0	0	26934107.14	218444	18489	0	0	20	0	0	36	-25454062.14	system	09:01.3	system	NULL	4
ICOOL Nguy?n Trãi	51810676-D472-EB11-80FE-509A4C8C9FAC	19/02/2021	11	711000	474000	237000	0	0	0	0	1	0	0	0	7293095.54	406910	0	0	0	160	0	0	16	-7226005.54	system	04:01.4	system	NULL	4
ICOOL Phan Xích Long	2F717DBD-D472-EB11-80FE-509A4C8C9FAC	19/02/2021	24	0	0	0	0	0	0	0	0	0	0	0	16964285.71	0	1127515	0	0	240	0	0	25	-15836770.71	system	06:01.3	system	NULL	4
ICOOL V?ng Tàu	3B98E63A-D572-EB11-80FE-509A4C8C9FAC	19/02/2021	25	24895100	24260110	313005	96865	225120	0	0	67	57	26	2	6446428.57	4491326.05	0	10	6	170	1.63	0	16	13322355.38	system	09:31.7	system	NULL	4
ICOOL Phú Qu?c	C48764CF-D472-EB11-80FE-509A4C8C9FAC	19/02/2021	26	16188600	13523300	2665300	0	0	0	0	37	25	6	0	7678571.43	3752050.72	0	3	0.5	3	0.24	0	25	2092677.85	system	06:31.3	system	NULL	4
ICOOL Bình Phú	8DD4F1E6-D372-EB11-80FE-509A4C8C9FAC	19/02/2021	6	0	0	0	0	0	0	0	0	0	0	0	23789746.07	0	0	0	0	290	0	0	24	-23789746.07	system	00:01.3	system	NULL	4
ICOOL Ung V?n Khiêm	3EC77D53-9E73-EB11-80FE-509A4C8C9FAC	20/02/2021	1	437646	390246	0	0	47400	0	0	1	0	0	0	26934107.14	2806579.86	2422159.91	0	0	20	0	0	36	-26928281.09	system	09:01.8	system	NULL	4
ICOOL Nguy?n Trãi	54E8A0A0-9D73-EB11-80FE-509A4C8C9FAC	20/02/2021	11	0	0	0	0	0	0	0	0	0	0	0	7293095.54	115731	115731	0	0	160	0	0	16	-7293095.54	system	04:01.7	system	NULL	4
ICOOL M?c ??nh Chi	82B5DB7C-9D73-EB11-80FE-509A4C8C9FAC	20/02/2021	12	2508000	2124000	384000	0	0	0	0	2	0	0	0	17285714.29	721331.33	113188	0	0	300	0	0	21	-15769857.62	system	03:01.7	system	NULL	4
ICOOL Tr?n Bình Tr?ng	A16BB72F-9E73-EB11-80FE-509A4C8C9FAC	20/02/2021	13	158000	126400	0	0	31600	0	0	1	0	0	0	9107142.86	102480	0	0	0	200	0	0	17	-9083222.86	system	08:01.7	system	NULL	4
ICOOL V?ng Tàu	A9886C65-9E73-EB11-80FE-509A4C8C9FAC	20/02/2021	25	15742700	15742700	0	0	0	0	0	49	36	16	0	6446428.57	3027040.82	0	6	10	160	1	0	16	6269230.61	system	09:31.9	system	NULL	4
ICOOL Phú Qu?c	60C70DFA-9D73-EB11-80FE-509A4C8C9FAC	20/02/2021	26	8224900	6185450	2039450	0	0	0	0	10	11	4	0	7678571.43	1380615.72	0	4	0.75	3	0.16	0	25	-2873737.15	system	06:31.7	system	NULL	4
ICOOL D??ng Bá Tr?c	A1D01359-9D73-EB11-80FE-509A4C8C9FAC	20/02/2021	7	316000	252800	0	0	63200	0	0	0	0	0	0	17379715.82	150044	0	0	0	320	0	0	26	-17276959.82	system	02:01.6	system	NULL	4
ICOOL Nguy?n Trãi	1BA754CB-6674-EB11-80FE-509A4C8C9FAC	21/02/2021	11	6896000	1835000	5061000	0	0	0	0	1	1	0	0	7293095.54	1846678.33	0	0	0	160	0	0	16	-7304773.87	system	04:02.2	system	NULL	4
ICOOL M?c ??nh Chi	A4C389A7-6674-EB11-80FE-509A4C8C9FAC	21/02/2021	12	0	0	0	0	0	0	0	0	0	0	0	17285714.29	0	0	0	0	300	0	0	21	-17285714.29	system	03:02.1	system	NULL	4
ICOOL Cách M?ng Tháng 8	E1EC204E-6674-EB11-80FE-509A4C8C9FAC	21/02/2021	14	1139000	1139000	0	0	0	0	450000	4	0	0	0	22625000	497273.33	0	0	0	50	0	0	28	-21533273.33	system	00:32.1	system	NULL	4
ICOOL V?ng Tàu	0B901990-6774-EB11-80FE-509A4C8C9FAC	21/02/2021	25	7107400	7065080	0	0	42320	0	0	18	22	11	0	6446428.57	1264390.01	0	6	16	180	0.69	0	16	-645738.58	system	09:32.3	system	NULL	4
ICOOL Phú Qu?c	1C3CC524-6774-EB11-80FE-509A4C8C9FAC	21/02/2021	26	3683000	2374550	1308450	0	0	0	0	6	6	2	0	7678571.43	293765.57	0	2	1.5	3	0.08	0	25	-5597787	system	06:32.2	system	NULL	4
ICOOL Nguy?n Trãi	227802F6-2F75-EB11-80FE-509A4C8C9FAC	22/02/2021	11	0	0	0	0	0	0	0	0	0	0	0	7293095.54	0	0	0	0	130	0	0	16	-7293095.54	system	04:02.6	system	NULL	4
ICOOL M?c ??nh Chi	5A0440D2-2F75-EB11-80FE-509A4C8C9FAC	22/02/2021	12	1480000	1100000	370000	0	10000	0	0	1	0	0	0	17285714.29	441431	0	0	0	300	0	0	21	-16627145.29	system	03:02.6	system	NULL	4
ICOOL Tr?n Bình Tr?ng	2F211F85-3075-EB11-80FE-509A4C8C9FAC	22/02/2021	13	0	0	0	0	0	0	0	0	0	0	0	9107142.86	0	0	0	0	170	0	0	17	-9107142.86	system	08:02.7	system	NULL	4
ICOOL V?ng Tàu	B22CCEBA-3075-EB11-80FE-509A4C8C9FAC	22/02/2021	25	5672500	5502900	100000	0	69600	0	0	13	18	7	0	6446428.57	933890.21	0	2	21	150	0.44	0	16	-1877418.78	system	09:32.8	system	NULL	4
ICOOL Phú Qu?c	3A13744F-3075-EB11-80FE-509A4C8C9FAC	22/02/2021	26	5198100	3826750	1371350	0	0	0	0	15	9	3	0	7678571.43	1017841.38	0	3	1	3	0.12	0	25	-4869662.81	system	06:32.7	system	NULL	4
ICOOL Tô Ký	84645A73-3075-EB11-80FE-509A4C8C9FAC	22/02/2021	5	129000	103200	0	0	25800	0	0	0	1	0	0	5616071.43	1852519	2478000	0	0	20	0	0	26	-4887390.43	system	07:32.9	system	NULL	4
ICOOL Nguy?n Trãi	39F84B23-F975-EB11-80FE-509A4C8C9FAC	23/02/2021	11	0	0	0	0	0	0	0	0	0	0	0	7293095.54	0	0	0	0	130	0	0	16	-7293095.54	system	04:07.4	system	NULL	4
ICOOL M?c ??nh Chi	27E082FF-F875-EB11-80FE-509A4C8C9FAC	23/02/2021	12	279000	203200	50000	0	25800	0	0	0	0	0	0	17285714.29	181755	0	0	0	300	0	0	21	-17264269.29	system	03:07.4	system	NULL	4
ICOOL Cách M?ng Tháng 8	B6DE15A6-F875-EB11-80FE-509A4C8C9FAC	23/02/2021	14	6344000	1292000	5052000	0	0	0	0	0	1	0	0	22625000	1014705	0	0	0	50	0	0	28	-22347705	system	00:37.4	system	NULL	4
ICOOL V?ng Tàu	48381AE8-F975-EB11-80FE-509A4C8C9FAC	23/02/2021	25	9663500	8978880	188770	0	495850	0	440300	29	23	11	0	6446428.57	1900893.81	0	3	13	150	0.69	0	16	1071857.62	system	09:37.6	system	NULL	4
ICOOL Phú Qu?c	C8DABE7C-F975-EB11-80FE-509A4C8C9FAC	23/02/2021	26	9734500	6974800	2759700	0	0	0	0	12	16	4	0	7678571.43	1790601.91	0	2	0.75	3	0.16	0	25	-2494373.34	system	06:37.5	system	NULL	4
ICOOL Tô Ký	4CC885A0-F975-EB11-80FE-509A4C8C9FAC	23/02/2021	5	0	0	0	0	0	0	0	0	0	0	0	5616071.43	0	0	0	0	30	0	0	26	-5616071.43	system	07:37.5	system	NULL	4
ICOOL D??ng Bá Tr?c	DF23C0DB-F875-EB11-80FE-509A4C8C9FAC	23/02/2021	7	1836000	882000	954000	0	0	0	0	0	0	0	0	17379715.82	563879	0	0	0	320	0	0	26	-17061594.82	system	02:07.4	system	NULL	4
ICOOL Nguy?n Trãi	356AFC4D-C276-EB11-80FE-509A4C8C9FAC	24/02/2021	11	2414000	470000	1944000	0	0	0	0	2	0	0	0	7293095.54	463792	0	0	0	120	0	0	16	-7286887.54	system	04:07.9	system	NULL	4
ICOOL M?c ??nh Chi	E82B372A-C276-EB11-80FE-509A4C8C9FAC	24/02/2021	12	2295400	2031400	264000	0	0	0	0	2	2	0	0	17285714.29	728016.67	0	0	0	300	0	0	21	-15982330.96	system	03:07.9	system	NULL	4
ICOOL V?ng Tàu	5C15C912-C376-EB11-80FE-509A4C8C9FAC	24/02/2021	25	11507100	10624420	736000	0	146680	0	0	32	33	13	1	6446428.57	1965429.48	0	3	11	150	0.81	0	16	2212561.95	system	09:38.1	system	NULL	4
ICOOL Phú Qu?c	240E6AA7-C276-EB11-80FE-509A4C8C9FAC	24/02/2021	26	7352600	5726800	1129600	0	496200	0	0	8	8	2	0	7678571.43	841607.71	0	2	1.5	3	0.08	0	25	-2793379.14	system	06:37.9	system	NULL	4
ICOOL Tô Ký	B81F2FCB-C276-EB11-80FE-509A4C8C9FAC	24/02/2021	5	2262000	837000	1425000	0	0	0	0	1	1	0	0	5616071.43	833207	0	0	0	30	0	0	26	-5612278.43	system	07:37.9	system	NULL	4
ICOOL D??ng Bá Tr?c	7F567D06-C276-EB11-80FE-509A4C8C9FAC	24/02/2021	7	179000	100240	0	0	78760	0	0	0	0	0	0	17379715.82	180256	160476	0	0	320	0	0	26	-17299255.82	system	02:08.0	system	NULL	4
ICOOL Ung V?n Khiêm	7F08912B-8C77-EB11-80FE-509A4C8C9FAC	25/02/2021	1	0	0	0	0	0	0	0	0	0	0	0	26934107.14	956241.91	956241.91	0	0	20	0	0	36	-26934107.14	system	09:08.5	system	NULL	4
ICOOL Nguy?n Trãi	3467AD78-8B77-EB11-80FE-509A4C8C9FAC	25/02/2021	11	582000	114000	468000	0	0	0	0	1	0	0	0	7293095.54	110928	0	0	0	130	0	0	16	-7290023.54	system	04:08.4	system	NULL	4
ICOOL M?c ??nh Chi	BDE4E354-8B77-EB11-80FE-509A4C8C9FAC	25/02/2021	12	0	0	0	0	0	0	0	0	0	0	0	17285714.29	0	0	0	0	300	0	0	21	-17285714.29	system	03:08.3	system	NULL	4
ICOOL V?ng Tàu	4CD3733D-8C77-EB11-80FE-509A4C8C9FAC	25/02/2021	25	7772800	7537645	119475	0	115680	0	0	33	13	11	1	6446428.57	1206394.39	0	2	13	150	0.69	0	16	-115177.96	system	09:38.5	system	NULL	4
ICOOL Phú Qu?c	624B1ED2-8B77-EB11-80FE-509A4C8C9FAC	25/02/2021	26	6902200	4972350	1929850	0	0	0	0	12	13	6	0	7678571.43	1053688.58	0	1	0.5	3	0.24	0	25	-3759910.01	system	06:38.4	system	NULL	4
ICOOL Tô Ký	FE1CE4F5-8B77-EB11-80FE-509A4C8C9FAC	25/02/2021	5	200000	94000	106000	0	0	0	0	0	0	0	0	5616071.43	72122	0	0	0	30	0	0	26	-5594193.43	system	07:38.4	system	NULL	4
ICOOL Nguy?n Trãi	E86F65A3-5478-EB11-80FE-509A4C8C9FAC	26/02/2021	11	0	0	0	0	0	0	0	0	0	0	0	7293095.54	250314	250314	0	0	160	0	0	16	-7293095.54	system	04:08.9	system	NULL	4
ICOOL M?c ??nh Chi	DF1EA37F-5478-EB11-80FE-509A4C8C9FAC	26/02/2021	12	791600	791600	0	0	0	0	0	1	1	0	0	17285714.29	163493.33	0	0	0	300	0	0	21	-16657607.62	system	03:08.9	system	NULL	4
ICOOL V?ng Tàu	FA702D68-5578-EB11-80FE-509A4C8C9FAC	26/02/2021	25	19357000	19056880	300120	0	0	0	0	53	57	20	2	6446428.57	3533873.19	0	4	7	150	1.25	0	16	9076578.24	system	09:39.0	system	NULL	4
ICOOL Phú Qu?c	128FD6FC-5478-EB11-80FE-509A4C8C9FAC	26/02/2021	26	7189400	5016700	2172700	0	0	0	0	10	9	4	0	7678571.43	1152913.81	0	2	0.75	3	0.16	0	25	-3814785.24	system	06:38.9	system	NULL	4
ICOOL Tô Ký	4CD09D20-5578-EB11-80FE-509A4C8C9FAC	26/02/2021	5	1501000	644000	857000	0	0	0	0	0	0	0	0	5616071.43	638556	0	0	0	30	0	0	26	-5610627.43	system	07:39.0	system	NULL	4
ICOOL Bình Phú	41DC5514-5478-EB11-80FE-509A4C8C9FAC	26/02/2021	6	79000	31600	0	0	47400	0	0	1	0	0	0	23789746.07	36849	0	0	0	290	0	0	24	-23794995.07	system	00:08.9	system	NULL	4
ICOOL M?c ??nh Chi	36595BAA-1D79-EB11-80FE-509A4C8C9FAC	27/02/2021	12	0	0	0	0	0	0	0	0	0	0	0	17285714.29	0	0	0	0	300	0	0	21	-17285714.29	system	03:09.4	system	NULL	4
ICOOL V?ng Tàu	4AFEEF92-1E79-EB11-80FE-509A4C8C9FAC	27/02/2021	25	35343400	35032150	311250	0	0	0	0	104	102	35	0	6446428.57	6765335.68	0	10	4.29	150	2.19	0	16	21820385.75	system	09:39.6	system	NULL	4
ICOOL Phú Qu?c	EE5F8927-1E79-EB11-80FE-509A4C8C9FAC	27/02/2021	26	4290000	3166400	1123600	0	0	0	0	13	9	3	0	7678571.43	896580.96	0	4	1	3	0.12	0	25	-5408752.38	system	06:39.4	system	NULL	4
ICOOL Xô Vi?t Ngh? T?nh	1ED4E3A4-1E79-EB11-80FE-509A4C8C9FAC	27/02/2021	4	403357	261157	118500	0	23700	0	0	0	0	0	0	8610650.78	233274	166376	0	0	100	0	0	29	-8416391.78	system	10:09.7	system	NULL	4
ICOOL Tô Ký	E276504B-1E79-EB11-80FE-509A4C8C9FAC	27/02/2021	5	1077000	457000	620000	0	0	0	0	0	0	0	0	5616071.43	473429	0	0	0	30	0	0	26	-5632500.43	system	07:39.4	system	NULL	4
ICOOL Ung V?n Khiêm	4842B3AB-E779-EB11-80FE-509A4C8C9FAC	28/02/2021	1	560000	323000	0	0	237000	0	0	2	0	0	0	26934107.14	1328599.48	1262343.48	0	0	20	0	0	36	-26677363.14	system	09:10.0	system	NULL	4
ICOOL Nguy?n Trãi	5A53CDF8-E679-EB11-80FE-509A4C8C9FAC	28/02/2021	11	150000	100000	50000	0	0	0	0	1	0	0	0	7293095.54	108183	0	0	0	160	0	0	16	-7301278.54	system	04:09.9	system	NULL	4
ICOOL M?c ??nh Chi	D8EE0AD5-E679-EB11-80FE-509A4C8C9FAC	28/02/2021	12	158000	63200	0	0	94800	0	0	0	0	0	0	17285714.29	76916	0	0	0	300	0	0	21	-17299430.29	system	03:09.9	system	NULL	4
ICOOL Tr?n Bình Tr?ng	27F1E887-E779-EB11-80FE-509A4C8C9FAC	28/02/2021	13	448000	448000	0	0	0	0	0	0	0	0	0	9107142.86	180000	0	0	0	170	0	0	17	-8839142.86	system	08:09.9	system	NULL	4
ICOOL V?ng Tàu	5B549CBD-E779-EB11-80FE-509A4C8C9FAC	28/02/2021	25	15370200	15242765	57605	0	69830	0	0	38	52	16	0	6446428.57	3249561.38	0	12	11.25	180	1	0	16	5546775.05	system	09:40.0	system	NULL	4
ICOOL Phú Qu?c	FBFC3D52-E779-EB11-80FE-509A4C8C9FAC	28/02/2021	26	688600	688600	0	0	0	0	0	2	2	1	0	7678571.43	131150	5602541	0	3	3	0.04	0	25	-1518580.43	system	06:39.9	system	NULL	4
ICOOL Tô Ký	36890176-E779-EB11-80FE-509A4C8C9FAC	28/02/2021	5	0	0	0	0	0	0	0	0	0	0	0	5616071.43	0	0	0	0	30	0	0	26	-5616071.43	system	07:39.9	system	NULL	4
ICOOL Nguy?n Trãi	7A8B8323-B07A-EB11-80FE-509A4C8C9FAC	01/03/2021	11	129000	64500	0	0	64500	0	0	1	0	0	0	3496782.94	1080166	1001860	0	0	20	0	0	16	-3510588.94	system	04:10.4	system	NULL	4
ICOOL V?ng Tàu	DFDC42E8-B07A-EB11-80FE-509A4C8C9FAC	01/03/2021	25	6506200	5730400	87000	0	688800	0	0	19	18	6	0	6209677.42	1489092.62	0	2	23	140	0.38	0	16	-1968370.04	system	09:40.4	system	NULL	4
ICOOL Phú Qu?c	1C82F07C-B07A-EB11-80FE-509A4C8C9FAC	01/03/2021	26	9748800	7563400	2185400	0	0	446000	0	24	16	4	2	13354838.71	2131961.1	0	1	2.25	9	0.16	0	25	-7477399.81	system	06:40.4	system	NULL	4
ICOOL Tô Ký	D5FBB8A0-B07A-EB11-80FE-509A4C8C9FAC	01/03/2021	5	208000	83200	104000	0	20800	0	0	0	0	0	0	10919354.84	114538	0	0	0	30	0	0	26	-10950692.84	system	07:40.4	system	NULL	4
ICOOL Nguy?n Trãi	93292451-797B-EB11-80FE-509A4C8C9FAC	02/03/2021	11	0	0	0	0	0	0	0	0	0	0	0	3496782.94	611171	611171	0	0	20	0	0	16	-3496782.94	system	04:15.7	system	NULL	4
ICOOL Cách M?ng Tháng 8	C137F5D3-787B-EB11-80FE-509A4C8C9FAC	02/03/2021	14	0	0	0	0	0	0	0	0	0	0	0	20435483.87	633675	633675	0	0	50	0	0	28	-20435483.87	system	00:45.7	system	NULL	4
ICOOL V?ng Tàu	7299E715-7A7B-EB11-80FE-509A4C8C9FAC	02/03/2021	25	7968900	7501310	263140	0	204450	0	0	25	23	8	1	6209677.42	1643070.52	0	1	17	140	0.5	0	16	-351437.94	system	09:45.9	system	NULL	4
ICOOL Phú Qu?c	7B1394AA-797B-EB11-80FE-509A4C8C9FAC	02/03/2021	26	8505800	7166900	1338900	0	0	0	0	15	10	3	0	13354838.71	1510642.2	0	2	3	9	0.12	0	25	-7698580.91	system	06:45.8	system	NULL	4
ICOOL Tô Ký	23EA59CE-797B-EB11-80FE-509A4C8C9FAC	02/03/2021	5	0	0	0	0	0	0	0	0	0	0	0	10919354.84	0	0	0	0	30	0	0	26	-10919354.84	system	07:45.8	system	NULL	4
ICOOL M?c ??nh Chi	5BBC1B58-427C-EB11-80FE-509A4C8C9FAC	03/03/2021	12	0	0	0	0	0	0	0	0	0	0	0	15516129.03	0	0	0	0	300	0	0	21	-15516129.03	system	03:16.3	system	NULL	4
ICOOL Cách M?ng Tháng 8	E9AAACFE-417C-EB11-80FE-509A4C8C9FAC	03/03/2021	14	8890000	2035000	6855000	0	0	0	0	0	0	0	0	20435483.87	2670095	844900	0	0	50	0	0	28	-20225678.87	system	00:46.2	system	NULL	4
ICOOL V?ng Tàu	CC34A740-437C-EB11-80FE-509A4C8C9FAC	03/03/2021	25	7629300	7629300	0	0	0	0	0	18	28	9	0	6209677.42	1484437.38	0	3	15	140	0.56	0	16	-64814.8	system	09:46.4	system	NULL	4
ICOOL Phú Qu?c	8CFF4DD5-427C-EB11-80FE-509A4C8C9FAC	03/03/2021	26	5637200	4497350	1139850	0	0	0	0	22	10	5	0	13354838.71	1437070.29	0	2	1.8	9	0.2	0	25	-10294559	system	06:46.3	system	NULL	4
ICOOL Tô Ký	BE6710F9-427C-EB11-80FE-509A4C8C9FAC	03/03/2021	5	0	0	0	0	0	0	0	0	0	0	0	10919354.84	0	0	0	0	30	0	0	26	-10919354.84	system	07:46.3	system	NULL	4
ICOOL V?ng Tàu	CF9C5A6B-0C7D-EB11-80FE-509A4C8C9FAC	04/03/2021	25	7280400	7135400	145000	0	0	0	0	21	17	8	2	6209677.42	1586797.24	0	2	17	140	0.5	0	16	-661074.66	system	09:46.9	system	NULL	4
ICOOL Phú Qu?c	46B00300-0C7D-EB11-80FE-509A4C8C9FAC	04/03/2021	26	8014000	6885450	1128550	0	0	0	0	25	11	5	1	13354838.71	2627526.62	0	3	1.8	9	0.2	0	25	-9096915.33	system	06:46.8	system	NULL	4
ICOOL Tô Ký	959FC823-0C7D-EB11-80FE-509A4C8C9FAC	04/03/2021	5	0	0	0	0	0	0	0	0	0	0	0	10919354.84	0	0	0	0	30	0	0	26	-10919354.84	system	07:46.8	system	NULL	4
ICOOL V?ng Tàu	BE1C1496-D57D-EB11-80FE-509A4C8C9FAC	05/03/2021	25	8226100	7961875	264225	0	0	0	0	26	23	10	0	6209677.42	1596240.62	0	3	14	140	0.63	0	16	155956.96	system	09:47.4	system	NULL	4
ICOOL Phú Qu?c	456AB22A-D57D-EB11-80FE-509A4C8C9FAC	05/03/2021	26	997000	703000	294000	0	0	0	0	3	3	1	0	13354838.71	174764.57	0	2	7	7	0.04	0	25	-12826603.28	system	06:47.3	system	NULL	4
ICOOL Tô Ký	A7CB7B4E-D57D-EB11-80FE-509A4C8C9FAC	05/03/2021	5	0	0	0	0	0	0	0	0	0	0	0	10919354.84	0	0	0	0	30	0	0	26	-10919354.84	system	07:47.3	system	NULL	4
ICOOL M?c ??nh Chi	50944ADF-9D7E-EB11-80FE-509A4C8C9FAC	06/03/2021	12	4349000	4349000	0	0	0	0	0	9	9	0	0	15516129.03	858019.33	0	0	0	300	0	0	21	-12025148.36	system	03:29.6	system	NULL	4
ICOOL V?ng Tàu	A2F1EEC0-9E7E-EB11-80FE-509A4C8C9FAC	06/03/2021	25	27175500	25466270	1709230	0	0	0	1156000	57	62	16	5	6209677.42	6221462.43	0	8	10	170	1	0	16	14191130.15	system	09:48.2	system	NULL	4
ICOOL Phú Qu?c	FA026C55-9E7E-EB11-80FE-509A4C8C9FAC	06/03/2021	26	6108400	5004000	866400	0	238000	0	0	15	9	4	0	13354838.71	1301993.05	0	0	2	8	0.16	0	25	-9652831.76	system	06:47.8	system	NULL	4
ICOOL Xô Vi?t Ngh? T?nh	BDF3A4D2-9E7E-EB11-80FE-509A4C8C9FAC	06/03/2021	4	208000	83200	0	0	124800	0	0	0	0	0	0	14232787.1	97729	0	0	0	10	0	0	29	-14247316.1	system	10:17.9	system	NULL	4
ICOOL Tô Ký	533C3D79-9E7E-EB11-80FE-509A4C8C9FAC	06/03/2021	5	1119000	466200	622000	0	30800	0	0	0	0	0	0	10919354.84	519015	0	0	0	30	0	0	26	-10972169.84	system	07:47.9	system	NULL	4
ICOOL Nguy?n Trãi	A897B326-677F-EB11-80FE-509A4C8C9FAC	07/03/2021	11	158000	63200	0	0	94800	0	0	1	0	0	0	3496782.94	102480	0	0	0	30	0	0	16	-3536062.94	system	04:18.3	system	NULL	4
ICOOL V?ng Tàu	1BEB7EEB-677F-EB11-80FE-509A4C8C9FAC	07/03/2021	25	9685300	9405250	280050	0	0	0	0	30	39	15	2	6209677.42	1680145.76	0	3	11	170	0.94	0	16	1515426.82	system	09:48.4	system	NULL	4
ICOOL Phú Qu?c	880F2580-677F-EB11-80FE-509A4C8C9FAC	07/03/2021	26	5662400	4914500	413450	0	334450	0	0	9	13	4	0	13354838.71	1078745.05	0	1	1.5	6	0.16	0	25	-9519083.76	system	06:48.3	system	NULL	4
ICOOL V?ng Tàu	827E3216-3180-EB11-80FE-509A4C8C9FAC	08/03/2021	25	7644100	7499100	145000	0	0	170540	0	24	17	9	1	6209677.42	2225312.55	925143.45	4	18	170	0.56	0	16	159793.48	system	09:48.9	system	NULL	4
ICOOL Phú Qu?c	36DADEAA-3080-EB11-80FE-509A4C8C9FAC	08/03/2021	26	7028000	4212750	2815250	0	0	0	0	13	9	4	0	13354838.71	1278966.43	0	0	2.25	9	0.16	0	25	-10421055.14	system	06:48.8	system	NULL	4
ICOOL Tô Ký	849DAACE-3080-EB11-80FE-509A4C8C9FAC	08/03/2021	5	337000	134800	168500	0	33700	0	0	0	0	0	0	10919354.84	142765	0	0	0	20	0	0	26	-10927319.84	system	07:48.9	system	NULL	4
ICOOL Ung V?n Khiêm	7CA01332-FA80-EB11-80FE-509A4C8C9FAC	09/03/2021	1	158000	63200	0	0	94800	0	0	1	0	0	0	22280225.81	3476173.14	3095037	0	0	100	0	0	36	-22598161.95	system	09:24.5	system	NULL	4
ICOOL M?c ??nh Chi	73DDB85B-F980-EB11-80FE-509A4C8C9FAC	09/03/2021	12	708700	708700	0	0	0	0	0	0	0	0	0	15516129.03	219620	0	0	0	300	0	0	21	-15027049.03	system	03:24.9	system	NULL	4
ICOOL V?ng Tàu	AFF2F643-FA80-EB11-80FE-509A4C8C9FAC	09/03/2021	25	5492100	4995100	0	0	497000	0	0	15	18	7	0	6209677.42	1303018.81	0	2	20	140	0.44	0	16	-2517596.23	system	09:54.5	system	NULL	4
ICOOL Phú Qu?c	A14495D8-F980-EB11-80FE-509A4C8C9FAC	09/03/2021	26	4388000	3548400	484000	0	355600	0	0	14	2	2	0	13354838.71	628347.43	0	0	4.5	9	0.08	0	25	-10434786.14	system	06:54.4	system	NULL	4
ICOOL Tô Ký	42F25FFC-F980-EB11-80FE-509A4C8C9FAC	09/03/2021	5	129000	51600	64500	0	12900	0	0	1	0	0	0	10919354.84	59205	0	0	0	50	0	0	26	-10926959.84	system	07:54.4	system	NULL	4
ICOOL V?ng Tàu	0B899C6E-C381-EB11-80FE-509A4C8C9FAC	10/03/2021	25	11512600	10537830	464500	0	510270	0	0	32	22	10	1	6209677.42	3016391.19	0	5	14	140	0.63	0	16	1311761.39	system	09:54.9	system	NULL	4
ICOOL Phú Qu?c	AAD94603-C381-EB11-80FE-509A4C8C9FAC	10/03/2021	26	2950700	2223350	727350	0	0	0	0	4	4	2	0	13354838.71	568555.34	0	0	3.5	7	0.08	0	25	-11700044.05	system	06:54.8	system	NULL	4
ICOOL Xô Vi?t Ngh? T?nh	01DE7A80-C381-EB11-80FE-509A4C8C9FAC	10/03/2021	4	595000	238000	0	0	357000	0	0	0	0	0	0	14232787.1	3866729	3663577	0	0	10	0	0	29	-14197939.1	system	10:24.9	system	NULL	4
ICOOL Tô Ký	B40D0927-C381-EB11-80FE-509A4C8C9FAC	10/03/2021	5	0	0	0	0	0	0	0	0	0	0	0	10919354.84	0	0	0	0	30	0	0	26	-10919354.84	system	07:54.8	system	NULL	4
ICOOL M?c ??nh Chi	100928B1-8B82-EB11-80FE-509A4C8C9FAC	11/03/2021	12	79000	63200	0	0	15800	0	0	0	0	0	0	15516129.03	42245	0	0	0	300	0	0	21	-15495174.03	system	03:25.9	system	NULL	4
ICOOL V?ng Tàu	42506599-8C82-EB11-80FE-509A4C8C9FAC	11/03/2021	25	11247700	11047700	200000	0	0	0	0	23	26	11	2	6209677.42	2249278.43	0	4	12	140	0.69	0	16	2588744.15	system	09:55.5	system	NULL	4
ICOOL Phú Qu?c	298FFE2D-8C82-EB11-80FE-509A4C8C9FAC	11/03/2021	26	6543200	5022800	1139800	0	380600	0	0	13	14	5	0	13354838.71	1181409.15	0	0	1.6	8	0.2	0	25	-9513447.86	system	06:55.4	system	NULL	4
ICOOL V?ng Tàu	A7710CC4-5583-EB11-80FE-509A4C8C9FAC	12/03/2021	25	12006100	12006100	0	0	0	0	0	22	25	12	0	6209677.42	2419773.19	0	6	15	180	0.75	0	16	3376649.39	system	09:56.0	system	NULL	4
ICOOL Phú Qu?c	E539AF58-5583-EB11-80FE-509A4C8C9FAC	12/03/2021	26	4266000	2924500	1341500	0	0	0	0	12	5	3	0	13354838.71	1062120.91	0	1	2	6	0.12	0	25	-11492459.62	system	06:55.8	system	NULL	4
ICOOL Tô Ký	68C77A7C-5583-EB11-80FE-509A4C8C9FAC	12/03/2021	5	0	0	0	0	0	0	0	0	0	0	0	10919354.84	0	0	0	0	30	0	0	26	-10919354.84	system	07:55.9	system	NULL	4
ICOOL Ung V?n Khiêm	77E8E4DC-1E84-EB11-80FE-509A4C8C9FAC	13/03/2021	1	79000	31600	0	0	47400	0	0	1	0	0	0	22280225.81	5076072.05	5076072.05	0	0	100	0	0	36	-22248625.81	system	09:26.5	system	NULL	4
ICOOL Thành Thái	846B6D95-1E84-EB11-80FE-509A4C8C9FAC	13/03/2021	10	158000	63200	0	0	94800	0	0	1	0	0	0	16161290.32	75969	0	1	0	1	0	0	28	-16174059.32	system	07:26.6	system	NULL	4
ICOOL M?c ??nh Chi	C055310D-1E84-EB11-80FE-509A4C8C9FAC	13/03/2021	12	957600	733600	224000	0	0	0	0	1	1	0	0	15516129.03	173888	0	0	0	300	0	0	21	-14956417.03	system	03:38.0	system	NULL	4
ICOOL V?ng Tàu	08F0E6EE-1E84-EB11-80FE-509A4C8C9FAC	13/03/2021	25	52502000	49996360	2248760	0	256880	260360	200000	121	116	45	7	6209677.42	9989818.78	0	9	4	180	2.81	0	16	34257223.8	system	09:56.7	system	NULL	4
ICOOL Phú Qu?c	BD696283-1E84-EB11-80FE-509A4C8C9FAC	13/03/2021	26	7544500	5262000	2282500	0	0	0	0	17	17	6	0	13354838.71	1276489.39	0	0	1.17	7	0.24	0	25	-9369328.1	system	06:56.3	system	NULL	4
ICOOL Tô Ký	003129A7-1E84-EB11-80FE-509A4C8C9FAC	13/03/2021	5	0	0	0	0	0	0	0	0	0	0	0	10919354.84	0	0	0	0	30	0	0	26	-10919354.84	system	07:56.3	system	NULL	4
ICOOL Thành Thái	00E2FCBF-E784-EB11-80FE-509A4C8C9FAC	14/03/2021	10	79000	31600	0	0	47400	0	0	1	0	0	0	16161290.32	32190	0	0	0	1	0	0	28	-16161880.32	system	07:26.8	system	NULL	4
ICOOL V?ng Tàu	75826C19-E884-EB11-80FE-509A4C8C9FAC	14/03/2021	25	9495500	9271450	224050	0	0	0	0	29	24	14	1	6209677.42	1469044.83	0	8	12	170	0.88	0	16	1592727.75	system	09:56.9	system	NULL	4
ICOOL Phú Qu?c	43A217AE-E784-EB11-80FE-509A4C8C9FAC	14/03/2021	26	1961400	1358750	602650	0	0	0	0	7	4	3	0	13354838.71	342264.91	0	0	2.33	7	0.12	0	25	-12338353.62	system	06:56.8	system	NULL	4
ICOOL M?c ??nh Chi	ED0FA65B-B085-EB11-80FE-509A4C8C9FAC	15/03/2021	12	287000	114800	0	0	172200	0	0	0	0	0	0	15516129.03	162088	0	0	0	300	0	0	21	-15563417.03	system	03:27.3	system	NULL	4
ICOOL V?ng Tàu	54952D44-B185-EB11-80FE-509A4C8C9FAC	15/03/2021	25	10352900	9564560	78000	0	710340	344970	0	25	35	12	0	6209677.42	2671481.38	0	7	11	140	0.71	0	17	1028371.2	system	09:57.4	system	NULL	4
ICOOL Phú Qu?c	462EC8D8-B085-EB11-80FE-509A4C8C9FAC	15/03/2021	26	8616000	6809900	1806100	0	0	0	0	13	14	5	0	13354838.71	2304924.14	0	0	1.4	7	0.2	0	25	-8849862.85	system	06:57.3	system	NULL	4
ICOOL M?c ??nh Chi	AEF06395-7986-EB11-80FF-509A4C8C9FAC	16/03/2021	12	79000	63200	15800	0	0	0	0	0	0	0	0	15516129.03	38458	0	0	0	300	0	0	21	-15491387.03	system	03:53.0	system	NULL	4
ICOOL V?ng Tàu	F000E07D-7A86-EB11-80FF-509A4C8C9FAC	16/03/2021	25	4950900	4950900	0	0	0	0	0	13	14	5	0	6209677.42	842240.83	0	3	26	130	0.29	0	17	-2101018.25	system	10:23.1	system	NULL	4
ICOOL Phú Qu?c	AFB68712-7A86-EB11-80FF-509A4C8C9FAC	16/03/2021	26	790000	790000	0	0	0	0	0	4	3	1	0	13354838.71	154515.25	0	1	9	9	0.04	0	25	-12719353.96	system	07:23.0	system	NULL	4
ICOOL V?ng Tàu	CA3872A8-4387-EB11-80FF-509A4C8C9FAC	17/03/2021	25	11763200	10959910	290000	0	513290	0	0	24	22	8	0	6209677.42	2583177.73	0	4	16	130	0.47	0	17	2167054.85	system	10:23.4	system	NULL	4
ICOOL Phú Qu?c	A0FB1D3D-4387-EB11-80FF-509A4C8C9FAC	17/03/2021	26	12096600	9534300	2562300	0	0	0	0	14	17	6	0	13354838.71	2898697.78	0	0	1.5	9	0.24	0	25	-6719236.49	system	07:23.3	system	NULL	4
ICOOL Tô Ký	2188EF60-4387-EB11-80FF-509A4C8C9FAC	17/03/2021	5	0	0	0	0	0	0	0	0	0	0	0	10919354.84	0	0	0	0	30	0	0	26	-10919354.84	system	08:23.4	system	NULL	4
ICOOL Thành Thái	4CCFEA79-0C88-EB11-80FF-509A4C8C9FAC	18/03/2021	10	0	0	0	0	0	0	0	0	0	0	0	16161290.32	0	0	0	0	1	0	0	28	-16161290.32	system	07:54.1	system	NULL	4
ICOOL Nguy?n Tri Ph??ng	48197627-0C88-EB11-80FF-509A4C8C9FAC	18/03/2021	19	0	0	0	0	0	0	0	0	0	0	0	8038064.52	0	0	0	0	24	0	0	16	-8038064.52	system	05:35.8	system	NULL	4
ICOOL V?ng Tàu	64644CD3-0C88-EB11-80FF-509A4C8C9FAC	18/03/2021	25	19171400	18718030	17930	0	435440	128736	180000	45	44	15	2	6209677.42	4595625.62	0	7	8	120	0.88	0	17	8221462.96	system	10:24.1	system	NULL	4
ICOOL Phú Qu?c	7DFBDD67-0C88-EB11-80FF-509A4C8C9FAC	18/03/2021	26	4350500	3319250	1031250	0	0	0	0	8	8	3	0	13354838.71	1040115	0	0	3	9	0.12	0	25	-11075703.71	system	07:23.8	system	NULL	4
ICOOL Tô Ký	0F4FB18B-0C88-EB11-80FF-509A4C8C9FAC	18/03/2021	5	7680500	7358900	189000	0	132600	0	0	0	0	0	0	10919354.84	2193629.67	0	0	0	30	0	0	26	-5754084.51	system	08:24.0	system	NULL	4
ICOOL Ung V?n Khiêm	D9D329EC-D588-EB11-80FF-509A4C8C9FAC	19/03/2021	1	71870200	71587550	149000	0	133650	205500	0	241	34	46	1	22280225.81	13377329.28	0	3	2	100	1.28	0	36	36135494.91	system	09:54.6	system	NULL	4
ICOOL Thành Thái	88559AA4-D588-EB11-80FF-509A4C8C9FAC	19/03/2021	10	34015300	33523960	4000	0	487340	262900	1786900	131	131	27	5	19791149.19	6756808.05	0	10	0	1	0.96	0	28	9025802.76	system	07:54.6	system	NULL	4
ICOOL Nguy?n Trãi	FD5A3439-D588-EB11-80FF-509A4C8C9FAC	19/03/2021	11	3634100	3634100	0	0	0	0	0	11	10	5	3	3496782.94	440596.91	0	2	8	40	0.31	0	16	-303279.85	system	04:54.4	system	NULL	4
ICOOL M?c ??nh Chi	1E377515-D588-EB11-80FF-509A4C8C9FAC	19/03/2021	12	30428100	29933790	397150	0	97160	294250	0	53	53	19	1	15516129.03	5045469.34	0	0	15	300	0.9	0	21	9666441.63	system	03:54.4	system	NULL	4
ICOOL Tr?n Bình Tr?ng	6B175AC8-D588-EB11-80FF-509A4C8C9FAC	19/03/2021	13	30700200	30157560	290000	0	252640	0	368000	69	80	27	2	8548387.1	8217102.05	0	2	7	210	1.59	0	17	13760070.85	system	08:54.6	system	NULL	4
ICOOL Cách M?ng Tháng 8	49E90FBC-D488-EB11-80FF-509A4C8C9FAC	19/03/2021	14	51260600	50844930	0	0	415670	0	0	111	97	36	1	20435483.87	6911349.62	0	0	2	100	1.29	0	28	23498096.51	system	01:24.4	system	NULL	4
ICOOL C?u Ch? Y	D36AE6CD-D488-EB11-80FF-509A4C8C9FAC	19/03/2021	16	7856700	7755220	0	101480	0	0	0	20	14	6	1	5451612.9	1483361.67	0	0	8	50	0.43	0	14	820245.43	system	01:54.4	system	NULL	4
ICOOL Nh? Thiên ???ng	E9B3FE5C-D588-EB11-80FF-509A4C8C9FAC	19/03/2021	17	4311600	4205190	0	0	106410	0	0	11	11	4	0	0.16	884512.33	0	2	0	1	0.25	0	16	3320677.51	system	05:54.5	system	NULL	4
ICOOL Tr?n Não	278E3FDA-D588-EB11-80FF-509A4C8C9FAC	19/03/2021	18	35767500	35254420	203000	0	310080	322260	0	105	71	24	2	16096774.19	7153038.68	500000	7	1	30	1.2	0	20	12826867.13	system	09:24.6	system	NULL	4
ICOOL Nguy?n Tri Ph??ng	1B1C214B-D588-EB11-80FF-509A4C8C9FAC	19/03/2021	19	15169200	14988140	181060	0	0	0	0	52	60	20	1	8038064.52	1912132.62	0	0	3	70	1.25	0	16	5037942.86	system	05:24.5	system	NULL	4
ICOOL Phan Chu Trinh	88BCE06E-D588-EB11-80FF-509A4C8C9FAC	19/03/2021	23	9405300	9405300	0	0	0	0	0	28	14	11	0	7302258.06	1294487.67	0	3	6	70	0.79	0	14	808554.27	system	06:24.5	system	NULL	4
ICOOL Phan Xích Long	125DD080-D588-EB11-80FF-509A4C8C9FAC	19/03/2021	24	55175900	53908080	0	209560	1058260	0	0	96	127	40	4	14032258.06	8802326.87	0	2	1	60	1.6	0	25	31073495.07	system	06:54.5	system	NULL	4
ICOOL V?ng Tàu	C78305FE-D588-EB11-80FF-509A4C8C9FAC	19/03/2021	25	17998600	17642400	245000	0	111200	0	0	47	46	18	4	6209677.42	3014833.57	0	5	7	140	1.06	0	17	8417889.01	system	10:24.6	system	NULL	4
ICOOL Phú Qu?c	1E1AAC92-D588-EB11-80FF-509A4C8C9FAC	19/03/2021	26	12924500	10056500	2868000	0	0	0	0	23	23	6	0	13354838.71	3183194.84	0	0	1.5	9	0.24	0	25	-6481533.55	system	07:24.5	system	NULL	4
ICOOL Xô Vi?t Ngh? T?nh	07001910-D688-EB11-80FF-509A4C8C9FAC	19/03/2021	4	44940500	44760500	180000	0	0	0	0	129	91	37	5	9176999.77	13855805.4	5140436.68	6	2	80	1.28	0	29	26868131.51	system	10:54.9	system	NULL	4
ICOOL Tô Ký	9F6E79B6-D588-EB11-80FF-509A4C8C9FAC	19/03/2021	5	14086500	13961920	42000	0	82580	0	0	31	31	16	1	10919354.84	2286040.48	0	0	1	30	0.62	0	26	756524.68	system	08:24.6	system	NULL	4
ICOOL Bình Phú	27EF28AA-D488-EB11-80FF-509A4C8C9FAC	19/03/2021	6	34550600	33214972	1169940	165688	0	0	250000	94	73	25	2	21645161.29	6719384.63	0	3	11	280	1.04	0	24	5100426.08	system	00:54.4	system	NULL	4
ICOOL D??ng Bá Tr?c	143CB4F1-D488-EB11-80FF-509A4C8C9FAC	19/03/2021	7	44523800	44271300	0	0	252500	0	0	100	72	29	0	15613936.87	8979841.1	0	2	3	100	1.12	0	26	19677522.03	system	02:54.4	system	NULL	4
ICOOL Nguy?n S?n	B7D85427-D588-EB11-80FF-509A4C8C9FAC	19/03/2021	9	27717500	27484980	0	0	232520	0	0	80	59	20	2	9582580.65	6445278.35	0	0	5	100	1.43	0	14	11457121	system	04:24.4	system	NULL	4
ICOOL Ung V?n Khiêm	EF4DED16-9F89-EB11-80FF-509A4C8C9FAC	20/03/2021	1	156319000	154638800	1353900	70700	255600	102800	0	433	254	93	6	22280225.81	31146961.8	0	19	1	100	2.58	0	36	101314412.4	system	09:55.2	system	NULL	4
ICOOL Thành Thái	F7215DCF-9E89-EB11-80FF-509A4C8C9FAC	20/03/2021	10	102579301	100692882.9	1275878	0	610540.1	764880	0	319	281	74	10	19791149.19	19019166.11	0	19	0	1	2.64	0	28	62647447.6	system	07:55.2	system	NULL	4
ICOOL Nguy?n Trãi	DAD0F363-9E89-EB11-80FF-509A4C8C9FAC	20/03/2021	11	26743400	25521220	994100	0	228080	0	0	39	69	29	0	3496782.94	4221077.39	0	4	2	80	1.81	0	16	17803359.67	system	04:55.0	system	NULL	4
ICOOL M?c ??nh Chi	13722F40-9E89-EB11-80FF-509A4C8C9FAC	20/03/2021	12	50398900	49881320	50550	0	467030	0	0	118	104	38	1	15516129.03	6991699.51	0	12	7	300	1.81	0	21	27373491.46	system	03:55.0	system	NULL	4
ICOOL Tr?n Bình Tr?ng	BE8C22F3-9E89-EB11-80FF-509A4C8C9FAC	20/03/2021	13	39651100	38089000	704850	180550	676700	0	0	112	103	36	6	8548387.1	7059223.76	0	11	5	210	2.12	0	17	22481389.14	system	08:55.2	system	NULL	4
ICOOL Cách M?ng Tháng 8	4D75C9E6-9D89-EB11-80FF-509A4C8C9FAC	20/03/2021	14	76667500	75029020	400000	225080	1013400	0	80000	160	140	59	5	20435483.87	11513802.2	0	5	2	150	2.11	0	28	43159733.93	system	01:25.0	system	NULL	4
ICOOL C?u Ch? Y	3618A3F8-9D89-EB11-80FF-509A4C8C9FAC	20/03/2021	16	22852400	21853380	779000	0	220020	0	0	59	53	21	4	5451612.9	4353895	0	7	3	80	1.5	0	14	12047872.1	system	01:54.9	system	NULL	4
ICOOL Nh? Thiên ???ng	CFB7C587-9E89-EB11-80FF-509A4C8C9FAC	20/03/2021	17	36003500	35390200	194000	0	419300	0	0	61	44	26	5	0.16	6493058.96	0	1	6	160	1.63	0	16	28897140.88	system	05:55.1	system	NULL	4
ICOOL Tr?n Não	522D0E05-9F89-EB11-80FF-509A4C8C9FAC	20/03/2021	18	117760300	116972870	435500	0	351930	1321500	0	290	233	63	5	16096774.19	25782648.1	343000	18	2	150	3.15	0	20	76757947.7	system	09:25.3	system	NULL	4
ICOOL Nguy?n Tri Ph??ng	8831E175-9E89-EB11-80FF-509A4C8C9FAC	20/03/2021	19	34417300	33833765	583535	0	0	0	0	109	97	33	1	8038064.52	5887169.39	0	0	3	100	2.06	0	16	19908531.09	system	05:25.0	system	NULL	4
ICOOL ??ng ?en	9237930A-9E89-EB11-80FF-509A4C8C9FAC	20/03/2021	22	91139300	90374230	29800	0	735270	251890	0	257	176	60	3	10130000	16808667.77	0	8	1	110	2.4	0	25	63687452.23	system	02:25.0	system	NULL	4
ICOOL Phan Chu Trinh	C64AB099-9E89-EB11-80FF-509A4C8C9FAC	20/03/2021	23	42621500	42520975	0	100525	0	0	0	107	71	40	1	7302258.06	7389061.68	0	3	2	80	2.86	0	14	27829655.26	system	06:25.1	system	NULL	4
ICOOL Phan Xích Long	942088AB-9E89-EB11-80FF-509A4C8C9FAC	20/03/2021	24	92448100	91745400	580000	0	122700	0	0	168	227	52	3	14032258.06	16825831.79	0	3	2	130	2.08	0	25	60887310.15	system	06:55.1	system	NULL	4
ICOOL V?ng Tàu	2825C828-9F89-EB11-80FF-509A4C8C9FAC	20/03/2021	25	52660500	51728545	335775	54000	542180	0	0	161	120	43	1	6209677.42	11523417.48	0	16	3	140	2.53	0	17	33995450.1	system	10:25.2	system	NULL	4
ICOOL Phú Qu?c	A5B375BD-9E89-EB11-80FF-509A4C8C9FAC	20/03/2021	26	18632000	13574550	5057450	0	0	0	0	52	39	10	0	13354838.71	4108365.58	0	1	0.9	9	0.4	0	25	-3888654.29	system	07:25.1	system	NULL	4
ICOOL Xô Vi?t Ngh? T?nh	0142AD3A-9F89-EB11-80FF-509A4C8C9FAC	20/03/2021	4	86303800	85387715	580000	188145	147940	0	0	229	155	74	7	9176999.77	18901254.02	0	31	2	150	2.55	0	29	57309461.21	system	10:55.2	system	NULL	4
ICOOL Tô Ký	5B6763E1-9E89-EB11-80FF-509A4C8C9FAC	20/03/2021	5	56766800	54038960	920810	0	1807030	0	0	98	97	49	3	10919354.84	12476272.96	0	6	2	100	1.88	0	26	30643332.2	system	08:25.4	system	NULL	4
ICOOL Bình Phú	8320ECD4-9D89-EB11-80FF-509A4C8C9FAC	20/03/2021	6	74768000	73718220	632240	196780	220760	750070	0	240	209	62	8	21645161.29	15550395.07	0	17	4	280	2.58	0	24	37272733.64	system	00:55.0	system	NULL	4
ICOOL D??ng Bá Tr?c	8C91711C-9E89-EB11-80FF-509A4C8C9FAC	20/03/2021	7	111449200	108883220	1963410	0	602570	190110	0	240	251	71	3	15613936.87	21228755.26	0	13	1	100	2.73	0	26	72230637.87	system	02:55.0	system	NULL	4
ICOOL Nguy?n S?n	BE981F52-9E89-EB11-80FF-509A4C8C9FAC	20/03/2021	9	32117800	31381160	736640	0	0	0	0	107	74	30	1	9582580.65	6866679.1	0	0	5	150	2	0	15	14931900.25	system	04:25.1	system	NULL	4
ICOOL Ung V?n Khiêm	BC439341-688A-EB11-80FF-509A4C8C9FAC	21/03/2021	1	84063700	79982650	2717000	0	1364050	0	0	279	137	57	4	22280225.81	16272951.5	0	33	1	100	1.58	0	36	41429472.69	system	09:55.6	system	NULL	4
ICOOL Thành Thái	862605FA-678A-EB11-80FF-509A4C8C9FAC	21/03/2021	10	55176700	54643150	428350	105200	0	0	50000	171	122	53	9	19791149.19	7486748.67	64800	34	0	1	1.89	0	28	27480052.14	system	07:55.6	system	NULL	4
ICOOL Nguy?n Trãi	96ACA98E-678A-EB11-80FF-509A4C8C9FAC	21/03/2021	11	16229200	16229200	0	0	0	0	0	35	43	14	1	3496782.94	3499269.29	0	5	8	120	0.88	0	16	9233147.77	system	04:55.5	system	NULL	4
ICOOL M?c ??nh Chi	6C8AE76A-678A-EB11-80FF-509A4C8C9FAC	21/03/2021	12	55058501	54384136	467405	0	206960	0	0	148	109	40	5	15516129.03	9216212.34	0	3	7	300	1.9	0	21	29651794.63	system	03:55.5	system	NULL	4
ICOOL Tr?n Bình Tr?ng	E120CA1D-688A-EB11-80FF-509A4C8C9FAC	21/03/2021	13	23773200	23158320	290000	0	324880	0	0	70	68	26	0	8548387.1	3457516.72	0	7	8	210	1.53	0	17	11152416.18	system	08:55.6	system	NULL	4
ICOOL Cách M?ng Tháng 8	E11C7211-678A-EB11-80FF-509A4C8C9FAC	21/03/2021	14	64488200	63121750	854630	0	511820	0	0	124	136	53	7	20435483.87	9258472.96	0	12	2	150	1.89	0	28	33427793.17	system	01:25.4	system	NULL	4
ICOOL C?u Ch? Y	56B35623-678A-EB11-80FF-509A4C8C9FAC	21/03/2021	16	17839700	17692700	0	0	147000	0	0	42	39	18	0	5451612.9	2972060.39	0	8	4	80	1.29	0	14	9269026.71	system	01:55.4	system	NULL	4
ICOOL Nh? Thiên ???ng	B97E75B2-678A-EB11-80FF-509A4C8C9FAC	21/03/2021	17	32484500	31210310	1015000	0	259190	0	0	53	46	26	3	0.16	7170116.63	0	5	6	160	1.63	0	16	24040193.21	system	05:55.5	system	NULL	4
ICOOL Tr?n Não	77BDB12F-688A-EB11-80FF-509A4C8C9FAC	21/03/2021	18	65593500	65132380	290000	0	171120	0	200000	175	142	52	3	16096774.19	10876977.29	0	15	3	200	2.6	0	20	38358628.52	system	09:25.6	system	NULL	4
ICOOL Nguy?n Tri Ph??ng	3C3B91A0-678A-EB11-80FF-509A4C8C9FAC	21/03/2021	19	18159200	18036690	0	0	122510	0	0	65	41	22	1	8038064.52	2927213.43	0	3	4	100	1.38	0	16	7071412.05	system	05:25.5	system	NULL	4
ICOOL ??ng ?en	CB163A35-678A-EB11-80FF-509A4C8C9FAC	21/03/2021	22	48025200	47529470	394000	0	101730	0	0	157	114	51	7	10130000	6645158.44	0	7	2	120	2.04	0	25	30754311.56	system	02:25.4	system	NULL	4
ICOOL Phan Chu Trinh	B83457C4-678A-EB11-80FF-509A4C8C9FAC	21/03/2021	23	32546800	32050540	349600	146660	0	0	80000	83	50	28	1	7302258.06	5963573.01	0	5	2	80	2	0	14	18864708.93	system	06:25.5	system	NULL	4
ICOOL Phan Xích Long	0CDE3CD6-678A-EB11-80FF-509A4C8C9FAC	21/03/2021	24	75465201	74293101	1172100	0	0	98000	0	152	245	58	3	14032258.06	13062755.92	0	13	2	130	2.32	0	25	47296087.02	system	06:55.5	system	NULL	4
ICOOL V?ng Tàu	7BFB7553-688A-EB11-80FF-509A4C8C9FAC	21/03/2021	25	12884500	12295820	278800	0	309880	0	0	30	46	13	1	6209677.42	2360258.43	0	10	10	140	0.76	0	17	3725884.15	system	10:25.6	system	NULL	4
ICOOL Phú Qu?c	701D1FE8-678A-EB11-80FF-509A4C8C9FAC	21/03/2021	26	5536000	3537300	1998700	0	0	0	0	11	13	4	0	13354838.71	807248.19	0	1	1.75	7	0.16	0	25	-10624786.9	system	07:25.6	system	NULL	4
ICOOL Xô Vi?t Ngh? T?nh	1C2E5B65-688A-EB11-80FF-509A4C8C9FAC	21/03/2021	4	50807500	50330925	199000	277575	0	0	0	120	93	44	1	9176999.77	4176789.33	0	24	3	150	1.52	0	29	36977135.9	system	10:55.7	system	NULL	4
ICOOL Tô Ký	773EEA0B-688A-EB11-80FF-509A4C8C9FAC	21/03/2021	5	61024200	59899415	672495	188140	264150	0	0	130	115	53	5	10919354.84	13839834.68	0	5	2	150	2.04	0	26	35140225.48	system	08:25.6	system	NULL	4
ICOOL Bình Phú	EED396FF-668A-EB11-80FF-509A4C8C9FAC	21/03/2021	6	70772500	69123175	685555	617360	346410	0	0	196	159	51	5	21645161.29	14464296.92	0	12	5	280	2.13	0	24	33013716.79	system	00:55.4	system	NULL	4
ICOOL D??ng Bá Tr?c	F9CD1D47-678A-EB11-80FF-509A4C8C9FAC	21/03/2021	7	94593200	91840939	1839266	90975	822020	0	0	207	185	65	9	15613936.87	17572689.13	0	21	1	100	2.5	0	26	58654313	system	02:55.4	system	NULL	4
ICOOL Nguy?n S?n	C3FCC67C-678A-EB11-80FF-509A4C8C9FAC	21/03/2021	9	37967400	37371700	539800	0	55900	0	230000	96	93	37	1	9582580.65	8873869.58	0	2	4	150	2.47	0	15	19145249.77	system	04:25.5	system	NULL	4
ICOOL Ung V?n Khiêm	F10BDE53-318B-EB11-80FF-509A4C8C9FAC	22/03/2021	1	70342400	68688140	969600	0	684660	347540	0	259	125	61	13	22280225.81	13226287.2	0	25	1	100	1.69	0	36	33529166.99	system	09:15.2	system	NULL	4
ICOOL Thành Thái	9B20450C-318B-EB11-80FF-509A4C8C9FAC	22/03/2021	10	51024100	50107275	823875	0	92950	376240	0	159	120	47	7	19791149.19	12316938.49	2404888	15	0	1	1.68	0	28	20780315.32	system	07:15.0	system	NULL	4
ICOOL Nguy?n Trãi	875CE4A0-308B-EB11-80FF-509A4C8C9FAC	22/03/2021	11	11409300	11252630	20710	0	135960	0	0	19	25	14	1	3496782.94	2052587.96	0	1	9	130	0.88	0	16	5703259.1	system	04:14.9	system	NULL	4
ICOOL M?c ??nh Chi	3F341F7D-308B-EB11-80FF-509A4C8C9FAC	22/03/2021	12	39307200	37563680	1203150	0	540370	579805	0	130	74	28	5	15516129.03	9166635.95	2826748	6	10	300	1.33	0	21	16287468.02	system	03:14.9	system	NULL	4
ICOOL Tr?n Bình Tr?ng	F01C0A30-318B-EB11-80FF-509A4C8C9FAC	22/03/2021	13	26303300	24649100	701200	0	953000	0	0	62	76	25	0	8548387.1	7543800.15	0	2	8	210	1.47	0	17	8556912.75	system	08:15.1	system	NULL	4
ICOOL Cách M?ng Tháng 8	00D1AF23-308B-EB11-80FF-509A4C8C9FAC	22/03/2021	14	73124500	71869600	599540	0	655360	437670	0	138	137	49	9	20435483.87	12860955.34	0	15	3	180	1.75	0	28	39010830.79	system	00:44.8	system	NULL	4
ICOOL C?u Ch? Y	10768D35-308B-EB11-80FF-509A4C8C9FAC	22/03/2021	16	5504600	5357980	0	0	146620	0	0	16	15	7	0	5451612.9	1069923.29	0	6	12	90	0.5	0	14	-1163556.19	system	01:14.8	system	NULL	4
ICOOL Nh? Thiên ???ng	085DB0C4-308B-EB11-80FF-509A4C8C9FAC	22/03/2021	17	5572700	5572700	0	0	0	0	0	9	8	6	2	9800000	1339856.72	0	0	26	160	0.38	0	16	-5567156.72	system	05:14.9	system	NULL	4
ICOOL Tr?n Não	C83CF541-318B-EB11-80FF-509A4C8C9FAC	22/03/2021	18	66025100	65144640	410700	80500	389260	252200	0	201	169	44	2	16096774.19	14653635.01	0	8	4	200	2.2	0	20	34646430.79	system	08:45.1	system	NULL	4
ICOOL Nguy?n Tri Ph??ng	0EA0CCB2-308B-EB11-80FF-509A4C8C9FAC	22/03/2021	19	12647400	12335970	70350	0	241080	0	0	40	47	21	2	8038064.52	1772104.29	0	1	4	100	1.31	0	16	2525801.19	system	04:44.9	system	NULL	4
ICOOL ??ng ?en	00797847-308B-EB11-80FF-509A4C8C9FAC	22/03/2021	22	27541000	27214230	210000	0	116770	0	0	79	87	32	7	10130000	4949782.43	0	23	4	140	1.28	0	25	12134447.57	system	01:44.9	system	NULL	4
ICOOL Phan Chu Trinh	52AA93D6-308B-EB11-80FF-509A4C8C9FAC	22/03/2021	23	14558900	14558900	0	0	0	0	0	40	28	15	3	4964516.13	2549835.67	0	5	7.33	110	1.07	0	14	7044548.2	system	05:45.0	system	NULL	4
ICOOL Phan Xích Long	1F0078E8-308B-EB11-80FF-509A4C8C9FAC	22/03/2021	24	63129100	61399345	1123755	0	606000	123134.5	0	110	173	46	4	14032258.06	12421728.65	0	18	2	130	1.84	0	25	35068492.79	system	06:15.0	system	NULL	4
ICOOL V?ng Tàu	F59EBB65-318B-EB11-80FF-509A4C8C9FAC	22/03/2021	25	10758100	10468100	290000	0	0	0	0	23	30	13	3	6209677.42	2212203.31	0	5	7	100	0.76	0	17	2046219.27	system	09:45.1	system	NULL	4
ICOOL Phú Qu?c	5CC05FFA-308B-EB11-80FF-509A4C8C9FAC	22/03/2021	26	8950800	7175900	1774900	0	0	0	0	26	20	6	0	13354838.71	1844844.1	0	0	1.33	8	0.24	0	25	-8023782.81	system	06:45.0	system	NULL	4
ICOOL Xô Vi?t Ngh? T?nh	BB9D0E78-318B-EB11-80FF-509A4C8C9FAC	22/03/2021	4	23688700	23398700	290000	0	0	0	220000	66	55	29	6	9176999.77	1212766.67	0	11	5	150	1	0	29	13228933.56	system	10:15.9	system	NULL	4
ICOOL Tô Ký	391B251E-318B-EB11-80FF-509A4C8C9FAC	22/03/2021	5	17880500	17516690	218700	0	145110	0	0	48	38	19	2	10919354.84	4433073.12	49785	7	7	150	0.73	0	26	2214047.04	system	07:45.0	system	NULL	4
ICOOL Bình Phú	4D1FD411-308B-EB11-80FF-509A4C8C9FAC	22/03/2021	6	43795700	42838400	849740	70560	37000	0	0	118	91	31	2	21645161.29	9794598.4	0	5	9	280	1.29	0	24	11398640.31	system	00:14.9	system	NULL	4
ICOOL D??ng Bá Tr?c	9EFC5659-308B-EB11-80FF-509A4C8C9FAC	22/03/2021	7	49887300	47885150	1581800	0	420350	0	0	124	108	38	7	15613936.87	9188616.96	0	10	2	100	1.46	0	26	23082596.17	system	02:14.8	system	NULL	4
ICOOL Nguy?n S?n	3959018F-308B-EB11-80FF-509A4C8C9FAC	22/03/2021	9	13497000	13447520	0	0	49480	0	0	44	28	14	0	9582580.65	3291621.2	0	0	10.71	150	0.93	0	15	573318.16	system	03:44.9	system	NULL	4
ICOOL Ung V?n Khiêm	A2861C82-FA8B-EB11-80FF-509A4C8C9FAC	23/03/2021	1	89268600	87896525	471275	491940	408860	751020	0	325	76	67	1	22280225.81	19050378.59	0	24	1	100	1.86	0	36	47316940.6	system	09:21.6	system	NULL	4
ICOOL Thành Thái	B2008B3A-FA8B-EB11-80FF-509A4C8C9FAC	23/03/2021	10	55963500	53840207	941943	0	1181350	0	0	184	157	50	6	19791149.19	11130439.11	0	29	0	1	1.79	0	28	22918618.7	system	07:21.5	system	NULL	4
ICOOL Nguy?n Trãi	E68F26CF-F98B-EB11-80FF-509A4C8C9FAC	23/03/2021	11	14448000	14170715	277285	0	0	0	0	41	34	16	1	3496782.94	2751964.05	0	2	8	130	1	0	16	7921968.01	system	04:21.3	system	NULL	4
ICOOL M?c ??nh Chi	7C1268AB-F98B-EB11-80FF-509A4C8C9FAC	23/03/2021	12	61735600	60623770	760485	58635	292710	612310	0	174	98	42	7	15516129.03	11772358.06	0	5	7	300	2	0	21	33947592.91	system	03:21.4	system	NULL	4
ICOOL Tr?n Bình Tr?ng	83454F5E-FA8B-EB11-80FF-509A4C8C9FAC	23/03/2021	13	16929800	16019015	841250	20775	48760	0	0	51	53	23	6	8548387.1	2233637.86	0	3	9	210	1.35	0	17	5236990.04	system	08:21.5	system	NULL	4
ICOOL Cách M?ng Tháng 8	5428E651-F98B-EB11-80FF-509A4C8C9FAC	23/03/2021	14	56766700	55788451.25	82825	171143.75	724280	472873.1	0	137	118	46	3	20435483.87	8783409.76	0	22	3	180	1.64	0	28	27042430.72	system	00:51.2	system	NULL	4
ICOOL C?u Ch? Y	627AFE63-F98B-EB11-80FF-509A4C8C9FAC	23/03/2021	16	9753400	9554400	199000	0	0	147860	0	33	21	10	2	5451612.9	3995403.91	2832000	1	10	100	0.71	0	14	3087243.19	system	01:21.6	system	NULL	4
ICOOL Nh? Thiên ???ng	A708F5F2-F98B-EB11-80FF-509A4C8C9FAC	23/03/2021	17	23122300	22719130	194000	40650	168520	0	0	47	32	20	3	9800000	5118601.2	0	1	7	150	1.25	0	16	7800528.8	system	05:21.4	system	NULL	4
ICOOL Tr?n Não	BC973370-FA8B-EB11-80FF-509A4C8C9FAC	23/03/2021	18	62611201	60844050.9	463400	177170	1126580.1	414636	0	144	153	36	7	16096774.19	13196315.73	0	9	6	250	1.8	0	20	31965596.98	system	08:51.5	system	NULL	4
ICOOL Nguy?n Tri Ph??ng	94FE0CE1-F98B-EB11-80FF-509A4C8C9FAC	23/03/2021	19	14567200	14248700	0	0	318500	0	0	44	38	20	0	8038064.52	2464990.24	21195	2	5	100	1.25	0	16	3766840.24	system	04:51.4	system	NULL	4
ICOOL ??ng ?en	A482B875-F98B-EB11-80FF-509A4C8C9FAC	23/03/2021	22	20855300	20760100	95200	0	0	201600	0	71	65	25	2	10130000	3547548.05	0	11	6	170	1	0	25	7284151.95	system	01:51.3	system	NULL	4
ICOOL Phan Chu Trinh	754DD704-FA8B-EB11-80FF-509A4C8C9FAC	23/03/2021	23	14984600	14819380	165220	0	0	0	0	29	23	12	0	4964516.13	2911228.34	0	4	9.17	110	0.86	0	14	6943635.53	system	05:51.4	system	NULL	4
ICOOL Phan Xích Long	6819BD16-FA8B-EB11-80FF-509A4C8C9FAC	23/03/2021	24	51467400	50391405	1075995	0	0	380197	0	110	146	45	8	14032258.06	9333540.74	380000	19	2	130	1.8	0	25	27785803.2	system	06:21.4	system	NULL	4
ICOOL V?ng Tàu	6E9AF993-FA8B-EB11-80FF-509A4C8C9FAC	23/03/2021	25	6041200	5836200	0	0	205000	0	0	15	16	6	1	6209677.42	1475525	0	8	16	100	0.35	0	17	-1849002.42	system	09:51.6	system	NULL	4
ICOOL Phú Qu?c	B147A228-FA8B-EB11-80FF-509A4C8C9FAC	23/03/2021	26	13541000	10649350	2891650	0	0	0	0	38	43	9	0	13354838.71	2592848.01	0	1	0.67	6	0.36	0	25	-5298336.72	system	06:51.5	system	NULL	4
ICOOL Xô Vi?t Ngh? T?nh	D648DEA5-FA8B-EB11-80FF-509A4C8C9FAC	23/03/2021	4	37582800	36970820	448000	0	163980	247180	0	105	77	37	4	9176999.77	6428633.01	0	15	4	180	1.28	0	29	21612367.22	system	10:21.6	system	NULL	4
ICOOL Tô Ký	0DA0694C-FA8B-EB11-80FF-509A4C8C9FAC	23/03/2021	5	24430300	23956575	265100	85115	123510	0	0	55	52	24	7	10919354.84	5837012.48	0	2	6	150	0.92	0	26	7200207.68	system	07:51.5	system	NULL	4
ICOOL Bình Phú	0EA6F93F-F98B-EB11-80FF-509A4C8C9FAC	23/03/2021	6	34959100	34001670	891600	0	65830	0	0	104	80	29	6	21645161.29	7705409.11	0	10	9.66	280	1.21	0	24	4651099.6	system	00:21.1	system	NULL	4
ICOOL D??ng Bá Tr?c	DF50A587-F98B-EB11-80FF-509A4C8C9FAC	23/03/2021	7	87179200	85355005	1371930	0	452265	0	0	220	183	61	10	15613936.87	18727154.93	0	14	1	100	2.35	0	26	51013913.2	system	02:21.4	system	NULL	4
ICOOL Nguy?n S?n	0BC447BD-F98B-EB11-80FF-509A4C8C9FAC	23/03/2021	9	11152400	11002050	0	0	150350	0	0	41	41	20	1	9582580.65	2184447.1	0	4	7.5	150	1.33	0	15	-764977.74	system	03:51.4	system	NULL	4
ICOOL Ung V?n Khiêm	5A77B8AC-C38C-EB11-80FF-509A4C8C9FAC	24/03/2021	1	68187800	67556060	461300	0	170440	279830	0	221	91	49	0	22280225.81	14913363.28	0	22	5	250	1.36	0	36	30642300.91	system	09:21.9	system	NULL	4
ICOOL Thành Thái	67802A65-C38C-EB11-80FF-509A4C8C9FAC	24/03/2021	10	57628600	56165065	934195	0	529340	0	0	188	160	53	4	19791149.19	11249481.96	0	28	0.02	1	1.89	0	28	25124433.85	system	07:21.9	system	NULL	4
ICOOL Nguy?n Trãi	5204D1F9-C28C-EB11-80FF-509A4C8C9FAC	24/03/2021	11	12552400	12276265	276135	0	0	0	0	31	30	15	0	3496782.94	3433189.99	1170338.15	6	8	120	0.94	0	16	6516630.23	system	04:21.8	system	NULL	4
ICOOL M?c ??nh Chi	A5F808D6-C28C-EB11-80FF-509A4C8C9FAC	24/03/2021	12	71028800	70458455	480415	0	89930	110280	0	235	116	42	3	15516129.03	14860665.87	65000	5	7	300	2	0	21	40256940.1	system	03:21.7	system	NULL	4
ICOOL Tr?n Bình Tr?ng	1F76F388-C38C-EB11-80FF-509A4C8C9FAC	24/03/2021	13	22210701	20668480.9	1240500	0	301720.1	0	0	74	79	29	2	8548387.1	11337453.1	7910340	9	7	210	1.71	0	17	8692980.7	system	08:21.9	system	NULL	4
ICOOL Cách M?ng Tháng 8	5EAE9F7C-C28C-EB11-80FF-509A4C8C9FAC	24/03/2021	14	63685500	61680285	1149755	0	855460	451912.5	0	122	144	44	6	20435483.87	11751303.11	0	24	5	250	1.57	0	28	29945410.52	system	00:51.7	system	NULL	4
ICOOL C?u Ch? Y	733A7D8E-C28C-EB11-80FF-509A4C8C9FAC	24/03/2021	16	11159100	11159100	0	0	0	0	0	37	34	12	2	5451612.9	2442820.96	0	3	6	80	0.86	0	14	3264666.14	system	01:21.7	system	NULL	4
ICOOL Nh? Thiên ???ng	FE079C1D-C38C-EB11-80FF-509A4C8C9FAC	24/03/2021	17	22265500	22007500	0	0	258000	0	0	47	44	20	2	9800000	4829852.64	0	4	7	150	1.25	0	16	7377647.36	system	05:21.8	system	NULL	4
ICOOL Tr?n Não	3595D59A-C38C-EB11-80FF-509A4C8C9FAC	24/03/2021	18	66831700	66085420	435000	0	311280	1468810	300000	230	196	49	2	16096774.19	13840716.25	9916.67	15	4	230	2.45	0	20	37926656.22	system	08:51.9	system	NULL	4
ICOOL Nguy?n Tri Ph??ng	FF15B70B-C38C-EB11-80FF-509A4C8C9FAC	24/03/2021	19	19138400	18465340	375000	0	298060	0	0	64	45	27	3	8038064.52	3124807.34	0	1	4.44	120	1.69	0	16	7302468.14	system	04:51.8	system	NULL	4
ICOOL ??ng ?en	B27A5EA0-C28C-EB11-80FF-509A4C8C9FAC	24/03/2021	22	24459300	24002250	174000	0	283050	0	0	69	67	25	2	10130000	4990446.58	0	5	7	190	1	0	25	8881803.42	system	01:51.7	system	NULL	4
ICOOL Phan Chu Trinh	2A617C2F-C38C-EB11-80FF-509A4C8C9FAC	24/03/2021	23	11343100	11226860	116240	0	0	0	0	33	35	12	1	4964516.13	2457179.34	0	7	9.17	110	0.86	0	14	3805164.54	system	05:51.8	system	NULL	4
ICOOL Phan Xích Long	52736141-C38C-EB11-80FF-509A4C8C9FAC	24/03/2021	24	53896600	52073085	902505	0	921010	0	7240000	110	121	36	4	14032258.06	9623804.15	0	20	3	130	1.44	0	25	35657022.79	system	06:21.8	system	NULL	4
ICOOL V?ng Tàu	E9EB9BBE-C38C-EB11-80FF-509A4C8C9FAC	24/03/2021	25	10031500	9844560	186940	0	0	0	0	19	29	9	2	6209677.42	2158925.91	0	7	11	100	0.53	0	17	1475956.67	system	09:51.9	system	NULL	4
ICOOL Phú Qu?c	99CB4853-C38C-EB11-80FF-509A4C8C9FAC	24/03/2021	26	4386100	3348550	1037550	0	0	0	0	9	8	3	0	13354838.71	1077694.14	0	8	1.33	4	0.12	0	25	-11083982.85	system	06:51.9	system	NULL	4
ICOOL Xô Vi?t Ngh? T?nh	54ED80D0-C38C-EB11-80FF-509A4C8C9FAC	24/03/2021	4	28625100	27985495	614350	25255	0	0	0	73	68	33	1	9176999.77	5239902.68	0	9	6.06	200	1.14	0	29	13568592.55	system	10:22.0	system	NULL	4
ICOOL Tô Ký	FE700B77-C38C-EB11-80FF-509A4C8C9FAC	24/03/2021	5	13757200	13316340	215570	0	225290	0	150000	34	50	17	0	10919354.84	3067390.1	0	12	10	170	0.65	0	26	-520404.94	system	07:51.9	system	NULL	4
ICOOL Bình Phú	2499BC6A-C28C-EB11-80FF-509A4C8C9FAC	24/03/2021	6	44117300	42251890	1010350	0	855060	268515	0	124	84	37	5	21645161.29	9676852.82	0	12	7.57	280	1.54	0	24	11198390.89	system	00:21.7	system	NULL	4
ICOOL D??ng Bá Tr?c	7A4246B2-C28C-EB11-80FF-509A4C8C9FAC	24/03/2021	7	58354300	56600565	1060975	76200	616560	0	0	153	118	41	4	15613936.87	11048041.87	0	15	2	100	1.58	0	26	29938586.26	system	02:21.7	system	NULL	4
ICOOL Nguy?n S?n	E740EDE7-C28C-EB11-80FF-509A4C8C9FAC	24/03/2021	9	24984700	24557740	200000	0	226960	0	0	87	74	30	1	9582580.65	5715347.01	0	15	5	150	2	0	15	9259812.34	system	03:51.8	system	NULL	4
ICOOL Ung V?n Khiêm	141A79D7-8C8D-EB11-80FF-509A4C8C9FAC	25/03/2021	1	103470300	98670840	2272740	63520	2463200	322440	0	370	169	76	1	22280225.81	22758693.71	0	24	3	300	2.11	0	36	53954360.48	system	09:22.5	system	NULL	4
ICOOL Thành Thái	EDC9E98F-8C8D-EB11-80FF-509A4C8C9FAC	25/03/2021	10	64671800	62425955	1146660	29255	1069930	0	0	234	164	57	10	19791149.19	14035007.39	0	22	0.02	1	2.04	0	28	28599798.42	system	07:22.4	system	NULL	4
ICOOL Nguy?n Trãi	209C8F24-8C8D-EB11-80FF-509A4C8C9FAC	25/03/2021	11	18982100	18664985	267565	0	49550	0	0	37	45	16	3	3496782.94	4088993.05	0	4	8.13	130	1	0	16	11079209.01	system	04:22.3	system	NULL	4
ICOOL M?c ??nh Chi	DBAFCB00-8C8D-EB11-80FF-509A4C8C9FAC	25/03/2021	12	62375500	60247830	1069850	0	1057820	390145	0	192	113	43	2	15516129.03	13037998.72	0	4	6	300	2.05	0	21	32083847.25	system	03:22.3	system	NULL	4
ICOOL Tr?n Bình Tr?ng	07D4ACB3-8C8D-EB11-80FF-509A4C8C9FAC	25/03/2021	13	37602900	34806597	1369593	0	1426710	0	0	91	86	33	5	6491790.23	1730187084	23690484.77	5	6.36	210	1.94	0	17	-1678181793	system	08:22.4	system	NULL	4
ICOOL Cách M?ng Tháng 8	ADA559A7-8B8D-EB11-80FF-509A4C8C9FAC	25/03/2021	14	64512100	62920320	1106840	0	484940	445231	500000	161	151	56	1	20435483.87	11109423.77	0	17	5	300	2	0	28	32320643.36	system	00:52.3	system	NULL	4
ICOOL C?u Ch? Y	CE2138B9-8B8D-EB11-80FF-509A4C8C9FAC	25/03/2021	16	6216300	6216300	0	0	0	0	0	23	17	7	0	5451612.9	1372685.48	0	2	11	80	0.5	0	14	-607998.38	system	01:22.2	system	NULL	4
ICOOL Nh? Thiên ???ng	C9C55448-8C8D-EB11-80FF-509A4C8C9FAC	25/03/2021	17	12233400	12233400	0	0	0	0	0	25	25	11	0	9800000	2594931.49	0	2	13	150	0.69	0	16	-161531.49	system	05:22.3	system	NULL	4
ICOOL Tr?n Não	F4D996C5-8C8D-EB11-80FF-509A4C8C9FAC	25/03/2021	18	76433100	76079145	353955	0	0	550450	0	253	158	51	5	16096774.19	16787592.64	16956	19	4	230	2.55	0	20	43762184.17	system	08:52.5	system	NULL	4
ICOOL Nguy?n Tri Ph??ng	42607336-8C8D-EB11-80FF-509A4C8C9FAC	25/03/2021	19	16280200	15229310	967850	27740	55300	0	0	43	50	23	1	8038064.52	2596631.05	0	1	6.09	140	1.44	0	16	4594614.43	system	04:52.3	system	NULL	4
ICOOL ??ng ?en	1E712CCB-8B8D-EB11-80FF-509A4C8C9FAC	25/03/2021	22	45238100	43810895	302000	57475	1067730	0	0	149	103	36	8	10130000	10469756.34	2388191.67	11	5	200	1.44	0	25	25599330.33	system	01:52.4	system	NULL	4
ICOOL Phan Chu Trinh	3811395A-8C8D-EB11-80FF-509A4C8C9FAC	25/03/2021	23	25426100	22478500	447600	0	2500000	0	200000	70	64	20	3	4964516.13	8324532	2579305.33	3	6.5	130	1.43	0	14	11968757.2	system	05:52.4	system	NULL	4
ICOOL Phan Xích Long	F0691C6C-8C8D-EB11-80FF-509A4C8C9FAC	25/03/2021	24	67687400	65503290	1234560	140270	809280	167600	0	159	173	52	6	14032258.06	13229272.11	0	27	2	130	2.08	0	25	38409359.83	system	06:22.4	system	NULL	4
ICOOL V?ng Tàu	88C05CE9-8C8D-EB11-80FF-509A4C8C9FAC	25/03/2021	25	8534400	8184820	269320	0	80260	0	0	19	32	7	1	6209677.42	2060434.53	0	5	14	100	0.41	0	17	-85291.95	system	09:52.5	system	NULL	4
ICOOL Phú Qu?c	F9D0007E-8C8D-EB11-80FF-509A4C8C9FAC	25/03/2021	26	4838000	3532500	1305500	0	0	0	0	15	10	4	0	13354838.71	990146.29	0	0	0.75	3	0.16	0	25	-10812485	system	06:52.4	system	NULL	4
ICOOL Xô Vi?t Ngh? T?nh	7E7F44FB-8C8D-EB11-80FF-509A4C8C9FAC	25/03/2021	4	34739700	34042500	697200	0	0	439780	0	75	71	32	0	9176999.77	7135050.53	0	13	6.25	200	1.1	0	29	18170229.69	system	10:22.5	system	NULL	4
ICOOL Tô Ký	B787C8A1-8C8D-EB11-80FF-509A4C8C9FAC	25/03/2021	5	28887600	28259600	429790	50250	147960	0	0	60	60	27	0	10919354.84	6868776.48	0	3	6	170	1.04	0	26	10471468.68	system	07:52.4	system	NULL	4
ICOOL Bình Phú	19947B95-8B8D-EB11-80FF-509A4C8C9FAC	25/03/2021	6	42706500	41762200	944300	0	0	0	0	115	80	36	1	21645161.29	8391037.91	0	5	7.78	280	1.5	0	24	11726000.8	system	00:22.3	system	NULL	4
ICOOL D??ng Bá Tr?c	A75E04DD-8B8D-EB11-80FF-509A4C8C9FAC	25/03/2021	7	85616600	83173922.5	1314640	202737.5	925300	93900	0	224	179	62	2	15613936.87	21095922.3	2997000	17	1	100	2.38	0	26	49554963.33	system	02:22.3	system	NULL	4
ICOOL Nguy?n S?n	7496AE12-8C8D-EB11-80FF-509A4C8C9FAC	25/03/2021	9	19287900	18859260	63000	0	365640	0	0	60	50	21	1	9582580.65	3933762.53	0	6	7.14	150	1.4	0	15	5342916.83	system	03:52.3	system	NULL	4
ICOOL Ung V?n Khiêm	FA372C02-568E-EB11-80FF-509A4C8C9FAC	26/03/2021	1	146115500	142849460	1196840	176750	1892450	475150	0	401	239	84	9	22280225.81	28105816.49	0	31	3	300	2.33	0	36	92938567.7	system	09:23.0	system	NULL	4
ICOOL Thành Thái	DDD39BBA-558E-EB11-80FF-509A4C8C9FAC	26/03/2021	10	85075500	81943275	1165305	1005100	961820	241970.5	0	250	185	62	7	19791149.19	16219988.25	38070	26	0.02	1	2.21	0	28	46212178.06	system	07:22.9	system	NULL	4
ICOOL Nguy?n Trãi	C398384F-558E-EB11-80FF-509A4C8C9FAC	26/03/2021	11	20643100	20274580	290290	0	78230	0	0	50	52	21	3	3496782.94	4080392.96	0	5	6.67	140	1.31	0	16	12697404.1	system	04:22.7	system	NULL	4
ICOOL M?c ??nh Chi	1B90722B-558E-EB11-80FF-509A4C8C9FAC	26/03/2021	12	104664100	102526300	1248740	0	889060	175560	11620000	303	187	60	3	15516129.03	19521329.78	0	9	4	240	2.86	0	21	79284401.19	system	03:22.7	system	NULL	4
ICOOL Tr?n Bình Tr?ng	9CD167DE-558E-EB11-80FF-509A4C8C9FAC	26/03/2021	13	44294900	43067214	668976	0	558710	150610	0	105	103	35	2	6491790.23	8614306.15	0	8	6	210	2.06	0	17	28111727.62	system	08:23.0	system	NULL	4
ICOOL Cách M?ng Tháng 8	D2430ED2-548E-EB11-80FF-509A4C8C9FAC	26/03/2021	14	118699100	116005755	2044605	212220	436520	807447.5	0	252	212	66	6	20435483.87	19789344.16	0	20	4	300	2.36	0	28	76588374.47	system	00:52.7	system	NULL	4
ICOOL C?u Ch? Y	BEFCE3E3-548E-EB11-80FF-509A4C8C9FAC	26/03/2021	16	20141000	20141000	0	0	0	0	0	61	41	18	1	5451612.9	4366209.24	0	2	4	80	1.29	0	14	10323177.86	system	01:22.7	system	NULL	4
ICOOL Nh? Thiên ???ng	0747FE72-558E-EB11-80FF-509A4C8C9FAC	26/03/2021	17	22870100	22713790	0	0	156310	274000	0	45	39	18	1	9800000	4511927.77	0	3	8	160	1.13	0	16	8675862.23	system	05:22.8	system	NULL	4
ICOOL Tr?n Não	B4E341F0-558E-EB11-80FF-509A4C8C9FAC	26/03/2021	18	98092800	97193255	899545	0	0	447880	0	267	218	59	6	16096774.19	18203523.78	0	26	4	260	2.95	0	20	63340837.03	system	08:52.9	system	NULL	4
ICOOL Nguy?n Tri Ph??ng	084C2661-558E-EB11-80FF-509A4C8C9FAC	26/03/2021	19	40162100	39834230	0	0	327870	197730	0	107	88	34	0	8038064.52	0	0	5	4.12	140	2.13	0	16	31993895.48	system	04:52.8	system	NULL	4
ICOOL ??ng ?en	08DEC9F5-548E-EB11-80FF-509A4C8C9FAC	26/03/2021	22	65806100	63820050	1383440	0	602610	0	0	203	147	51	2	10130000	11702947.4	0	11	3	200	2.04	0	25	41987102.6	system	01:52.7	system	NULL	4
ICOOL Phan Chu Trinh	7C60E384-558E-EB11-80FF-509A4C8C9FAC	26/03/2021	23	38429600	37627150	169000	0	633450	121970	200000	101	65	31	8	4964516.13	7932910	0	6	4.19	130	2.21	0	14	25051693.87	system	05:52.8	system	NULL	4
ICOOL Phan Xích Long	B1FA0797-558E-EB11-80FF-509A4C8C9FAC	26/03/2021	24	105007300	98910415	3073140	0	3023745	125150	0	231	263	66	15	14032258.06	18083952.87	0	25	1	130	2.64	0	25	66919354.07	system	06:23.2	system	NULL	4
ICOOL V?ng Tàu	1FCA0C14-568E-EB11-80FF-509A4C8C9FAC	26/03/2021	25	18010000	17849520	17930	0	142550	279400	0	53	39	15	1	6209677.42	4770772.6	0	5	8	130	0.88	0	17	7148469.98	system	09:53.0	system	NULL	4
ICOOL Phú Qu?c	D0B1B1A8-558E-EB11-80FF-509A4C8C9FAC	26/03/2021	26	6975200	5382600	1592600	0	0	0	0	13	15	5	0	13354838.71	1660604.38	0	1	1.6	8	0.2	0	25	-9632843.09	system	06:52.8	system	NULL	4
ICOOL Xô Vi?t Ngh? T?nh	52D7EE25-568E-EB11-80FF-509A4C8C9FAC	26/03/2021	4	69045000	68465000	580000	0	0	0	0	165	122	54	3	9176999.77	14142148.59	0	16	3.7	200	1.86	0	29	45145851.64	system	10:23.0	system	NULL	4
ICOOL Tô Ký	DC607ECC-558E-EB11-80FF-509A4C8C9FAC	26/03/2021	5	42850901	41166280.9	453850	39580	1191190.1	0	380000	95	85	35	3	10919354.84	9811504.68	0	7	4	170	1.35	0	26	20815421.38	system	07:52.9	system	NULL	4
ICOOL Bình Phú	7E4E27C0-548E-EB11-80FF-509A4C8C9FAC	26/03/2021	6	57804100	55906250	841820	331920	724110	0	0	181	117	42	3	21645161.29	11817673.88	0	10	6.67	280	1.75	0	24	22443414.83	system	00:22.7	system	NULL	4
ICOOL D??ng Bá Tr?c	B64FAC07-558E-EB11-80FF-509A4C8C9FAC	26/03/2021	7	91934100	89872495	1197995	0	863610	0	343000	207	201	66	9	15613936.87	15334209.7	0	19	1.52	100	2.54	0	26	59267348.43	system	02:22.7	system	NULL	4
ICOOL Nguy?n S?n	3BF4513D-558E-EB11-80FF-509A4C8C9FAC	26/03/2021	9	23416100	23416100	0	0	0	0	0	85	58	27	4	9582580.65	5529105.38	763833.33	16	5.56	150	1.8	0	15	9068247.3	system	03:52.7	system	NULL	4
ICOOL Ung V?n Khiêm	269CDA2C-1F8F-EB11-80FF-509A4C8C9FAC	27/03/2021	1	166737600	163044408.5	2912774	423667.5	356750	253900	0	507	237	106	9	22280225.81	31743266.63	0	42	2	300	2.94	0	36	109274816.1	system	09:23.4	system	NULL	4
ICOOL Thành Thái	113E47E5-1E8F-EB11-80FF-509A4C8C9FAC	27/03/2021	10	114742600	111600604	2088034	217472	836490	163840	0	344	234	71	8	19791149.19	22943619.48	0	27	0.01	1	2.54	0	28	69029675.33	system	07:23.3	system	NULL	4
ICOOL Nguy?n Trãi	CC47EA79-1E8F-EB11-80FF-509A4C8C9FAC	27/03/2021	11	28185400	27346815	661625	43680	133280	0	710000	58	69	24	1	3496782.94	5118844.01	0	6	6.25	150	1.5	0	16	19441188.05	system	04:23.2	system	NULL	4
ICOOL M?c ??nh Chi	A5F52456-1E8F-EB11-80FF-509A4C8C9FAC	27/03/2021	12	92209200	90088300	1915800	0	205100	0	0	210	152	54	3	15516129.03	15581686.86	0	9	5	300	2.57	0	21	58990484.11	system	03:23.2	system	NULL	4
ICOOL Tr?n Bình Tr?ng	45280C09-1F8F-EB11-80FF-509A4C8C9FAC	27/03/2021	13	44535300	42915185	1231655	0	388460	0	3100000	105	103	38	1	6491790.23	7932102.96	0	8	5.53	210	2.24	0	17	31591291.81	system	08:23.3	system	NULL	4
ICOOL Cách M?ng Tháng 8	DFFABFFC-1D8F-EB11-80FF-509A4C8C9FAC	27/03/2021	14	115727500	113488273	1588567	0	650660	285000	0	240	217	74	3	20435483.87	19823131.22	0	24	4	300	2.64	0	28	73514657.91	system	00:53.2	system	NULL	4
ICOOL C?u Ch? Y	5728940E-1E8F-EB11-80FF-509A4C8C9FAC	27/03/2021	16	28816600	28076700	580000	0	159900	0	0	67	48	20	8	5451612.9	5492410.82	0	3	5	100	1.43	0	14	17132676.28	system	01:23.1	system	NULL	4
ICOOL Nh? Thiên ???ng	5656B49D-1E8F-EB11-80FF-509A4C8C9FAC	27/03/2021	17	38655300	37267010	30210	146920	1211160	0	0	67	67	28	0	9800000	7402305.14	0	4	5	160	1.75	0	16	20064704.86	system	05:23.3	system	NULL	4
ICOOL Tr?n Não	61F2F01A-1F8F-EB11-80FF-509A4C8C9FAC	27/03/2021	18	103312900	102114275	880325	0	318300	289400	0	265	233	70	4	16096774.19	40888022.54	20550399.39	27	3	260	3.5	0	20	65969277.66	system	08:53.4	system	NULL	4
ICOOL Nguy?n Tri Ph??ng	1CEED18B-1E8F-EB11-80FF-509A4C8C9FAC	27/03/2021	19	42103700	40937265	247135	0	919300	0	0	107	105	38	4	8038064.52	7335800.67	0	2	3.68	140	2.38	0	16	25563399.81	system	04:53.2	system	NULL	4
ICOOL ??ng ?en	9EC58720-1E8F-EB11-80FF-509A4C8C9FAC	27/03/2021	22	92773000	90798270	948000	0	1026730	151800	0	289	224	67	9	10130000	17001462.07	400000	39	2	200	2.68	0	25	64218607.93	system	01:53.2	system	NULL	4
ICOOL Phan Chu Trinh	54189EAF-1E8F-EB11-80FF-509A4C8C9FAC	27/03/2021	23	41879200	40866130	899800	0	113270	0	300000	112	74	36	3	4964516.13	7609179.34	0	10	3.61	130	2.57	0	14	28592434.53	system	05:53.3	system	NULL	4
ICOOL Phan Xích Long	521B82C1-1E8F-EB11-80FF-509A4C8C9FAC	27/03/2021	24	89775600	88500170	815540	0	459890	208457	0	203	194	57	10	14032258.06	15489030.69	0	28	2	130	2.28	0	25	59187338.25	system	06:23.3	system	NULL	4
ICOOL V?ng Tàu	BCD2B53E-1F8F-EB11-80FF-509A4C8C9FAC	27/03/2021	25	47985900	46620980	373220	0	991700	0	360000	131	131	41	3	6209677.42	10901178.04	828000	9	3	140	2.41	0	17	30698124.54	system	09:53.4	system	NULL	4
ICOOL Phú Qu?c	249E64D3-1E8F-EB11-80FF-509A4C8C9FAC	27/03/2021	26	11736500	8534250	3202250	0	0	0	0	22	22	7	0	13354838.71	2063535.47	0	0	1.14	8	0.28	0	25	-6884124.18	system	06:53.3	system	NULL	4
ICOOL Xô Vi?t Ngh? T?nh	40079E50-1F8F-EB11-80FF-509A4C8C9FAC	27/03/2021	4	97678700	96572870	825000	42130	238700	0	0	230	184	67	6	9176999.77	21132363.83	0	27	2.99	200	2.31	0	29	66263506.4	system	10:23.4	system	NULL	4
ICOOL Tô Ký	B4AC2EF7-1E8F-EB11-80FF-509A4C8C9FAC	27/03/2021	5	35960700	34905010	829190	0	226500	0	0	69	71	30	1	10919354.84	8061480.01	0	5	5	170	1.15	0	26	15924175.15	system	07:53.4	system	NULL	4
ICOOL Bình Phú	E309DAEA-1D8F-EB11-80FF-509A4C8C9FAC	27/03/2021	6	90169200	86679075	1733770	130805	1625550	0	0	254	134	56	2	21645161.29	18238150.3	0	9	5	280	2.33	0	24	46795763.41	system	00:23.2	system	NULL	4
ICOOL D??ng Bá Tr?c	6D977832-1E8F-EB11-80FF-509A4C8C9FAC	27/03/2021	7	108801500	106271130	1377405	64125	1088840	0	0	250	222	69	3	15613936.87	20958208.36	0	21	1.45	100	2.65	0	26	69698984.77	system	02:23.3	system	NULL	4
ICOOL Nguy?n S?n	629A0A68-1E8F-EB11-80FF-509A4C8C9FAC	27/03/2021	9	43969400	43826160	15480	0	127760	0	0	150	120	44	3	9582580.65	8527377.53	0	17	3.41	150	2.93	0	15	25716201.82	system	03:53.2	system	NULL	4
ICOOL Ung V?n Khiêm	9254774C-E88F-EB11-80FF-509A4C8C9FAC	28/03/2021	1	81234200	80135020	104700	182480	812000	196240	0	275	171	61	3	22280225.81	16396775.41	0	34	4.92	300	1.69	0	36	41654258.78	system	09:05.3	system	NULL	4
ICOOL Thành Thái	EB76E504-E88F-EB11-80FF-509A4C8C9FAC	28/03/2021	10	62884300	62344650	320780	0	218870	0	0	210	144	56	8	19791149.19	10430875.45	0	32	0.02	1	2	0	28	32122625.36	system	07:05.2	system	NULL	4
ICOOL Nguy?n Trãi	807A8699-E78F-EB11-80FF-509A4C8C9FAC	28/03/2021	11	24273600	23902580	3800	0	367220	0	0	63	79	32	3	3496782.94	3220275.15	0	5	4.38	140	2	0	16	17185521.91	system	04:05.1	system	NULL	4
ICOOL M?c ??nh Chi	5045C075-E78F-EB11-80FF-509A4C8C9FAC	28/03/2021	12	63328000	62937455	224600	165945	0	187700	0	154	136	50	5	15516129.03	10064512.05	83200	11	6	300	2.38	0	21	37627713.91	system	03:05.1	system	NULL	4
ICOOL Tr?n Bình Tr?ng	A799B528-E88F-EB11-80FF-509A4C8C9FAC	28/03/2021	13	46831900	45017516	1145044	292560	376780	350255.6	90000	111	112	37	3	6491790.23	8251502.62	0	17	5.68	210	2.18	0	17	30714478.75	system	08:05.3	system	NULL	4
ICOOL Cách M?ng Tháng 8	301C5F1C-E78F-EB11-80FF-509A4C8C9FAC	28/03/2021	14	72566800	70849375	736405	145200	835820	275880	300000	155	165	58	6	20435483.87	11267905.49	260000	22	4	280	2.07	0	28	39981865.64	system	00:35.1	system	NULL	4
ICOOL C?u Ch? Y	259E542E-E78F-EB11-80FF-509A4C8C9FAC	28/03/2021	16	16550200	16471425	78775	0	0	0	0	40	30	14	1	5451612.9	6111869.72	0	3	7	100	1	0	14	4907942.38	system	01:05.2	system	NULL	4
ICOOL Nh? Thiên ???ng	621854BD-E78F-EB11-80FF-509A4C8C9FAC	28/03/2021	17	29583100	28803290	492980	0	286830	0	0	54	41	22	5	9800000	6566188.09	0	4	7	160	1.38	0	16	12437101.91	system	05:05.2	system	NULL	4
ICOOL Tr?n Não	F94A903A-E88F-EB11-80FF-509A4C8C9FAC	28/03/2021	18	56193500	56036950	156550	0	0	132100	0	153	121	36	1	16096774.19	11882050.82	0	21	7	260	1.8	0	20	28190224.99	system	08:35.3	system	NULL	4
ICOOL Nguy?n Tri Ph??ng	08366DAB-E78F-EB11-80FF-509A4C8C9FAC	28/03/2021	19	21552800	21501125	0	51675	0	0	0	60	72	30	5	8038064.52	2326378.86	0	4	4.67	140	1.88	0	16	11136681.62	system	04:35.1	system	NULL	4
ICOOL ??ng ?en	6DF22340-E78F-EB11-80FF-509A4C8C9FAC	28/03/2021	22	60910000	59943665	554800	135405	276130	0	0	183	133	47	2	10130000	11407440.96	0	22	4	190	1.88	0	25	38406224.04	system	01:35.1	system	NULL	4
ICOOL Phan Chu Trinh	18B131CF-E78F-EB11-80FF-509A4C8C9FAC	28/03/2021	23	18294100	17487885	789180	17035	0	0	0	39	38	16	1	4964516.13	3264055.86	0	5	8.13	130	1.14	0	14	9259313.01	system	05:35.1	system	NULL	4
ICOOL Phan Xích Long	906423E1-E78F-EB11-80FF-509A4C8C9FAC	28/03/2021	24	65241700	63232750	1568200	0	440750	0	462000	159	165	52	8	14032258.06	10708882.06	155400	29	2	130	2.08	0	25	39109009.88	system	06:05.2	system	NULL	4
ICOOL V?ng Tàu	D066585E-E88F-EB11-80FF-509A4C8C9FAC	28/03/2021	25	8833200	8539200	294000	0	0	0	0	37	42	11	1	6209677.42	1783545.95	0	6	12	140	0.65	0	17	545976.63	system	09:35.3	system	NULL	4
ICOOL Phú Qu?c	AB15FEF2-E78F-EB11-80FF-509A4C8C9FAC	28/03/2021	26	10041100	7720300	2320800	0	0	0	0	15	13	4	0	13354838.71	2509137.07	0	0	2	8	0.16	0	25	-8143675.78	system	06:35.2	system	NULL	4
ICOOL Xô Vi?t Ngh? T?nh	48724670-E88F-EB11-80FF-509A4C8C9FAC	28/03/2021	4	52788400	52342060	249000	197340	0	0	0	149	132	49	8	9176999.77	8923754.25	0	23	4.08	200	1.69	0	29	34241305.97	system	10:05.4	system	NULL	4
ICOOL Tô Ký	6217C716-E88F-EB11-80FF-509A4C8C9FAC	28/03/2021	5	53822800	52029110	692515	236545	864630	0	0	101	113	46	3	10919354.84	12496277.68	0	6	3	170	1.77	0	26	28613477.48	system	07:35.2	system	NULL	4
ICOOL Bình Phú	7451750A-E78F-EB11-80FF-509A4C8C9FAC	28/03/2021	6	83925300	83173134	416766	0	335400	0	0	241	169	60	3	21645161.29	16462925.63	73256	17	4.67	280	2.5	0	24	45138303.08	system	00:05.1	system	NULL	4
ICOOL D??ng Bá Tr?c	09D61452-E78F-EB11-80FF-509A4C8C9FAC	28/03/2021	7	91521600	89324280	1509420	0	687900	0	0	218	172	67	8	15613936.87	16503897.44	0	30	1.49	100	2.58	0	26	57206445.69	system	02:05.2	system	NULL	4
ICOOL Nguy?n S?n	BCDBA487-E78F-EB11-80FF-509A4C8C9FAC	28/03/2021	9	49253000	47833820	870000	0	549180	0	0	158	116	41	3	9582580.65	11408443.3	0	27	3.66	150	2.73	0	15	26842796.05	system	03:35.1	system	NULL	4
ICOOL Ung V?n Khiêm	FEDD5D7A-B190-EB11-80FF-509A4C8C9FAC	29/03/2021	1	63121000	62000590	946420	0	173990	0	21740000	204	93	42	3	22280225.81	13303384.63	0	10	7.14	300	1.17	0	36	48156979.56	system	09:11.1	system	NULL	4
ICOOL Thành Thái	F351CA32-B190-EB11-80FF-509A4C8C9FAC	29/03/2021	10	38587700	37616205	478025	140550	352920	880074.5	170000	123	113	35	3	19791149.19	8132294.59	0	21	0.03	1	1.25	0	28	10742835.72	system	07:11.1	system	NULL	4
ICOOL Nguy?n Trãi	B51C74C7-B090-EB11-80FF-509A4C8C9FAC	29/03/2021	11	7312300	6758300	554000	0	0	0	0	14	31	12	1	3496782.94	1244978.62	214000	3	10.83	130	0.75	0	16	2230538.44	system	04:11.0	system	NULL	4
ICOOL M?c ??nh Chi	E699A5A3-B090-EB11-80FF-509A4C8C9FAC	29/03/2021	12	53718700	52175200	632100	0	911400	297493	0	165	96	35	7	15516129.03	10220984.1	81600	7	8	300	1.67	0	21	26817179.87	system	03:10.9	system	NULL	4
ICOOL Tr?n Bình Tr?ng	49449356-B190-EB11-80FF-509A4C8C9FAC	29/03/2021	13	20007300	19172740	549000	0	285560	0	0	54	60	21	2	6491790.23	4137165.1	0	2	10	210	1.24	0	17	8543784.67	system	08:11.1	system	NULL	4
ICOOL Cách M?ng Tháng 8	8FFD3C4A-B090-EB11-80FF-509A4C8C9FAC	29/03/2021	14	74715000	72543615	771335	0	1400050	0	960000	148	176	55	6	20435483.87	13225293.44	149200	14	5	280	1.96	0	28	39992037.69	system	00:40.9	system	NULL	4
ICOOL C?u Ch? Y	E9081A5C-B090-EB11-80FF-509A4C8C9FAC	29/03/2021	16	12346800	12297620	0	0	49180	161940	1210000	33	28	10	0	5451612.9	5674732	0	2	8	80	0.71	0	14	2543215.1	system	01:10.9	system	NULL	4
ICOOL Nh? Thiên ???ng	1EDE39EB-B090-EB11-80FF-509A4C8C9FAC	29/03/2021	17	19055700	18167440	158400	0	729860	0	0	50	37	18	1	9800000	4009067.91	0	1	6	120	1.13	0	16	4358372.09	system	05:11.0	system	NULL	4
ICOOL Tr?n Não	E7367668-B190-EB11-80FF-509A4C8C9FAC	29/03/2021	18	73892900	72952530	290000	650370	0	0	2920000	230	117	41	3	16096774.19	17437590.3	0	12	5	220	2.05	0	20	42338165.5	system	08:41.1	system	NULL	4
ICOOL Nguy?n Tri Ph??ng	AA1053D9-B090-EB11-80FF-509A4C8C9FAC	29/03/2021	19	17212300	16597900	614400	0	0	0	1610000	39	61	20	1	8038064.52	3210851.91	0	3	7	140	1.25	0	16	6958983.57	system	04:41.0	system	NULL	4
ICOOL ??ng ?en	E1A1FE6D-B090-EB11-80FF-509A4C8C9FAC	29/03/2021	22	45452100	44343500	673300	0	435300	0	1660000	144	93	32	5	10130000	10609706.68	0	3	5	180	1.28	0	25	25263793.32	system	01:40.9	system	NULL	4
ICOOL Phan Chu Trinh	F81C1BFD-B090-EB11-80FF-509A4C8C9FAC	29/03/2021	23	15635400	15368170	39800	0	227430	0	0	42	35	15	1	4964516.13	2893301.76	0	5	8.67	130	1.07	0	14	7510352.11	system	05:41.0	system	NULL	4
ICOOL Phan Xích Long	FDCAFF0E-B190-EB11-80FF-509A4C8C9FAC	29/03/2021	24	60902700	59976910	680070	21150	224570	0	0	138	170	43	4	14032258.06	11416097.15	200200	15	3	130	1.72	0	25	34728754.79	system	06:11.0	system	NULL	4
ICOOL V?ng Tàu	E971428C-B190-EB11-80FF-509A4C8C9FAC	29/03/2021	25	8419600	8325320	0	0	94280	128280	80000	10	5	4	0	6209677.42	2636488.53	0	0	35	140	0.24	0	17	-312565.95	system	09:41.2	system	NULL	4
ICOOL Phú Qu?c	2CF9E520-B190-EB11-80FF-509A4C8C9FAC	29/03/2021	26	2519400	1908100	611300	0	0	0	0	7	7	3	0	13354838.71	575137.33	0	0	2.67	8	0.12	0	25	-12021876.04	system	06:41.0	system	NULL	4
ICOOL Xô Vi?t Ngh? T?nh	F5E1249E-B190-EB11-80FF-509A4C8C9FAC	29/03/2021	4	32804500	31835670	526500	344700	97630	0	4920000	104	75	34	2	9176999.77	5934491.06	0	14	5.88	200	1.17	0	29	21644179.17	system	10:11.2	system	NULL	4
ICOOL Tô Ký	BBF3AC44-B190-EB11-80FF-509A4C8C9FAC	29/03/2021	5	19354300	18800450	145000	193690	215160	0	0	50	45	21	2	10919354.84	4651335.91	0	6	7	150	0.81	0	26	3229759.25	system	07:41.1	system	NULL	4
ICOOL Bình Phú	A6C45438-B090-EB11-80FF-509A4C8C9FAC	29/03/2021	6	30043800	28658920	1030600	191650	162630	0	0	101	58	26	2	21645161.29	6588377.58	0	6	10.77	280	1.08	0	24	425381.13	system	00:10.9	system	NULL	4
ICOOL D??ng Bá Tr?c	F107E07F-B090-EB11-80FF-509A4C8C9FAC	29/03/2021	7	48737500	47350510	1386990	0	0	0	11130000	108	93	35	1	15613936.87	10261956.3	800000	11	2.86	100	1.35	0	26	33404616.83	system	02:10.9	system	NULL	4
ICOOL Nguy?n S?n	844988B5-B090-EB11-80FF-509A4C8C9FAC	29/03/2021	9	30421500	29356100	288750	0	776650	256770	7530000	83	59	23	1	9582580.65	7398664.92	0	13	6.52	150	1.53	0	15	20161624.43	system	03:40.9	system	NULL	4
ICOOL Ung V?n Khiêm	A09C1AA9-7A91-EB11-80FF-509A4C8C9FAC	30/03/2021	1	79507100	78553020	954080	0	0	389630	0	295	139	61	3	22280225.81	15738853.64	0	25	4.92	300	1.69	0	36	40923570.55	system	09:18.4	system	NULL	4
ICOOL Thành Thái	27398761-7A91-EB11-80FF-509A4C8C9FAC	30/03/2021	10	64598000	61533620	1560860	0	1503520	99380	10090000	189	145	50	10	19791149.19	13464706.63	161000	16	0.02	1	1.79	0	28	38628144.18	system	07:18.3	system	NULL	4
ICOOL Nguy?n Trãi	47B22AF6-7991-EB11-80FF-509A4C8C9FAC	30/03/2021	11	9041800	8856530	42600	0	142670	0	0	25	26	11	1	3496782.94	1784189.53	0	2	11.82	130	0.69	0	16	3575557.53	system	04:18.2	system	NULL	4
ICOOL M?c ??nh Chi	BFC068D2-7991-EB11-80FF-509A4C8C9FAC	30/03/2021	12	72650800	71556765	627555	0	466480	403950	0	208	129	48	6	15516129.03	14447138.62	0	8	6.25	300	2.29	0	21	41997447.35	system	03:18.2	system	NULL	4
ICOOL Tr?n Bình Tr?ng	C0C35285-7A91-EB11-80FF-509A4C8C9FAC	30/03/2021	13	27230700	25946375	581525	0	702800	0	0	63	66	23	5	6491790.23	4788882.62	120000	9	9.13	210	1.35	0	17	14785702.15	system	08:18.4	system	NULL	4
ICOOL Cách M?ng Tháng 8	85DCF878-7991-EB11-80FF-509A4C8C9FAC	30/03/2021	14	76528100	74502425	858075	0	1167600	805520	0	164	137	48	6	20435483.87	13787785.48	64000	18	6	300	1.71	0	28	41148675.65	system	00:48.2	system	NULL	4
ICOOL C?u Ch? Y	C350D58A-7991-EB11-80FF-509A4C8C9FAC	30/03/2021	16	8368000	8288000	80000	0	0	0	0	30	23	11	1	5451612.9	4304467.38	0	5	7	80	0.79	0	14	-1468080.28	system	01:18.1	system	NULL	4
ICOOL Nh? Thiên ???ng	D530F919-7A91-EB11-80FF-509A4C8C9FAC	30/03/2021	17	22441100	21945360	330900	0	164840	0	6720000	44	24	15	2	9800000	5929718.9	0	2	8.67	130	0.94	0	16	12935641.1	system	05:18.3	system	NULL	4
ICOOL Tr?n Não	70E13397-7A91-EB11-80FF-509A4C8C9FAC	30/03/2021	18	82757800	81946650	313750	0	497400	211500	0	241	245	54	4	16096774.19	18984958.01	0	32	4.26	230	2.7	0	20	47076417.79	system	08:48.4	system	NULL	4
ICOOL Nguy?n Tri Ph??ng	33941408-7A91-EB11-80FF-509A4C8C9FAC	30/03/2021	19	13084800	12192500	803400	0	88900	0	0	42	58	20	1	8038064.52	2215685	0	2	7	140	1.25	0	16	1938750.48	system	04:48.2	system	NULL	4
ICOOL ??ng ?en	C887BB9C-7991-EB11-80FF-509A4C8C9FAC	30/03/2021	22	31537100	30151890	274000	152850	958360	0	0	172	92	32	2	10130000	6228170.96	0	12	5.94	190	1.28	0	25	13793719.04	system	01:48.1	system	NULL	4
ICOOL Phan Chu Trinh	7542DA2B-7A91-EB11-80FF-509A4C8C9FAC	30/03/2021	23	21919400	21163860	439000	176290	140250	0	0	46	42	18	0	4964516.13	5057104.26	0	4	7.22	130	1.29	0	14	11142239.61	system	05:48.3	system	NULL	4
ICOOL Phan Xích Long	B75AC73D-7A91-EB11-80FF-509A4C8C9FAC	30/03/2021	24	81431200	79355515	1291655	0	784030	201910	0	190	204	57	6	14032258.06	15979721.21	85000	22	2.28	130	2.28	0	25	49630445.73	system	06:18.3	system	NULL	4
ICOOL V?ng Tàu	0921FABA-7A91-EB11-80FF-509A4C8C9FAC	30/03/2021	25	5714000	5714000	0	0	0	0	0	23	13	6	1	6209677.42	7420330.91	6720390	2	23.33	140	0.35	0	17	-1195618.33	system	09:48.4	system	NULL	4
ICOOL Phú Qu?c	D44BA34F-7A91-EB11-80FF-509A4C8C9FAC	30/03/2021	26	649500	395250	254250	0	0	0	698300	2	2	1	0	13354838.71	124179	0	0	9	9	0.04	0	25	-12385467.71	system	06:48.3	system	NULL	4
ICOOL Xô Vi?t Ngh? T?nh	BD9FE4CC-7A91-EB11-80FF-509A4C8C9FAC	30/03/2021	4	34907100	34578575	99000	64325	165200	149880	0	91	74	32	5	9176999.77	22811541.37	15600000	12	6.25	200	1.1	0	29	18339913.86	system	10:18.4	system	NULL	4
ICOOL Tô Ký	45947073-7A91-EB11-80FF-509A4C8C9FAC	30/03/2021	5	21247300	20786280	199500	0	261520	0	2500000	38	52	17	1	10919354.84	5422579.58	34686	1	8.82	150	0.65	0	26	6979031.58	system	07:48.4	system	NULL	4
ICOOL Bình Phú	EA9E1867-7991-EB11-80FF-509A4C8C9FAC	30/03/2021	6	39714600	38092200	1119000	0	503400	0	5210000	97	76	33	7	21645161.29	8771010.05	0	8	8.48	280	1.38	0	24	12886028.66	system	00:18.2	system	NULL	4
ICOOL D??ng Bá Tr?c	0D82A7AE-7991-EB11-80FF-509A4C8C9FAC	30/03/2021	7	89361200	85913710	2740230	58700	648560	181100	0	185	182	67	10	15613936.87	16782077.7	295000	15	1.49	100	2.58	0	26	53993795.43	system	02:18.2	system	NULL	4
ICOOL Nguy?n S?n	347C4BE4-7991-EB11-80FF-509A4C8C9FAC	30/03/2021	9	22765000	22596560	110260	0	58180	0	0	63	48	17	0	9582580.65	5637333.34	0	8	8.82	150	1.13	0	15	7376646.02	system	03:48.2	system	NULL	4
ICOOL Ung V?n Khiêm	E5B899E7-4392-EB11-80FF-509A4C8C9FAC	31/03/2021	1	116920100	115218610	1028000	0	673490	794400	0	377	193	80	7	22280225.81	22546271.04	450062	31	3.75	300	2.22	0	36	71636575.16	system	09:52.1	system	NULL	4
ICOOL Thành Thái	4AD004A0-4392-EB11-80FF-509A4C8C9FAC	31/03/2021	10	61047800	60119840	753060	0	174900	0	0	219	183	48	8	19791149.19	42752715.08	16250252	19	0.02	1	1.71	0	28	13826227.73	system	07:52.0	system	NULL	4
ICOOL Nguy?n Trãi	73D8AA34-4392-EB11-80FF-509A4C8C9FAC	31/03/2021	11	14316900	13967980	248100	0	100820	0	0	33	46	18	2	3496782.94	11140668.6	8440314.58	4	7.22	130	1.13	0	16	7770843.04	system	04:51.9	system	NULL	4
ICOOL M?c ??nh Chi	E1A5E210-4392-EB11-80FF-509A4C8C9FAC	31/03/2021	12	71777300	69558875	1436555	0	781870	798893	0	219	122	46	5	15516129.03	22909763.63	9714505.66	13	6.52	300	2.19	0	21	41646381	system	03:51.9	system	NULL	4
ICOOL Tr?n Bình Tr?ng	180CD0C3-4392-EB11-80FF-509A4C8C9FAC	31/03/2021	13	35109900	33338300	953930	0	817670	0	0	74	85	31	3	6491790.23	6844859.25	0	5	6.77	210	1.82	0	17	20001650.52	system	08:52.1	system	NULL	4
ICOOL Cách M?ng Tháng 8	606675B7-4292-EB11-80FF-509A4C8C9FAC	31/03/2021	14	71655000	70679960	798540	73300	103200	161760	0	169	161	51	6	20435483.87	38765990.09	26663935.34	9	5	280	1.82	0	28	38304181.38	system	01:21.8	system	NULL	4
ICOOL C?u Ch? Y	65BA51C9-4292-EB11-80FF-509A4C8C9FAC	31/03/2021	16	15417400	15268400	149000	0	0	0	0	44	41	16	1	5451612.9	6508350.77	0	1	5	80	1.14	0	14	3308436.33	system	01:51.8	system	NULL	4
ICOOL Nh? Thiên ???ng	D6567258-4392-EB11-80FF-509A4C8C9FAC	31/03/2021	17	18842900	18413320	39870	0	389710	112149	0	63	38	19	2	9800000	18021605.71	14542915	2	7.37	140	1.19	0	16	5246778.29	system	05:51.9	system	NULL	4
ICOOL Tr?n Não	73F1B8D5-4392-EB11-80FF-509A4C8C9FAC	31/03/2021	18	71064800	70230260	724120	0	110420	495700	0	181	207	50	3	16096774.19	14388503.23	23500	19	4.2	210	2.5	0	20	40264182.57	system	09:22.1	system	NULL	4
ICOOL Nguy?n Tri Ph??ng	A71C9146-4392-EB11-80FF-509A4C8C9FAC	31/03/2021	19	21947500	20858820	865900	0	222780	0	0	74	74	25	0	8038064.52	5013647.53	0	3	5.6	140	1.56	0	16	7807107.95	system	05:21.9	system	NULL	4
ICOOL ??ng ?en	103632DB-4292-EB11-80FF-509A4C8C9FAC	31/03/2021	22	41282300	40366020	590800	0	325480	134500	0	119	134	38	8	10130000	27767825.05	19502678	15	4.47	170	1.52	0	25	22105372.95	system	02:21.8	system	NULL	4
ICOOL Phan Chu Trinh	4CF0546A-4392-EB11-80FF-509A4C8C9FAC	31/03/2021	23	26220800	25595165	249000	0	376635	0	910000	54	42	19	1	4964516.13	13699606.14	8201859.66	2	6.84	130	1.36	0	14	16042902.39	system	06:21.9	system	NULL	4
ICOOL Phan Xích Long	4B98357C-4392-EB11-80FF-509A4C8C9FAC	31/03/2021	24	76889700	72008785	860970	0	4019945	262048	0	157	187	47	12	14032258.06	40068769.3	25341324	27	2.77	130	1.88	0	25	43511129.64	system	06:51.9	system	NULL	4
ICOOL V?ng Tàu	E2157BF9-4392-EB11-80FF-509A4C8C9FAC	31/03/2021	25	10028800	9833820	155900	39080	0	0	0	46	13	10	0	6209677.42	2309584.43	0	3	10	100	0.59	0	17	1314558.15	system	10:22.1	system	NULL	4
ICOOL Phú Qu?c	83471B8E-4392-EB11-80FF-509A4C8C9FAC	31/03/2021	26	16040100	10950250	5089850	0	0	0	0	20	21	6	0	13354838.71	6905409.38	3181582.28	0	1.5	9	0.24	0	25	-6128415.81	system	07:22.0	system	NULL	4
ICOOL Xô Vi?t Ngh? T?nh	0FFF5A0B-4492-EB11-80FF-509A4C8C9FAC	31/03/2021	4	43823600	43168977	496503	0	158120	0	0	139	91	39	4	9176999.77	72148265.54	62758834.68	18	5.13	200	1.34	0	29	24602546.37	system	10:52.1	system	NULL	4
ICOOL Tô Ký	718CE4B1-4392-EB11-80FF-509A4C8C9FAC	31/03/2021	5	25770700	24873324	613821	88755	194800	0	0	69	58	23	1	10919354.84	5757562.43	0	3	7.39	170	0.88	0	26	8196406.73	system	08:22.0	system	NULL	4
ICOOL Bình Phú	BBE292A5-4292-EB11-80FF-509A4C8C9FAC	31/03/2021	6	50260900	48424070	1743310	0	93520	0	0	88	98	34	2	21645161.29	11052867.72	149000	5	8.24	280	1.42	0	24	15875040.99	system	00:51.8	system	NULL	4
ICOOL D??ng Bá Tr?c	149D19ED-4292-EB11-80FF-509A4C8C9FAC	31/03/2021	7	63648400	62576240	851005	44475	176680	0	0	153	129	50	5	15613936.87	12378957.26	1001800	11	2	100	1.92	0	26	35585145.87	system	02:51.8	system	NULL	4
ICOOL Nguy?n S?n	DDE5C322-4392-EB11-80FF-509A4C8C9FAC	31/03/2021	9	25113700	24389570	580000	0	144130	0	0	78	61	23	0	9582580.65	9058194.45	3538681.83	12	6.52	150	1.53	0	15	9287476.73	system	04:21.9	system	NULL	4
ICOOL Ung V?n Khiêm	91B358F3-0C93-EB11-80FF-509A4C8C9FAC	01/04/2021	1	108361500	105191148	1739917	30805	1399630	1013390	0	392	168	78	3	23799500	22917647.75	875754	29	3	300	2.17	0	36	60363144.25	system	09:00.6	system	NULL	4
ICOOL Thành Thái	F85AD4AB-0C93-EB11-80FF-509A4C8C9FAC	01/04/2021	10	68729500	67311776	1082869	141450	193405	372050	0	243	171	62	10	23105266.67	16156466.57	255150	27	3	237	2.21	0	28	28677242.76	system	07:00.7	system	NULL	4
ICOOL Nguy?n Trãi	8C5A7040-0C93-EB11-80FF-509A4C8C9FAC	01/04/2021	11	17429700	16397960	908050	0	123690	0	0	39	46	19	2	5906609.71	3217316.33	0	3	6	120	1.19	0	16	7274033.96	system	04:00.5	system	NULL	4
ICOOL M?c ??nh Chi	E9F6B41C-0C93-EB11-80FF-509A4C8C9FAC	01/04/2021	12	63767400	62452425	1048380	22865	243730	162500	0	182	125	45	6	16440000	12057299.82	0	16	6	300	2.14	0	21	34117625.18	system	03:00.5	system	NULL	4
ICOOL Tr?n Bình Tr?ng	9D7191CF-0C93-EB11-80FF-509A4C8C9FAC	01/04/2021	13	37745700	35929850	1128840	0	687010	0	0	99	95	33	7	9755466.67	11958196.68	4339108	8	5.15	170	1.94	0	17	18555294.65	system	08:00.6	system	NULL	4
ICOOL Cách M?ng Tháng 8	2CA03EC3-0B93-EB11-80FF-509A4C8C9FAC	01/04/2021	14	53905800	51788315	1606895	132250	378340	229860	325000	120	102	40	4	21450000.01	9250411.15	42000	12	7	280	1.43	0	28	21684763.84	system	00:30.4	system	NULL	4
ICOOL C?u Ch? Y	4BEB1CD5-0B93-EB11-80FF-509A4C8C9FAC	01/04/2021	16	12393000	12351100	41900	0	0	0	0	33	24	11	2	10633333.36	6906264.91	0	7	7	80	0.79	0	14	-5188498.27	system	01:00.4	system	NULL	4
ICOOL Nh? Thiên ???ng	751B3764-0C93-EB11-80FF-509A4C8C9FAC	01/04/2021	17	15271700	14955075	113545	0	203080	0	0	34	25	13	1	10126666.66	3629417.6	0	1	11	150	0.81	0	16	1198990.74	system	05:00.5	system	NULL	4
ICOOL Tr?n Não	8C2777E1-0C93-EB11-80FF-509A4C8C9FAC	01/04/2021	18	98395701	97633540.9	443660	0	318500.1	799040	0	222	214	57	4	16633333.34	22877011.54	21195	15	4	250	2.85	0	20	58943431.02	system	08:30.6	system	NULL	4
ICOOL Nguy?n Tri Ph??ng	9EEA5352-0C93-EB11-80FF-509A4C8C9FAC	01/04/2021	19	25240000	23971260	603400	0	665340	0	0	80	89	27	1	9670000	5345069.72	0	1	4	130	1.69	0	16	8956190.28	system	04:30.5	system	NULL	4
ICOOL ??ng ?en	746B1CE7-0B93-EB11-80FF-509A4C8C9FAC	01/04/2021	22	43702100	42943750	250000	112650	395700	0	0	123	105	32	4	13614000	9787616.44	152000	16	6	210	1.28	0	25	19694133.56	system	01:30.6	system	NULL	4
ICOOL Phan Chu Trinh	82181D76-0C93-EB11-80FF-509A4C8C9FAC	01/04/2021	23	18192700	17950500	193500	0	48700	0	0	44	42	21	0	6901866.67	3153813.76	0	9	6.19	130	1.5	0	14	7894819.57	system	05:30.5	system	NULL	4
ICOOL Phan Xích Long	45DF0388-0C93-EB11-80FF-509A4C8C9FAC	01/04/2021	24	76902500	74893775	1414855	0	593870	0	0	179	250	58	8	14500000	15712163.25	188416.67	48	4	280	2.32	0	25	44870028.42	system	06:00.6	system	NULL	4
ICOOL V?ng Tàu	E8EF3C05-0D93-EB11-80FF-509A4C8C9FAC	01/04/2021	25	13211400	12906280	305120	0	0	87740	0	40	37	11	0	6566666.67	2894764.91	0	2	13	150	0.65	0	17	3532588.42	system	09:30.7	system	NULL	4
ICOOL Phú Qu?c	87DEE799-0C93-EB11-80FF-509A4C8C9FAC	01/04/2021	26	5465000	3445650	2019350	0	0	0	0	13	11	4	0	12933333.33	979510.06	0	0	2	9	0.16	0	25	-10467193.39	system	06:30.6	system	NULL	4
ICOOL Xô Vi?t Ngh? T?nh	90842217-0D93-EB11-80FF-509A4C8C9FAC	01/04/2021	4	57093600	55811625	704805	0	577170	0	0	137	106	48	9	12916666.67	12941652.11	0	21	4	200	1.66	0	29	29953306.22	system	10:00.7	system	NULL	4
ICOOL Tô Ký	3A01ADBD-0C93-EB11-80FF-509A4C8C9FAC	01/04/2021	5	17916400	17164260	508770	0	243370	0	0	53	44	20	1	11283333.35	4306901.34	0	6	8	170	0.77	0	26	1574025.31	system	07:30.6	system	NULL	4
ICOOL Bình Phú	08F962B1-0B93-EB11-80FF-509A4C8C9FAC	01/04/2021	6	46094300	45669875	366300	58125	0	0	0	142	89	37	5	3833333.34	9783629.48	0	5	4	180	1.54	0	24	32052912.18	system	00:00.5	system	NULL	4
ICOOL D??ng Bá Tr?c	93BDE7F8-0B93-EB11-80FF-509A4C8C9FAC	01/04/2021	7	75139000	73126635	1465595	45320	501450	0	0	194	117	56	8	16166666.66	18675065.88	3533723.96	19	6	340	2.15	0	26	41818626.42	system	02:00.5	system	NULL	4
ICOOL Nguy?n S?n	BE8C8C2E-0C93-EB11-80FF-509A4C8C9FAC	01/04/2021	9	38666400	37139755	150085	0	1376560	0	160000	111	91	33	5	10582583.33	9241694.53	0	19	4.24	140	2.2	0	15	17475477.14	system	03:30.5	system	NULL	4
ICOOL Ung V?n Khiêm	1118413F-D693-EB11-80FF-509A4C8C9FAC	02/04/2021	1	114909600	110433500	1527300	0	2948800	848500	0	327	220	69	2	23799500	23921082.21	0	24	4	300	1.86	0	37	63561417.79	system	09:56.8	system	NULL	4
ICOOL Thành Thái	3576ACF7-D593-EB11-80FF-509A4C8C9FAC	02/04/2021	10	83995300	82028885	1019315	86250	860850	769893	0	259	193	63	9	23105266.67	15704339.01	235050	37	4	268	2.25	0	28	44224222.32	system	07:56.7	system	NULL	4
ICOOL Nguy?n Trãi	465D4A8C-D593-EB11-80FF-509A4C8C9FAC	02/04/2021	11	29360400	28204315	928285	0	227800	0	0	50	74	24	3	5906609.71	5666855.19	42000	4	5	140	1.5	0	16	16672850.1	system	04:56.6	system	NULL	4
ICOOL M?c ??nh Chi	ED7D8668-D593-EB11-80FF-509A4C8C9FAC	02/04/2021	12	87550500	85147315	1673325	0	729860	636602.5	0	239	139	45	7	16440000	15858090.15	230400	11	6	280	2.05	0	22	53716227.35	system	03:56.6	system	NULL	4
ICOOL Tr?n Bình Tr?ng	150D751B-D693-EB11-80FF-509A4C8C9FAC	02/04/2021	13	46668500	44952385	768415	0	947700	0	0	117	136	37	3	9755466.67	8007921.06	510000	15	4.59	170	2.18	0	17	27698997.28	system	08:56.8	system	NULL	4
ICOOL Cách M?ng Tháng 8	1E431F0F-D593-EB11-80FF-509A4C8C9FAC	02/04/2021	14	117789900	114763230	1698700	33970	1294000	639460	0	232	237	70	12	21450000.01	18555699.24	48000	17	5	350	2.5	0	28	75444990.75	system	01:26.6	system	NULL	4
ICOOL C?u Ch? Y	4CFDF120-D593-EB11-80FF-509A4C8C9FAC	02/04/2021	16	11415700	11117500	298200	0	0	0	0	36	31	10	1	10633333.36	5005476.38	0	2	8	80	0.71	0	14	-4521309.74	system	01:56.5	system	NULL	4
ICOOL Nh? Thiên ???ng	F29B13B0-D593-EB11-80FF-509A4C8C9FAC	02/04/2021	17	25288500	23759036	1186934	0	342530	0	0	40	32	14	0	10126666.66	4537077.08	0	2	12	170	0.88	0	16	9095292.26	system	05:56.6	system	NULL	4
ICOOL Tr?n Não	F81C502D-D693-EB11-80FF-509A4C8C9FAC	02/04/2021	18	96156700	93897112	1689168	172520	397900	860700	0	224	274	53	5	16633333.34	19316382.06	0	20	4	260	2.65	0	20	58808096.6	system	09:26.7	system	NULL	4
ICOOL Nguy?n Tri Ph??ng	8E8D309E-D593-EB11-80FF-509A4C8C9FAC	02/04/2021	19	21718200	21260080	290000	0	168120	0	0	62	59	24	2	9670000	3289844.43	0	3	5	140	1.5	0	16	8300235.57	system	05:26.6	system	NULL	4
ICOOL ??ng ?en	6987D832-D593-EB11-80FF-509A4C8C9FAC	02/04/2021	22	61366400	60202670	756560	0	407170	70870	0	167	137	48	5	13614000	10327377.58	0	18	4	210	1.92	0	25	36332162.42	system	02:26.5	system	NULL	4
ICOOL Phan Chu Trinh	587EFFC1-D593-EB11-80FF-509A4C8C9FAC	02/04/2021	23	31160900	29489165	1671735	0	0	0	0	80	56	28	5	6901866.67	5261956.44	0	8	4.64	130	2	0	14	17325341.9	system	06:26.7	system	NULL	4
ICOOL Phan Xích Long	035FE4D3-D593-EB11-80FF-509A4C8C9FAC	02/04/2021	24	103888500	101341075	1423355	0	1124070	1021600	0	223	285	63	4	14500000	18395320.79	0	28	4	280	2.52	0	25	69467354.21	system	06:56.7	system	NULL	4
ICOOL V?ng Tàu	16C61D51-D693-EB11-80FF-509A4C8C9FAC	02/04/2021	25	7925500	7925500	0	0	0	0	140000	36	30	10	0	6566666.67	1429046.58	0	4	15	150	0.59	0	17	69786.75	system	10:26.8	system	NULL	4
ICOOL Phú Qu?c	1D37C3E5-D593-EB11-80FF-509A4C8C9FAC	02/04/2021	26	5647600	4661800	985800	0	0	0	0	21	4	4	0	12933333.33	1229680.24	0	0	2	11	0.16	0	25	-9501213.57	system	07:26.7	system	NULL	4
ICOOL Xô Vi?t Ngh? T?nh	37A70063-D693-EB11-80FF-509A4C8C9FAC	02/04/2021	4	48935200	48071400	863800	0	0	468920	0	130	114	43	6	12916666.67	9659201.15	0	9	5	230	1.48	0	29	25964452.18	system	10:56.8	system	NULL	4
ICOOL Tô Ký	12D08B09-D693-EB11-80FF-509A4C8C9FAC	02/04/2021	5	27849300	26296981	1270704	86085	195530	0	0	55	57	23	1	11283333.35	6601729.06	0	2	6	160	0.88	0	26	8411918.59	system	08:26.7	system	NULL	4
ICOOL Bình Phú	98412FFD-D493-EB11-80FF-509A4C8C9FAC	02/04/2021	6	73643400	71077931	2298069	76150	191250	0	0	191	150	56	7	3833333.34	14735161.59	0	15	3	190	2.33	0	24	52509436.07	system	00:56.5	system	NULL	4
ICOOL D??ng Bá Tr?c	149CBB44-D593-EB11-80FF-509A4C8C9FAC	02/04/2021	7	99622800	97657360	1442830	60650	461960	441140	100000	241	239	66	10	16166666.66	17459524.42	0	18	5	340	2.54	0	26	64572308.92	system	02:56.5	system	NULL	4
ICOOL Nguy?n S?n	7AC8637A-D593-EB11-80FF-509A4C8C9FAC	02/04/2021	9	23109200	23034230	74970	0	0	133140	0	65	49	19	2	10582583.33	7225933.1	2345645	12	8.42	160	1.27	0	15	7704498.56	system	04:26.6	system	NULL	4
ICOOL Ung V?n Khiêm	361EF769-9F94-EB11-80FF-509A4C8C9FAC	03/04/2021	1	165340100	164018160	1110940	0	211000	131500	0	528	293	110	4	23799500	32043642.37	100000	47	2	300	2.97	0	37	108406517.6	system	09:57.3	system	NULL	4
ICOOL Thành Thái	F7786622-9F94-EB11-80FF-509A4C8C9FAC	03/04/2021	10	105557400	103529959	1548521	0	478920	407040	0	345	231	82	6	23105266.67	22051913.77	349200	41	3	264	2.93	0	28	59129018.56	system	07:57.3	system	NULL	4
ICOOL Nguy?n Trãi	053702B7-9E94-EB11-80FF-509A4C8C9FAC	03/04/2021	11	37285201	36687576	260595	0	337030	0	0	82	97	35	5	5906609.71	7257693.01	0	6	4	140	2.19	0	16	23523273.28	system	04:57.1	system	NULL	4
ICOOL M?c ??nh Chi	49514493-9E94-EB11-80FF-509A4C8C9FAC	03/04/2021	12	84531700	82298950	2048255	58995	125500	409737.5	0	218	140	52	5	16440000	15383285.2	0	18	5	290	2.36	0	22	50885402.3	system	03:57.1	system	NULL	4
ICOOL Tr?n Bình Tr?ng	75382C46-9F94-EB11-80FF-509A4C8C9FAC	03/04/2021	13	50962100	48783760	1475600	158040	544700	0	200000	97	146	40	2	9755466.67	8506194.29	0	6	4.25	170	2.35	0	17	30722099.04	system	08:57.3	system	NULL	4
ICOOL Cách M?ng Tháng 8	346AC739-9E94-EB11-80FF-509A4C8C9FAC	03/04/2021	14	124566400	120301695	2347310	113225	1804170	394314.5	0	269	244	89	9	21450000.01	21328300.01	940800	25	3	350	3.18	0	28	78858509.48	system	01:27.0	system	NULL	4
ICOOL C?u Ch? Y	D7A5A64B-9E94-EB11-80FF-509A4C8C9FAC	03/04/2021	16	30837700	29484454	527746	0	825500	0	0	66	62	22	1	10633333.36	12600954.01	0	1	3	80	1.57	0	14	6250166.63	system	01:57.0	system	NULL	4
ICOOL Nh? Thiên ???ng	0761D0DA-9E94-EB11-80FF-509A4C8C9FAC	03/04/2021	17	47623200	46299230	574250	0	749720	0	0	90	73	31	2	10126666.66	11003016.36	0	2	5	170	1.94	0	16	25169546.98	system	05:57.2	system	NULL	4
ICOOL Tr?n Não	F1A81558-9F94-EB11-80FF-509A4C8C9FAC	03/04/2021	18	123868000	122318535	1004410	157325	387730	406300	0	338	346	82	7	16633333.34	23367614.78	0	22	3	260	4.1	0	20	82723886.88	system	09:27.3	system	NULL	4
ICOOL Nguy?n Tri Ph??ng	5724EEC8-9E94-EB11-80FF-509A4C8C9FAC	03/04/2021	19	43225500	42504460	435000	0	286040	0	0	122	127	43	2	9670000	7470591.67	0	9	3	140	2.69	0	16	25363868.33	system	05:27.2	system	NULL	4
ICOOL ??ng ?en	3767925D-9E94-EB11-80FF-509A4C8C9FAC	03/04/2021	22	106422400	104319900	980710	0	1121790	0	0	322	260	68	12	13614000	21760709.74	112000	19	3	210	2.72	0	25	69057190.26	system	02:27.1	system	NULL	4
ICOOL Phan Chu Trinh	B50FB2EC-9E94-EB11-80FF-509A4C8C9FAC	03/04/2021	23	47505500	47001085	220055	60340	224020	0	0	101	86	38	5	6901866.67	8884224.35	0	13	3.42	130	2.71	0	14	31214993.98	system	06:27.2	system	NULL	4
ICOOL Phan Xích Long	16ED99FE-9E94-EB11-80FF-509A4C8C9FAC	03/04/2021	24	119991800	118459080	783725	109450	639545	325980	0	250	307	71	13	14500000	22356451.93	0	37	3	280	2.84	0	25	81928608.07	system	06:57.2	system	NULL	4
ICOOL V?ng Tàu	FCD2D27B-9F94-EB11-80FF-509A4C8C9FAC	03/04/2021	25	45899800	45030755	503525	0	365520	0	0	139	129	41	2	6566666.67	9837951.13	0	15	3	160	2.41	0	17	28626137.2	system	10:27.3	system	NULL	4
ICOOL Phú Qu?c	E7E87E10-9F94-EB11-80FF-509A4C8C9FAC	03/04/2021	26	7794100	5562500	2231600	0	0	0	0	19	12	4	2	12933333.33	1202288.19	0	1	2	11	0.16	0	25	-8573121.52	system	07:27.2	system	NULL	4
ICOOL Xô Vi?t Ngh? T?nh	1CA0C28D-9F94-EB11-80FF-509A4C8C9FAC	03/04/2021	4	106152600	103867050	1558440	0	727110	0	0	256	189	76	8	12916666.67	22819223.36	0	25	3	230	2.62	0	29	68131159.97	system	10:57.4	system	NULL	4
ICOOL Tô Ký	268B4734-9F94-EB11-80FF-509A4C8C9FAC	03/04/2021	5	57734300	55626885	1244315	185710	677390	190062	0	129	122	47	2	11283333.35	13193751.15	100000	6	3	160	1.81	0	26	31439862.5	system	08:27.3	system	NULL	4
ICOOL Bình Phú	D430EA27-9E94-EB11-80FF-509A4C8C9FAC	03/04/2021	6	114690200	109008225.8	3488183	819601.25	1374190	0	0	281	216	75	6	3833333.33	24063937.88	990000	16	2.8	210	3.13	0	24	82100954.54	system	00:57.0	system	NULL	4
ICOOL D??ng Bá Tr?c	6929716F-9E94-EB11-80FF-509A4C8C9FAC	03/04/2021	7	100154400	96950505	1759115	95150	1349630	0	0	233	192	69	4	16166666.66	17302322.95	0	18	4	340	2.65	0	26	63481515.39	system	02:57.0	system	NULL	4
ICOOL Nguy?n S?n	BF261FA5-9E94-EB11-80FF-509A4C8C9FAC	03/04/2021	9	63721000	62477660	840000	0	403340	0	0	171	147	49	4	10582583.33	14415824.44	67824	21	3.27	160	3.27	0	15	37547076.23	system	04:27.1	system	NULL	4
ICOOL Ung V?n Khiêm	416CA594-6895-EB11-80FF-509A4C8C9FAC	04/04/2021	1	124351300	120626615	3362125	362560	0	211850	0	388	183	76	9	23799500	24757726.29	0	34	3	300	2.05	0	37	72281238.71	system	09:57.8	system	NULL	4
ICOOL Thành Thái	6E3E144D-6895-EB11-80FF-509A4C8C9FAC	04/04/2021	10	81032200	77981990	355150	153120	2541940	0	0	241	220	64	6	23105266.67	15675225.83	255000	41	3	255	2.29	0	28	39456497.5	system	07:57.7	system	NULL	4
ICOOL Nguy?n Trãi	A0F0B8E1-6795-EB11-80FF-509A4C8C9FAC	04/04/2021	11	22668800	21618800	1050000	0	0	0	0	63	74	26	5	5906609.71	3894679.57	165200	5	5	140	1.63	0	16	11982710.72	system	04:57.6	system	NULL	4
ICOOL M?c ??nh Chi	532BF3BD-6795-EB11-80FF-509A4C8C9FAC	04/04/2021	12	72491600	71746100	635000	110500	0	580250	0	217	138	54	3	16440000	11247159.49	0	21	5	270	2.45	0	22	44639190.51	system	03:57.6	system	NULL	4
ICOOL Tr?n Bình Tr?ng	0D1ADA70-6895-EB11-80FF-509A4C8C9FAC	04/04/2021	13	22431700	21501150	290000	0	640550	0	200000	68	74	24	1	9755466.67	3249267.58	0	10	5.83	140	1.41	0	17	8696415.75	system	08:57.7	system	NULL	4
ICOOL Cách M?ng Tháng 8	079D7F64-6795-EB11-80FF-509A4C8C9FAC	04/04/2021	14	77834100	76571070	1168230	0	94800	0	0	170	172	61	7	21450000.01	11399231.06	0	34	5	350	2.18	0	28	43721838.93	system	01:27.5	system	NULL	4
ICOOL C?u Ch? Y	CF8C6476-6795-EB11-80FF-509A4C8C9FAC	04/04/2021	16	16039000	15166710	518150	0	354140	0	0	42	51	15	2	10633333.36	5824840.43	0	8	4	70	1.07	0	14	-1291463.79	system	01:57.5	system	NULL	4
ICOOL Nh? Thiên ???ng	D8E37E05-6895-EB11-80FF-509A4C8C9FAC	04/04/2021	17	28468700	28365000	87385	16315	0	0	0	64	50	25	0	10126666.66	6005182.3	0	5	6	160	1.56	0	16	12233151.04	system	05:57.6	system	NULL	4
ICOOL Tr?n Não	6CD8BA82-6895-EB11-80FF-509A4C8C9FAC	04/04/2021	18	67950600	67616500	118400	0	215700	0	0	160	142	46	6	16633333.34	13193113.22	43999.92	18	5	250	2.3	0	20	37834053.36	system	09:27.7	system	NULL	4
ICOOL Nguy?n Tri Ph??ng	91299DF3-6795-EB11-80FF-509A4C8C9FAC	04/04/2021	19	18098200	18010250	0	0	87950	0	0	55	72	30	2	9670000	2173343.29	0	8	4	120	1.88	0	16	6166906.71	system	05:27.6	system	NULL	4
ICOOL ??ng ?en	90834688-6795-EB11-80FF-509A4C8C9FAC	04/04/2021	22	57606700	56373370	470400	0	762930	0	0	195	164	56	2	13614000	10436115.44	651735	33	3	210	2.24	0	25	32974989.56	system	02:27.5	system	NULL	4
ICOOL Phan Chu Trinh	97D16517-6895-EB11-80FF-509A4C8C9FAC	04/04/2021	23	26790300	26156300	634000	0	0	0	0	80	62	27	4	6901866.67	4997848.1	0	14	4.81	130	1.93	0	14	14256585.23	system	06:27.7	system	NULL	4
ICOOL Phan Xích Long	B5264B29-6895-EB11-80FF-509A4C8C9FAC	04/04/2021	24	82381700	81093650	1288050	0	0	0	0	157	233	62	12	14500000	13315454.35	0	40	4	280	2.48	0	25	53278195.65	system	06:57.7	system	NULL	4
ICOOL V?ng Tàu	6D2C83A6-6895-EB11-80FF-509A4C8C9FAC	04/04/2021	25	26845500	26738500	0	0	107000	0	0	71	59	21	0	6566666.67	6602288.52	0	10	5	120	1.24	0	17	13569544.81	system	10:27.8	system	NULL	4
ICOOL Phú Qu?c	C5112C3B-6895-EB11-80FF-509A4C8C9FAC	04/04/2021	26	3011000	2117000	894000	0	0	0	0	5	6	2	0	12933333.33	727869.44	0	0	5	11	0.08	0	25	-11544202.77	system	07:27.7	system	NULL	4
ICOOL Xô Vi?t Ngh? T?nh	361868B8-6895-EB11-80FF-509A4C8C9FAC	04/04/2021	4	73370900	72462737	865823	0	42340	184940	0	187	205	64	5	12916666.67	12219333.4	0	46	3	230	2.21	0	29	47511676.93	system	10:57.8	system	NULL	4
ICOOL Tô Ký	D938F85E-6895-EB11-80FF-509A4C8C9FAC	04/04/2021	5	34845000	34343699	452171	0	49130	0	0	69	71	29	0	11283333.35	7742602	255027	8	5	160	1.12	0	26	15572790.65	system	08:27.7	system	NULL	4
ICOOL Bình Phú	C030A652-6795-EB11-80FF-509A4C8C9FAC	04/04/2021	6	67046900	66703616	326904	0	16380	0	0	220	143	53	6	3833333.33	12901420.92	207972.7	19	3.96	210	2.21	0	24	50176834.45	system	00:57.6	system	NULL	4
ICOOL D??ng Bá Tr?c	A6D52C9A-6795-EB11-80FF-509A4C8C9FAC	04/04/2021	7	58554800	57282345	715030	0	557425	476132.5	0	129	126	39	5	16166666.66	12014375.2	0	21	8	340	1.5	0	26	29577435.64	system	02:57.6	system	NULL	4
ICOOL Nguy?n S?n	0C8ED5CF-6795-EB11-80FF-509A4C8C9FAC	04/04/2021	9	28906800	28290630	200000	28720	387450	0	0	98	97	37	3	10582583.33	5465286.01	0	20	4.32	160	2.47	0	15	12242760.66	system	04:27.6	system	NULL	4
ICOOL Ung V?n Khiêm	3C515EBF-3196-EB11-80FF-509A4C8C9FAC	05/04/2021	1	97060801	94859291	1485080	0	716430	268040	0	294	171	63	4	23799500	21411084.01	938000	26	4	300	1.7	0	37	50854746.99	system	09:58.3	system	NULL	4
ICOOL Thành Thái	89BBD277-3196-EB11-80FF-509A4C8C9FAC	05/04/2021	10	51004200	49386255	447825	97780	1072340	118400	0	173	155	44	6	23105266.67	10197513.39	240000	31	4	191	1.57	0	28	16441874.94	system	07:58.3	system	NULL	4
ICOOL Nguy?n Trãi	056A870C-3196-EB11-80FF-509A4C8C9FAC	05/04/2021	11	4806500	4485060	0	0	321440	0	0	12	15	6	1	5906609.71	754894.95	0	0	20	120	0.38	0	16	-2176444.66	system	04:58.3	system	NULL	4
ICOOL M?c ??nh Chi	DE51B2E8-3096-EB11-80FF-509A4C8C9FAC	05/04/2021	12	55321500	54488690	590210	0	242600	183820	0	126	114	36	1	16440000	15598691.29	4347455	19	6	240	1.64	0	22	26981273.71	system	03:58.1	system	NULL	4
ICOOL Tr?n Bình Tr?ng	C992A19B-3196-EB11-80FF-509A4C8C9FAC	05/04/2021	13	32253400	30049725	1237975	0	965700	0	0	82	87	30	7	9755466.67	7106569.51	0	4	5	150	1.76	0	17	13187688.82	system	08:58.4	system	NULL	4
ICOOL Cách M?ng Tháng 8	875F448F-3096-EB11-80FF-509A4C8C9FAC	05/04/2021	14	96735700	95230845	905005	129050	470800	1338979	0	219	216	59	3	21450000.01	19506902.49	0	18	5	330	2.11	0	28	55612921.5	system	01:28.1	system	NULL	4
ICOOL C?u Ch? Y	707C29A1-3096-EB11-80FF-509A4C8C9FAC	05/04/2021	16	14710400	13782725	513365	0	414310	0	0	41	19	10	0	10633333.36	6143998.24	0	2	6	60	0.71	0	14	-2994606.6	system	01:58.1	system	NULL	4
ICOOL Nh? Thiên ???ng	88683E30-3196-EB11-80FF-509A4C8C9FAC	05/04/2021	17	21125900	20302520	498000	0	325380	0	0	40	39	19	0	10126666.66	5149698.58	0	2	6	130	1.19	0	16	5026154.76	system	05:58.2	system	NULL	4
ICOOL Tr?n Não	4C887DAD-3196-EB11-80FF-509A4C8C9FAC	05/04/2021	18	59144300	58397510	602330	0	144460	218860	0	175	170	40	3	16633333.34	12455245.83	0	17	5	200	2	0	20	29527790.83	system	09:28.3	system	NULL	4
ICOOL Nguy?n Tri Ph??ng	49C75E1E-3196-EB11-80FF-509A4C8C9FAC	05/04/2021	19	20950400	19867410	663200	0	419790	153100	0	68	73	28	2	9670000	3647812.91	0	5	4	120	1.75	0	16	6702697.09	system	05:28.2	system	NULL	4
ICOOL ??ng ?en	A3DA08B3-3096-EB11-80FF-509A4C8C9FAC	05/04/2021	22	33455400	32309410	475600	0	670390	51120	0	100	92	30	3	13614000	6531767.34	150000	21	7	210	1.2	0	25	12364762.66	system	02:28.1	system	NULL	4
ICOOL Phan Chu Trinh	5E842642-3196-EB11-80FF-509A4C8C9FAC	05/04/2021	23	15100300	14635335	464965	0	0	224350	0	37	38	14	2	6901866.67	3414634.77	0	6	7.14	100	1	0	14	4543183.56	system	06:28.2	system	NULL	4
ICOOL Phan Xích Long	2C300C54-3196-EB11-80FF-509A4C8C9FAC	05/04/2021	24	52240400	50343790	67450	0	1829160	197187	0	126	178	44	6	14500000	9181453.87	0	27	6	280	1.76	0	25	26859523.13	system	06:58.3	system	NULL	4
ICOOL V?ng Tàu	457E42D1-3196-EB11-80FF-509A4C8C9FAC	05/04/2021	25	8982100	8982100	0	0	0	0	0	17	14	7	1	6566666.67	1289149.97	38458	0	15	110	0.41	0	17	1164741.36	system	10:28.3	system	NULL	4
ICOOL Phú Qu?c	920AF065-3196-EB11-80FF-509A4C8C9FAC	05/04/2021	26	5832400	4637000	1195400	0	0	0	0	13	9	3	0	12933333.33	1479974.44	0	0	3	9	0.12	0	25	-9776307.77	system	07:28.3	system	NULL	4
ICOOL Xô Vi?t Ngh? T?nh	CC612EE3-3196-EB11-80FF-509A4C8C9FAC	05/04/2021	4	41361500	39927580	950790	369480	113650	0	0	99	72	34	3	12916666.67	8388064.1	0	22	6	230	1.17	0	29	18622849.23	system	10:58.4	system	NULL	4
ICOOL Tô Ký	7209B289-3196-EB11-80FF-509A4C8C9FAC	05/04/2021	5	19389400	18898065	366025	0	125310	0	0	37	51	20	1	11283333.35	3917593.48	0	3	7	140	0.77	0	26	3697138.17	system	08:28.3	system	NULL	4
ICOOL Bình Phú	9B27687D-3096-EB11-80FF-509A4C8C9FAC	05/04/2021	6	47691500	47122630	313570	0	255300	0	0	99	94	30	0	3833333.33	11179295.2	0	9	6	180	1.25	0	24	32110001.47	system	00:58.1	system	NULL	4
ICOOL D??ng Bá Tr?c	FDC6F4C4-3096-EB11-80FF-509A4C8C9FAC	05/04/2021	7	63545300	61409500	1119850	0	1015950	0	0	145	145	45	5	16166666.66	12685554.4	0	14	7	340	1.73	0	26	32557278.94	system	02:58.2	system	NULL	4
ICOOL Nguy?n S?n	425E97FA-3096-EB11-80FF-509A4C8C9FAC	05/04/2021	9	20705200	20511200	194000	0	0	0	0	60	56	21	2	10582583.33	4938212.43	76000	9	5.71	120	1.4	0	15	5066404.24	system	04:28.2	system	NULL	4
ICOOL Ung V?n Khiêm	883BC9CA-FA96-EB11-80FF-509A4C8C9FAC	06/04/2021	1	83169200	80136084	1591866	242650	1198600	175840	0	280	147	61	1	23799500	17068235.76	0	23	4	300	1.65	0	37	39444188.24	system	09:06.3	system	NULL	4
ICOOL Thành Thái	19A43383-FA96-EB11-80FF-509A4C8C9FAC	06/04/2021	10	64169200	62665021	1204794	57295	242090	145200	0	202	193	54	4	23105266.67	14815302.48	180000	20	3	204	1.93	0	28	25069651.85	system	07:06.2	system	NULL	4
ICOOL Nguy?n Trãi	A8076F17-FA96-EB11-80FF-509A4C8C9FAC	06/04/2021	11	13861000	12924000	387360	0	549640	0	0	36	39	11	0	5906609.71	2798429.95	56000	2	10	110	0.69	0	16	4274960.34	system	04:05.4	system	NULL	4
ICOOL M?c ??nh Chi	FD17B3F3-F996-EB11-80FF-509A4C8C9FAC	06/04/2021	12	85385901	83409456	1188845	0	787600	1787510.1	0	195	126	42	3	16440000	17759908.96	86800	18	5	240	1.91	0	22	51083857.14	system	03:05.5	system	NULL	4
ICOOL Tr?n Bình Tr?ng	BC69FAA6-FA96-EB11-80FF-509A4C8C9FAC	06/04/2021	13	23168700	22264010	757100	0	147590	0	0	63	62	25	4	9755466.67	5446660.49	0	9	6	150	1.47	0	17	7061882.84	system	08:06.2	system	NULL	4
ICOOL Cách M?ng Tháng 8	2097419A-F996-EB11-80FF-509A4C8C9FAC	06/04/2021	14	75940100	73206285	1333445	0	1400370	178088	0	155	128	49	2	21450000.01	15520182.68	0	22	6	300	1.75	0	28	36414190.31	system	00:35.4	system	NULL	4
ICOOL C?u Ch? Y	CD7E2CAC-F996-EB11-80FF-509A4C8C9FAC	06/04/2021	16	14789000	14499000	290000	0	0	0	0	45	43	17	3	10633333.36	5263731.86	0	5	4	70	1.21	0	14	-1398065.22	system	01:05.5	system	NULL	4
ICOOL Nh? Thiên ???ng	A327463B-FA96-EB11-80FF-509A4C8C9FAC	06/04/2021	17	7196600	7170245	26355	0	0	0	0	32	11	10	0	10126666.66	1476668.34	0	0	13	130	0.63	0	16	-4433090	system	05:05.5	system	NULL	4
ICOOL Tr?n Não	FF40DCB8-FA96-EB11-80FF-509A4C8C9FAC	06/04/2021	18	80768100	79489915	401030	0	877155	589775	0	208	247	53	4	16633333.34	17873695.34	0	20	3	200	2.65	0	20	45572661.32	system	08:36.2	system	NULL	4
ICOOL Nguy?n Tri Ph??ng	3F595729-FA96-EB11-80FF-509A4C8C9FAC	06/04/2021	19	17017400	15443650	1453750	0	120000	0	0	54	58	23	1	9670000	3585536.91	0	9	4	100	1.44	0	16	2188113.09	system	04:35.4	system	NULL	4
ICOOL ??ng ?en	4DB805BE-F996-EB11-80FF-509A4C8C9FAC	06/04/2021	22	40929000	40138220	790780	0	0	321000	0	120	121	35	4	13614000	8538963.49	0	23	4	170	1.4	0	25	18306256.51	system	01:35.4	system	NULL	4
ICOOL Phan Chu Trinh	3E0A1A4D-FA96-EB11-80FF-509A4C8C9FAC	06/04/2021	23	17908400	16629330	1082000	0	197070	0	0	46	54	15	0	6901866.67	4006218.63	0	7	6	90	1.07	0	14	5721244.7	system	05:35.4	system	NULL	4
ICOOL Phan Xích Long	30A7FD5E-FA96-EB11-80FF-509A4C8C9FAC	06/04/2021	24	69257600	67564550	1183730	0	509320	169040	0	172	196	53	7	14500000	12397097.73	0	11	5	280	2.12	0	25	40836492.27	system	06:05.5	system	NULL	4
ICOOL V?ng Tàu	C82EA3DC-FA96-EB11-80FF-509A4C8C9FAC	06/04/2021	25	9747300	9735200	12100	0	0	0	0	27	30	11	3	6566666.67	2041706.9	33000	4	10	110	0.65	0	17	1159826.43	system	09:36.3	system	NULL	4
ICOOL Phú Qu?c	D4184F71-FA96-EB11-80FF-509A4C8C9FAC	06/04/2021	26	11071200	8563825	2265650	0	241725	0	0	30	13	6	0	12933333.33	2729343.01	0	0	1	9	0.24	0	25	-7098851.34	system	06:36.2	system	NULL	4
ICOOL Xô Vi?t Ngh? T?nh	888F88EE-FA96-EB11-80FF-509A4C8C9FAC	06/04/2021	4	33830533	32719293	941715	23525	146000	0	0	107	97	35	2	12916666.67	6335136.25	209824	17	6	230	1.21	0	29	13677314.08	system	10:06.3	system	NULL	4
ICOOL Tô Ký	2BFF1495-FA96-EB11-80FF-509A4C8C9FAC	06/04/2021	5	24279400	23458700	468390	59760	292550	0	0	71	54	23	1	11283333.35	5855628.67	0	2	5	130	0.88	0	26	6319737.98	system	07:36.2	system	NULL	4
ICOOL Bình Phú	86116188-F996-EB11-80FF-509A4C8C9FAC	06/04/2021	6	38579200	37961580	432120	0	185500	0	0	94	65	29	4	3833333.33	7745035.67	0	6	6.55	190	1.21	0	24	26383211	system	00:05.4	system	NULL	4
ICOOL D??ng Bá Tr?c	1376E8CF-F996-EB11-80FF-509A4C8C9FAC	06/04/2021	7	64595500	63015650	1180850	0	399000	0	0	161	132	52	4	16166666.66	11597756.63	29750	23	6	350	2	0	26	35280976.71	system	02:05.4	system	NULL	4
ICOOL Nguy?n S?n	016B8A05-FA96-EB11-80FF-509A4C8C9FAC	06/04/2021	9	21392500	21215050	177450	0	0	225400	0	73	55	26	2	10582583.33	5137071.19	0	12	5	130	1.73	0	15	5720795.48	system	03:35.4	system	NULL	4
ICOOL Ung V?n Khiêm	06F9F306-C497-EB11-80FF-509A4C8C9FAC	07/04/2021	1	81369500	79744610	1319200	0	305690	76390	0	277	154	62	7	23799500	17598589.53	0	23	4	300	1.68	0	37	38422910.47	system	09:36.1	system	NULL	4
ICOOL Thành Thái	3AC358BF-C397-EB11-80FF-509A4C8C9FAC	07/04/2021	10	51704300	50894051.25	751510	58738.75	0	0	0	204	158	55	6	23105266.67	8933798.82	270000	30	3	169	1.96	0	28	19124985.76	system	07:36.0	system	NULL	4
ICOOL Nguy?n Trãi	BF755554-C397-EB11-80FF-509A4C8C9FAC	07/04/2021	11	17265700	17039340	27950	0	198410	0	0	38	56	18	2	5906609.71	3507028.53	0	5	6	110	1.13	0	16	7625701.76	system	04:36.4	system	NULL	4
ICOOL M?c ??nh Chi	71863130-C397-EB11-80FF-509A4C8C9FAC	07/04/2021	12	75637200	72472645	2232035	0	932520	642920	0	221	153	45	16	16440000	14888378.48	0	13	5	240	2.05	0	22	41787186.52	system	03:35.8	system	NULL	4
ICOOL Tr?n Bình Tr?ng	501B2DE3-C397-EB11-80FF-509A4C8C9FAC	07/04/2021	13	20709600	19926740	531760	0	251100	0	300000	57	66	25	2	9755466.67	4933936.78	923687.18	6	5.6	140	1.47	0	17	6461023.73	system	08:36.1	system	NULL	4
ICOOL Cách M?ng Tháng 8	D813C2D6-C297-EB11-80FF-509A4C8C9FAC	07/04/2021	14	72696900	70662930	1028550	0	1005420	300882.5	0	178	156	58	2	21450000.01	12934673.14	0	17	5	300	2.07	0	28	36579139.35	system	01:05.7	system	NULL	4
ICOOL C?u Ch? Y	6AB5AEE8-C297-EB11-80FF-509A4C8C9FAC	07/04/2021	16	9599900	9034030	261500	0	304370	0	0	28	23	9	0	10633333.36	3729600.53	0	5	6	60	0.64	0	14	-5328903.89	system	01:35.8	system	NULL	4
ICOOL Nh? Thiên ???ng	BDA6C877-C397-EB11-80FF-509A4C8C9FAC	07/04/2021	17	30540500	29563790	321790	0	654920	0	0	59	40	20	2	10126666.66	6995472.06	0	2	7	140	1.25	0	16	12441651.28	system	05:35.9	system	NULL	4
ICOOL Tr?n Não	F35909F5-C397-EB11-80FF-509A4C8C9FAC	07/04/2021	18	61344200	59832730	1248570	0	262900	642200	0	170	172	40	3	16633333.34	13031961.91	0	11	5	220	2	0	20	30809634.75	system	09:06.0	system	NULL	4
ICOOL Nguy?n Tri Ph??ng	0ADEF065-C397-EB11-80FF-509A4C8C9FAC	07/04/2021	19	14962300	13584305	1115500	0	262495	0	0	39	53	18	3	9670000	2535621.34	0	2	6.11	110	1.13	0	16	1378683.66	system	05:06.0	system	NULL	4
ICOOL ??ng ?en	476087FA-C297-EB11-80FF-509A4C8C9FAC	07/04/2021	22	31029400	30170440	749200	62680	47080	0	0	88	114	35	5	13614000	6019561.01	0	20	4	170	1.4	0	25	10536878.99	system	02:05.8	system	NULL	4
ICOOL Phan Chu Trinh	2E63AC89-C397-EB11-80FF-509A4C8C9FAC	07/04/2021	23	25311800	24876080	380360	0	55360	0	0	62	43	22	4	6901866.67	5237372.91	0	7	4.55	100	1.57	0	14	12736840.42	system	06:05.9	system	NULL	4
ICOOL Phan Xích Long	C2D0969B-C397-EB11-80FF-509A4C8C9FAC	07/04/2021	24	76267100	75379200	267500	0	620400	325098	0	190	211	55	10	14500000	14084130.68	0	33	5	280	2.2	0	25	47120167.32	system	06:36.0	system	NULL	4
ICOOL V?ng Tàu	E65BD118-C497-EB11-80FF-509A4C8C9FAC	07/04/2021	25	4691600	4591380	0	0	100220	0	0	12	9	5	0	6566666.67	1237365.64	0	2	22	110	0.29	0	17	-3212652.31	system	10:06.1	system	NULL	4
ICOOL Phú Qu?c	B7B37AAD-C397-EB11-80FF-509A4C8C9FAC	07/04/2021	26	5386600	4141400	1245200	0	0	0	0	14	15	4	2	12933333.33	1228265.05	0	1	2.25	9	0.16	0	25	-10020198.38	system	07:06.0	system	NULL	4
ICOOL Xô Vi?t Ngh? T?nh	573CB42A-C497-EB11-80FF-509A4C8C9FAC	07/04/2021	4	37206100	36639210	566890	0	0	0	0	111	88	32	4	12916666.67	6523113.25	0	11	7	230	1.1	0	29	17199430.08	system	10:36.1	system	NULL	4
ICOOL Tô Ký	2AEA3CD1-C397-EB11-80FF-509A4C8C9FAC	07/04/2021	5	20286600	19282975	401315	65060	537250	0	0	37	48	18	0	11283333.35	4853090.2	0	1	7	140	0.69	0	26	3146551.45	system	08:06.0	system	NULL	4
ICOOL Bình Phú	586DDFC4-C297-EB11-80FF-509A4C8C9FAC	07/04/2021	6	41947200	40369110	1164010	76210	337870	0	0	127	91	33	0	3833333.33	8706633.58	0	9	5.76	190	1.38	0	24	27829143.09	system	00:35.7	system	NULL	4
ICOOL D??ng Bá Tr?c	86AA6B0C-C397-EB11-80FF-509A4C8C9FAC	07/04/2021	7	71672700	69547555	1214105	87190	823850	0	0	171	149	48	3	16166666.66	15092552.69	0	15	7	350	1.85	0	26	38288335.65	system	02:35.8	system	NULL	4
ICOOL Nguy?n S?n	35901442-C397-EB11-80FF-509A4C8C9FAC	07/04/2021	9	29203600	27870380	437250	0	895970	0	0	94	78	32	5	10582583.33	6271126.25	0	11	4.38	140	2.13	0	15	11016670.42	system	04:05.8	system	NULL	4
ICOOL Ung V?n Khiêm	64B49A31-8D98-EB11-80FF-509A4C8C9FAC	08/04/2021	1	109462700	106256200	1810650	59000	1336850	147700	0	384	184	80	8	23799500	22443104.55	0	27	3	300	2.16	0	37	60161295.45	system	09:36.5	system	NULL	4
ICOOL Thành Thái	C2080BEA-8C98-EB11-80FF-509A4C8C9FAC	08/04/2021	10	55285900	52718503	1319737	160710	1086950	0	150000	178	137	57	6	23105266.67	11675865.81	240000	31	3	202	2.04	0	28	18327370.52	system	07:36.4	system	NULL	4
ICOOL Nguy?n Trãi	9163AC7E-8C98-EB11-80FF-509A4C8C9FAC	08/04/2021	11	11079600	10455730	290000	0	333870	0	0	21	32	12	0	5906609.71	2154664.43	0	2	9	110	0.75	0	16	2394455.86	system	04:36.3	system	NULL	4
ICOOL M?c ??nh Chi	724EE95A-8C98-EB11-80FF-509A4C8C9FAC	08/04/2021	12	75755800	73417395	1099325	0	1239080	759290	0	191	140	40	9	16440000	14527533.1	0	16	6	250	1.82	0	22	43209151.9	system	03:36.3	system	NULL	4
ICOOL Tr?n Bình Tr?ng	DE20C90D-8D98-EB11-80FF-509A4C8C9FAC	08/04/2021	13	46782700	44797355.25	1486645	67429.75	431270	0	0	111	105	38	3	9755466.67	9951340.87	0	8	4.21	160	2.24	0	17	25090547.72	system	08:36.4	system	NULL	4
ICOOL Cách M?ng Tháng 8	18A07701-8C98-EB11-80FF-509A4C8C9FAC	08/04/2021	14	83258400	80662490	2309830	71400	214680	327450	230000	215	194	61	9	21450000.01	14957350.43	0	20	5	330	2.18	0	28	44812589.56	system	01:06.2	system	NULL	4
ICOOL C?u Ch? Y	E7CC5113-8C98-EB11-80FF-509A4C8C9FAC	08/04/2021	16	10846700	10397780	394000	0	54920	0	0	31	24	10	2	10633333.37	4297123.67	0	2	7	70	0.71	0	14	-4532677.04	system	01:36.2	system	NULL	4
ICOOL Nh? Thiên ???ng	D1D672A2-8C98-EB11-80FF-509A4C8C9FAC	08/04/2021	17	16646200	15804860	300000	0	541340	0	0	37	26	15	0	10126666.66	3892688.77	49000	2	8	130	0.94	0	16	1834504.57	system	05:36.3	system	NULL	4
ICOOL Tr?n Não	63B8B01F-8D98-EB11-80FF-509A4C8C9FAC	08/04/2021	18	90002401	85946820.9	1723780	101000	2230800.1	195840	0	321	173	56	6	16633333.34	20016892.59	23500	21	4	230	2.8	0	20	49515934.97	system	09:06.4	system	NULL	4
ICOOL Nguy?n Tri Ph??ng	2C9D9190-8C98-EB11-80FF-509A4C8C9FAC	08/04/2021	19	18285900	17438710	412550	0	434640	171770	0	47	55	21	3	9670000	3393052.81	0	1	6.19	130	1.31	0	16	4547427.19	system	05:06.3	system	NULL	4
ICOOL ??ng ?en	089E3625-8C98-EB11-80FF-509A4C8C9FAC	08/04/2021	22	43308200	41879190	562900	0	866110	0	0	154	104	38	9	13614000	10191502.73	0	20	5	211	1.52	0	25	18073687.27	system	02:06.2	system	NULL	4
ICOOL Phan Chu Trinh	A0F957B4-8C98-EB11-80FF-509A4C8C9FAC	08/04/2021	23	23082500	22640075	364905	0	77520	0	0	55	33	21	5	6901866.67	4496203.63	0	6	5.24	110	1.5	0	14	11242004.7	system	06:06.3	system	NULL	4
ICOOL Phan Xích Long	07D63DC6-8C98-EB11-80FF-509A4C8C9FAC	08/04/2021	24	76648200	76121235	526965	0	0	190100	0	170	241	62	16	14500000	12561727.01	444925	30	4	280	2.48	0	25	49694532.99	system	06:36.4	system	NULL	4
ICOOL V?ng Tàu	87F67D43-8D98-EB11-80FF-509A4C8C9FAC	08/04/2021	25	10309500	10164500	145000	0	0	0	0	38	22	9	0	6566666.67	2182252.95	0	1	12	110	0.53	0	17	1415580.38	system	10:06.5	system	NULL	4
ICOOL Phú Qu?c	934724D8-8C98-EB11-80FF-509A4C8C9FAC	08/04/2021	26	2201000	1161500	1039500	0	0	0	0	4	4	2	0	12933333.33	289738.81	0	0	4.5	9	0.08	0	25	-12061572.14	system	07:06.4	system	NULL	4
ICOOL Xô Vi?t Ngh? T?nh	E7C06555-8D98-EB11-80FF-509A4C8C9FAC	08/04/2021	4	47091300	45287195	1518885	0	285220	0	0	143	112	44	4	12916666.67	10497186.87	0	17	5	230	1.52	0	29	21873341.46	system	10:36.5	system	NULL	4
ICOOL Tô Ký	1B30E7FB-8C98-EB11-80FF-509A4C8C9FAC	08/04/2021	5	22464200	21637712	513728	0	312760	0	0	62	53	21	1	11283333.35	5135912.92	0	10	6	140	0.81	0	26	5218465.73	system	08:06.4	system	NULL	4
ICOOL Bình Phú	D18D96EF-8B98-EB11-80FF-509A4C8C9FAC	08/04/2021	6	48373500	47789420	39800	49050	495230	0	0	133	105	41	0	3833333.33	11268259.78	0	10	4.63	190	1.71	0	24	32687826.89	system	00:36.2	system	NULL	4
ICOOL D??ng Bá Tr?c	8B471C37-8C98-EB11-80FF-509A4C8C9FAC	08/04/2021	7	71991900	71272330	223880	0	495690	228500	0	168	130	53	4	16166666.66	14008272.77	0	20	6	350	2.04	0	26	41325890.57	system	02:36.2	system	NULL	4
ICOOL Nguy?n S?n	DE45C66C-8C98-EB11-80FF-509A4C8C9FAC	08/04/2021	9	19990600	19120600	870000	0	0	92440	0	64	49	22	2	10582583.33	5947083.65	1958918.51	7	6.36	140	1.47	0	15	4642291.53	system	04:06.3	system	NULL	4
ICOOL Ung V?n Khiêm	D22C5A5C-5699-EB11-80FF-509A4C8C9FAC	09/04/2021	1	150643000	146811123	2807127	0	1024750	1031110	0	424	202	89	8	23799500	30365025.97	0	29	3	300	2.41	0	37	93677707.03	system	09:37.1	system	NULL	4
ICOOL Thành Thái	4CC5CE14-5699-EB11-80FF-509A4C8C9FAC	09/04/2021	10	96176000	93922065	1170465	128690	954780	653000	0	294	243	65	6	23105266.67	19590638.78	240000	23	4	266	2.32	0	28	52119159.55	system	07:37.0	system	NULL	4
ICOOL Nguy?n Trãi	87CF65A9-5599-EB11-80FF-509A4C8C9FAC	09/04/2021	11	21011200	20494860	437190	0	79150	0	0	38	47	14	0	5906609.71	4258936.91	142800	5	10	140	0.88	0	16	10472113.38	system	04:36.8	system	NULL	4
ICOOL M?c ??nh Chi	BBA39E85-5599-EB11-80FF-509A4C8C9FAC	09/04/2021	12	105427500	102425030	1880270	0	1122200	1145080	0	304	219	58	9	16440000	18529290.73	0	27	4	270	2.64	0	22	68600819.27	system	03:36.8	system	NULL	4
ICOOL Tr?n Bình Tr?ng	E0B89138-5699-EB11-80FF-509A4C8C9FAC	09/04/2021	13	46871400	44672909	1588401	0	610090	0	0	110	94	32	4	9755466.67	8974703.68	0	11	5.63	180	1.88	0	17	25942738.66	system	08:37.0	system	NULL	4
ICOOL Cách M?ng Tháng 8	2E37342C-5599-EB11-80FF-509A4C8C9FAC	09/04/2021	14	111411200	109269385	1551725	131750	458340	419060	0	274	211	67	11	21450000.01	18902014.67	0	20	5	350	2.39	0	28	69336430.32	system	01:06.8	system	NULL	4
ICOOL C?u Ch? Y	E4FB0D3E-5599-EB11-80FF-509A4C8C9FAC	09/04/2021	16	17587200	16881700	290000	0	415500	0	0	46	44	17	3	10633333.37	6579850.47	0	6	4.71	80	1.21	0	14	-331483.84	system	01:36.7	system	NULL	4
ICOOL Nh? Thiên ???ng	F3E330CD-5599-EB11-80FF-509A4C8C9FAC	09/04/2021	17	24859600	24317870	0	0	541730	0	0	46	39	21	2	10126666.66	5420505.01	0	2	8	170	1.31	0	16	8770698.33	system	05:36.9	system	NULL	4
ICOOL Tr?n Não	C52F6F4A-5699-EB11-80FF-509A4C8C9FAC	09/04/2021	18	128999900	126472880	1358000	138270	1030750	942010	0	252	294	61	8	16633333.34	26396845.4	23500	17	4	250	3.05	0	20	84408211.26	system	09:07.0	system	NULL	4
ICOOL Nguy?n Tri Ph??ng	EA1A5BBB-5599-EB11-80FF-509A4C8C9FAC	09/04/2021	19	27084200	26524980	435000	0	124220	0	0	82	88	28	4	9670000	5242460.43	0	7	5	140	1.75	0	16	11612519.57	system	05:06.9	system	NULL	4
ICOOL ??ng ?en	B569F44F-5599-EB11-80FF-509A4C8C9FAC	09/04/2021	22	68045000	66941425	377000	90525	636050	0	0	248	187	49	6	13614000	11544539.87	0	19	5	250	1.96	0	25	41782885.13	system	02:06.8	system	NULL	4
ICOOL Phan Chu Trinh	23FA14DF-5599-EB11-80FF-509A4C8C9FAC	09/04/2021	23	31774400	31533575	240825	0	0	115990	0	71	56	23	4	6901866.67	6064027.53	0	4	5.65	130	1.64	0	14	18683670.8	system	06:06.9	system	NULL	4
ICOOL Phan Xích Long	F31EFBF0-5599-EB11-80FF-509A4C8C9FAC	09/04/2021	24	105646600	102159894	2149476	89620	1247610	228950	0	236	241	60	15	14500000	18952706.58	0	30	4	280	2.4	0	25	68936137.42	system	06:36.9	system	NULL	4
ICOOL V?ng Tàu	BE2C316E-5699-EB11-80FF-509A4C8C9FAC	09/04/2021	25	19930800	19781000	149800	0	0	0	0	53	46	19	1	6566666.67	4248052.86	0	4	7	150	1.12	0	17	8966280.47	system	10:07.0	system	NULL	4
ICOOL Phú Qu?c	D332DD02-5699-EB11-80FF-509A4C8C9FAC	09/04/2021	26	4127000	3090500	1036500	0	0	0	0	7	9	3	0	12933333.33	702190.43	0	0	3.67	11	0.12	0	25	-10545023.76	system	07:06.9	system	NULL	4
ICOOL Xô Vi?t Ngh? T?nh	6A171A80-5699-EB11-80FF-509A4C8C9FAC	09/04/2021	4	75349400	73184105	1871325	0	293970	238900	0	222	169	64	2	12916666.67	16075337.42	0	30	3	230	2.21	0	29	44431000.91	system	10:37.0	system	NULL	4
ICOOL Tô Ký	CCC6A326-5699-EB11-80FF-509A4C8C9FAC	09/04/2021	5	37842200	36273325	939355	20450	609070	0	120000	87	71	27	3	11283333.35	8447298.36	0	4	6	170	1.04	0	26	16662693.29	system	08:06.9	system	NULL	4
ICOOL Bình Phú	F3654D1A-5599-EB11-80FF-509A4C8C9FAC	09/04/2021	6	63198500	62514230	622270	0	62000	0	0	160	111	41	5	3833333.33	12629840.53	162291.67	7	5.12	210	1.71	0	24	46213347.8	system	00:36.7	system	NULL	4
ICOOL D??ng Bá Tr?c	C56BDA61-5599-EB11-80FF-509A4C8C9FAC	09/04/2021	7	94942100	92571400	2077660	0	293040	0	0	196	171	57	9	16166666.66	18290407.64	0	20	6	350	2.19	0	26	58114325.7	system	02:36.8	system	NULL	4
ICOOL Nguy?n S?n	F3168197-5599-EB11-80FF-509A4C8C9FAC	09/04/2021	9	34067900	33026940	909800	0	131160	118044	0	103	85	34	3	10582583.33	7209350.24	98000	20	4.71	160	2.27	0	15	15451050.43	system	04:06.8	system	NULL	4
ICOOL Ung V?n Khiêm	539E1587-1F9A-EB11-80FF-509A4C8C9FAC	10/04/2021	1	206474700	201391911	2999649	185110	1898030	541537.1	0	598	427	122	11	23799500	41934061.14	0	47	2	300	3.3	0	37	136199887	system	09:37.6	system	NULL	4
ICOOL Thành Thái	E389A43F-1F9A-EB11-80FF-509A4C8C9FAC	10/04/2021	10	123863200	120166472	1808768	0	1887960	130720	0	327	239	78	9	23105266.67	26074452.39	255000	39	3	287	2.79	0	28	71372472.94	system	07:37.7	system	NULL	4
ICOOL Nguy?n Trãi	6F8A21D4-1E9A-EB11-80FF-509A4C8C9FAC	10/04/2021	11	36200900	35236620	406000	0	558280	0	0	69	94	32	1	5906609.71	6243753.01	0	7	4	140	2	0	16	23086257.28	system	04:37.4	system	NULL	4
ICOOL M?c ??nh Chi	9F0AACB0-1E9A-EB11-80FF-509A4C8C9FAC	10/04/2021	12	101465300	98408350	2673990	0	382960	291130	0	299	187	59	8	16440000	18699622.92	0	19	4	260	2.68	0	22	63559857.08	system	03:37.9	system	NULL	4
ICOOL Tr?n Bình Tr?ng	A38D4263-1F9A-EB11-80FF-509A4C8C9FAC	10/04/2021	13	35195700	34201250	414300	0	580150	0	0	92	88	32	3	9755466.67	6222196.01	0	9	5.63	180	1.88	0	17	18223587.33	system	08:37.5	system	NULL	4
ICOOL Cách M?ng Tháng 8	A652EF56-1E9A-EB11-80FF-509A4C8C9FAC	10/04/2021	14	123940100	120235485	1957520	166345	1580750	155250	0	305	264	82	6	21450000.01	20913707.29	0	35	4	360	2.93	0	28	78027027.7	system	01:07.3	system	NULL	4
ICOOL C?u Ch? Y	2FC3D168-1E9A-EB11-80FF-509A4C8C9FAC	10/04/2021	16	27722601	26509136	831415	0	382050	0	0	77	60	20	4	10633333.37	9692457.29	0	4	4	80	1.43	0	14	6183345.34	system	01:37.3	system	NULL	4
ICOOL Nh? Thiên ???ng	A1C5EBF7-1E9A-EB11-80FF-509A4C8C9FAC	10/04/2021	17	57488300	56634730	225000	0	628570	0	0	116	86	44	3	10126666.66	12485613.02	0	4	3	170	2.75	0	16	34022450.32	system	05:37.4	system	NULL	4
ICOOL Tr?n Não	DA6E2475-1F9A-EB11-80FF-509A4C8C9FAC	10/04/2021	18	101891400	101426600	354725	110075	0	130420	363000	246	283	61	5	16633333.34	34816794.9	15025632.3	15	4	260	3.05	0	20	65495524.06	system	09:07.5	system	NULL	4
ICOOL Nguy?n Tri Ph??ng	EBC208E6-1E9A-EB11-80FF-509A4C8C9FAC	10/04/2021	19	37000400	36355695	415665	0	229040	0	0	108	111	37	2	9670000	6193843.87	0	4	3.78	140	2.31	0	16	20491851.13	system	05:07.4	system	NULL	4
ICOOL ??ng ?en	339AB77A-1E9A-EB11-80FF-509A4C8C9FAC	10/04/2021	22	94849500	92001840	1008410	274940	1564310	254400	0	301	262	73	8	13614000	17881299.55	0	38	3	250	2.92	0	25	60760940.45	system	02:07.3	system	NULL	4
ICOOL Phan Chu Trinh	1323D209-1F9A-EB11-80FF-509A4C8C9FAC	10/04/2021	23	53115100	51191260	1572400	0	351440	272950	0	118	81	40	6	6901866.67	10317851.87	0	13	3.25	130	2.86	0	14	34244491.46	system	06:07.4	system	NULL	4
ICOOL Phan Xích Long	3763B31B-1F9A-EB11-80FF-509A4C8C9FAC	10/04/2021	24	118136800	114749270	2555480	0	832050	0	0	233	288	63	6	14500000	24333975.7	95000	34	4	280	2.52	0	25	76010294.3	system	06:37.4	system	NULL	4
ICOOL V?ng Tàu	920CFE98-1F9A-EB11-80FF-509A4C8C9FAC	10/04/2021	25	52980000	51256020	966750	0	757230	132300	0	170	154	48	2	6566666.67	11460432.26	0	12	3	150	2.82	0	17	33361221.07	system	10:07.6	system	NULL	4
ICOOL Phú Qu?c	7B9B942D-1F9A-EB11-80FF-509A4C8C9FAC	10/04/2021	26	10028900	7985960	1794450	0	248490	0	0	22	15	6	0	12933333.33	2374346.85	0	0	1.83	11	0.24	0	25	-7321720.18	system	07:07.4	system	NULL	4
ICOOL Xô Vi?t Ngh? T?nh	7809D0AA-1F9A-EB11-80FF-509A4C8C9FAC	10/04/2021	4	114177900	112503028	1674872	0	0	0	0	276	192	83	7	12916666.67	25228580.31	0	47	2	230	2.86	0	29	74357781.02	system	10:37.5	system	NULL	4
ICOOL Tô Ký	DDC26251-1F9A-EB11-80FF-509A4C8C9FAC	10/04/2021	5	58530000	56798464	1121936	0	609600	0	0	132	127	44	2	11283333.35	13122539.5	86510	5	4	180	1.69	0	26	32479101.15	system	08:07.5	system	NULL	4
ICOOL Bình Phú	75EF0745-1E9A-EB11-80FF-509A4C8C9FAC	10/04/2021	6	109261100	107464615	808735	0	987750	141200	0	273	216	76	4	3833333.33	23545352.84	1531250	25	2.76	210	3.17	0	24	81758378.82	system	00:37.3	system	NULL	4
ICOOL D??ng Bá Tr?c	C70F9C8C-1E9A-EB11-80FF-509A4C8C9FAC	10/04/2021	7	142546400	139185310	992240	371970	1996880	0	0	320	273	90	10	16166666.66	26895925.32	0	27	3	350	3.46	0	26	96122718.02	system	02:37.4	system	NULL	4
ICOOL Nguy?n S?n	C18D42C2-1E9A-EB11-80FF-509A4C8C9FAC	10/04/2021	9	61117600	60011360	931000	0	175240	0	300000	149	140	46	5	10582583.33	42329740.11	29177200	26	3.48	160	3.07	0	15	36576236.56	system	04:07.4	system	NULL	4
ICOOL Ung V?n Khiêm	3949C2B1-E89A-EB11-80FF-509A4C8C9FAC	11/04/2021	1	85725200	84571160	498410	524230	131400	0	0	316	133	61	8	23799500	15178167.92	0	31	4	300	1.65	0	37	45593492.08	system	09:38.0	system	NULL	4
ICOOL Thành Thái	3E74386A-E89A-EB11-80FF-509A4C8C9FAC	11/04/2021	10	102930600	100561038	1800202	253670	315690	0	0	329	303	79	17	23105266.67	18423549.15	330000	34	3	298	2.82	0	28	59362222.18	system	07:38.0	system	NULL	4
ICOOL Nguy?n Trãi	3619DEFE-E79A-EB11-80FF-509A4C8C9FAC	11/04/2021	11	31658800	30956710	674280	27810	0	0	0	67	93	29	1	5906609.71	4608121.91	0	8	4	130	1.81	0	16	20441978.38	system	04:37.9	system	NULL	4
ICOOL M?c ??nh Chi	B86818DB-E79A-EB11-80FF-509A4C8C9FAC	11/04/2021	12	75980500	74756695	774275	0	449530	0	0	177	179	53	3	16440000	13251589.11	0	23	5	270	2.41	0	22	45065105.89	system	03:37.9	system	NULL	4
ICOOL Tr?n Bình Tr?ng	D8B7F88D-E89A-EB11-80FF-509A4C8C9FAC	11/04/2021	13	40409700	38236728	1479292	0	693680	0	0	90	86	32	4	9755466.67	7954711.1	0	8	4.38	140	1.88	0	17	20526550.23	system	08:38.0	system	NULL	4
ICOOL Cách M?ng Tháng 8	DDC6A381-E79A-EB11-80FF-509A4C8C9FAC	11/04/2021	14	69492400	67187272	587230	365198	1352700	215600	0	134	157	56	6	21450000.01	10833871.95	0	23	6	360	2	0	28	35119000.04	system	01:07.8	system	NULL	4
ICOOL C?u Ch? Y	EC78AB93-E79A-EB11-80FF-509A4C8C9FAC	11/04/2021	16	14027300	13672000	319700	0	35600	0	0	36	36	13	1	10633333.37	5502253.62	0	5	5.38	70	0.93	0	14	-2463586.99	system	01:38.1	system	NULL	4
ICOOL Nh? Thiên ???ng	59FCA122-E89A-EB11-80FF-509A4C8C9FAC	11/04/2021	17	21114400	20888120	0	0	226280	0	0	45	38	22	1	10126666.66	3983828.2	0	4	6	150	1.38	0	16	6777625.14	system	05:37.9	system	NULL	4
ICOOL Tr?n Não	FE42DE9F-E89A-EB11-80FF-509A4C8C9FAC	11/04/2021	18	88515700	87939750	575950	0	0	404400	0	217	209	56	3	16633333.34	18135145.16	0	26	4	250	2.8	0	20	53575671.5	system	09:08.0	system	NULL	4
ICOOL Nguy?n Tri Ph??ng	A9F6C510-E89A-EB11-80FF-509A4C8C9FAC	11/04/2021	19	17017200	16566570	290000	0	160630	0	0	45	62	24	3	9670000	2686813.43	0	7	5.83	140	1.5	0	16	4209756.57	system	05:07.9	system	NULL	4
ICOOL ??ng ?en	2DA573A5-E79A-EB11-80FF-509A4C8C9FAC	11/04/2021	22	86752000	85047675	1076425	0	627900	429580	0	265	176	60	9	13614000	17372718.87	0	43	4	240	2.4	0	25	54490536.13	system	02:07.9	system	NULL	4
ICOOL Phan Chu Trinh	32758534-E89A-EB11-80FF-509A4C8C9FAC	11/04/2021	23	27382400	26825275	557125	0	0	0	0	78	55	26	5	6901866.67	4772581.96	0	9	4.62	120	1.86	0	14	15150826.38	system	06:07.9	system	NULL	4
ICOOL Phan Xích Long	E0926B46-E89A-EB11-80FF-509A4C8C9FAC	11/04/2021	24	75869300	74218965	1481835	0	168500	0	0	199	211	61	6	14500000	11963869.54	0	36	4	280	2.44	0	25	47755095.46	system	06:37.9	system	NULL	4
ICOOL V?ng Tàu	52EDA6C3-E89A-EB11-80FF-509A4C8C9FAC	11/04/2021	25	12540000	12234200	161590	0	144210	0	0	35	35	14	5	6566666.67	2549277.15	0	9	9	130	0.82	0	17	3118256.18	system	10:08.0	system	NULL	4
ICOOL Phú Qu?c	92465758-E89A-EB11-80FF-509A4C8C9FAC	11/04/2021	26	7524000	6050700	1473300	0	0	0	0	18	11	5	0	12933333.33	2102471.58	0	4	2.2	11	0.2	0	25	-8985104.91	system	07:08.0	system	NULL	4
ICOOL Xô Vi?t Ngh? T?nh	E94790D5-E89A-EB11-80FF-509A4C8C9FAC	11/04/2021	4	71474800	70429600	822260	0	222940	0	0	180	140	54	3	12916666.67	6818870.44	0	41	4	230	1.86	0	29	50694062.89	system	10:38.1	system	NULL	4
ICOOL Tô Ký	07FF187C-E89A-EB11-80FF-509A4C8C9FAC	11/04/2021	5	72107400	69692566	1115694	83940	1215200	0	200000	144	144	50	3	11283333.35	16767227.13	0	13	3	190	1.92	0	26	41842005.52	system	08:08.0	system	NULL	4
ICOOL Bình Phú	0F0DCB6F-E79A-EB11-80FF-509A4C8C9FAC	11/04/2021	6	57214300	56257745	542430	80715	333410	0	0	170	138	52	1	3833333.33	10661863.44	557750	24	4.04	210	2.17	0	24	42320298.23	system	00:37.9	system	NULL	4
ICOOL D??ng Bá Tr?c	54A751B7-E79A-EB11-80FF-509A4C8C9FAC	11/04/2021	7	81051800	79590927	1159423	0	301450	0	0	172	154	56	8	16166666.66	18183881.93	3221560.4	23	6	350	2.15	0	26	48461938.81	system	02:37.9	system	NULL	4
ICOOL Nguy?n S?n	561FF8EC-E79A-EB11-80FF-509A4C8C9FAC	11/04/2021	9	53913400	52908500	648960	0	355940	0	0	148	123	42	9	10582583.33	13328555.54	1139330.14	25	3.81	160	2.8	0	15	30136691.28	system	04:07.9	system	NULL	4
ICOOL Ung V?n Khiêm	415788DC-B19B-EB11-80FF-509A4C8C9FAC	12/04/2021	1	71448300	69255626	333164	126440	1733070	119790	0	290	63	49	4	23799500	15317247.37	0	18	6	300	1.32	0	37	30258668.63	system	09:38.6	system	NULL	4
ICOOL Thành Thái	FBFFF894-B19B-EB11-80FF-509A4C8C9FAC	12/04/2021	10	59243000	58428875	633935	0	180190	385650	0	195	154	48	5	23105266.67	13426534.1	210968	17	4	222	1.71	0	28	22493692.23	system	07:38.6	system	NULL	4
ICOOL Nguy?n Trãi	B6749C29-B19B-EB11-80FF-509A4C8C9FAC	12/04/2021	11	8815100	8720525	16355	0	78220	0	0	28	23	10	0	5906609.71	1947832.48	0	4	12	120	0.63	0	16	866082.81	system	04:38.5	system	NULL	4
ICOOL M?c ??nh Chi	4929CB05-B19B-EB11-80FF-509A4C8C9FAC	12/04/2021	12	37947400	36615150	835950	0	496300	394740	0	135	83	29	2	16440000	9362253.06	2489477.2	3	9	270	1.32	0	22	13697114.14	system	03:38.4	system	NULL	4
ICOOL Tr?n Bình Tr?ng	8FD3C0B8-B19B-EB11-80FF-509A4C8C9FAC	12/04/2021	13	38729200	35937845	2050065	0	741290	788250	0	83	88	27	4	9755466.67	8043914.53	0	7	5.19	140	1.59	0	17	18926713.8	system	08:38.6	system	NULL	4
ICOOL Cách M?ng Tháng 8	FC275EAC-B09B-EB11-80FF-509A4C8C9FAC	12/04/2021	14	66227500	63818674	1840126	0	568700	685014.4	100000	146	143	50	4	21450000.01	11690009.58	0	23	6	300	1.79	0	28	31463678.81	system	01:08.3	system	NULL	4
ICOOL C?u Ch? Y	94763ABE-B09B-EB11-80FF-509A4C8C9FAC	12/04/2021	16	11312800	11084445	228355	0	0	0	0	22	28	8	0	10633333.37	2427286.05	0	1	7.5	60	0.57	0	14	-1976174.42	system	01:38.3	system	NULL	4
ICOOL Nh? Thiên ???ng	623A714D-B19B-EB11-80FF-509A4C8C9FAC	12/04/2021	17	12146100	12029800	0	0	116300	0	0	31	21	11	0	10126666.66	2510570.62	0	1	10	120	0.69	0	16	-607437.28	system	05:38.6	system	NULL	4
ICOOL Tr?n Não	A68DA6CA-B19B-EB11-80FF-509A4C8C9FAC	12/04/2021	18	79315100	77554050	947600	147900	665550	517630	500000	223	204	54	3	16633333.34	17458036.17	0	13	3	200	2.7	0	20	44480310.49	system	09:08.6	system	NULL	4
ICOOL Nguy?n Tri Ph??ng	33417F3B-B19B-EB11-80FF-509A4C8C9FAC	12/04/2021	19	19000300	17712500	911700	0	376100	0	0	56	57	24	2	9670000	3612848.76	0	8	5.42	130	1.5	0	16	4429651.24	system	05:08.5	system	NULL	4
ICOOL ??ng ?en	E8C120D0-B09B-EB11-80FF-509A4C8C9FAC	12/04/2021	22	36772400	36340074	150846	0	281480	0	0	116	90	38	4	13614000	7349872.06	0	28	5	210	1.52	0	25	15376201.94	system	02:08.3	system	NULL	4
ICOOL Phan Chu Trinh	5991455F-B19B-EB11-80FF-509A4C8C9FAC	12/04/2021	23	9125000	8808200	316800	0	0	0	0	33	22	11	1	6901866.67	1499130.86	0	9	9.09	100	0.79	0	14	407202.47	system	06:08.5	system	NULL	4
ICOOL Phan Xích Long	42FF2771-B19B-EB11-80FF-509A4C8C9FAC	12/04/2021	24	60444600	57344145	2280925	65630	753900	678510	0	92	149	39	3	14500000	11218383.48	0	22	7	280	1.56	0	25	32304271.52	system	06:38.5	system	NULL	4
ICOOL V?ng Tàu	195B6EEE-B19B-EB11-80FF-509A4C8C9FAC	12/04/2021	25	13044600	12501600	543000	0	0	0	0	53	29	11	0	6566666.67	3344034.4	0	5	9	100	0.65	0	17	2590898.93	system	10:08.7	system	NULL	4
ICOOL Phú Qu?c	8F5E0D83-B19B-EB11-80FF-509A4C8C9FAC	12/04/2021	26	8804600	6162800	2641800	0	0	0	0	22	15	6	0	12933333.33	2048102.54	0	0	1.5	9	0.24	0	25	-8818635.87	system	07:08.5	system	NULL	4
ICOOL Xô Vi?t Ngh? T?nh	DEA54F00-B29B-EB11-80FF-509A4C8C9FAC	12/04/2021	4	29106000	28262495.5	701780	141724.5	0	0	0	83	52	28	3	12916666.67	3086663.86	0	14	8	230	0.97	0	29	12259164.97	system	10:38.7	system	NULL	4
ICOOL Tô Ký	25C9D5A6-B19B-EB11-80FF-509A4C8C9FAC	12/04/2021	5	18995400	18559660	233480	0	202260	0	0	42	40	17	3	11283333.35	4760554.92	0	8	8	150	0.65	0	26	2515771.73	system	08:08.5	system	NULL	4
ICOOL Bình Phú	AB8F749A-B09B-EB11-80FF-509A4C8C9FAC	12/04/2021	6	36213100	34501222	1320668	40610	350600	0	0	105	102	32	0	3833333.33	7529961.29	0	5	5.94	190	1.33	0	24	23137927.38	system	00:38.3	system	NULL	4
ICOOL D??ng Bá Tr?c	DE0407E2-B09B-EB11-80FF-509A4C8C9FAC	12/04/2021	7	71445200	69425735	706075	21030	1292360	0	0	161	142	51	5	16166666.66	14540645.07	252337	15	6	350	1.96	0	26	38970760.27	system	02:38.4	system	NULL	4
ICOOL Nguy?n S?n	2805AD17-B19B-EB11-80FF-509A4C8C9FAC	12/04/2021	9	15090700	13922410	889640	0	278650	0	0	43	40	15	2	10582583.33	3508428.72	0	4	8.67	130	1	0	15	-168602.05	system	04:08.4	system	NULL	4
ICOOL Ung V?n Khiêm	59F73D0B-7B9C-EB11-80FF-509A4C8C9FAC	13/04/2021	1	89564400	87274255	331105	83800	1875240	287080	0	331	158	66	9	23799500	18796245.5	0	16	4	300	1.78	0	37	44965589.5	system	09:45.8	system	NULL	4
ICOOL Thành Thái	62D4ACC3-7A9C-EB11-80FF-509A4C8C9FAC	13/04/2021	10	73538200	69425610	3168290	0	944300	710912	0	219	199	56	8	23105266.67	16329198.91	0	40	4	245	2	0	28	30702056.42	system	07:45.8	system	NULL	4
ICOOL Nguy?n Trãi	13245658-7A9C-EB11-80FF-509A4C8C9FAC	13/04/2021	11	16244700	16180990	63710	0	0	0	0	59	49	20	3	5906609.71	2877462.86	0	8	5	110	1.25	0	16	7396917.43	system	04:45.7	system	NULL	4
ICOOL M?c ??nh Chi	54BF9134-7A9C-EB11-80FF-509A4C8C9FAC	13/04/2021	12	69292001	67900149.9	1131851	0	260000.1	382200	0	221	123	42	2	16440000	12520101.87	0	7	6	270	1.91	0	22	39322248.03	system	03:45.7	system	NULL	4
ICOOL Tr?n Bình Tr?ng	08A278E7-7A9C-EB11-80FF-509A4C8C9FAC	13/04/2021	13	28692500	26979725	1087675	0	625100	0	0	73	78	26	5	9755466.67	5865884.77	0	10	5.38	140	1.53	0	17	11358373.56	system	08:45.8	system	NULL	4
ICOOL Cách M?ng Tháng 8	324223DB-799C-EB11-80FF-509A4C8C9FAC	13/04/2021	14	60650101	57488016	1475745	0	1686340	93690	0	134	134	49	4	21450000.01	10802751.15	0	15	6	300	1.75	0	28	25328954.84	system	01:15.6	system	NULL	4
ICOOL C?u Ch? Y	40F812ED-799C-EB11-80FF-509A4C8C9FAC	13/04/2021	16	10499900	10053340	319960	0	126600	0	0	24	16	9	0	10633333.37	2352354.15	0	1	6.67	60	0.64	0	14	-2932347.52	system	01:45.7	system	NULL	4
ICOOL Nh? Thiên ???ng	F19C1C7C-7A9C-EB11-80FF-509A4C8C9FAC	13/04/2021	17	9164100	9164100	0	0	0	0	0	31	14	9	0	10126666.66	1748352.36	0	2	14	130	0.56	0	16	-2710919.02	system	05:45.7	system	NULL	4
ICOOL Tr?n Não	C57FAFF9-7A9C-EB11-80FF-509A4C8C9FAC	13/04/2021	18	88693400	87614000	773840	305560	0	354300	100000	209	262	55	0	16633333.34	18364808.3	0	18	3	210	2.75	0	20	53070158.36	system	09:16.4	system	NULL	4
ICOOL Nguy?n Tri Ph??ng	2D11546A-7A9C-EB11-80FF-509A4C8C9FAC	13/04/2021	19	18516400	17977100	539300	0	0	0	0	60	46	21	0	9670000	3598464.53	0	6	6.19	130	1.31	0	16	4708635.47	system	05:15.9	system	NULL	4
ICOOL ??ng ?en	3115E7FE-799C-EB11-80FF-509A4C8C9FAC	13/04/2021	22	35711200	34422910	866700	95070	326520	0	0	111	132	34	12	13614000	7129837.19	0	10	5	180	1.36	0	25	13679072.81	system	02:15.6	system	NULL	4
ICOOL Phan Chu Trinh	7896088E-7A9C-EB11-80FF-509A4C8C9FAC	13/04/2021	23	9460400	9357300	0	0	103100	0	0	31	15	10	1	6901866.67	1949480.53	0	0	9	90	0.71	0	14	505952.8	system	06:15.8	system	NULL	4
ICOOL Phan Xích Long	70CDE89F-7A9C-EB11-80FF-509A4C8C9FAC	13/04/2021	24	69490800	68246061	826455	134300	283984	126180	0	151	207	52	10	14500000	12346841.24	0	17	5	280	2.08	0	25	41525399.76	system	06:45.8	system	NULL	4
ICOOL V?ng Tàu	8407251D-7B9C-EB11-80FF-509A4C8C9FAC	13/04/2021	25	9777900	9524320	0	0	253580	0	0	30	27	8	0	6566666.67	2269471.62	0	2	13	110	0.47	0	17	688181.71	system	10:15.9	system	NULL	4
ICOOL Phú Qu?c	42A3DDB1-7A9C-EB11-80FF-509A4C8C9FAC	13/04/2021	26	2810300	2261500	548800	0	0	0	0	10	14	3	0	12933333.33	540824.05	0	0	3	9	0.12	0	25	-11212657.38	system	07:15.9	system	NULL	4
ICOOL Xô Vi?t Ngh? T?nh	7C37072F-7B9C-EB11-80FF-509A4C8C9FAC	13/04/2021	4	38034000	37291875	742125	0	0	0	0	113	78	35	0	12916666.67	8112153.9	192000	16	6	230	1.21	0	29	16455054.43	system	10:45.9	system	NULL	4
ICOOL Tô Ký	A61A97D5-7A9C-EB11-80FF-509A4C8C9FAC	13/04/2021	5	20761100	20195135	196515	224290	145160	0	100000	36	42	14	0	11283333.35	5390204.05	147800	6	10	150	0.54	0	26	3769397.6	system	08:15.8	system	NULL	4
ICOOL Bình Phú	2A123DC9-799C-EB11-80FF-509A4C8C9FAC	13/04/2021	6	46149200	44479756	1285344	384100	0	0	50000	122	102	37	2	3833333.33	9759965.53	0	8	5.14	190	1.54	0	24	30936457.14	system	00:45.6	system	NULL	4
ICOOL D??ng Bá Tr?c	54615511-7A9C-EB11-80FF-509A4C8C9FAC	13/04/2021	7	72022300	69603235	1904875	0	514190	474515	0	147	145	51	11	16166666.66	14312976.54	0	18	6	350	1.96	0	26	39598106.8	system	02:46.6	system	NULL	4
ICOOL Nguy?n S?n	1CAF7146-7A9C-EB11-80FF-509A4C8C9FAC	13/04/2021	9	18937300	18429300	291500	0	216500	0	0	57	41	17	1	10582583.33	4539460.05	0	9	7.65	130	1.13	0	15	3307256.61	system	04:15.7	system	NULL	4
ICOOL Ung V?n Khiêm	F5429A23-449D-EB11-80FF-509A4C8C9FAC	14/04/2021	1	72767200	72022740	744460	0	0	203250	6080000	246	104	48	7	23799500	15560848.16	0	20	6	300	1.3	0	37	38945641.84	system	09:15.6	system	NULL	4
ICOOL Thành Thái	4A8C07DC-439D-EB11-80FF-509A4C8C9FAC	14/04/2021	10	66961500	64896975	1544735	0	519790	0	60000	203	160	59	11	23105266.67	15813817.91	1890000	25	3	224	2.11	0	28	27927890.42	system	07:15.5	system	NULL	4
ICOOL Nguy?n Trãi	BA81AF70-439D-EB11-80FF-509A4C8C9FAC	14/04/2021	11	19407000	18416860	928870	0	61270	0	0	33	51	14	1	5906609.71	4198462.62	0	1	7	110	0.88	0	16	8311787.67	system	04:15.4	system	NULL	4
ICOOL M?c ??nh Chi	0BB9E64C-439D-EB11-80FF-509A4C8C9FAC	14/04/2021	12	77225300	75030610	1622090	0	572600	230700	0	246	145	51	4	16440000	15473450.34	0	23	5	270	2.32	0	22	43347859.66	system	03:15.3	system	NULL	4
ICOOL Tr?n Bình Tr?ng	2ED5D2FF-439D-EB11-80FF-509A4C8C9FAC	14/04/2021	13	18273100	17290900	442950	0	539250	0	0	60	46	20	2	9755466.67	4330106.91	0	5	7	140	1.18	0	17	3205326.42	system	08:15.5	system	NULL	4
ICOOL Cách M?ng Tháng 8	0EA175F3-429D-EB11-80FF-509A4C8C9FAC	14/04/2021	14	68586400	66491355	1448885	60500	585660	629200	0	164	126	48	4	21450000.01	12996895.01	0	8	6	300	1.71	0	28	32673659.98	system	00:45.3	system	NULL	4
ICOOL C?u Ch? Y	8CC95705-439D-EB11-80FF-509A4C8C9FAC	14/04/2021	16	4232500	3862110	290000	0	80390	0	0	16	6	6	0	10633333.37	991929.52	0	2	10	60	0.43	0	14	-7763152.89	system	01:15.3	system	NULL	4
ICOOL Nh? Thiên ???ng	F4ED8F94-439D-EB11-80FF-509A4C8C9FAC	14/04/2021	17	20392600	19010380	639350	0	742870	0	0	41	18	15	0	10126666.66	4032589.88	0	0	8	120	0.94	0	16	4851123.46	system	05:15.6	system	NULL	4
ICOOL Tr?n Não	2797B211-449D-EB11-80FF-509A4C8C9FAC	14/04/2021	18	87082800	86173720	327280	0	581800	362916	4300000	198	199	53	8	16633333.34	20355433.54	0	19	3	190	2.65	0	20	53847869.12	system	08:45.5	system	NULL	4
ICOOL Nguy?n Tri Ph??ng	59CC9082-439D-EB11-80FF-509A4C8C9FAC	14/04/2021	19	17705000	16533200	728200	0	443600	0	0	44	53	20	1	9670000	3192552.15	0	1	6.5	130	1.25	0	16	3670647.85	system	04:45.4	system	NULL	4
ICOOL ??ng ?en	2CD07B17-439D-EB11-80FF-509A4C8C9FAC	14/04/2021	22	43285000	42094600	856790	123960	209650	0	0	145	130	38	5	13614000	9791070.68	0	21	4	180	1.52	0	25	18689529.32	system	01:45.7	system	NULL	4
ICOOL Phan Chu Trinh	FDC95FA6-439D-EB11-80FF-509A4C8C9FAC	14/04/2021	23	15206200	15091570	0	0	114630	0	0	38	29	14	1	6901866.67	3582606.67	0	3	7.14	100	1	0	14	4607096.66	system	05:45.5	system	NULL	4
ICOOL Phan Xích Long	3A2C46B8-439D-EB11-80FF-509A4C8C9FAC	14/04/2021	24	67849100	64792415	2314075	58280	684330	0	0	140	175	47	4	14500000	12831016.87	0	31	5	280	1.88	0	25	37461398.13	system	06:15.5	system	NULL	4
ICOOL V?ng Tàu	99D57B35-449D-EB11-80FF-509A4C8C9FAC	14/04/2021	25	22426810	21889299	290000	0	247511	0	0	74	59	21	2	6566666.67	5304916.52	0	8	5	110	1.24	0	17	10017715.81	system	09:45.6	system	NULL	4
ICOOL Phú Qu?c	A29F24CA-439D-EB11-80FF-509A4C8C9FAC	14/04/2021	26	4483500	3603250	880250	0	0	0	0	9	9	3	0	12933333.33	1345190.67	0	0	3	9	0.12	0	25	-10675274	system	06:45.5	system	NULL	4
ICOOL Xô Vi?t Ngh? T?nh	BC866C47-449D-EB11-80FF-509A4C8C9FAC	14/04/2021	4	54865300	52923685	1639715	121820	180080	0	1930000	147	113	46	6	12916666.67	12343800.52	342600	12	5	230	1.59	0	29	29935817.81	system	10:15.7	system	NULL	4
ICOOL Tô Ký	FD42EAED-439D-EB11-80FF-509A4C8C9FAC	14/04/2021	5	17800500	16965095	482205	0	353200	0	0	41	42	16	0	11283333.35	4460449.26	0	4	9	150	0.62	0	26	1221312.39	system	07:45.5	system	NULL	4
ICOOL Bình Phú	3F488FE1-429D-EB11-80FF-509A4C8C9FAC	14/04/2021	6	33690700	32526128	1013232	0	151340	0	0	92	77	28	2	3833333.33	7428078.43	0	5	6.79	190	1.17	0	24	21264716.24	system	00:15.3	system	NULL	4
ICOOL D??ng Bá Tr?c	04F11E29-439D-EB11-80FF-509A4C8C9FAC	14/04/2021	7	78677100	73377145	4525955	0	774000	232910	0	175	150	52	10	16166666.66	17969338.54	1392080	15	6	350	2	0	26	40866129.8	system	02:15.3	system	NULL	4
ICOOL Nguy?n S?n	1F59CE5E-439D-EB11-80FF-509A4C8C9FAC	14/04/2021	9	30203600	29646880	257710	68470	230540	0	0	72	67	25	5	10582583.33	16495914.77	827131375	6	5.2	130	1.67	0	15	829699756.9	system	03:45.4	system	NULL	4
ICOOL Ung V?n Khiêm	5AC32B58-0D9E-EB11-8100-509A4C8C9FAC	15/04/2021	1	93832900	91381034	1905296	102750	443820	691410	0	323	174	66	4	23799500	19129747.97	0	22	4	300	1.78	0	37	49143196.03	system	09:32.6	system	NULL	4
ICOOL Thành Thái	7CAC8E10-0D9E-EB11-8100-509A4C8C9FAC	15/04/2021	10	62823000	60854790	1402220	0	565990	0	0	234	193	62	17	23105266.67	29038888.04	17876442	37	5	311	2.21	0	28	26587077.29	system	07:32.4	system	NULL	4
ICOOL Nguy?n Trãi	B53D30A5-0C9E-EB11-8100-509A4C8C9FAC	15/04/2021	11	18808400	18773940	34460	0	0	0	0	48	39	15	1	5906609.71	7773530.94	3081378	4	7	110	0.94	0	16	8175177.35	system	04:32.3	system	NULL	4
ICOOL M?c ??nh Chi	D6826D81-0C9E-EB11-8100-509A4C8C9FAC	15/04/2021	12	73307501	69754011	2153390	0	1400100	1401015	0	183	128	42	6	16440000	14743435.44	0	13	6	270	1.91	0	22	39971590.56	system	03:32.3	system	NULL	4
ICOOL Tr?n Bình Tr?ng	849D5834-0D9E-EB11-8100-509A4C8C9FAC	15/04/2021	13	43851800	41790325	1754365	15750	291360	334136	0	119	113	39	4	9755466.67	10333762.81	0	9	4.1	160	2.29	0	17	22035231.52	system	08:32.5	system	NULL	4
ICOOL Cách M?ng Tháng 8	642E0428-0C9E-EB11-8100-509A4C8C9FAC	15/04/2021	14	92507600	90675330	833320	0	998950	379032.5	0	204	181	61	2	21450000.01	18180614.2	0	14	4	300	2.18	0	28	51423748.29	system	01:02.3	system	NULL	4
ICOOL C?u Ch? Y	20FFD739-0C9E-EB11-8100-509A4C8C9FAC	15/04/2021	16	13993301	13570715.9	310315	0	112270.1	0	0	42	26	13	0	10633333.37	3165938.62	0	2	5.38	70	0.93	0	14	-228556.09	system	01:32.2	system	NULL	4
ICOOL Nh? Thiên ???ng	8B63FFC8-0C9E-EB11-8100-509A4C8C9FAC	15/04/2021	17	34116500	33548460	430100	0	137940	0	0	102	63	26	4	10126666.66	12783151.32	5203808	4	3	100	1.63	0	16	15842450.02	system	05:32.4	system	NULL	4
ICOOL Tr?n Não	7F1D4046-0D9E-EB11-8100-509A4C8C9FAC	15/04/2021	18	77714801	76544541	261420	128100	780740	0	0	180	233	51	4	16633333.34	16572464.74	0	12	3	200	2.55	0	20	43338742.92	system	09:02.5	system	NULL	4
ICOOL Nguy?n Tri Ph??ng	D08E2DB7-0C9E-EB11-8100-509A4C8C9FAC	15/04/2021	19	27081900	25712270	1132500	91450	145680	0	0	83	84	30	2	9670000	5061007.73	0	7	4.33	130	1.88	0	16	10981262.27	system	05:02.5	system	NULL	4
ICOOL ??ng ?en	8F0AC24B-0C9E-EB11-8100-509A4C8C9FAC	15/04/2021	22	60788000	60103940	562960	0	121100	0	0	192	185	54	5	13614000	28238503.27	16120168	31	4	220	2.16	0	25	34371604.73	system	02:02.3	system	NULL	4
ICOOL Phan Chu Trinh	6C65E4DA-0C9E-EB11-8100-509A4C8C9FAC	15/04/2021	23	10107200	9960765	16275	0	130160	0	0	28	17	10	0	6901866.67	2112547.38	0	1	11	110	0.71	0	14	946350.95	system	06:02.4	system	NULL	4
ICOOL Phan Xích Long	AFB5C0EC-0C9E-EB11-8100-509A4C8C9FAC	15/04/2021	24	84778201	82982780.9	718620	0	1076800.1	132900	3560000	209	209	59	6	14500000	17221841.51	0	37	4	280	2.36	0	25	54953839.39	system	06:32.4	system	NULL	4
ICOOL V?ng Tàu	E1DF0F6A-0D9E-EB11-8100-509A4C8C9FAC	15/04/2021	25	12873800	12691850	0	0	181950	136940	0	44	38	11	3	6566666.67	2640502.88	0	11	10	120	0.65	0	17	3621620.45	system	10:02.6	system	NULL	4
ICOOL Phú Qu?c	5098B4FE-0C9E-EB11-8100-509A4C8C9FAC	15/04/2021	26	1065500	538750	526750	0	0	0	0	2	2	1	0	12933333.33	237379.33	0	0	9	9	0.04	0	25	-12631962.67	system	07:02.5	system	NULL	4
ICOOL Xô Vi?t Ngh? T?nh	2091EF7B-0D9E-EB11-8100-509A4C8C9FAC	15/04/2021	4	45320900	43741965	1284475	0	294460	0	0	136	105	41	2	12916666.67	9157721.68	0	18	5	230	1.41	0	29	21667576.65	system	10:32.6	system	NULL	4
ICOOL Tô Ký	31287022-0D9E-EB11-8100-509A4C8C9FAC	15/04/2021	5	21670700	20731520	654860	48650	235670	0	0	55	39	20	0	11283333.35	5063631.74	0	0	8	170	0.77	0	26	4384554.91	system	08:02.4	system	NULL	4
ICOOL Bình Phú	DB2D2516-0C9E-EB11-8100-509A4C8C9FAC	15/04/2021	6	57972700	55957690	1199480	33350	782180	71550	0	116	112	37	2	3833333.33	14390595.34	0	5	5.68	210	1.54	0	24	37805311.33	system	00:32.3	system	NULL	4
ICOOL D??ng Bá Tr?c	7ECFAC5D-0C9E-EB11-8100-509A4C8C9FAC	15/04/2021	7	71602001	70277680.9	993620	0	330700.1	0	0	159	157	54	11	16166666.66	14692399.91	1234163	16	6	350	2.08	0	26	40652777.33	system	02:32.3	system	NULL	4
ICOOL Nguy?n S?n	66B95793-0C9E-EB11-8100-509A4C8C9FAC	15/04/2021	9	18517900	18393080	0	0	124820	135130	0	63	60	23	4	10582583.33	11996255.72	8096000	12	5.65	130	1.53	0	15	4045370.94	system	04:02.4	system	NULL	4
ICOOL Ung V?n Khiêm	8734D182-D69E-EB11-8100-509A4C8C9FAC	16/04/2021	1	139940800	137383086	1131624	1228510	197580	200582	0	410	238	84	7	23799500	27068188.69	0	24	3	300	2.27	0	37	86715979.31	system	09:33.0	system	NULL	4
ICOOL Thành Thái	DA573A3B-D69E-EB11-8100-509A4C8C9FAC	16/04/2021	10	106550000	103245688	2449002	281210	574100	392289	0	314	247	72	17	23105266.67	21424632.77	225000	38	4	304	2.57	0	28	59333077.56	system	07:32.9	system	NULL	4
ICOOL Nguy?n Trãi	5BB1DECF-D59E-EB11-8100-509A4C8C9FAC	16/04/2021	11	30337400	29345380	358900	0	633120	0	0	48	69	22	3	5906609.71	5789574.63	0	8	6	140	1.38	0	16	17649195.66	system	04:32.8	system	NULL	4
ICOOL M?c ??nh Chi	2F641FAC-D59E-EB11-8100-509A4C8C9FAC	16/04/2021	12	113149800	110291600	915150	0	1943050	3260222	0	207	191	50	5	16440000	19994314.01	0	25	5	270	2.27	0	22	77117507.99	system	03:32.8	system	NULL	4
ICOOL Tr?n Bình Tr?ng	744C065F-D69E-EB11-8100-509A4C8C9FAC	16/04/2021	13	55183800	52048938	1260522	0	1874340	678552	870000	118	132	38	4	9755466.67	11922604.63	119200	15	4.74	180	2.24	0	17	32038618.7	system	08:32.9	system	NULL	4
ICOOL Cách M?ng Tháng 8	3EA8B052-D59E-EB11-8100-509A4C8C9FAC	16/04/2021	14	132909702	130822427	688360	0	1398915	559675	200000	311	236	72	13	21450000.01	24239204.05	0	25	4	350	2.57	0	28	85892897.94	system	01:02.7	system	NULL	4
ICOOL C?u Ch? Y	37509164-D59E-EB11-8100-509A4C8C9FAC	16/04/2021	16	24289801	23279725.9	570355	0	439720.1	0	60000	50	56	20	1	10633333.37	4539310.93	0	2	4	80	1.43	0	14	8167081.6	system	01:32.7	system	NULL	4
ICOOL Nh? Thiên ???ng	AA06ACF3-D59E-EB11-8100-509A4C8C9FAC	16/04/2021	17	35157400	34836601	43239	0	277560	0	960000	59	42	22	3	10126666.66	8005768.62	0	4	6	140	1.38	0	16	17664165.72	system	05:32.8	system	NULL	4
ICOOL Tr?n Não	8B38EC70-D69E-EB11-8100-509A4C8C9FAC	16/04/2021	18	112735600	111224170	522060	0	989370	215700	0	225	234	65	2	16633333.34	22331326.02	23500	20	3	250	3.25	0	20	72498710.64	system	09:03.0	system	NULL	4
ICOOL Nguy?n Tri Ph??ng	8FC8D3E1-D59E-EB11-8100-509A4C8C9FAC	16/04/2021	19	24326900	23849150	290000	0	187750	0	0	77	82	33	0	9670000	3356599.02	0	5	4.24	140	2.06	0	16	10822550.98	system	05:02.9	system	NULL	4
ICOOL ??ng ?en	77AD7976-D59E-EB11-8100-509A4C8C9FAC	16/04/2021	22	61035600	58532595	1733225	0	769780	347964	0	177	141	45	6	13614000	10825395.49	215000	33	5	250	1.8	0	25	34656163.51	system	02:02.8	system	NULL	4
ICOOL Phan Chu Trinh	BC1A9B05-D69E-EB11-8100-509A4C8C9FAC	16/04/2021	23	34356300	32963846	1225744	0	166710	0	0	84	51	25	5	6901866.67	6812636.87	0	2	5.2	130	1.79	0	14	19249342.47	system	06:02.9	system	NULL	4
ICOOL Phan Xích Long	F78A6E17-D69E-EB11-8100-509A4C8C9FAC	16/04/2021	24	124161501	119815716.9	3054104	0	1291680.1	270250	0	224	289	58	15	14500000	23122025.5	295410	16	4	280	2.32	0	25	82759351.4	system	06:32.8	system	NULL	4
ICOOL V?ng Tàu	F7E6BD94-D69E-EB11-8100-509A4C8C9FAC	16/04/2021	25	33766800	33365920	51880	0	349000	0	0	90	75	22	3	6566666.67	7757141.09	0	5	6	140	1.29	0	17	19042112.24	system	10:03.1	system	NULL	4
ICOOL Phú Qu?c	23B05D29-D69E-EB11-8100-509A4C8C9FAC	16/04/2021	26	3457400	2690535	593150	0	173715	0	0	11	8	4	0	12933333.33	530939.72	0	0	2.75	11	0.16	0	25	-10773738.05	system	07:02.9	system	NULL	4
ICOOL Xô Vi?t Ngh? T?nh	66EA93A6-D69E-EB11-8100-509A4C8C9FAC	16/04/2021	4	77862800	76928960	814600	0	119240	200700	0	212	141	55	9	12916666.67	14153037.54	59600	20	4	230	1.9	0	29	50119555.79	system	10:33.0	system	NULL	4
ICOOL Tô Ký	A167214D-D69E-EB11-8100-509A4C8C9FAC	16/04/2021	5	29821900	28647465	290000	279245	605190	195020	0	77	61	25	1	11283333.35	6198107.12	0	3	7	190	0.96	0	26	11361044.53	system	08:02.9	system	NULL	4
ICOOL Bình Phú	15EDCA40-D59E-EB11-8100-509A4C8C9FAC	16/04/2021	6	86293400	81847221	3741279	163060	541840	258350	0	188	153	45	2	3833333.33	18038954.45	1056255.95	9	4.67	210	1.88	0	24	61289539.17	system	00:32.7	system	NULL	4
ICOOL D??ng Bá Tr?c	A3E65188-D59E-EB11-8100-509A4C8C9FAC	16/04/2021	7	124469600	120872705.5	2836860	133534.5	626500	0	440000	253	206	69	6	16166666.66	25308098.82	0	24	5	350	2.65	0	26	79837940.02	system	02:32.7	system	NULL	4
ICOOL Nguy?n S?n	2CE2FDBD-D59E-EB11-8100-509A4C8C9FAC	16/04/2021	9	32911700	32291942	230718	0	389040	0	0	76	67	24	3	10582583.33	7339656.05	8096000	9	6.67	160	1.6	0	15	22465702.61	system	04:02.8	system	NULL	4
ICOOL Ung V?n Khiêm	D8FC9CAD-9F9F-EB11-8100-509A4C8C9FAC	17/04/2021	1	172624300	170136510	1191790	0	1296000	0	0	499	300	104	12	23799500	36455548.32	0	34	2	300	2.81	0	37	109881461.7	system	09:33.6	system	NULL	4
ICOOL Thành Thái	F4D40B66-9F9F-EB11-8100-509A4C8C9FAC	17/04/2021	10	125685100	120192368	3694402	46310	1752020	261300	185000	389	333	97	14	23105266.67	23485096.42	1038541.67	30	3	335	3.46	0	28	75086846.58	system	07:33.6	system	NULL	4
ICOOL Nguy?n Trãi	0A09BBFA-9E9F-EB11-8100-509A4C8C9FAC	17/04/2021	11	39601400	37960810	737390	0	903200	0	0	79	95	34	4	5906609.71	0	0	7	4	140	2.13	0	16	32054200.29	system	04:33.5	system	NULL	4
ICOOL M?c ??nh Chi	00CAECD6-9E9F-EB11-8100-509A4C8C9FAC	17/04/2021	12	108857700	107415546.3	919475	79848.75	442830	1136696	240000	311	187	63	8	16440000	19783845.63	0	18	4	270	2.86	0	22	72568396.62	system	03:33.4	system	NULL	4
ICOOL Tr?n Bình Tr?ng	9688D989-9F9F-EB11-8100-509A4C8C9FAC	17/04/2021	13	52531600	50371167.9	910328	187324.1	1062780	236097	0	103	100	34	2	9755466.67	11862763.91	0	9	5.29	180	2	0	17	28989034.32	system	08:33.6	system	NULL	4
ICOOL Cách M?ng Tháng 8	D0297C7D-9E9F-EB11-8100-509A4C8C9FAC	17/04/2021	14	118147000	115675835	1300345	0	1170820	0	700000	274	238	78	8	21450000.01	19755575.3	0	26	4	360	2.79	0	28	75170259.69	system	01:03.4	system	NULL	4
ICOOL C?u Ch? Y	FCA6688F-9E9F-EB11-8100-509A4C8C9FAC	17/04/2021	16	33128402	31810331.9	1062350	0	255720.1	0	0	80	82	24	1	10633333.37	6009936.91	0	8	3.33	80	1.71	0	14	15167061.62	system	01:33.5	system	NULL	4
ICOOL Nh? Thiên ???ng	96507A1E-9F9F-EB11-8100-509A4C8C9FAC	17/04/2021	17	51848000	49876155	1225765	0	746080	0	0	86	74	34	0	10126666.66	10755241.2	0	4	4	160	2.13	0	16	28994247.14	system	05:33.5	system	NULL	4
ICOOL Tr?n Não	86E2C69B-9F9F-EB11-8100-509A4C8C9FAC	17/04/2021	18	131272400	129688497	1393143	0	190760	257020	100000	260	268	68	7	16633333.34	0	0	20	3	270	3.4	0	20	113412183.7	system	09:03.7	system	NULL	4
ICOOL Nguy?n Tri Ph??ng	E51EB20C-9F9F-EB11-8100-509A4C8C9FAC	17/04/2021	19	34045500	33369935	643165	0	32400	0	0	85	88	43	2	9670000	4740709.77	2451061	5	3.26	140	2.69	0	16	21410286.23	system	05:03.7	system	NULL	4
ICOOL ??ng ?en	52E749A1-9E9F-EB11-8100-509A4C8C9FAC	17/04/2021	22	91395000	89197870	1227690	0	969440	0	0	255	243	62	8	13614000	16936133.69	0	34	4	250	2.48	0	25	58647736.31	system	02:03.5	system	NULL	4
ICOOL Phan Chu Trinh	76856830-9F9F-EB11-8100-509A4C8C9FAC	17/04/2021	23	47041400	45815954	1046686	0	178760	0	0	112	86	38	8	6901866.67	0	0	10	3.42	130	2.71	0	14	38914087.33	system	06:03.6	system	NULL	4
ICOOL Phan Xích Long	A62F4B42-9F9F-EB11-8100-509A4C8C9FAC	17/04/2021	24	127500100	123685140	2472400	524710	817850	525470	0	257	361	70	2	14500000	0	78400	31	4	280	2.8	0	25	109789010	system	06:33.6	system	NULL	4
ICOOL V?ng Tàu	342394BF-9F9F-EB11-8100-509A4C8C9FAC	17/04/2021	25	46093500	44409520	1286260	68110	329610	469600	0	148	138	41	8	6566666.67	9846348.92	0	10	3	140	2.41	0	17	28466104.41	system	10:03.8	system	NULL	4
ICOOL Phú Qu?c	9AC73254-9F9F-EB11-8100-509A4C8C9FAC	17/04/2021	26	3810000	2926500	883500	0	0	0	0	8	6	2	0	12933333.33	702413.33	0	0	5.5	11	0.08	0	25	-10709246.66	system	07:03.6	system	NULL	4
ICOOL Xô Vi?t Ngh? T?nh	6E6565D1-9F9F-EB11-8100-509A4C8C9FAC	17/04/2021	4	111761500	109435500	1585390	175700	564910	864500	150000	315	197	84	10	12916666.67	23416145.68	57400	39	2	230	2.9	0	29	74174587.65	system	10:33.7	system	NULL	4
ICOOL Tô Ký	555BF477-9F9F-EB11-8100-509A4C8C9FAC	17/04/2021	5	75504900	73342895	1044785	202510	914710	0	0	165	146	49	3	11283333.35	17338086.59	0	5	4	200	1.88	0	26	44721475.06	system	08:03.6	system	NULL	4
ICOOL Bình Phú	3AA2916B-9E9F-EB11-8100-509A4C8C9FAC	17/04/2021	6	105480200	103007208	2158042	186090	128860	0	0	238	149	66	4	3833333.33	7558540.67	0	17	3.18	210	2.75	0	24	91615333.99	system	00:33.3	system	NULL	4
ICOOL D??ng Bá Tr?c	291426B3-9E9F-EB11-8100-509A4C8C9FAC	17/04/2021	7	134914201	129701905.9	2939895	197895	2074505.1	363180	0	269	248	87	13	16166666.66	0	0	38	4	350	3.35	0	26	113898419.2	system	02:33.4	system	NULL	4
ICOOL Nguy?n S?n	E575D9E8-9E9F-EB11-8100-509A4C8C9FAC	17/04/2021	9	46568700	43273960	447080	0	2847660	0	0	123	112	41	1	10582583.33	0	0	24	3.9	160	2.73	0	15	32691376.67	system	04:03.5	system	NULL	4
ICOOL Ung V?n Khiêm	B63B3AD8-68A0-EB11-8100-509A4C8C9FAC	18/04/2021	1	93344700	90831130	2167820	0	345750	222850	0	323	169	67	5	23799500	23507411	6670830	32	4	300	1.81	0	37	50417899	system	09:34.0	system	NULL	4
ICOOL Thành Thái	7DA8B990-68A0-EB11-8100-509A4C8C9FAC	18/04/2021	10	77599600	75773568	1203537	70605	551890	0	0	243	205	70	5	23105266.67	15708291.8	2882740	47	4	315	2.5	0	28	39842749.53	system	07:34.0	system	NULL	4
ICOOL Nguy?n Trãi	AD7F5325-68A0-EB11-8100-509A4C8C9FAC	18/04/2021	11	18251600	17813964	437636	0	0	0	0	46	41	16	0	5906609.71	3800441.72	0	6	8	130	1	0	16	8106912.57	system	04:33.8	system	NULL	4
ICOOL M?c ??nh Chi	B7178E01-68A0-EB11-8100-509A4C8C9FAC	18/04/2021	12	67533601	66847671	685930	0	0	759291	0	151	144	48	8	16440000	10776747.67	0	26	5	270	2.18	0	22	40390214.33	system	03:33.8	system	NULL	4
ICOOL Tr?n Bình Tr?ng	539174B4-68A0-EB11-8100-509A4C8C9FAC	18/04/2021	13	33481800	32449855	536655	0	495290	0	0	78	101	37	3	9755466.67	9357720.2	4169340	12	4.05	150	2.18	0	17	17506008.14	system	08:33.9	system	NULL	4
ICOOL Cách M?ng Tháng 8	651D25A8-67A0-EB11-8100-509A4C8C9FAC	18/04/2021	14	76709400	75014855	538745	26000	1129800	133650	100000	155	163	58	5	21450000.01	12441013.06	0	23	5	340	2.07	0	28	41357491.93	system	01:03.8	system	NULL	4
ICOOL C?u Ch? Y	57D6FDB9-67A0-EB11-8100-509A4C8C9FAC	18/04/2021	16	20056100	19766100	290000	0	0	0	0	48	61	19	5	10633333.37	4109822.53	687800	6	4.21	80	1.36	0	14	5710744.1	system	01:33.7	system	NULL	4
ICOOL Nh? Thiên ???ng	A4C22649-68A0-EB11-8100-509A4C8C9FAC	18/04/2021	17	36396900	36006295	5005	0	385600	0	0	75	45	25	0	10126666.66	10467480.3	3520960	6	6	150	1.56	0	16	18933108.04	system	05:33.9	system	NULL	4
ICOOL Tr?n Não	B97661C6-68A0-EB11-8100-509A4C8C9FAC	18/04/2021	18	88592800	87272989	1084991	82040	152780	74200	0	300	172	61	3	16633333.34	22681152.35	5533880	25	4	250	3.05	0	20	53566583.31	system	09:04.0	system	NULL	4
ICOOL Nguy?n Tri Ph??ng	D0F14D37-68A0-EB11-8100-509A4C8C9FAC	18/04/2021	19	30354200	29775070	319800	0	259330	0	0	70	87	32	1	9670000	4460580.62	0	5	4.38	140	2	0	16	15644489.38	system	05:04.0	system	NULL	4
ICOOL ??ng ?en	B425E8CB-67A0-EB11-8100-509A4C8C9FAC	18/04/2021	22	46564100	45947867	414463	0	201770	0	0	126	134	39	6	13614000	13261975.25	4946000	28	6	250	1.56	0	25	24017891.75	system	02:03.8	system	NULL	4
ICOOL Phan Chu Trinh	B5FFFE5A-68A0-EB11-8100-509A4C8C9FAC	18/04/2021	23	35994100	35701280	79600	0	213220	0	0	92	56	31	3	6901866.67	7178872.1	0	15	3.87	120	2.21	0	14	21620541.23	system	06:03.9	system	NULL	4
ICOOL Phan Xích Long	03C8E86C-68A0-EB11-8100-509A4C8C9FAC	18/04/2021	24	78671700	77986810	384200	0	300690	0	0	193	248	62	16	14500000	14008465.35	1197700	37	4	280	2.48	0	25	50676044.65	system	06:33.9	system	NULL	4
ICOOL V?ng Tàu	07BB25EA-68A0-EB11-8100-509A4C8C9FAC	18/04/2021	25	12308400	12308400	0	0	0	0	0	35	39	14	1	6566666.67	2707534.09	0	10	9	130	0.82	0	17	3034199.24	system	10:04.0	system	NULL	4
ICOOL Phú Qu?c	1E45D27E-68A0-EB11-8100-509A4C8C9FAC	18/04/2021	26	7361400	5813650	1547750	0	0	0	0	11	9	3	0	12933333.33	1253470	0	0	3.67	11	0.12	0	25	-8373153.34	system	07:04.0	system	NULL	4
ICOOL Xô Vi?t Ngh? T?nh	E47701FC-68A0-EB11-8100-509A4C8C9FAC	18/04/2021	4	44968500	44268550	629150	0	70800	0	0	126	99	42	5	12916666.67	13022300.67	3763600	34	5	250	1.45	0	29	22093182.66	system	10:34.0	system	NULL	4
ICOOL Tô Ký	B62D94A2-68A0-EB11-8100-509A4C8C9FAC	18/04/2021	5	48495800	47467735	806215	0	221850	0	0	104	106	35	3	11283333.35	14915208	3813628.04	6	5	200	1.35	0	26	25082821.69	system	08:04.0	system	NULL	4
ICOOL Bình Phú	C8B43D96-67A0-EB11-8100-509A4C8C9FAC	18/04/2021	6	71937200	70298400	912940	0	725860	0	0	135	120	44	6	3833333.33	16621649.87	1659100	20	4.77	210	1.83	0	24	51502516.8	system	00:33.8	system	NULL	4
ICOOL D??ng Bá Tr?c	391CC8DD-67A0-EB11-8100-509A4C8C9FAC	18/04/2021	7	97039400	92632421.25	1705375	262688.75	2438915	224124	0	217	184	64	4	16166666.66	18430107.97	0	20	5	350	2.46	0	26	58259770.62	system	02:33.8	system	NULL	4
ICOOL Nguy?n S?n	7FD77213-68A0-EB11-8100-509A4C8C9FAC	18/04/2021	9	41190800	40085730	298000	0	807070	173574	0	107	103	32	6	10582583.33	14079315.2	4851080	20	5	160	2.13	0	15	20448485.47	system	04:03.8	system	NULL	4
ICOOL Ung V?n Khiêm	F4280904-32A1-EB11-8100-509A4C8C9FAC	19/04/2021	1	59038400	57618804	990886	0	428710	0	0	202	102	43	1	23799500	12063673.74	0	20	4	200	1.16	0	37	21755630.26	system	09:36.3	system	NULL	4
ICOOL Thành Thái	06E56FBC-31A1-EB11-8100-509A4C8C9FAC	19/04/2021	10	56223600	53596745	1981815	0	645040	0	0	175	139	53	4	23105266.67	11974801.25	150000	27	6	329	1.89	0	28	18666677.08	system	07:36.2	system	NULL	4
ICOOL Nguy?n Trãi	0AC61651-31A1-EB11-8100-509A4C8C9FAC	19/04/2021	11	13647000	12853380	739100	0	54520	0	200000	25	33	10	0	5906609.71	2917028.81	0	4	11	110	0.63	0	16	4229741.48	system	04:36.1	system	NULL	4
ICOOL M?c ??nh Chi	A873562D-31A1-EB11-8100-509A4C8C9FAC	19/04/2021	12	66873100	64100395	2044045	0	728660	422733.5	0	215	121	38	7	16440000	20912162.1	7354760	12	7	270	1.73	0	22	34525726.4	system	03:36.1	system	NULL	4
ICOOL Tr?n Bình Tr?ng	AACF3CE0-31A1-EB11-8100-509A4C8C9FAC	19/04/2021	13	21689700	20528170	589600	0	571930	0	0	55	47	20	3	9755466.67	5726455.15	0	6	7	140	1.18	0	17	5046248.18	system	08:36.2	system	NULL	4
ICOOL Cách M?ng Tháng 8	D86D26D4-30A1-EB11-8100-509A4C8C9FAC	19/04/2021	14	80954700	79695980	1027220	100390	131110	0	1910000	163	239	50	4	21450000.01	18944581.01	5577230	20	6	300	1.79	0	28	46788628.98	system	01:06.5	system	NULL	4
ICOOL C?u Ch? Y	70D1D1E5-30A1-EB11-8100-509A4C8C9FAC	19/04/2021	16	9194400	9194400	0	0	0	0	0	28	27	8	2	10633333.37	1850836.91	0	1	7.5	60	0.57	0	14	-3289770.28	system	01:36.1	system	NULL	4
ICOOL Nh? Thiên ???ng	171AE474-31A1-EB11-8100-509A4C8C9FAC	19/04/2021	17	15298400	15107400	0	0	191000	0	0	49	23	16	1	10126666.66	3258182.41	0	1	6	110	1	0	16	1722550.93	system	05:36.1	system	NULL	4
ICOOL Tr?n Não	F5941EF2-31A1-EB11-8100-509A4C8C9FAC	19/04/2021	18	74396300	72318560	1135540	0	942200	1144660	0	185	193	48	7	16633333.34	13955141.3	23500	13	4	210	2.4	0	20	42898245.36	system	09:06.2	system	NULL	4
ICOOL Nguy?n Tri Ph??ng	C142FB62-31A1-EB11-8100-509A4C8C9FAC	19/04/2021	19	14586400	14193600	392800	0	0	0	0	44	60	22	2	9670000	1803791.91	0	1	5.91	130	1.38	0	16	2719808.09	system	05:06.1	system	NULL	4
ICOOL ??ng ?en	9E53BFF7-30A1-EB11-8100-509A4C8C9FAC	19/04/2021	22	46001200	44541985	1330115	0	129100	0	0	156	99	35	7	13614000	10051220.92	4946000	23	5	190	1.4	0	25	25822764.08	system	02:06.2	system	NULL	4
ICOOL Phan Chu Trinh	C9D5C086-31A1-EB11-8100-509A4C8C9FAC	19/04/2021	23	19580600	19091945	295480	0	193175	0	0	52	39	18	1	6901866.67	3571066.58	0	7	5.56	100	1.29	0	14	8619011.76	system	06:06.1	system	NULL	4
ICOOL Phan Xích Long	175AA898-31A1-EB11-8100-509A4C8C9FAC	19/04/2021	24	51918700	49412970	2136030	0	369700	0	0	117	169	44	10	14500000	9657140.45	0	17	6	280	1.76	0	25	25255829.55	system	06:36.2	system	NULL	4
ICOOL V?ng Tàu	B2CCEA15-32A1-EB11-8100-509A4C8C9FAC	19/04/2021	25	13964700	13760700	204000	0	0	0	0	37	32	16	1	6566666.67	2396549.57	0	3	8	130	0.94	0	17	4797483.76	system	10:06.3	system	NULL	4
ICOOL Phú Qu?c	247694AA-31A1-EB11-8100-509A4C8C9FAC	19/04/2021	26	10086100	8672900	1413200	0	0	267000	0	21	22	5	0	12933333.33	1918286.67	0	2	1	9	0.2	0	25	-5911720	system	07:06.2	system	NULL	4
ICOOL Xô Vi?t Ngh? T?nh	C828D127-32A1-EB11-8100-509A4C8C9FAC	19/04/2021	4	40601700	39241240	1236000	0	124460	0	0	105	70	40	2	12916666.67	8709895.51	0	16	6	250	1.38	0	29	17614677.82	system	10:36.3	system	NULL	4
ICOOL Tô Ký	AF4253CE-31A1-EB11-8100-509A4C8C9FAC	19/04/2021	5	18045500	17332860	336140	0	376500	0	50000	50	47	16	0	11283333.35	3460120.4	0	9	10	160	0.62	0	26	2639406.25	system	08:06.2	system	NULL	4
ICOOL Bình Phú	CEEF1DC2-30A1-EB11-8100-509A4C8C9FAC	19/04/2021	6	39871500	38745328	1126172	0	0	0	0	86	66	29	2	3833333.33	8163323.44	0	8	6.55	190	1.21	0	24	26748671.23	system	00:36.2	system	NULL	4
ICOOL D??ng Bá Tr?c	D34BA709-31A1-EB11-8100-509A4C8C9FAC	19/04/2021	7	59452300	56433160	2262040	0	757100	0	0	115	112	42	8	16166666.66	20342622.81	9102269.18	11	8	350	1.62	0	26	29026139.71	system	02:36.2	system	NULL	4
ICOOL Nguy?n S?n	21ED353F-31A1-EB11-8100-509A4C8C9FAC	19/04/2021	9	19856900	19059555	797345	0	0	0	0	53	54	19	4	10582583.33	4702669.05	3164500	12	6.32	120	1.27	0	15	6938802.61	system	04:06.1	system	NULL	4
ICOOL Ung V?n Khiêm	4E07763C-FBA1-EB11-8100-509A4C8C9FAC	20/04/2021	1	188697300	180282471	4503880	177000	3733949	863189	0	463	316	102	12	23799500	38017141.57	0	16	2	300	2.76	0	37	119329018.4	system	09:59.8	system	NULL	4
ICOOL Thành Thái	3020E8F4-FAA1-EB11-8100-509A4C8C9FAC	20/04/2021	10	111146298.5	106925864.6	3023774	0	1196659.9	0	200000	315	280	80	10	23105266.67	20377834.2	240000	25	4	335	2.86	0	28	63882763.75	system	07:59.8	system	NULL	4
ICOOL Nguy?n Trãi	69219589-FAA1-EB11-8100-509A4C8C9FAC	20/04/2021	11	44211300	41571470	1965050	0	674780	0	1280000	75	82	31	1	5906609.7	8081752.11	0	7	3.55	110	1.94	0	16	28863108.19	system	04:59.7	system	NULL	4
ICOOL M?c ??nh Chi	9F9FCF65-FAA1-EB11-8100-509A4C8C9FAC	20/04/2021	12	113079400	108415322.5	3842310	0	821767.5	548540	0	311	187	52	6	16440000	21309673.3	0	14	5	270	2.36	0	22	71214189.2	system	03:59.7	system	NULL	4
ICOOL Tr?n Bình Tr?ng	361DB018-FBA1-EB11-8100-509A4C8C9FAC	20/04/2021	13	55411600	51223761	3268119	0	919720	0	0	128	137	46	5	9755466.67	9362225.39	0	10	3.04	140	2.71	0	17	32106068.94	system	08:59.8	system	NULL	4
ICOOL Cách M?ng Tháng 8	46B45E0C-FAA1-EB11-8100-509A4C8C9FAC	20/04/2021	14	138853300	127713570	4272530	0	6867200	871085	0	286	257	64	5	21450000.01	25909322.35	0	27	4	300	2.29	0	28	81225332.64	system	01:29.6	system	NULL	4
ICOOL C?u Ch? Y	C4D7331E-FAA1-EB11-8100-509A4C8C9FAC	20/04/2021	16	33590600	32201230	774200	0	615170	95260	0	90	97	32	7	10633333.37	5811555.91	0	6	1.88	60	2.29	0	14	15851600.72	system	01:59.6	system	NULL	4
ICOOL Nh? Thiên ???ng	1F9457AD-FAA1-EB11-8100-509A4C8C9FAC	20/04/2021	17	36268400	34327695	1360410	0	580295	0	0	63	55	27	2	10126666.66	7676346.97	0	2	4	120	1.69	0	16	16524681.37	system	05:59.7	system	NULL	4
ICOOL Tr?n Não	B290932A-FBA1-EB11-8100-509A4C8C9FAC	20/04/2021	18	120641500	117044178	3254562	0	342760	1327870	0	225	297	64	12	16633333.34	24382565.59	0	24	3	200	3.2	0	20	77356149.07	system	09:29.8	system	NULL	4
ICOOL Nguy?n Tri Ph??ng	224D749B-FAA1-EB11-8100-509A4C8C9FAC	20/04/2021	19	44169500	42587140	1343900	0	238460	171850	0	121	136	40	0	9670000	6610062.77	0	6	3.25	130	2.5	0	16	26478927.23	system	05:29.7	system	NULL	4
ICOOL ??ng ?en	EEC61830-FAA1-EB11-8100-509A4C8C9FAC	20/04/2021	22	82046700	79612086	2107234	0	327380	141730	0	240	180	57	9	13614000	15370390.34	0	28	3	190	2.28	0	25	50769425.66	system	02:29.6	system	NULL	4
ICOOL Phan Chu Trinh	5D8041BF-FAA1-EB11-8100-509A4C8C9FAC	20/04/2021	23	42243200	41148785	1094415	0	0	187330	0	118	61	32	5	6901866.67	6548685.44	0	7	2.81	90	2.29	0	14	27885562.89	system	06:29.8	system	NULL	4
ICOOL Phan Xích Long	8B431DD1-FAA1-EB11-8100-509A4C8C9FAC	20/04/2021	24	121079700	113127355	5249795	0	2702550	312910	0	214	309	64	15	14500000	22105648.1	0	25	4	280	2.56	0	25	76834616.9	system	06:59.7	system	NULL	4
ICOOL V?ng Tàu	F31E584E-FBA1-EB11-8100-509A4C8C9FAC	20/04/2021	25	21187800	20847170	92920	0	247710	0	0	66	65	25	5	6566666.67	3667488.86	0	7	5	140	1.47	0	17	10613014.47	system	10:29.8	system	NULL	4
ICOOL Phú Qu?c	657001E3-FAA1-EB11-8100-509A4C8C9FAC	20/04/2021	26	10014000	7352200	2661800	0	0	0	0	23	22	6	0	12933333.33	1409800.05	0	0	1.5	9	0.24	0	25	-6990933.38	system	07:29.7	system	NULL	4
ICOOL Xô Vi?t Ngh? T?nh	67063E60-FBA1-EB11-8100-509A4C8C9FAC	20/04/2021	4	90615900	88299750	1244100	162600	909450	629440	0	254	182	68	7	12916666.67	18395359.83	0	23	3	250	2.34	0	29	57617163.5	system	10:59.8	system	NULL	4
ICOOL Tô Ký	CCACC806-FBA1-EB11-8100-509A4C8C9FAC	20/04/2021	5	60962901	58365550.9	1307110	0	1290240.1	0	0	92	127	43	3	11283333.35	11637686.86	37200	1	3	160	1.65	0	26	35481730.69	system	08:29.8	system	NULL	4
ICOOL Bình Phú	554871FA-F9A1-EB11-8100-509A4C8C9FAC	20/04/2021	6	90568900	88053420	1498225	155145	862110	0	2720000	201	170	60	7	3833333.33	0	0	12	3.17	190	2.5	0	24	86940086.67	system	00:59.6	system	NULL	4
ICOOL D??ng Bá Tr?c	C3D3FC41-FAA1-EB11-8100-509A4C8C9FAC	20/04/2021	7	122190300	115941055	5109555	261170	878520	312640	0	218	229	69	11	16166666.66	21305020.92	174000	29	5	350	2.65	0	26	78956007.42	system	02:59.6	system	NULL	4
ICOOL Nguy?n S?n	D353A777-FAA1-EB11-8100-509A4C8C9FAC	20/04/2021	9	55010700	53122308	1468172	0	420220	0	0	117	114	33	0	10582583.33	11882259.2	0	10	3.94	130	2.2	0	15	30657465.47	system	04:29.6	system	NULL	4
ICOOL Ung V?n Khiêm	41033667-C4A2-EB11-8100-509A4C8C9FAC	21/04/2021	1	176676900	171155991	4332519	301290	887100	428620	0	536	427	123	12	23799500	36042448.57	0	69	2	300	3.32	0	37	111742662.4	system	10:00.4	system	NULL	4
ICOOL Thành Thái	64E39A1F-C4A2-EB11-8100-509A4C8C9FAC	21/04/2021	10	102798100	99641520	2156580	0	1000000	0	0	292	235	84	20	23105266.67	17729400.34	0	45	4	352	3	0	28	58806852.99	system	08:00.2	system	NULL	4
ICOOL Nguy?n Trãi	F05843B4-C3A2-EB11-8100-509A4C8C9FAC	21/04/2021	11	27749500	26727720	881580	0	140200	0	0	57	94	34	0	5906609.7	6476922.67	2538620	12	4.12	140	2.13	0	16	16882807.63	system	05:00.2	system	NULL	4
ICOOL M?c ??nh Chi	C1358290-C3A2-EB11-8100-509A4C8C9FAC	21/04/2021	12	109556301	105877006	2094485	0	1584810	424370.5	0	303	226	73	7	16440000	19514359.58	0	30	3	270	3.32	0	22	70347016.92	system	04:00.2	system	NULL	4
ICOOL Tr?n Bình Tr?ng	977B6043-C4A2-EB11-8100-509A4C8C9FAC	21/04/2021	13	61495200	58532547	1657203	0	1305450	210520	0	146	146	55	4	9755466.67	11230378.19	0	17	3.09	170	3.24	0	17	37757222.14	system	09:00.3	system	NULL	4
ICOOL Cách M?ng Tháng 8	1DB21037-C3A2-EB11-8100-509A4C8C9FAC	21/04/2021	14	99188300	95870955	2558675	229570	529100	326862.5	1100000	264	247	76	6	21450000.01	25162840.62	0	29	4	350	2.71	0	28	50684976.87	system	01:30.1	system	NULL	4
ICOOL C?u Ch? Y	96C4F248-C3A2-EB11-8100-509A4C8C9FAC	21/04/2021	16	29381900	28187550	734900	0	459450	0	0	75	78	27	4	10633333.37	5542591.19	0	11	2.22	60	1.93	0	14	12011625.44	system	02:00.1	system	NULL	4
ICOOL Nh? Thiên ???ng	DCA83CD8-C3A2-EB11-8100-509A4C8C9FAC	21/04/2021	17	64521000	61935126	1737504	0	848370	0	0	135	99	51	2	10126666.66	13898778.16	0	4	3	170	3.19	0	16	37909681.18	system	06:00.5	system	NULL	4
ICOOL Tr?n Não	A7724955-C4A2-EB11-8100-509A4C8C9FAC	21/04/2021	18	111354700	109020775	2282325	51600	0	237600	0	277	262	71	4	16633333.34	21084327.34	0	31	3	250	3.55	0	20	71540714.32	system	09:30.3	system	NULL	4
ICOOL Nguy?n Tri Ph??ng	4A7825C6-C3A2-EB11-8100-509A4C8C9FAC	21/04/2021	19	46302000	45125651	649029	123300	404020	0	0	140	144	50	6	9670000	6026280.15	0	6	2.6	130	3.13	0	16	29429370.85	system	05:30.2	system	NULL	4
ICOOL ??ng ?en	4554D45A-C3A2-EB11-8100-509A4C8C9FAC	21/04/2021	22	84222100	82515650	1506000	0	200450	0	0	232	242	78	14	13614000	13447669.54	0	45	3	260	3.12	0	25	55453980.46	system	02:30.1	system	NULL	4
ICOOL Phan Chu Trinh	5FCCEFE9-C3A2-EB11-8100-509A4C8C9FAC	21/04/2021	23	50368600	49800020	461000	0	107580	0	0	123	83	40	5	6901866.67	8256837.72	0	14	2.5	100	2.86	0	14	34641315.61	system	06:30.2	system	NULL	4
ICOOL Phan Xích Long	5366D2FB-C3A2-EB11-8100-509A4C8C9FAC	21/04/2021	24	110905700	107168914.8	3226210	119085.25	391490	556550	0	246	297	75	11	14500000	18350319.41	0	45	3	280	3	0	25	74875145.34	system	07:00.2	system	NULL	4
ICOOL V?ng Tàu	DE4E1479-C4A2-EB11-8100-509A4C8C9FAC	21/04/2021	25	10929500	10749600	0	0	179900	0	0	33	31	11	1	6566666.67	1869469.35	0	6	12	140	0.65	0	17	2313463.98	system	10:30.4	system	NULL	4
ICOOL Phú Qu?c	6E3EB40D-C4A2-EB11-8100-509A4C8C9FAC	21/04/2021	26	2803500	1733250	1070250	0	0	0	0	7	3	2	0	12933333.33	438745	0	0	4.5	9	0.08	0	25	-11638828.33	system	07:30.2	system	NULL	4
ICOOL Xô Vi?t Ngh? T?nh	1CD6F98A-C4A2-EB11-8100-509A4C8C9FAC	21/04/2021	4	119478500	116728285	2656475	37200	56540	579250	0	311	203	87	11	12916666.67	26008535.05	36000	48	2	250	3	0	29	78418333.28	system	11:00.4	system	NULL	4
ICOOL Tô Ký	4B688231-C4A2-EB11-8100-509A4C8C9FAC	21/04/2021	5	62860200	60071980	1431870	0	1356350	0	0	134	153	52	2	11283333.35	13860542.59	17903.25	2	4	210	2	0	26	34946007.31	system	08:30.3	system	NULL	4
ICOOL Bình Phú	041A2F25-C3A2-EB11-8100-509A4C8C9FAC	21/04/2021	6	94776200	90999193.75	3176705	272311.25	327990	0	0	228	227	74	6	3833333.33	16971558.04	0	20	2.57	190	3.08	0	24	70194302.38	system	01:00.1	system	NULL	4
ICOOL D??ng Bá Tr?c	F904B76C-C3A2-EB11-8100-509A4C8C9FAC	21/04/2021	7	145073200	137296120	5463065	85315	2228700	0	0	289	275	92	11	16166666.67	26875622.45	569000	26	3.8	350	3.54	0	26	94822830.89	system	03:00.1	system	NULL	4
ICOOL Nguy?n S?n	C69F62A2-C3A2-EB11-8100-509A4C8C9FAC	21/04/2021	9	57990000	55830050	1890680	0	269270	0	0	170	130	52	5	10582583.33	11848409.31	0	26	2.5	130	3.47	0	15	33399057.36	system	04:30.2	system	NULL	4
ICOOL Ung V?n Khiêm	788F326E-8DA3-EB11-8100-509A4C8C9FAC	22/04/2021	1	80611100	76244984	3382566	0	983550	422165	0	252	131	51	4	23799500	17102932.77	0	9	5	300	1.38	0	37	35764716.23	system	09:00.9	system	NULL	4
ICOOL Thành Thái	55679F26-8DA3-EB11-8100-509A4C8C9FAC	22/04/2021	10	65859400	65012858	609912	0	236630	433410	0	208	154	59	8	23105266.67	13976812.48	13666.67	29	6	366	2.11	0	28	28377855.52	system	07:00.9	system	NULL	4
ICOOL Nguy?n Trãi	555E44BB-8CA3-EB11-8100-509A4C8C9FAC	22/04/2021	11	17094800	16168655	45625	0	880520	0	0	49	24	12	0	5906609.7	3780117.05	0	3	9.17	110	0.75	0	16	6481928.25	system	04:00.7	system	NULL	4
ICOOL M?c ??nh Chi	D6E17D97-8CA3-EB11-8100-509A4C8C9FAC	22/04/2021	12	53406800	52367095	1039705	0	0	595280	0	182	113	38	1	16440000	9401221.44	0	19	7	270	1.73	0	22	27121153.56	system	03:00.7	system	NULL	4
ICOOL Tr?n Bình Tr?ng	AA9A624A-8DA3-EB11-8100-509A4C8C9FAC	22/04/2021	13	17724600	16244890	867850	0	611860	0	0	50	40	17	0	9755466.67	3912192.34	0	7	9.41	160	1	0	17	2577231	system	08:00.9	system	NULL	4
ICOOL Cách M?ng Tháng 8	FF75073E-8CA3-EB11-8100-509A4C8C9FAC	22/04/2021	14	71684800	70100060	1562490	22250	0	306966	0	170	152	47	1	21450000.01	12704686.58	0	13	7	330	1.68	0	28	36252339.41	system	00:30.6	system	NULL	4
ICOOL C?u Ch? Y	F72BEB4F-8CA3-EB11-8100-509A4C8C9FAC	22/04/2021	16	19091100	18138260	807200	0	145640	0	0	50	36	18	1	10633333.37	3997878.86	0	1	3.89	70	1.29	0	14	3507047.77	system	01:00.6	system	NULL	4
ICOOL Nh? Thiên ???ng	94860DDF-8CA3-EB11-8100-509A4C8C9FAC	22/04/2021	17	22281900	21735630	13600	0	532670	0	0	38	36	19	2	10126666.66	4831791.86	0	3	6	120	1.19	0	16	6777171.48	system	05:00.8	system	NULL	4
ICOOL Tr?n Não	9A49485C-8DA3-EB11-8100-509A4C8C9FAC	22/04/2021	18	68824300	67665930	697060	80950	380360	0	0	246	141	45	3	16633333.34	14981468.87	23500	17	4	220	2.25	0	20	36074627.79	system	08:30.9	system	NULL	4
ICOOL Nguy?n Tri Ph??ng	99602ECD-8CA3-EB11-8100-509A4C8C9FAC	22/04/2021	19	14423700	14022400	401300	0	0	107070	0	46	54	24	0	9670000	2367351.67	39300	1	5.42	130	1.5	0	16	2131418.33	system	04:30.8	system	NULL	4
ICOOL ??ng ?en	166ED261-8CA3-EB11-8100-509A4C8C9FAC	22/04/2021	22	41545500	41237485	308015	0	0	0	157500	138	122	29	3	13614000	9304191.77	0	13	7	210	1.16	0	25	18476793.23	system	01:30.7	system	NULL	4
ICOOL Phan Chu Trinh	8F1CF0F0-8CA3-EB11-8100-509A4C8C9FAC	22/04/2021	23	17790400	17584940	0	0	205460	0	0	39	30	16	2	6901866.67	3427536.34	0	13	6.88	110	1.14	0	14	7255537	system	05:30.8	system	NULL	4
ICOOL Phan Xích Long	CFB4D502-8DA3-EB11-8100-509A4C8C9FAC	22/04/2021	24	66956000	65863445	863735	81980	146840	305160	0	150	211	49	5	14500000	13413716.87	0	31	5	280	1.96	0	25	38254888.13	system	06:00.8	system	NULL	4
ICOOL V?ng Tàu	D9E40F80-8DA3-EB11-8100-509A4C8C9FAC	22/04/2021	25	3851400	3840080	0	0	11320	0	0	15	15	4	1	6566666.67	982233.89	0	3	27	110	0.24	0	17	-3708820.56	system	09:30.9	system	NULL	4
ICOOL Phú Qu?c	05B5B514-8DA3-EB11-8100-509A4C8C9FAC	22/04/2021	26	5910400	4174750	1373700	0	361950	0	0	11	11	4	0	12933333.33	883670.81	0	0	2.25	9	0.16	0	25	-9642254.14	system	06:30.8	system	NULL	4
ICOOL Xô Vi?t Ngh? T?nh	9C51F391-8DA3-EB11-8100-509A4C8C9FAC	22/04/2021	4	29293200	28313710	914990	0	64500	0	0	92	72	28	6	12916666.67	6517460.42	236200	16	8	250	0.97	0	29	9115782.91	system	10:00.9	system	NULL	4
ICOOL Tô Ký	E3C98238-8DA3-EB11-8100-509A4C8C9FAC	22/04/2021	5	16274100	15476575	458250	31745	307530	0	0	57	34	19	2	11283333.35	3786763.72	0	15	8	160	0.73	0	26	406477.93	system	07:30.9	system	NULL	4
ICOOL Bình Phú	FE05242C-8CA3-EB11-8100-509A4C8C9FAC	22/04/2021	6	36196300	34634200	643000	0	919100	0	0	96	85	35	0	3833333.33	7959661.39	0	6	5.43	190	1.46	0	24	22841205.28	system	00:00.6	system	NULL	4
ICOOL D??ng Bá Tr?c	18EDB373-8CA3-EB11-8100-509A4C8C9FAC	22/04/2021	7	43065000	42066060	359130	0	639810	182700	0	100	79	30	6	16166666.67	8673795.77	0	15	11.67	350	1.15	0	26	17408297.56	system	02:00.7	system	NULL	4
ICOOL Nguy?n S?n	0B5964A9-8CA3-EB11-8100-509A4C8C9FAC	22/04/2021	9	24573500	24070280	240000	0	263220	0	0	76	66	23	1	10582583.33	5876261.14	0	18	5.65	130	1.53	0	15	7611435.52	system	03:30.8	system	NULL	4
ICOOL Ung V?n Khiêm	D070E498-56A4-EB11-8100-509A4C8C9FAC	23/04/2021	1	119373900	116063506	2885464	0	424930	435800	0	343	275	75	6	23799500	22352129.25	0	27	4	300	2.03	0	37	70347676.75	system	09:01.4	system	NULL	4
ICOOL Thành Thái	A4CB5551-56A4-EB11-8100-509A4C8C9FAC	23/04/2021	10	79177300	76973717	1164193	306920	732470	360862.2	0	209	191	57	7	23105266.67	16442527.63	0	27	5	335	2.04	0	28	37786784.9	system	07:01.4	system	NULL	4
ICOOL Nguy?n Trãi	7C7AFFE5-55A4-EB11-8100-509A4C8C9FAC	23/04/2021	11	17192400	16960400	232000	0	0	112160	0	42	46	16	0	5906609.7	2990257	0	2	8.75	140	1	0	16	8175693.3	system	04:01.3	system	NULL	4
ICOOL M?c ??nh Chi	58D53CC2-55A4-EB11-8100-509A4C8C9FAC	23/04/2021	12	123570300	118561020	4311430	0	697850	1498534	0	304	179	52	11	16440000	23362570.77	0	18	5	270	2.36	0	22	80256983.23	system	03:01.3	system	NULL	4
ICOOL Tr?n Bình Tr?ng	1C1A1B75-56A4-EB11-8100-509A4C8C9FAC	23/04/2021	13	35250100	33990975	859145	0	399980	181700	0	79	57	26	3	9755466.67	12847016.23	6683081.94	6	6.92	180	1.53	0	17	18253274.04	system	08:01.4	system	NULL	4
ICOOL Cách M?ng Tháng 8	BBBDC768-55A4-EB11-8100-509A4C8C9FAC	23/04/2021	14	129373300	124676210	2185890	0	2511200	513550	200000	288	297	72	10	21450000.01	24606320.92	0	22	4	350	2.57	0	28	79333439.07	system	00:31.2	system	NULL	4
ICOOL C?u Ch? Y	3467AE7A-55A4-EB11-8100-509A4C8C9FAC	23/04/2021	16	11388600	10827780	290000	0	270820	0	0	26	20	9	0	10633333.37	2268815.34	0	4	8.89	80	0.64	0	14	-2074368.71	system	01:01.2	system	NULL	4
ICOOL Nh? Thiên ???ng	F45ACE09-56A4-EB11-8100-509A4C8C9FAC	23/04/2021	17	27444600	26424650	290000	0	729950	0	0	46	43	18	1	10126666.66	5765550.1	0	3	8	160	1.13	0	16	10532433.24	system	05:01.4	system	NULL	4
ICOOL Tr?n Não	897A0787-56A4-EB11-8100-509A4C8C9FAC	23/04/2021	18	86749301	85281121	691090	134790	642300	591020	0	238	220	55	3	16633333.34	16059675.26	23500	15	4	250	2.75	0	20	53202632.4	system	08:31.4	system	NULL	4
ICOOL Nguy?n Tri Ph??ng	7142E7F7-55A4-EB11-8100-509A4C8C9FAC	23/04/2021	19	29835800	29496000	339800	0	0	186200	0	82	82	29	0	9670000	5810789.2	0	2	4.83	140	1.81	0	16	14201410.8	system	04:31.3	system	NULL	4
ICOOL ??ng ?en	11278C8C-55A4-EB11-8100-509A4C8C9FAC	23/04/2021	22	58859000	57322184	835006	0	701810	0	0	161	132	42	3	13614000	10506784.34	0	18	5	250	1.68	0	25	33201399.66	system	01:31.2	system	NULL	4
ICOOL Phan Chu Trinh	DB98B11B-56A4-EB11-8100-509A4C8C9FAC	23/04/2021	23	33408200	33213960	30940	0	163300	212510	0	63	51	22	1	6901866.67	6886211.82	0	4	5.91	130	1.57	0	14	19638391.51	system	05:31.4	system	NULL	4
ICOOL Phan Xích Long	90738B2D-56A4-EB11-8100-509A4C8C9FAC	23/04/2021	24	82073600	80422980	756530	0	894090	148000	0	177	214	51	7	14500000	14562054.77	0	18	5	280	2.04	0	25	51508925.23	system	06:01.3	system	NULL	4
ICOOL V?ng Tàu	BAE8D6AA-56A4-EB11-8100-509A4C8C9FAC	23/04/2021	25	15932600	15304700	255000	0	372900	0	0	37	39	12	0	6566666.67	3755728.94	0	6	11	140	0.71	0	17	4982304.39	system	09:31.5	system	NULL	4
ICOOL Phú Qu?c	EB926F3F-56A4-EB11-8100-509A4C8C9FAC	23/04/2021	26	10987200	7937200	3050000	0	0	0	0	14	19	6	0	12933333.33	1485826.67	0	2	1.83	11	0.24	0	25	-6481960	system	06:31.3	system	NULL	4
ICOOL Xô Vi?t Ngh? T?nh	4EECB3BC-56A4-EB11-8100-509A4C8C9FAC	23/04/2021	4	49250600	48931850	0	0	318750	221350	0	147	106	41	5	12916666.67	10394905.54	0	16	6	250	1.41	0	29	25841627.79	system	10:01.5	system	NULL	4
ICOOL Tô Ký	674C3663-56A4-EB11-8100-509A4C8C9FAC	23/04/2021	5	27232100	26378295	619090	136745	97970	0	0	65	54	24	1	11283333.35	5653977.03	0	1	8	210	0.92	0	26	9440984.62	system	07:31.4	system	NULL	4
ICOOL Bình Phú	5EBADC56-55A4-EB11-8100-509A4C8C9FAC	23/04/2021	6	51894200	51367440	232000	76220	218540	0	0	122	112	36	4	3833333.33	11536935.77	857714.29	4	5.83	210	1.5	0	24	36854885.18	system	00:01.1	system	NULL	4
ICOOL D??ng Bá Tr?c	5099729E-55A4-EB11-8100-509A4C8C9FAC	23/04/2021	7	104860000	100973557.5	1960050	253805	1672587.5	108270	300000	195	200	59	4	16166666.67	19452872.11	0	10	5.93	350	2.27	0	26	65762288.72	system	02:01.2	system	NULL	4
ICOOL Nguy?n S?n	0DF31AD4-55A4-EB11-8100-509A4C8C9FAC	23/04/2021	9	14834000	14760800	73200	0	0	0	0	47	35	17	2	10582583.33	2612360.57	0	9	9.41	160	1.13	0	15	1565856.09	system	03:31.3	system	NULL	4
ICOOL Ung V?n Khiêm	9915ADC3-1FA5-EB11-8100-509A4C8C9FAC	24/04/2021	1	161174200	158962896	883654	0	1327650	116000	0	482	315	100	6	23799500	31498497.1	0	41	3	300	2.7	0	37	103780898.9	system	09:02.0	system	NULL	4
ICOOL Thành Thái	39BA157C-1FA5-EB11-8100-509A4C8C9FAC	24/04/2021	10	141887501	137872492	2654339	0	1360670	528920	0	369	341	93	9	23105266.67	29702885.4	23500	40	3.9	363	3.32	0	28	85616759.93	system	07:01.9	system	NULL	4
ICOOL Nguy?n Trãi	D87DBA10-1FA5-EB11-8100-509A4C8C9FAC	24/04/2021	11	33167300	32138338	737612	0	291350	131500	0	49	76	25	2	5906609.7	6785008.31	1255010	4	5.6	140	1.56	0	16	20833229.99	system	04:01.8	system	NULL	4
ICOOL M?c ??nh Chi	DAD4F4EC-1EA5-EB11-8100-509A4C8C9FAC	24/04/2021	12	102894100	101541565	756475	421300	174760	0	0	282	197	65	8	16440000	18659499.11	0	31	4	270	2.95	0	22	66442065.89	system	03:01.8	system	NULL	4
ICOOL Tr?n Bình Tr?ng	28F5DF9F-1FA5-EB11-8100-509A4C8C9FAC	24/04/2021	13	51485500	50044480	418030	0	1022990	310220	0	117	107	41	2	9755466.67	10811794.81	1067708.33	11	4.39	180	2.41	0	17	30855146.85	system	08:02.0	system	NULL	4
ICOOL Cách M?ng Tháng 8	0DC37F93-1EA5-EB11-8100-509A4C8C9FAC	24/04/2021	14	110282800	107764940	1527080	116800	873980	587595	0	267	250	77	4	21450000.01	18499731.77	0	32	4	350	2.75	0	28	68402803.22	system	00:31.7	system	NULL	4
ICOOL C?u Ch? Y	57E565A5-1EA5-EB11-8100-509A4C8C9FAC	24/04/2021	16	39613001	37338576.8	1875544	0	398880.2	0	0	97	88	32	4	10633333.37	7472947.87	0	10	2.5	80	2.29	0	14	19232295.57	system	01:01.7	system	NULL	4
ICOOL Nh? Thiên ???ng	E2E38134-1FA5-EB11-8100-509A4C8C9FAC	24/04/2021	17	49970700	47795135	1718795	0	456770	0	70000	85	71	34	2	10126666.66	10804660.36	0	2	5	170	2.13	0	16	26933807.98	system	05:01.8	system	NULL	4
ICOOL Tr?n Não	F4C0BEB1-1FA5-EB11-8100-509A4C8C9FAC	24/04/2021	18	143565900	141403740	972920	199800	989440	2020230	0	317	264	71	3	16633333.34	38387640.51	8315886.57	21	3	260	3.55	0	20	96718882.72	system	08:32.0	system	NULL	4
ICOOL Nguy?n Tri Ph??ng	4AD59C22-1FA5-EB11-8100-509A4C8C9FAC	24/04/2021	19	34263900	33466870	663800	0	133230	0	0	84	91	36	1	9670000	5544147.01	0	4	3.89	140	2.25	0	16	18252722.99	system	04:31.8	system	NULL	4
ICOOL ??ng ?en	1FD349B7-1EA5-EB11-8100-509A4C8C9FAC	24/04/2021	22	102672700	100172482	1883118	0	617100	0	0	306	237	68	5	13614000	20507018.4	0	44	3	250	2.72	0	25	66051463.6	system	01:31.8	system	NULL	4
ICOOL Phan Chu Trinh	CEBB6646-1FA5-EB11-8100-509A4C8C9FAC	24/04/2021	23	53885900	53577210	237530	0	71160	0	0	123	82	41	4	6901866.67	10780823.77	0	10	3.17	130	2.93	0	14	35894519.56	system	05:31.9	system	NULL	4
ICOOL Phan Xích Long	3FAA4958-1FA5-EB11-8100-509A4C8C9FAC	24/04/2021	24	127399700	125434380	467010	0	1498310	0	0	260	383	74	5	14500000	22826245.11	0	30	3	280	2.96	0	25	88108134.89	system	06:01.9	system	NULL	4
ICOOL V?ng Tàu	989885D5-1FA5-EB11-8100-509A4C8C9FAC	24/04/2021	25	34092700	33595360	290000	0	207340	0	0	105	92	34	7	6566666.67	7083502.09	0	10	4	140	2	0	17	19945191.24	system	09:32.0	system	NULL	4
ICOOL Phú Qu?c	6D9F306A-1FA5-EB11-8100-509A4C8C9FAC	24/04/2021	26	1722400	1089950	632450	0	0	0	0	6	2	2	0	12933333.33	163770	0	0	5.5	11	0.08	0	25	-12007153.33	system	06:31.9	system	NULL	4
ICOOL Xô Vi?t Ngh? T?nh	186973E7-1FA5-EB11-8100-509A4C8C9FAC	24/04/2021	4	104324900	101547964	1724435	271951	780550	0	0	294	189	73	7	12916666.67	22696277.36	97912	31	3	250	2.52	0	29	66032931.97	system	10:02.1	system	NULL	4
ICOOL Tô Ký	9FBEF88D-1FA5-EB11-8100-509A4C8C9FAC	24/04/2021	5	50707300	49648474	780196	94660	183970	151160	0	94	112	37	1	11283333.35	11049401.17	28800	1	5	210	1.42	0	26	27495699.48	system	07:31.9	system	NULL	4
ICOOL Bình Phú	AEA39681-1EA5-EB11-8100-509A4C8C9FAC	24/04/2021	6	98078600	94781621	1205039	363570	1728370	0	0	250	168	64	5	3833333.33	19955811.54	275833.33	20	3.28	210	2.67	0	24	71268309.46	system	00:01.7	system	NULL	4
ICOOL D??ng Bá Tr?c	508A35C9-1EA5-EB11-8100-509A4C8C9FAC	24/04/2021	7	130601900	126924520	2591950	0	1085430	464795	0	249	222	72	7	16166666.67	24494112.27	0	32	4.86	350	2.77	0	26	86728536.07	system	02:01.8	system	NULL	4
ICOOL Nguy?n S?n	F529D2FE-1EA5-EB11-8100-509A4C8C9FAC	24/04/2021	9	50312900	48172748	1523732	0	616420	0	0	141	125	40	4	10582583.33	11325013.44	219285	16	4	160	2.67	0	15	26484436.23	system	03:31.8	system	NULL	4
ICOOL Ung V?n Khiêm	03A850EE-E8A5-EB11-8100-509A4C8C9FAC	25/04/2021	1	121881800	119500445	1481120	376675	523560	0	0	381	259	84	5	23799500	24182302.35	0	48	3.57	300	2.27	0	37	71518642.65	system	09:02.4	system	NULL	4
ICOOL Thành Thái	D8F7C1A6-E8A5-EB11-8100-509A4C8C9FAC	25/04/2021	10	101329400	98682674	1889376	140230	617120	266437	0	261	232	75	14	23105266.67	19698570.88	0	54	0.01	1	2.68	0	28	56145273.45	system	07:02.4	system	NULL	4
ICOOL Nguy?n Trãi	F1756C3B-E8A5-EB11-8100-509A4C8C9FAC	25/04/2021	11	22032400	21539045	304355	0	189000	0	0	50	78	21	3	5906609.7	3566375.99	571010	7	6.19	130	1.31	0	16	12637069.31	system	04:02.3	system	NULL	4
ICOOL M?c ??nh Chi	3952A717-E8A5-EB11-8100-509A4C8C9FAC	25/04/2021	12	55508201	54364026	632175	0	512000	0	0	170	134	44	2	16440000	8880174.67	0	30	6	270	2	0	22	29043851.33	system	03:02.3	system	NULL	4
ICOOL Tr?n Bình Tr?ng	58A888CA-E8A5-EB11-8100-509A4C8C9FAC	25/04/2021	13	30127300	29264980	375560	0	486760	145910	0	67	57	22	0	9755466.67	6632527.33	1408467.14	11	6.36	140	1.29	0	17	14431363.14	system	08:02.4	system	NULL	4
ICOOL Cách M?ng Tháng 8	4D4C36BE-E7A5-EB11-8100-509A4C8C9FAC	25/04/2021	14	66408800	65032405	1050845	152050	173500	0	0	160	147	55	5	21450000.01	9685379.05	0	29	6	340	1.96	0	28	33897025.94	system	00:32.2	system	NULL	4
ICOOL C?u Ch? Y	FF4717D0-E7A5-EB11-8100-509A4C8C9FAC	25/04/2021	16	25000200	24040440	514320	0	445440	0	0	57	62	22	1	10633333.37	5193101.96	0	6	3.18	70	1.57	0	14	8214004.68	system	01:02.2	system	NULL	4
ICOOL Nh? Thiên ???ng	989F435F-E8A5-EB11-8100-509A4C8C9FAC	25/04/2021	17	26128400	25863572	120558	0	144270	0	0	53	40	20	1	10126666.66	5286336.72	0	2	8	160	1.25	0	16	10450568.62	system	05:02.4	system	NULL	4
ICOOL Tr?n Não	45E66CDC-E8A5-EB11-8100-509A4C8C9FAC	25/04/2021	18	93580100	92439775	1140325	0	0	228080	0	194	221	54	0	16633333.34	18199220.32	48490	20	4	240	2.7	0	20	57883791.34	system	08:32.4	system	NULL	4
ICOOL Nguy?n Tri Ph??ng	339A564D-E8A5-EB11-8100-509A4C8C9FAC	25/04/2021	19	22427700	22233700	194000	0	0	0	0	53	63	29	1	9670000	3381955.05	0	1	4.83	140	1.81	0	16	9181744.95	system	04:32.3	system	NULL	4
ICOOL ??ng ?en	7BACFFE1-E7A5-EB11-8100-509A4C8C9FAC	25/04/2021	22	61555900	59636281	1682363	144036	93220	0	0	209	157	43	4	13614000	11958888.35	0	33	5	250	1.72	0	25	34063392.65	system	01:32.3	system	NULL	4
ICOOL Phan Chu Trinh	9B221871-E8A5-EB11-8100-509A4C8C9FAC	25/04/2021	23	16542900	16375125	106265	0	61510	0	0	46	34	19	2	6901866.67	4153421.39	0	8	6.32	120	1.36	0	14	5319836.95	system	05:32.3	system	NULL	4
ICOOL Phan Xích Long	44ED0183-E8A5-EB11-8100-509A4C8C9FAC	25/04/2021	24	89007800	88093640	432475	96945	384740	0	0	198	240	58	10	14500000	15064246.67	0	35	4	280	2.32	0	25	58529393.33	system	06:02.4	system	NULL	4
ICOOL V?ng Tàu	0D963300-E9A5-EB11-8100-509A4C8C9FAC	25/04/2021	25	18261000	17998840	262160	0	0	0	0	62	50	20	2	6566666.67	4716405.23	0	11	5	100	1.18	0	17	6715768.1	system	09:32.4	system	NULL	4
ICOOL Phú Qu?c	AAFEDE94-E8A5-EB11-8100-509A4C8C9FAC	25/04/2021	26	8292900	6500450	1792450	0	0	0	0	18	18	3	0	12933333.33	669108.33	0	1	3.67	11	0.12	0	25	-7101991.67	system	06:32.4	system	NULL	4
ICOOL Xô Vi?t Ngh? T?nh	C25F2412-E9A5-EB11-8100-509A4C8C9FAC	25/04/2021	4	78526500	76814805	1133755	359140	218800	68900	0	228	168	56	8	12916666.67	17436806.01	92494.8	32	4	250	1.93	0	29	46622727.12	system	10:02.5	system	NULL	4
ICOOL Tô Ký	6061A5B8-E8A5-EB11-8100-509A4C8C9FAC	25/04/2021	5	45667944	44315194	622950	156440	573360	0	0	97	86	35	0	11283333.35	10304944.58	0	6	5	200	1.35	0	26	22726916.07	system	07:32.4	system	NULL	4
ICOOL Bình Phú	5FCB4EAC-E7A5-EB11-8100-509A4C8C9FAC	25/04/2021	6	67264600	65104230	953730	0	1206640	0	0	172	163	51	4	3833333.33	14429814.64	0	12	4.12	210	2.13	0	24	46841082.03	system	00:02.2	system	NULL	4
ICOOL D??ng Bá Tr?c	1A34DDF3-E7A5-EB11-8100-509A4C8C9FAC	25/04/2021	7	89178700	86854005	1581185	180480	563030	0	0	183	153	52	5	16166666.67	16881702.83	0	23	6.73	350	2	0	26	53805635.51	system	02:02.2	system	NULL	4
ICOOL Nguy?n S?n	49458D29-E8A5-EB11-8100-509A4C8C9FAC	25/04/2021	9	45886200	44289800	648720	0	947680	0	0	142	115	36	2	10582583.33	11057039.63	0	19	4.44	160	2.4	0	15	22650177.04	system	03:32.3	system	NULL	4
ICOOL Ung V?n Khiêm	196E1219-B2A6-EB11-8100-509A4C8C9FAC	26/04/2021	1	75635700	74353420	1282280	0	0	264340	150000	200	171	50	5	23799500	17519507.29	0	21	6	300	1.35	0	37	33448752.71	system	09:03.0	system	NULL	4
ICOOL Thành Thái	C4C883D1-B1A6-EB11-8100-509A4C8C9FAC	26/04/2021	10	62976400	59904492	2626978	0	444930	334290	2090000	172	138	52	3	23105266.67	13825146.68	0	26	0.02	1	1.86	0	28	25398368.65	system	07:02.9	system	NULL	4
ICOOL Nguy?n Trãi	C3CB3166-B1A6-EB11-8100-509A4C8C9FAC	26/04/2021	11	6252100	5907620	176100	0	168380	0	0	21	19	8	2	5906609.7	1220093.05	0	2	13.75	110	0.5	0	16	-1219082.75	system	04:02.9	system	NULL	4
ICOOL M?c ??nh Chi	5BA26842-B1A6-EB11-8100-509A4C8C9FAC	26/04/2021	12	56692500	54525865	1176895	0	989740	232630	0	158	98	36	9	16440000	10853684.77	0	11	7	270	1.64	0	22	27464810.23	system	03:02.8	system	NULL	4
ICOOL Tr?n Bình Tr?ng	FEDC4BF5-B1A6-EB11-8100-509A4C8C9FAC	26/04/2021	13	26873500	24799680	1310350	0	763470	0	0	54	43	20	1	9755466.67	451793981.6	5637633.19	1	7	140	1.18	0	17	-431112135.1	system	08:03.0	system	NULL	4
ICOOL Cách M?ng Tháng 8	7A7CF9E8-B0A6-EB11-8100-509A4C8C9FAC	26/04/2021	14	66666600	64715875	1254265	0	696460	336660	0	158	150	40	0	21450000.01	12979375.44	0	13	7	300	1.43	0	28	30623159.55	system	00:32.8	system	NULL	4
ICOOL C?u Ch? Y	39EDD9FA-B0A6-EB11-8100-509A4C8C9FAC	26/04/2021	16	16333201	15487320.9	285400	0	560480.1	0	0	28	33	15	5	10633333.37	3174791.15	0	4	4	60	1.07	0	14	1679196.38	system	01:02.8	system	NULL	4
ICOOL Nh? Thiên ???ng	BFA1FF89-B1A6-EB11-8100-509A4C8C9FAC	26/04/2021	17	20065000	19424730	0	0	640270	0	0	46	28	17	0	10126666.66	4808859.1	0	1	6	110	1.06	0	16	4489204.24	system	05:03.0	system	NULL	4
ICOOL Tr?n Não	C6FB3007-B2A6-EB11-8100-509A4C8C9FAC	26/04/2021	18	79455600	78346660	466550	45290	597100	1551040	0	217	192	43	0	16633333.34	17869153.2	0	18	4	200	2.15	0	20	45395213.46	system	08:33.0	system	NULL	4
ICOOL Nguy?n Tri Ph??ng	440F1278-B1A6-EB11-8100-509A4C8C9FAC	26/04/2021	19	13888900	13168900	720000	0	0	0	0	37	44	18	0	9670000	2287207.43	0	2	7.22	130	1.13	0	16	1211692.57	system	04:32.9	system	NULL	4
ICOOL ??ng ?en	3A81BC0C-B1A6-EB11-8100-509A4C8C9FAC	26/04/2021	22	28295400	27895325	400075	0	0	0	0	100	73	26	1	13614000	6090464.72	0	20	7	190	1.04	0	25	8190860.28	system	01:32.8	system	NULL	4
ICOOL Phan Chu Trinh	00D0E09B-B1A6-EB11-8100-509A4C8C9FAC	26/04/2021	23	10443800	9765900	677900	0	0	329770	0	44	15	11	0	6901866.67	2725722.86	0	2	9.09	100	0.79	0	14	468080.47	system	05:33.0	system	NULL	4
ICOOL Phan Xích Long	40AABDAD-B1A6-EB11-8100-509A4C8C9FAC	26/04/2021	24	62951400	61981335	590385	155350	224330	1157100	0	129	193	45	8	14500000	11108101.01	0	31	6	280	1.8	0	25	37530333.99	system	06:02.9	system	NULL	4
ICOOL V?ng Tàu	8B9DF42A-B2A6-EB11-8100-509A4C8C9FAC	26/04/2021	25	11995900	11850900	145000	0	0	0	0	34	29	8	1	6566666.67	2656129.48	0	2	15	120	0.47	0	17	2628103.85	system	09:33.0	system	NULL	4
ICOOL Phú Qu?c	7DFEA4BF-B1A6-EB11-8100-509A4C8C9FAC	26/04/2021	26	4029200	3099350	929850	0	0	0	0	7	5	2	0	12933333.33	896309.05	0	0	4.5	9	0.08	0	25	-10730292.38	system	06:33.0	system	NULL	4
ICOOL Xô Vi?t Ngh? T?nh	3C80D73C-B2A6-EB11-8100-509A4C8C9FAC	26/04/2021	4	44111100	42215510	918325	76915	900350	146139	0	129	98	34	5	12916666.67	10011167.88	0	12	7	250	1.17	0	29	19433814.45	system	10:03.0	system	NULL	4
ICOOL Tô Ký	FDD367E3-B1A6-EB11-8100-509A4C8C9FAC	26/04/2021	5	20769700	20128685	428500	212515	0	0	3610000	39	53	19	0	11283333.35	5135938.7	0	6	7	150	0.73	0	26	7319412.95	system	07:33.0	system	NULL	4
ICOOL Bình Phú	FD7514D7-B0A6-EB11-8100-509A4C8C9FAC	26/04/2021	6	42578200	41495900	713250	56300	312750	0	0	118	102	35	1	3833333.33	9315013.87	354273.81	6	5.43	190	1.46	0	24	28701826.61	system	00:02.8	system	NULL	4
ICOOL D??ng Bá Tr?c	EFC19E1E-B1A6-EB11-8100-509A4C8C9FAC	26/04/2021	7	57929900	55029000	1344480	158250	1398170	0	0	131	110	38	3	16166666.67	11904661.63	0	8	9.21	350	1.46	0	26	26957671.71	system	02:02.8	system	NULL	4
ICOOL Nguy?n S?n	76F34C54-B1A6-EB11-8100-509A4C8C9FAC	26/04/2021	9	29033700	28563000	216600	0	254100	0	0	100	75	27	2	10582583.33	6480101	0	13	4.81	130	1.8	0	15	11500315.66	system	03:32.9	system	NULL	4
ICOOL Ung V?n Khiêm	F79E6447-7BA7-EB11-8100-509A4C8C9FAC	27/04/2021	1	85468400	84449928	777452	27680	213340	0	0	273	175	59	3	23799500	18304498.42	0	18	5.08	300	1.59	0	37	42345929.58	system	09:09.5	system	NULL	4
ICOOL Thành Thái	C393D3FF-7AA7-EB11-8100-509A4C8C9FAC	27/04/2021	10	56782700	54303335	1848415	75830	555120	0	0	202	160	61	3	23105266.67	11243076.3	0	18	0.02	1	2.18	0	28	19954992.04	system	07:09.5	system	NULL	4
ICOOL Nguy?n Trãi	E4707B94-7AA7-EB11-8100-509A4C8C9FAC	27/04/2021	11	18692800	17438028	384752	0	870020	0	0	51	34	12	0	5906609.7	4591860.24	0	0	9.17	110	0.75	0	16	6939558.06	system	04:09.4	system	NULL	4
ICOOL M?c ??nh Chi	5061B470-7AA7-EB11-8100-509A4C8C9FAC	27/04/2021	12	55265800	53047140	1615580	0	603080	687351.5	0	155	111	41	9	16440000	10191238.63	0	15	6	270	1.86	0	22	27103252.87	system	03:09.4	system	NULL	4
ICOOL Tr?n Bình Tr?ng	A5C39A23-7BA7-EB11-8100-509A4C8C9FAC	27/04/2021	13	25762800	24551620	529350	0	681830	0	0	61	69	25	1	9755466.67	6106679.36	0	6	5.6	140	1.47	0	17	8689473.97	system	08:09.5	system	NULL	4
ICOOL Cách M?ng Tháng 8	DA604717-7AA7-EB11-8100-509A4C8C9FAC	27/04/2021	14	76515600	74772295	756295	110030	876980	634640	0	191	153	52	8	21450000.01	12873480.24	0	19	5	300	1.86	0	28	41083454.75	system	00:39.3	system	NULL	4
ICOOL C?u Ch? Y	B6272729-7AA7-EB11-8100-509A4C8C9FAC	27/04/2021	16	17187300	16154890	745540	0	286870	0	0	43	38	15	0	10633333.37	4204930.29	0	4	4	60	1.07	0	14	1316626.34	system	01:09.3	system	NULL	4
ICOOL Nh? Thiên ???ng	A09442B8-7AA7-EB11-8100-509A4C8C9FAC	27/04/2021	17	12428200	12228200	200000	0	0	0	0	30	19	12	0	10126666.66	2590502.96	0	2	9	110	0.75	0	16	-488969.62	system	05:09.4	system	NULL	4
ICOOL Tr?n Não	9A927B35-7BA7-EB11-8100-509A4C8C9FAC	27/04/2021	18	78246400	77135430	464000	152370	494600	846800	0	191	143	46	1	16633333.34	17489747.73	70500	17	5	270	2.3	0	20	43929648.93	system	08:39.5	system	NULL	4
ICOOL Nguy?n Tri Ph??ng	F38D5CA6-7AA7-EB11-8100-509A4C8C9FAC	27/04/2021	19	24095400	22511790	1396350	0	187260	68980	0	58	80	25	1	9670000	4900520.72	0	3	5.2	130	1.56	0	16	8010249.28	system	04:39.4	system	NULL	4
ICOOL ??ng ?en	BC351E3B-7AA7-EB11-8100-509A4C8C9FAC	27/04/2021	22	46947400	46242285	612855	0	92260	450950	3360000	131	96	33	5	13614000	10962122.48	0	15	6	200	1.32	0	25	25477112.52	system	01:39.5	system	NULL	4
ICOOL Phan Chu Trinh	88AE24CA-7AA7-EB11-8100-509A4C8C9FAC	27/04/2021	23	27074000	26101305	170445	0	802250	0	0	59	39	21	1	6901866.67	9145457.43	0	4	4.29	90	1.5	0	14	10053980.9	system	05:39.4	system	NULL	4
ICOOL Phan Xích Long	197107DC-7AA7-EB11-8100-509A4C8C9FAC	27/04/2021	24	61764700	58763350	2281490	0	719860	0	0	142	165	42	3	14500000	11259934.41	0	20	6	280	1.68	0	25	33003415.59	system	06:09.4	system	NULL	4
ICOOL V?ng Tàu	0D994059-7BA7-EB11-8100-509A4C8C9FAC	27/04/2021	25	17824800	17640452	184348	0	0	202510	0	58	44	15	0	6566666.67	4141238.33	0	6	7	110	0.88	0	17	7135057	system	09:39.5	system	NULL	4
ICOOL Phú Qu?c	9778E9ED-7AA7-EB11-8100-509A4C8C9FAC	27/04/2021	26	3077300	2193500	883800	0	0	0	0	14	5	3	0	12933333.33	426264	0	0	3	9	0.12	0	25	-11166097.33	system	06:39.4	system	NULL	4
ICOOL Xô Vi?t Ngh? T?nh	3262296B-7BA7-EB11-8100-509A4C8C9FAC	27/04/2021	4	39762400	38633910	956450	47180	124860	105680	0	103	92	39	2	12916666.67	9694756.41	0	16	6	250	1.34	0	29	16128166.92	system	10:09.6	system	NULL	4
ICOOL Tô Ký	3D7DB411-7BA7-EB11-8100-509A4C8C9FAC	27/04/2021	5	27767100	26001280	656930	0	1108890	0	0	67	54	22	2	11283333.35	6580638.86	0	0	6	150	0.85	0	26	8137307.79	system	07:39.5	system	NULL	4
ICOOL Bình Phú	C83E2006-7AA7-EB11-8100-509A4C8C9FAC	27/04/2021	6	54730200	53132736	1032864	202050	362550	0	0	148	114	41	0	3833333.33	12396682.68	991000	14	4.63	190	1.71	0	24	37893719.99	system	00:10.6	system	NULL	4
ICOOL D??ng Bá Tr?c	7BE6EB4C-7AA7-EB11-8100-509A4C8C9FAC	27/04/2021	7	61380500	59905290	614560	180250	680400	177075	0	138	128	43	8	16166666.67	11773742.96	0	16	8.14	350	1.65	0	26	32141955.37	system	02:09.3	system	NULL	4
ICOOL Nguy?n S?n	F7DD9582-7AA7-EB11-8100-509A4C8C9FAC	27/04/2021	9	31945200	31214570	350900	0	379730	0	1170000	87	76	32	5	10582583.33	7176455.96	0	22	4.06	130	2.13	0	15	14625530.71	system	03:39.4	system	NULL	4
ICOOL Ung V?n Khiêm	861B1E72-44A8-EB11-8100-509A4C8C9FAC	28/04/2021	1	102425100	100823230	1240500	41130	320240	238440	0	332	175	71	5	23799500	22211875.04	0	40	4.23	300	1.92	0	37	55050294.96	system	09:10.1	system	NULL	4
ICOOL Thành Thái	23B7882A-44A8-EB11-8100-509A4C8C9FAC	28/04/2021	10	83843900	81496795	2059505	81090	206510	528300	0	278	235	72	9	23105266.67	18212797.08	232500	25	0.01	1	2.57	0	28	40939531.25	system	07:10.0	system	NULL	4
ICOOL Nguy?n Trãi	653D31BF-43A8-EB11-8100-509A4C8C9FAC	28/04/2021	11	16754100	16404585	254325	0	95190	0	0	54	44	20	3	5906609.7	2748584.19	0	1	6	120	1.25	0	16	7749391.11	system	04:09.9	system	NULL	4
ICOOL M?c ??nh Chi	03C96D9B-43A8-EB11-8100-509A4C8C9FAC	28/04/2021	12	89958500	88649455	1003585	0	305460	1134611.5	5010000	272	155	47	3	16440000	18358108.87	0	12	5	270	2.14	0	22	59995957.63	system	03:09.9	system	NULL	4
ICOOL Tr?n Bình Tr?ng	CDC9534E-44A8-EB11-8100-509A4C8C9FAC	28/04/2021	13	27998000	26119075	1614225	0	264700	0	0	81	75	27	2	9755466.67	5560358.91	0	5	5.19	140	1.59	0	17	10803249.43	system	08:10.0	system	NULL	4
ICOOL Cách M?ng Tháng 8	91B3F941-43A8-EB11-8100-509A4C8C9FAC	28/04/2021	14	90391600	87108295	1327235	214650	1741420	0	100000	219	208	59	2	21450000.01	16796072.82	0	22	5	300	2.11	0	28	48962222.17	system	00:39.8	system	NULL	4
ICOOL C?u Ch? Y	F397E253-43A8-EB11-8100-509A4C8C9FAC	28/04/2021	16	8631200	7913200	718000	0	0	0	0	28	27	11	0	10633333.37	1729077.24	0	2	5.45	60	0.79	0	14	-4449210.61	system	01:09.9	system	NULL	4
ICOOL Nh? Thiên ???ng	D50EFCE2-43A8-EB11-8100-509A4C8C9FAC	28/04/2021	17	34225700	33848940	126500	0	250260	0	0	66	60	28	1	10126666.66	7773553.15	0	0	4	120	1.75	0	16	15948720.19	system	05:09.9	system	NULL	4
ICOOL Tr?n Não	A6263960-44A8-EB11-8100-509A4C8C9FAC	28/04/2021	18	92762100	91702956	772364	0	286780	80540	200000	208	191	48	3	16633333.34	20807444.21	47000	6	4	200	2.4	0	20	54589718.45	system	08:40.0	system	NULL	4
ICOOL Nguy?n Tri Ph??ng	E5C714D1-43A8-EB11-8100-509A4C8C9FAC	28/04/2021	19	19488800	18717350	588300	37250	145900	102150	1030000	60	82	28	0	9670000	3545069.1	0	5	4.64	130	1.75	0	16	6634430.9	system	04:39.9	system	NULL	4
ICOOL ??ng ?en	5018C365-43A8-EB11-8100-509A4C8C9FAC	28/04/2021	22	61242100	60483635	758465	0	0	0	0	186	135	48	5	13614000	12993197.01	0	25	4	200	1.92	0	25	33876437.99	system	01:39.8	system	NULL	4
ICOOL Phan Chu Trinh	43F8DCF4-43A8-EB11-8100-509A4C8C9FAC	28/04/2021	23	24734500	24175570	153280	0	405650	0	1220000	50	40	18	0	6901866.67	8026122.91	0	8	5.56	100	1.29	0	14	10467580.42	system	05:39.9	system	NULL	4
ICOOL Phan Xích Long	1950C006-44A8-EB11-8100-509A4C8C9FAC	28/04/2021	24	100330700	96416175	2816715	0	1097810	667890	0	239	254	57	12	14500000	19673224.96	0	22	4	250	2.28	0	25	62910840.04	system	06:09.9	system	NULL	4
ICOOL V?ng Tàu	43E7FE83-44A8-EB11-8100-509A4C8C9FAC	28/04/2021	25	8178700	7979700	199000	0	0	0	0	25	24	8	3	6566666.67	2212561.76	0	1	13	110	0.47	0	17	-799528.43	system	09:40.1	system	NULL	4
ICOOL Phú Qu?c	F859A318-44A8-EB11-8100-509A4C8C9FAC	28/04/2021	26	3637100	2767550	869550	0	0	0	0	11	8	4	0	12933333.33	600438.57	0	1	2.25	9	0.16	0	25	-10766221.91	system	06:39.9	system	NULL	4
ICOOL Xô Vi?t Ngh? T?nh	2BBFE295-44A8-EB11-8100-509A4C8C9FAC	28/04/2021	4	37049000	35446495	1461250	141255	0	419171	0	113	67	31	1	12916666.67	8035402.21	221900	13	8	250	1.07	0	29	15135497.12	system	10:10.1	system	NULL	4
ICOOL Tô Ký	5B296F3C-44A8-EB11-8100-509A4C8C9FAC	28/04/2021	5	24578000	23495935	770065	0	312000	0	0	72	49	25	0	11283333.35	5666632.77	0	4	6	170	0.96	0	26	6545968.88	system	07:40.0	system	NULL	4
ICOOL Bình Phú	95279530-43A8-EB11-8100-509A4C8C9FAC	28/04/2021	6	46536900	44355908	1500742	88050	592200	440001	0	115	91	36	3	3833333.33	10644153.43	0	6	5.28	190	1.5	0	24	30318422.23	system	00:10.6	system	NULL	4
ICOOL D??ng Bá Tr?c	D2A2A377-43A8-EB11-8100-509A4C8C9FAC	28/04/2021	7	67516000	64828035	2314805	119600	253560	243100	0	160	123	45	3	16166666.67	13425983.2	0	6	7.78	350	1.73	0	26	35478485.13	system	02:09.8	system	NULL	4
ICOOL Nguy?n S?n	0C8551AD-43A8-EB11-8100-509A4C8C9FAC	28/04/2021	9	26771000	26127420	179070	0	464510	0	0	89	73	27	6	10582583.33	6449769.14	0	17	4.81	130	1.8	0	15	9095067.52	system	03:39.9	system	NULL	4
ICOOL Ung V?n Khiêm	F062E89C-0DA9-EB11-8100-509A4C8C9FAC	29/04/2021	1	139622100	136000243	1932117	151900	1537840	1655961.9	5170000	410	271	87	5	23799500	26465632.66	0	22	3.45	300	2.35	0	37	92561072.24	system	09:10.7	system	NULL	4
ICOOL Thành Thái	69525855-0DA9-EB11-8100-509A4C8C9FAC	29/04/2021	10	104957001	101286137	2338234	241310	1091320	589838	0	296	255	79	12	23105266.67	19869232.3	169130	22	0.01	1	2.82	0	28	59070606.04	system	07:10.6	system	NULL	4
ICOOL Nguy?n Trãi	405412EA-0CA9-EB11-8100-509A4C8C9FAC	29/04/2021	11	34926500	33785470	707030	0	434000	592600	0	52	59	23	2	5906609.7	6357476.79	0	5	5.65	130	1.44	0	16	22113983.51	system	04:10.7	system	NULL	4
ICOOL M?c ??nh Chi	F61C3AC6-0CA9-EB11-8100-509A4C8C9FAC	29/04/2021	12	96024900	92934335	2162975	198090	729500	792068	0	250	176	59	10	16440000	16863652.73	0	17	5.08	300	2.68	0	22	60422750.27	system	03:10.5	system	NULL	4
ICOOL Tr?n Bình Tr?ng	90892479-0DA9-EB11-8100-509A4C8C9FAC	29/04/2021	13	52895400	50008439	1951621	214100	721240	0	0	124	138	45	8	9755466.67	9326332.91	591576.33	15	3.56	160	2.65	0	17	31518215.76	system	08:10.7	system	NULL	4
ICOOL Cách M?ng Tháng 8	5A78C86C-0CA9-EB11-8100-509A4C8C9FAC	29/04/2021	14	124020600	116215185	4379385	58800	3367230	656225	0	254	286	66	10	21450000	21999093.96	0	22	4.55	300	2.36	0	28	73422316.04	system	00:40.5	system	NULL	4
ICOOL C?u Ch? Y	D428B37E-0CA9-EB11-8100-509A4C8C9FAC	29/04/2021	16	30868300	29107055	1038925	0	722320	82500	0	68	71	23	6	10633333.37	5664032.96	0	8	3.48	80	1.64	0	14	12892188.67	system	01:10.5	system	NULL	4
ICOOL Nh? Thiên ???ng	E7FFC80D-0DA9-EB11-8100-509A4C8C9FAC	29/04/2021	17	30529100	30122420	0	0	406680	267247	0	62	44	26	1	10126666.67	6225787.01	0	3	6.54	170	1.63	0	16	14037213.32	system	05:10.6	system	NULL	4
ICOOL Tr?n Não	6314488B-0DA9-EB11-8100-509A4C8C9FAC	29/04/2021	18	136824600	133249895	2274800	39250	1260655	775450	1980000	292	313	74	4	16633333.33	29855565.87	0	28	3.11	230	3.7	0	20	89516445.79	system	08:41.1	system	NULL	4
ICOOL Nguy?n Tri Ph??ng	36EDE3FB-0CA9-EB11-8100-509A4C8C9FAC	29/04/2021	19	36156700	34993720	930900	0	232080	0	0	99	98	34	1	9670000	6678003.62	0	4	3.82	130	2.13	0	16	18645716.38	system	04:40.6	system	NULL	4
ICOOL ??ng ?en	2B3B8C90-0CA9-EB11-8100-509A4C8C9FAC	29/04/2021	22	75593700	72136640	2428680	0	1028380	560880	0	202	164	52	7	13614000	23988762.98	10128182.2	30	4.81	250	2.08	0	25	45222939.22	system	01:40.5	system	NULL	4
ICOOL Phan Chu Trinh	7584B41F-0DA9-EB11-8100-509A4C8C9FAC	29/04/2021	23	34488900	33989770	0	33340	465790	0	0	83	68	29	3	6901866.67	8068275.19	317415	5	3.79	110	2.07	0	14	19337043.14	system	05:40.6	system	NULL	4
ICOOL Phan Xích Long	81279B31-0DA9-EB11-8100-509A4C8C9FAC	29/04/2021	24	113062700	105892535	5468810	0	1701355	524252	0	211	260	60	11	14500000	19739807.21	0	28	4.67	280	2.4	0	25	72176979.79	system	06:10.7	system	NULL	4
ICOOL V?ng Tàu	A4E6CAAE-0DA9-EB11-8100-509A4C8C9FAC	29/04/2021	25	24071000	23063315	473215	0	534470	0	0	65	46	17	2	6566666.67	7306396.52	0	5	8.24	140	1	0	17	9190251.81	system	09:40.7	system	NULL	4
ICOOL Phú Qu?c	02E97D43-0DA9-EB11-8100-509A4C8C9FAC	29/04/2021	26	5171700	3816850	1354850	0	0	0	0	14	6	5	0	12933333.33	668145.95	0	0	1.8	9	0.2	0	25	-9784629.28	system	06:40.7	system	NULL	4
ICOOL Xô Vi?t Ngh? T?nh	C877ABC0-0DA9-EB11-8100-509A4C8C9FAC	29/04/2021	4	57878700	56057165	1781735	39800	0	0	100000	173	104	45	6	12916666.67	12720045.27	764700	17	5.56	250	1.55	0	29	31285153.06	system	10:10.7	system	NULL	4
ICOOL Tô Ký	3CCF3E67-0DA9-EB11-8100-509A4C8C9FAC	29/04/2021	5	47017700	45057485	979000	499945	481270	0	0	111	103	39	4	11283333.33	9861417.46	0	2	4.1	160	1.5	0	26	23912734.21	system	07:40.7	system	NULL	4
ICOOL Bình Phú	37C1E85A-0CA9-EB11-8100-509A4C8C9FAC	29/04/2021	6	88031500	82945800	4386980	470960	227760	716880	0	252	182	60	1	3833333.33	18276623.83	0	13	3.17	190	2.5	0	24	61552722.84	system	00:10.5	system	NULL	4
ICOOL D??ng Bá Tr?c	14CD7CA2-0CA9-EB11-8100-509A4C8C9FAC	29/04/2021	7	120771700	116140466	3374704	188600	1067930	355811	0	263	191	67	8	16166666.67	24056106.64	0	9	5.22	350	2.58	0	26	76273503.7	system	02:10.6	system	NULL	4
ICOOL Nguy?n S?n	E8F920D8-0CA9-EB11-8100-509A4C8C9FAC	29/04/2021	9	51645400	49724740	1024420	0	896240	33200	0	159	115	45	6	10582583.33	351358184.1	340189920.9	24	2.89	130	3	0	15	28007093.53	system	03:40.6	system	NULL	4
ICOOL Ung V?n Khiêm	033E9EC7-D6A9-EB11-8100-509A4C8C9FAC	30/04/2021	1	26074400	25875400	199000	0	0	0	0	74	43	19	0	23799500	5862168.27	726512	16	15.79	300	0.51	0	37	-3059756.27	system	09:11.2	system	NULL	4
ICOOL Thành Thái	D1340F80-D6A9-EB11-8100-509A4C8C9FAC	30/04/2021	10	18057400	17410030	456610	0	190760	133560	0	44	49	18	1	23105266.67	15501699.26	11809833	26	0.06	1	0.64	0	28	-9253542.93	system	07:11.1	system	NULL	4
ICOOL Nguy?n Trãi	DC73B814-D6A9-EB11-8100-509A4C8C9FAC	30/04/2021	11	6179900	6118900	61000	0	0	0	0	14	31	11	0	5906609.7	819305.38	191225	3	12.73	140	0.69	0	16	-415790.08	system	04:11.1	system	NULL	4
ICOOL M?c ??nh Chi	5817F2F0-D5A9-EB11-8100-509A4C8C9FAC	30/04/2021	12	5455600	5455600	0	0	0	0	0	20	24	9	3	16440000	6626526.48	5936750	9	30	270	0.41	0	22	-11674176.48	system	03:11.0	system	NULL	4
ICOOL Tr?n Bình Tr?ng	7FB8D5A3-D6A9-EB11-8100-509A4C8C9FAC	30/04/2021	13	5472800	5472800	0	0	0	0	0	25	18	11	4	9755466.67	3050445.52	2073500	6	16.36	180	0.65	0	17	-5259612.19	system	08:11.2	system	NULL	4
ICOOL Cách M?ng Tháng 8	17198397-D5A9-EB11-8100-509A4C8C9FAC	30/04/2021	14	22549600	20940530	567070	0	1042000	0	0	54	58	23	4	21450000	3849105.81	0	13	14.78	340	0.82	0	28	-4358575.81	system	00:41.0	system	NULL	4
ICOOL C?u Ch? Y	A9436AA9-D5A9-EB11-8100-509A4C8C9FAC	30/04/2021	16	2352400	2339980	12420	0	0	0	0	8	2	1	0	10633333.37	646734.38	0	4	80	80	0.07	0	14	-8940087.75	system	01:11.0	system	NULL	4
ICOOL Nh? Thiên ???ng	FAAF7F38-D6A9-EB11-8100-509A4C8C9FAC	30/04/2021	17	13253800	12159800	1094000	0	0	0	0	30	26	12	0	10126666.67	9142490.89	6032700	1	14.17	170	0.75	0	16	-1076657.56	system	05:11.1	system	NULL	4
ICOOL Tr?n Não	6476BAB5-D6A9-EB11-8100-509A4C8C9FAC	30/04/2021	18	14997600	14906100	91500	0	0	0	0	45	42	13	0	16633333.33	3406589.53	0	7	20.77	270	0.65	0	20	-5133822.86	system	08:41.2	system	NULL	4
ICOOL Nguy?n Tri Ph??ng	3AD79B26-D6A9-EB11-8100-509A4C8C9FAC	30/04/2021	19	5564200	5564200	0	0	0	0	0	19	26	9	0	9670000	1035457.19	0	0	15.56	140	0.56	0	16	-5141257.19	system	04:41.1	system	NULL	4
ICOOL ??ng ?en	71134BBB-D5A9-EB11-8100-509A4C8C9FAC	30/04/2021	22	11672400	11322140	200000	0	150260	0	0	37	36	17	0	13614000	1864165.81	79333.33	33	14.71	250	0.68	0	25	-4076692.48	system	01:41.0	system	NULL	4
ICOOL Phan Chu Trinh	278E634A-D6A9-EB11-8100-509A4C8C9FAC	30/04/2021	23	10107700	8716850	984000	0	406850	0	0	28	17	8	1	6901866.67	3230344.63	204960	5	16.25	130	0.57	0	14	-1210401.3	system	05:41.1	system	NULL	4
ICOOL Phan Xích Long	5840475C-D6A9-EB11-8100-509A4C8C9FAC	30/04/2021	24	26461700	24088900	2372800	0	0	0	0	67	81	21	4	14500000	65879165.08	52289074	22	13.33	280	0.84	0	25	-4001191.08	system	06:11.1	system	NULL	4
ICOOL V?ng Tàu	B24C80D9-D6A9-EB11-8100-509A4C8C9FAC	30/04/2021	25	32112700	31238236	807264	0	67200	0	0	89	98	29	4	6566666.67	27736150.63	14654461.83	10	4.83	140	1.71	0	17	11589880.53	system	09:41.2	system	NULL	4
ICOOL Phú Qu?c	07712A6E-D6A9-EB11-8100-509A4C8C9FAC	30/04/2021	26	2168500	1125750	1042750	0	0	0	0	2	2	1	0	12933333.33	7279064.67	6884136	0	11	11	0.04	0	25	-12202512	system	06:41.1	system	NULL	4
ICOOL Xô Vi?t Ngh? T?nh	8F1166EB-D6A9-EB11-8100-509A4C8C9FAC	30/04/2021	4	23868400	22177460	1274040	0	416900	0	0	62	51	21	3	12916666.67	5302405.53	0	24	11.9	250	0.72	0	29	3958387.8	system	10:11.2	system	NULL	4
ICOOL Tô Ký	355AF291-D6A9-EB11-8100-509A4C8C9FAC	30/04/2021	5	34305100	32315250	1110400	0	879450	0	0	59	71	26	0	11283333.33	9165155.41	0	2	7.69	200	1	0	26	11866761.26	system	07:41.2	system	NULL	4
ICOOL Bình Phú	3F43A185-D5A9-EB11-8100-509A4C8C9FAC	30/04/2021	6	22685000	20499400	2185600	0	0	0	0	52	61	20	1	3833333.33	7258551.05	0	5	10.5	210	0.83	0	24	9407515.62	system	00:11.0	system	NULL	4
ICOOL D??ng Bá Tr?c	FCBC2DCD-D5A9-EB11-8100-509A4C8C9FAC	30/04/2021	7	24201200	23643810	417550	0	139840	0	0	55	48	17	3	16166666.67	386467233.8	381361297	13	20.59	350	0.65	0	26	2371206.52	system	02:11.0	system	NULL	4
ICOOL Nguy?n S?n	1001D602-D6A9-EB11-8100-509A4C8C9FAC	30/04/2021	9	11857200	11559200	298000	0	0	0	0	44	40	17	2	10582583.33	2309954.29	0	0	9.41	160	1.13	0	15	-1333337.62	system	03:41.1	system	NULL	4
ICOOL Tr?n Bình Tr?ng	2F4087CE-9FAA-EB11-8100-509A4C8C9FAC	01/05/2021	13	1224600	1224600	0	0	0	0	0	5	1	2	0	9745956.45	305555.72	0	0	100	200	0.12	0	17	-8826912.17	system	08:11.6	system	NULL	4
ICOOL V?ng Tàu	C6403004-A0AA-EB11-8100-509A4C8C9FAC	01/05/2021	25	1778400	1778400	0	0	0	0	0	8	16	6	0	6354838.74	3032522.31	2726229	3	23	140	0.35	0	17	-4882732.05	system	09:41.7	system	NULL	4
ICOOL Phú Qu?c	7077DE98-9FAA-EB11-8100-509A4C8C9FAC	01/05/2021	26	3470000	2565200	904800	0	0	0	0	6	6	3	1	13774193.55	454183.81	0	0	1.67	5	0.12	0	25	-11663177.36	system	06:41.6	system	NULL	4
ICOOL Ung V?n Khiêm	38C0161D-69AB-EB11-8100-509A4C8C9FAC	02/05/2021	1	8445000	8445000	0	0	0	0	0	23	8	0	0	23635219.19	1788869.15	0	0	0	100	0	0	37	-16979088.34	system	09:12.3	system	NULL	4
ICOOL Tr?n Bình Tr?ng	522F53F9-68AB-EB11-8100-509A4C8C9FAC	02/05/2021	13	1940000	1861460	0	0	78540	0	0	6	3	3	0	9745956.45	249167.76	0	0	53.33	160	0.18	0	17	-8133664.21	system	08:12.3	system	NULL	4
ICOOL Tr?n Não	97AC4D0B-69AB-EB11-8100-509A4C8C9FAC	02/05/2021	18	3765000	3765000	0	0	0	0	1726000	0	0	0	0	16096774.19	1527959.81	104125	0	0	70	0	0	20	-12029609	system	08:42.4	system	NULL	4
ICOOL Nguy?n Tri Ph??ng	C28D1E7C-68AB-EB11-8100-509A4C8C9FAC	02/05/2021	19	2446700	2266700	180000	0	0	0	0	4	4	1	0	4653225.81	0	0	0	20	20	0.06	0	16	-2386525.81	system	04:42.2	system	NULL	4
ICOOL Phan Xích Long	BAC1BCB1-68AB-EB11-8100-509A4C8C9FAC	02/05/2021	24	6723000	6260500	149000	0	313500	0	0	6	13	0	0	14032258.06	0	0	0	0	310	0	0	25	-7771758.06	system	06:12.2	system	NULL	4
ICOOL Phú Qu?c	A1929EC3-68AB-EB11-8100-509A4C8C9FAC	02/05/2021	26	4451000	3643100	603100	0	204800	0	0	9	5	3	0	13774193.55	335934.53	0	0	2.33	7	0.12	0	25	-10467028.07	system	06:42.2	system	NULL	4
ICOOL Ung V?n Khiêm	1235C347-32AC-EB11-8100-509A4C8C9FAC	03/05/2021	1	10971000	10971000	0	0	0	0	0	32	15	0	0	23635219.19	2458552.95	0	0	0	100	0	0	37	-15122772.14	system	09:12.7	system	NULL	4
ICOOL Tr?n Não	9E3FDF35-32AC-EB11-8100-509A4C8C9FAC	03/05/2021	18	2071000	2071000	0	0	0	0	609000	4	5	0	0	16096774.19	626167.43	0	0	0	70	0	0	20	-14042941.62	system	08:42.7	system	NULL	4
ICOOL Phan Xích Long	3B136FDC-31AC-EB11-8100-509A4C8C9FAC	03/05/2021	24	2452000	2452000	0	0	0	0	0	0	0	0	0	14032258.06	0	0	0	0	310	0	0	25	-11580258.06	system	06:12.7	system	NULL	4
ICOOL Phú Qu?c	D86951EE-31AC-EB11-8100-509A4C8C9FAC	03/05/2021	26	4118300	2527700	1590600	0	0	0	0	10	8	4	0	13774193.55	587615.24	0	2	2.25	9	0.16	0	25	-11834108.79	system	06:42.7	system	NULL	4
ICOOL Tô Ký	59411812-32AC-EB11-8100-509A4C8C9FAC	03/05/2021	5	4258000	4258000	0	0	0	0	0	5	5	0	0	10919354.84	1265275.06	0	0	0	50	0	0	26	-7926629.9	system	07:42.7	system	NULL	4
ICOOL Ung V?n Khiêm	A1050876-FBAC-EB11-8100-509A4C8C9FAC	04/05/2021	1	19559000	19559000	0	0	0	0	0	28	13	0	0	23635219.19	3985391.62	0	0	0	100	0	0	37	-8061610.81	system	09:19.2	system	NULL	4
ICOOL Cách M?ng Tháng 8	4DAEF945-FAAC-EB11-8100-509A4C8C9FAC	04/05/2021	14	1147000	1032300	0	0	114700	0	700000	1	0	0	0	20758064.48	537956.67	0	0	0	50	0	0	28	-19563721.15	system	00:49.1	system	NULL	4
ICOOL Phan Xích Long	D7A7B40A-FBAC-EB11-8100-509A4C8C9FAC	04/05/2021	24	2933000	2933000	0	0	0	0	0	0	0	0	0	14032258.06	0	0	0	0	310	0	0	25	-11099258.06	system	06:19.1	system	NULL	4
ICOOL Phú Qu?c	1CE4971C-FBAC-EB11-8100-509A4C8C9FAC	04/05/2021	26	1634500	1339250	295250	0	0	0	0	2	2	1	0	13774193.55	360914	0	0	9	9	0.04	0	25	-12795857.55	system	06:49.1	system	NULL	4
ICOOL Phú Qu?c	235E5347-C4AD-EB11-8100-509A4C8C9FAC	05/05/2021	26	10342700	8170550	2172150	0	0	0	0	105	46	6	0	13774193.55	1742619.48	0	2	1.5	9	0.24	0	25	-7346263.03	system	06:49.7	system	NULL	4
ICOOL Phú Qu?c	8FB0F37A-8DAE-EB11-8101-509A4C8C9FAC	06/05/2021	26	4163600	3036850	1126750	0	0	0	0	12	4	3	0	13774193.55	771849.38	0	1	3	9	0.12	0	25	-11509192.93	system	07:05.1	system	NULL	4
ICOOL Phú Qu?c	9AB16FA5-56AF-EB11-8101-509A4C8C9FAC	07/05/2021	26	7501400	5574150	1927250	0	0	0	0	13	11	5	0	13774193.55	969496.81	0	0	1.8	9	0.2	0	25	-9169540.36	system	07:05.2	system	NULL	4
ICOOL Tô Ký	282218CE-56AF-EB11-8101-509A4C8C9FAC	07/05/2021	5	1200000	222000	978000	0	0	0	0	0	0	0	0	10919354.84	1026668	804380	0	0	10	0	0	26	-10919642.84	system	08:13.5	system	NULL	4
ICOOL Tr?n Bình Tr?ng	63BFE605-20B0-EB11-8101-509A4C8C9FAC	08/05/2021	13	861000	861000	0	0	0	0	0	0	0	0	0	9745956.45	0	5158500	0	0	200	0	0	17	-3726456.45	system	08:35.9	system	NULL	4
ICOOL Phú Qu?c	5EEA2CD0-1FB0-EB11-8101-509A4C8C9FAC	08/05/2021	26	5515900	3952450	1563450	0	0	0	0	8	4	2	0	13774193.55	819819.57	0	0	3.5	7	0.08	0	25	-10641563.12	system	07:05.8	system	NULL	4
ICOOL M?c ??nh Chi	98DED47D-E8B0-EB11-8101-509A4C8C9FAC	09/05/2021	12	2821000	2821000	0	0	0	0	0	0	0	0	0	19677419.35	17596340	20026340	0	0	10	0	0	22	-14426419.35	system	03:36.5	system	NULL	4
ICOOL Cách M?ng Tháng 8	4E9D7C24-E8B0-EB11-8101-509A4C8C9FAC	09/05/2021	14	1868000	1868000	0	0	0	0	0	0	0	0	0	20758064.48	0	0	0	0	30	0	0	28	-18890064.48	system	01:06.6	system	NULL	4
ICOOL Phú Qu?c	9D0DF6FA-E8B0-EB11-8101-509A4C8C9FAC	09/05/2021	26	6078100	4710050	1368050	0	0	0	0	10	12	4	0	13774193.55	596127.53	0	0	2	8	0.16	0	25	-9660271.08	system	07:06.4	system	NULL	4
ICOOL Thành Thái	13C09137-B2B1-EB11-8101-509A4C8C9FAC	10/05/2021	10	550000	550000	0	0	0	0	0	1	0	0	0	0.16	0	0	0	0	1	0	0	28	549999.84	system	07:36.9	system	NULL	4
ICOOL M?c ??nh Chi	8A9279A8-B1B1-EB11-8101-509A4C8C9FAC	10/05/2021	12	2954000	2777600	0	0	176400	0	0	5	2	0	0	19677419.35	968953.33	0	0	0	10	0	0	22	-17868772.68	system	03:36.9	system	NULL	4
ICOOL V?ng Tàu	46D8FF90-B2B1-EB11-8101-509A4C8C9FAC	10/05/2021	25	1504429	1504429	0	0	0	0	0	0	0	0	0	6354838.74	0	0	0	0	10	0	0	17	-4850409.74	system	10:07.0	system	NULL	4
ICOOL Phú Qu?c	6553AC25-B2B1-EB11-8101-509A4C8C9FAC	10/05/2021	26	5891700	5006000	885700	0	0	0	0	13	9	3	0	13774193.55	1474482.91	0	1	2.67	8	0.12	0	25	-10242676.46	system	07:06.9	system	NULL	4
ICOOL Phú Qu?c	BB97D243-7BB2-EB11-8101-509A4C8C9FAC	11/05/2021	26	9999700	7740100	2259600	0	0	0	0	25	15	5	0	13774193.55	2166393.95	0	0	1.4	7	0.2	0	25	-8200487.5	system	06:46.3	system	NULL	4
ICOOL Phú Qu?c	B713706E-44B3-EB11-8101-509A4C8C9FAC	12/05/2021	26	3475100	2616350	858750	0	0	0	0	9	9	3	0	13774193.55	619657.1	4875417.36	0	3	9	0.12	0	25	-6902083.29	system	06:46.7	system	NULL	4
ICOOL Thành Thái	E89ABA98-FBB7-EB11-8103-509A4C8C9FAC	18/05/2021	10	199000	0	199000	0	0	0	0	1	0	0	0	0.16	2847315	2847315	0	0	1	0	0	28	-0.16	system	08:00.2	system	NULL	4
ICOOL Tô Ký	7E733902-FCC2-EB11-8104-509A4C8C9FAC	01/06/2021	5	442000	82398	359602	0	0	0	0	0	0	0	0	11283333.33	82398	0	0	0	10	0	0	26	-11283333.33	system	08:40.0	system	NULL	4
ICOOL Ung V?n Khiêm	B2562854-C847-EC11-810E-509A4C8C9FAC	17/11/2021	1	17148700	17148700	0	0	0	0	0	60	26	12	0	10066666.67	3831369.99	0	0	16	200	0.32	0	37	3250663.34	system	03:48.3	system	NULL	4
ICOOL Nguy?n Trãi	F4F2A417-C847-EC11-810E-509A4C8C9FAC	17/11/2021	11	5549800	5249440	0	0	300360	0	0	13	11	6	0	3502829.6	1095574.32	0	0	8	50	0.38	0	16	651036.08	system	02:06.7	system	NULL	4
ICOOL M?c ??nh Chi	F9A2730B-C847-EC11-810E-509A4C8C9FAC	17/11/2021	12	5582600	5467230	0	0	115370	0	0	16	20	4	0	11833333.33	1212681.29	0	0	25	100	0.18	0	22	-7578784.62	system	01:46.3	system	NULL	4
ICOOL Tr?n Bình Tr?ng	ADEAFE47-C847-EC11-810E-509A4C8C9FAC	17/11/2021	13	5183300	4932700	0	0	250600	225540	0	21	11	4	0	10000000	1170517.05	0	0	15	60	0.24	0	17	-6012277.05	system	03:27.9	system	NULL	4
ICOOL Cách M?ng Tháng 8	EA2FC1EC-C747-EC11-810E-509A4C8C9FAC	17/11/2021	14	11734100	11154725	0	0	579375	0	0	35	21	10	4	21416666.67	1743533.66	0	0	10	100	0.36	0	28	-12005475.33	system	00:54.8	system	NULL	4
ICOOL C?u Ch? Y	5F7314F3-C747-EC11-810E-509A4C8C9FAC	17/11/2021	16	5310600	5259640	0	0	50960	0	0	7	10	6	1	4966666.67	7593845.68	6678000.01	0	10	60	0.43	0	14	-622872.34	system	01:05.5	system	NULL	4
ICOOL Nh? Thiên ???ng	58EAC623-C847-EC11-810E-509A4C8C9FAC	17/11/2021	17	4838600	4522140	138000	0	178460	0	0	10	7	3	0	10126666.67	1159598.3	0	0	23	70	0.19	0	16	-6764124.97	system	02:27.1	system	NULL	4
ICOOL Tr?n Não	9C32164E-C847-EC11-810E-509A4C8C9FAC	17/11/2021	18	10826400	10768400	58000	0	0	0	0	39	16	9	0	4400000	2538383.32	0	0	0	2	0.45	471000	20	3359016.68	system	03:38.1	system	NULL	4
ICOOL Nguy?n Tri Ph??ng	4C85B51D-C847-EC11-810E-509A4C8C9FAC	17/11/2021	19	1246500	1219500	27000	0	0	0	0	8	6	4	1	10433333.33	0	0	0	25	100	0.25	0	16	-9213833.33	system	02:16.9	system	NULL	4
ICOOL ??ng ?en	E3525AF9-C747-EC11-810E-509A4C8C9FAC	17/11/2021	22	5712500	5712500	0	0	0	111750	0	9	28	7	1	11333333.33	1213038.64	0	0	15.71	110	0.28	0	25	-6722121.97	system	01:16.0	system	NULL	4
ICOOL Phan Chu Trinh	FF18D829-C847-EC11-810E-509A4C8C9FAC	17/11/2021	23	2533800	2533800	0	0	0	0	0	7	0	2	1	4266666.67	452361.86	0	0	10	20	0.14	0	14	-2185228.53	system	02:37.3	system	NULL	4
ICOOL Phan Xích Long	8932EA2F-C847-EC11-810E-509A4C8C9FAC	17/11/2021	24	6382100	5843890	0	0	538210	0	0	30	15	8	0	7733333.33	1249069.65	0	0	12	100	0.32	0	25	-3138512.98	system	02:47.5	system	NULL	4
ICOOL Xô Vi?t Ngh? T?nh	F0ED3860-C847-EC11-810E-509A4C8C9FAC	17/11/2021	4	19363500	19115960	120900	0	126640	0	0	68	39	15	1	15333333.33	4731069.58	0	0	10	150	0.52	0	29	-948442.91	system	04:08.5	system	NULL	4
ICOOL Tô Ký	ADBCED41-C847-EC11-810E-509A4C8C9FAC	17/11/2021	5	17442400	16455495	0	0	986905	0	0	58	20	12	3	9516666.67	4446420.31	0	0	6	80	0.46	0	26	2492408.02	system	03:17.7	system	NULL	4
ICOOL Bình Phú	BC7643E6-C747-EC11-810E-509A4C8C9FAC	17/11/2021	6	19518000	19049955	167120	60325	240600	0	0	65	23	13	1	5100000	0	0	0	5.38	70	0.54	0	24	13949955	system	00:44.1	system	NULL	4
ICOOL D??ng Bá Tr?c	062249DC-5E48-EC11-810E-509A4C8C9FAC	17/11/2021	7	41702100	40347790	0	0	1354310	0	0	133	74	29	0	9700000	0	0	0	3.45	100	1.12	0	26	30647790	system	01:25.1	system	NULL	4
ICOOL Nguy?n S?n	DE208E11-C847-EC11-810E-509A4C8C9FAC	17/11/2021	9	11962300	11797590	0	0	164710	0	0	39	24	13	1	5736666.67	2986514.63	0	0	0	5	0.87	0	15	3074408.7	system	01:56.5	system	NULL	4
ICOOL Ung V?n Khiêm	13F08B5D-D448-EC11-80F7-00155DC46400	18/11/2021	1	4329000	4185000	144000	0	0	0	0	26	3	3	0	10066666.67	1322915.43	0	0	66.67	200	0.08	0	37	-7204582.1	system	02:29.1	system	NULL	4
ICOOL Thành Thái	DE067C44-D448-EC11-80F7-00155DC46400	18/11/2021	10	15425300	15286480	138820	0	0	0	3388000	89	52	9	0	2733333.33	4561270.98	0	0	11.11	100	0.32	0	28	11379875.69	system	01:47.2	system	NULL	4
ICOOL Nguy?n Trãi	C4CD931F-D448-EC11-80F7-00155DC46400	18/11/2021	11	2228900	2228900	0	0	0	0	0	7	7	3	0	3502829.6	709710.32	0	0	16.67	50	0.19	0	16	-1983639.92	system	00:45.2	system	NULL	4
ICOOL M?c ??nh Chi	E0B93213-D448-EC11-80F7-00155DC46400	18/11/2021	12	8560200	8100860	159400	0	299940	0	0	20	15	6	0	11833333.33	2330902.97	0	0	20	120	0.27	0	22	-6063376.3	system	00:24.4	system	NULL	4
ICOOL Tr?n Bình Tr?ng	43902951-D448-EC11-80F7-00155DC46400	18/11/2021	13	6243500	6243500	0	0	0	0	0	9	7	3	0	10000000	2921006.61	0	0	13.33	40	0.18	0	17	-6677506.61	system	02:08.3	system	NULL	4
ICOOL Cách M?ng Tháng 8	05DA00F4-D348-EC11-80F7-00155DC46400	18/11/2021	14	7396200	7333000	63200	0	0	0	0	26	18	7	0	21416666.67	1771797.64	0	0	14.29	100	0.25	0	28	-15855464.31	system	59:32.1	system	NULL	4
ICOOL C?u Ch? Y	815F58FA-D348-EC11-80F7-00155DC46400	18/11/2021	16	4873200	4782100	0	0	91100	0	0	6	9	4	0	4966666.67	1148247.13	0	0	15	60	0.29	0	14	-1332813.8	system	59:42.7	system	NULL	4
ICOOL Nh? Thiên ???ng	19BDE92B-D448-EC11-80F7-00155DC46400	18/11/2021	17	1511700	1360530	0	0	151170	0	0	3	4	1	0	10126666.67	372280.46	0	0	70	70	0.06	0	16	-9138417.13	system	01:05.9	system	NULL	4
ICOOL Tr?n Não	D1DA5557-D448-EC11-80F7-00155DC46400	18/11/2021	18	10846600	10714580	0	0	132020	0	0	44	20	8	0	4400000	2958260.02	0	0	0.5	4	0.4	0	20	3356319.98	system	02:18.7	system	NULL	4
ICOOL ??ng ?en	0EF9AD00-D448-EC11-80F7-00155DC46400	18/11/2021	22	5440200	5440200	0	0	0	0	0	20	12	4	0	11333333.33	1925473.96	0	0	27.5	110	0.16	0	25	-7818607.29	system	59:53.3	system	NULL	4
ICOOL Phan Chu Trinh	6AE11532-D448-EC11-80F7-00155DC46400	18/11/2021	23	4818600	4662600	0	0	156000	0	0	12	2	3	0	4266666.67	1189094.33	0	0	13.33	40	0.21	0	14	-793161	system	01:16.2	system	NULL	4
ICOOL Phan Xích Long	456D5938-D448-EC11-80F7-00155DC46400	18/11/2021	24	5200000	4803400	0	0	396600	0	135000	19	5	4	0	7733333.33	1512898.63	0	0	25	100	0.16	0	25	-4307831.96	system	01:26.7	system	NULL	4
ICOOL Xô Vi?t Ngh? T?nh	5B5FCE69-D448-EC11-80F7-00155DC46400	18/11/2021	4	27757500	27757500	0	0	0	0	0	98	49	25	0	15333333.33	7481717.58	0	0	6	150	0.86	0	29	4942449.09	system	02:49.7	system	NULL	4
ICOOL Tô Ký	A99AED4A-D448-EC11-80F7-00155DC46400	18/11/2021	5	1102500	1102500	0	0	0	0	0	4	5	2	0	9516666.67	321065	0	0	40	80	0.08	0	26	-8735231.67	system	01:57.9	system	NULL	4
ICOOL Bình Phú	D37DB9ED-D348-EC11-80F7-00155DC46400	18/11/2021	6	5171000	5171000	0	0	0	0	0	19	10	6	0	5100000	0	0	0	13.33	80	0.25	0	24	71000	system	59:21.5	system	NULL	4
ICOOL D??ng Bá Tr?c	60D0EE06-D448-EC11-80F7-00155DC46400	18/11/2021	7	2353800	2353800	0	0	0	0	0	10	5	1	0	9700000	0	0	0	100	100	0.04	0	26	-7346200	system	00:03.8	system	NULL	4
ICOOL Nguy?n S?n	12416319-D448-EC11-80F7-00155DC46400	18/11/2021	9	1258000	1258000	0	0	0	0	0	7	3	2	0	5736666.67	435924.33	0	0	2.5	5	0.13	0	15	-4914591	system	00:34.8	system	NULL	4
ICOOL M?c ??nh Chi	C8689FAF-A34F-EC11-810E-509A4C8C9FAC	27/11/2021	12	8505000	7465500	210000	0	829500	0	0	14	15	0	0	11833333.33	2288970.29	0	0	0	30	0	0	22	-6656803.62	system	01:39.6	system	NULL	4
ICOOL Ung V?n Khiêm	C767E5B4-FF5C-EC11-810E-509A4C8C9FAC	14/12/2021	1	71425000	71425000	0	0	0	0	0	46	36	0	0	9741935.48	17740607.59	0	0	0	10	0	0	37	43942456.93	system	03:07.4	system	NULL	4
ICOOL Ung V?n Khiêm	C8448009-925E-EC11-810E-509A4C8C9FAC	16/12/2021	1	7334000	7334000	0	0	0	0	0	4	4	0	0	9741935.48	1941018.99	0	0	0	10	0	0	37	-4348954.47	system	03:06.9	system	NULL	4
ICOOL Ung V?n Khiêm	F405045F-2460-EC11-810E-509A4C8C9FAC	18/12/2021	1	27534000	27534000	0	0	0	0	0	12	12	0	0	9741935.48	6125061.65	0	0	0	10	0	0	37	11667002.87	system	03:08.1	system	NULL	4
ICOOL Ung V?n Khiêm	5086C089-ED60-EC11-810E-509A4C8C9FAC	19/12/2021	1	66296000	66296000	0	0	0	0	0	51	41	0	0	9741935.48	15998477.94	0	0	0	10	0	0	37	40555586.58	system	03:08.6	system	NULL	4
ICOOL V?ng Tàu	F45FF68F-ED60-EC11-810E-509A4C8C9FAC	19/12/2021	25	2462500	2392720	0	0	69780	0	0	2	8	3	0	1941935.48	484819.75	0	0	6	20	0.18	0	17	-34035.23	system	03:19.1	system	NULL	4
ICOOL Ung V?n Khiêm	46917BB4-B661-EC11-810E-509A4C8C9FAC	20/12/2021	1	19297000	19297000	0	0	0	0	0	10	10	0	0	9741935.48	5145305.99	64380	0	0	10	0	0	37	4474138.53	system	03:09.2	system	NULL	4
ICOOL V?ng Tàu	FD61B5BA-B661-EC11-810E-509A4C8C9FAC	20/12/2021	25	4242400	4142400	100000	0	0	0	0	8	7	4	0	1941935.48	891002.51	0	0	7	30	0.24	0	17	1309462.01	system	03:19.6	system	NULL	4
ICOOL Ung V?n Khiêm	12C29E0A-8062-EC11-810E-509A4C8C9FAC	21/12/2021	1	10000000	10000000	0	0	0	0	0	6	6	0	0	9741935.48	2039007	0	0	0	10	0	0	37	-1780942.48	system	04:22.5	system	NULL	4
ICOOL V?ng Tàu	207DCD10-8062-EC11-810E-509A4C8C9FAC	21/12/2021	25	3083000	3083000	0	0	0	0	0	11	5	4	0	1941935.48	823583.46	0	0	7	30	0.24	0	17	317481.06	system	04:32.9	system	NULL	4
ICOOL Ung V?n Khiêm	65CD460E-4963-EC11-810E-509A4C8C9FAC	22/12/2021	1	25730000	25197000	0	0	533000	0	0	23	13	0	0	9741935.48	5532698.98	0	0	0	10	0	0	37	9922365.54	system	03:17.5	system	NULL	4
ICOOL V?ng Tàu	E89F8614-4963-EC11-810E-509A4C8C9FAC	22/12/2021	25	1306200	1306200	0	0	0	0	0	4	4	2	0	1941935.48	322406.67	0	0	15	30	0.12	0	17	-958142.15	system	03:28.0	system	NULL	4
ICOOL Ung V?n Khiêm	17914C3A-1264-EC11-810E-509A4C8C9FAC	23/12/2021	1	26760000	26760000	0	0	0	0	0	11	11	0	0	9741935.48	6407158.64	0	0	0	10	0	0	37	10610905.88	system	03:20.2	system	NULL	4
ICOOL V?ng Tàu	2D6F7A40-1264-EC11-810E-509A4C8C9FAC	23/12/2021	25	2078500	2078500	0	0	0	0	0	4	7	2	0	1941935.48	481219.75	0	0	22	45	0.12	0	17	-344655.24	system	03:30.6	system	NULL	4
ICOOL Ung V?n Khiêm	9CF04463-DB64-EC11-810E-509A4C8C9FAC	24/12/2021	1	31198000	31198000	0	0	0	0	0	17	17	0	0	9741935.48	7153787.31	0	0	0	10	0	0	37	14302277.21	system	03:17.8	system	NULL	4
ICOOL V?ng Tàu	8D2A8469-DB64-EC11-810E-509A4C8C9FAC	24/12/2021	25	14483300	14483300	0	0	0	0	0	25	31	13	0	1941935.48	2957794.54	0	0	3	50	0.76	0	17	9583569.98	system	03:28.2	system	NULL	4
ICOOL Ung V?n Khiêm	69F9FC8D-A465-EC11-810E-509A4C8C9FAC	25/12/2021	1	50439000	50439000	0	0	0	0	0	24	25	0	0	9741935.48	13251098.96	0	0	0	10	0	0	37	27445965.56	system	03:18.3	system	NULL	4
ICOOL V?ng Tàu	F7854494-A465-EC11-810E-509A4C8C9FAC	25/12/2021	25	16959300	16832560	0	0	126740	0	0	43	42	17	0	1941935.48	0	0	0	2	40	1	0	17	14890624.52	system	03:28.8	system	NULL	4
ICOOL Ung V?n Khiêm	C0A4D8B8-6D66-EC11-810E-509A4C8C9FAC	26/12/2021	1	11508000	11508000	0	0	0	0	0	8	8	0	0	9741935.48	2802605.66	0	0	0	10	0	0	37	-1036541.14	system	03:19.0	system	NULL	4
ICOOL V?ng Tàu	77CF10BF-6D66-EC11-810E-509A4C8C9FAC	26/12/2021	25	3424600	3424600	0	0	0	0	0	7	6	3	0	1941935.48	835823.08	0	0	10	30	0.18	0	17	646841.43	system	03:29.5	system	NULL	4
ICOOL Ung V?n Khiêm	C1D269E3-3667-EC11-810E-509A4C8C9FAC	27/12/2021	1	12125000	12125000	0	0	0	0	0	7	7	0	0	9741935.48	3086632.99	0	0	0	10	0	0	37	-703568.47	system	03:19.3	system	NULL	4
ICOOL V?ng Tàu	90F49EE9-3667-EC11-810E-509A4C8C9FAC	27/12/2021	25	6168800	6168800	0	0	0	0	0	14	12	8	0	1941935.48	1033696.88	0	0	6	50	0.47	0	17	3193167.64	system	03:29.7	system	NULL	4
ICOOL Ung V?n Khiêm	66A4A311-0068-EC11-810E-509A4C8C9FAC	28/12/2021	1	18236000	18236000	0	0	0	0	0	9	9	0	0	9741935.48	4806196.99	0	0	0	10	0	0	37	3687867.53	system	03:25.7	system	NULL	4
ICOOL V?ng Tàu	EE59CA17-0068-EC11-810E-509A4C8C9FAC	28/12/2021	25	2988900	2988900	0	0	0	0	0	9	10	4	0	1941935.48	467287.59	0	0	10	40	0.24	0	17	579676.93	system	03:36.0	system	NULL	4
