name	id	date	cuahang_id	sum	total	mon	customer	bill	vat	phuphi	male	female	num_of_bill	complain	chiphi	goods	returns	customer_info	hour_per_bill	hours	tour	expense	room	profit	created_by	created_date	modified_by	modified_date	trangthai
ICOOL Bình Phú	EFFC8514-8199-EC11-8111-509A4C8C9FAC	2022-03-01	6	51810800.00	50210360.00	1450000.00	0.00	150440.00	0.00	0.00	155	124	37	1	8509677.43	11298477.52	0.00	6	5	220	1.54	0.00	24	30402205.05	system	2022-03-02 00:00:22.660	system	NULL	4
ICOOL Cách Mạng Tháng 8	8158B81A-8199-EC11-8111-509A4C8C9FAC	2022-03-01	14	40172900.00	38677105.00	1380000.00	29115.00	86680.00	0.00	0.00	90	54	28	3	21411048.38	45562713.45	40550181.03	10	10	300	0.97	0.00	29	12253524.20	system	2022-03-02 00:00:32.997	system	NULL	4
ICOOL Cầu Chữ Y	6057C320-8199-EC11-8111-509A4C8C9FAC	2022-03-01	16	19276200.00	18782000.00	494200.00	0.00	0.00	0.00	0.00	53	51	17	0	5483870.97	4308846.90	0.00	6	5	100	1.21	0.00	14	8989282.13	system	2022-03-02 00:00:43.130	system	NULL	4
ICOOL Đồng Đen	1851D026-8199-EC11-8111-509A4C8C9FAC	2022-03-01	22	33778900.00	32696910.00	864000.00	0.00	217990.00	130848.00	0.00	88	60	25	6	14480161.29	6780140.57	0.00	7	6	150	1	0.00	25	11567456.14	system	2022-03-02 00:00:53.283	system	NULL	4
ICOOL Dương Bá Trạc	966CF02C-8199-EC11-8111-509A4C8C9FAC	2022-03-01	7	86401900.00	83708140.00	1453000.00	0.00	1240760.00	0.00	0.00	151	134	51	5	16129032.26	17964109.37	0.00	9	5.88	300	1.96	0.00	26	49614998.37	system	2022-03-02 00:01:03.560	system	NULL	4
ICOOL Mạc Đỉnh Chi	32D3FB38-8199-EC11-8111-509A4C8C9FAC	2022-03-01	12	66354700.34	63899380.34	1879860.00	0.00	575460.00	253264.00	0.00	157	127	43	0	19629032.27	12280277.82	157914.00	5	5	240	1.95	0.00	22	32401248.25	system	2022-03-02 00:01:23.760	system	NULL	4
ICOOL Nguyễn Sơn	B641083F-8199-EC11-8111-509A4C8C9FAC	2022-03-01	9	30999600.00	29933240.00	1066360.00	0.00	0.00	0.00	0.00	95	57	29	2	8732903.23	6496579.87	0.00	5	4.14	120	1.93	0.00	15	14703756.90	system	2022-03-02 00:01:33.910	system	NULL	4
ICOOL Nguyễn Trãi	A0CC0E45-8199-EC11-8111-509A4C8C9FAC	2022-03-01	11	10077200.00	9857200.00	220000.00	0.00	0.00	0.00	0.00	29	18	11	1	5956499.94	2070203.92	0.00	7	8	90	0.69	0.00	16	1830496.14	system	2022-03-02 00:01:44.020	system	NULL	4
ICOOL Nguyễn Tri Phương	9B4F174B-8199-EC11-8111-509A4C8C9FAC	2022-03-01	19	12950700.00	12051410.00	813300.00	85990.00	0.00	0.00	0.00	36	32	16	0	7064516.12	2526671.58	0.00	3	6	110	1	0.00	16	2460222.30	system	2022-03-02 00:01:54.140	system	NULL	4
ICOOL Nhị Thiên Đường	51C92451-8199-EC11-8111-509A4C8C9FAC	2022-03-01	17	30636900.00	29622150.00	613750.00	0.00	401000.00	320080.00	100000.00	59	44	21	1	8064516.14	6326917.91	0.00	3	5	120	1.31	0.00	16	15650795.95	system	2022-03-02 00:02:04.293	system	NULL	4
ICOOL Phan Chu Trinh	53FF2B57-8199-EC11-8111-509A4C8C9FAC	2022-03-01	23	11723300.00	11393300.00	330000.00	0.00	0.00	0.00	0.00	27	18	10	0	6568064.52	2907446.95	0.00	1	11	110	0.71	0.00	14	1917788.53	system	2022-03-02 00:02:14.420	system	NULL	4
ICOOL Phan Xích Long	4497485D-8199-EC11-8111-509A4C8C9FAC	2022-03-01	24	53044300.00	50694300.00	2350000.00	0.00	0.00	0.00	0.00	100	91	33	4	14032258.06	9560585.76	0.00	13	6	200	1.32	0.00	25	27101456.18	system	2022-03-02 00:02:24.663	system	NULL	4
ICOOL Thành Thái	81FA4C69-8199-EC11-8111-509A4C8C9FAC	2022-03-01	10	39716400.00	38338350.00	880000.00	96600.00	401450.00	258792.00	0.00	112	76	31	1	16774193.55	7604462.53	0.00	3	7	220	1.11	0.00	28	14218485.92	system	2022-03-02 00:02:44.823	system	NULL	4
ICOOL Tô Ký	67E7566F-8199-EC11-8111-509A4C8C9FAC	2022-03-01	5	26813200.00	25966772.00	640928.00	0.00	205500.00	121648.00	0.00	103	17	18	1	9241935.48	6350309.91	0.00	1	10.56	190	0.69	0.00	26	10496174.60	system	2022-03-02 00:02:54.957	system	NULL	4
ICOOL Trần Bình Trọng	53A65F75-8199-EC11-8111-509A4C8C9FAC	2022-03-01	13	24109100.00	22126770.00	1575300.00	190850.00	216180.00	0.00	0.00	45	52	21	2	9129032.26	6824008.15	2106129.33	6	6.19	130	1.24	0.00	17	8279858.92	system	2022-03-02 00:03:05.083	system	NULL	4
ICOOL Trần Não	CEBE827B-8199-EC11-8111-509A4C8C9FAC	2022-03-01	18	59278300.00	57033300.00	2245000.00	0.00	0.00	119280.00	0.00	157	105	36	2	11483870.96	11226858.70	23500.00	10	5	180	1.8	0.00	20	34465350.34	system	2022-03-02 00:03:15.430	system	NULL	4
ICOOL Ung Văn Khiêm	238BA581-8199-EC11-8111-509A4C8C9FAC	2022-03-01	1	84046400.00	80791120.00	2350000.00	0.00	905280.00	292000.00	0.00	226	179	43	2	23000000.00	17564826.24	0.00	20	8	350	1.07	0.00	40	40518293.76	system	2022-03-02 00:03:25.670	system	NULL	4
ICOOL Vũng Tàu	70BFAF87-8199-EC11-8111-509A4C8C9FAC	2022-03-01	25	9298800.00	9236300.00	0.00	0.00	62500.00	0.00	0.00	18	16	10	0	4682258.07	2249213.96	0.00	0	8	80	0.59	0.00	17	2304827.97	system	2022-03-02 00:03:35.807	system	NULL	4
ICOOL Xô Viết Nghệ Tĩnh	C4D3BC8D-8199-EC11-8111-509A4C8C9FAC	2022-03-01	4	46342700.00	45255340.00	974850.00	30620.00	81890.00	0.00	0.00	150	81	38	5	12725806.45	9552583.14	0.00	14	5	200	1.31	0.00	29	22976950.41	system	2022-03-02 00:03:45.957	system	NULL	4
ICOOL Bình Phú	D2B2493F-4A9A-EC11-8111-509A4C8C9FAC	2022-03-02	6	45582300.00	43328580.00	1733000.00	0.00	520720.00	0.00	0.00	131	88	28	2	8509677.43	10163614.51	0.00	4	7	200	1.17	0.00	24	24655288.06	system	2022-03-03 00:00:23.167	system	NULL	4
ICOOL Cách Mạng Tháng 8	06D66C45-4A9A-EC11-8111-509A4C8C9FAC	2022-03-02	14	46238900.00	44238525.00	1519605.00	0.00	480770.00	0.00	0.00	94	67	27	3	21411048.38	9487094.80	0.00	3	8	240	0.93	0.00	29	13340381.82	system	2022-03-03 00:00:33.463	system	NULL	4
ICOOL Cầu Chữ Y	04AB734B-4A9A-EC11-8111-509A4C8C9FAC	2022-03-02	16	8022900.00	7472900.00	550000.00	0.00	0.00	0.00	0.00	21	19	5	0	5483870.97	1788143.64	0.00	3	16	80	0.36	0.00	14	200885.39	system	2022-03-03 00:00:43.573	system	NULL	4
ICOOL Đồng Đen	57B88451-4A9A-EC11-8111-509A4C8C9FAC	2022-03-02	22	20901200.00	20681200.00	220000.00	0.00	0.00	0.00	0.00	49	32	16	3	14480161.29	4430931.93	0.00	4	9	150	0.64	0.00	25	1770106.78	system	2022-03-03 00:00:53.753	system	NULL	4
ICOOL Dương Bá Trạc	B9FF9457-4A9A-EC11-8111-509A4C8C9FAC	2022-03-02	7	75987800.00	72799040.00	2395000.00	107050.00	686710.00	0.00	0.00	144	117	43	4	16129032.26	15684372.43	0.00	11	6.98	300	1.65	0.00	26	40985635.31	system	2022-03-03 00:01:03.927	system	NULL	4
ICOOL Mạc Đỉnh Chi	29769663-4A9A-EC11-8111-509A4C8C9FAC	2022-03-02	12	44411900.00	40844120.00	1596710.00	52150.00	1918920.00	0.00	0.00	88	92	30	0	19629032.27	7234803.53	0.00	4	7	230	1.36	0.00	22	13980284.20	system	2022-03-03 00:01:24.070	system	NULL	4
ICOOL Nguyễn Sơn	E8AEA169-4A9A-EC11-8111-509A4C8C9FAC	2022-03-02	9	21284200.00	19899390.00	990000.00	0.00	394810.00	0.00	0.00	51	33	16	1	8732903.23	4970510.94	0.00	9	7.5	120	1.07	0.00	15	6195975.83	system	2022-03-03 00:01:34.210	system	NULL	4
ICOOL Nguyễn Trãi	91E0A86F-4A9A-EC11-8111-509A4C8C9FAC	2022-03-02	11	13873900.00	13022900.00	499000.00	0.00	352000.00	0.00	100000.00	32	21	10	0	5956499.94	2889545.25	0.00	1	8	80	0.63	0.00	16	4276854.81	system	2022-03-03 00:01:44.323	system	NULL	4
ICOOL Nguyễn Tri Phương	22C4B175-4A9A-EC11-8111-509A4C8C9FAC	2022-03-02	19	18667400.00	18150760.00	380000.00	0.00	136640.00	0.00	0.00	53	37	17	1	7064516.12	3984279.53	0.00	4	6	110	1.06	0.00	16	7101964.35	system	2022-03-03 00:01:54.447	system	NULL	4
ICOOL Nhị Thiên Đường	6A1FBE7B-4A9A-EC11-8111-509A4C8C9FAC	2022-03-02	17	22458900.00	21808900.00	650000.00	0.00	0.00	0.00	0.00	40	25	14	1	8064516.14	5033317.95	0.00	5	8	120	0.88	0.00	16	8711065.91	system	2022-03-03 00:02:04.593	system	NULL	4
ICOOL Phan Chu Trinh	08B4C681-4A9A-EC11-8111-509A4C8C9FAC	2022-03-02	23	7384100.00	6989100.00	395000.00	0.00	0.00	0.00	0.00	16	13	6	0	6568064.52	2080268.98	0.00	3	18.33	110	0.43	0.00	14	-1659233.50	system	2022-03-03 00:02:14.717	system	NULL	4
ICOOL Phan Xích Long	E43BDA87-4A9A-EC11-8111-509A4C8C9FAC	2022-03-02	24	56623100.00	55068100.00	1555000.00	0.00	0.00	0.00	0.00	162	71	37	9	14032258.06	10591099.53	477949.00	19	5	200	1.48	0.00	25	30922691.41	system	2022-03-03 00:02:24.910	system	NULL	4
ICOOL Thành Thái	CA93DD93-4A9A-EC11-8111-509A4C8C9FAC	2022-03-02	10	42179700.00	40337190.00	1530880.00	47250.00	264380.00	89536.00	0.00	121	60	30	4	16774193.55	9476060.41	0.00	13	7	220	1.07	0.00	28	14176472.04	system	2022-03-03 00:02:45.063	system	NULL	4
ICOOL Tô Ký	6234E699-4A9A-EC11-8111-509A4C8C9FAC	2022-03-02	5	10632000.00	9928940.00	552000.00	0.00	151060.00	0.00	0.00	54	3	10	1	9241935.48	2455516.63	0.00	0	19	190	0.38	0.00	26	-1768512.11	system	2022-03-03 00:02:55.190	system	NULL	4
ICOOL Trần Bình Trọng	4719EE9F-4A9A-EC11-8111-509A4C8C9FAC	2022-03-02	13	9295200.00	8778200.00	398000.00	0.00	119000.00	0.00	0.00	15	36	9	0	9129032.26	1710424.63	0.00	4	13.33	120	0.53	0.00	17	-2061256.89	system	2022-03-03 00:03:05.307	system	NULL	4
ICOOL Trần Não	BF98F7A5-4A9A-EC11-8111-509A4C8C9FAC	2022-03-02	18	52568800.00	50664858.18	1768181.82	0.00	135760.00	245384.00	0.00	139	108	30	3	11483870.96	11500834.41	0.00	9	6	190	1.5	0.00	20	27925536.81	system	2022-03-03 00:03:15.433	system	NULL	4
ICOOL Ung Văn Khiêm	49BE0BAC-4A9A-EC11-8111-509A4C8C9FAC	2022-03-02	1	99387800.00	96542635.00	2300000.00	309575.00	235590.00	315056.00	0.00	293	201	54	1	23000000.00	20778765.92	0.00	15	6	350	1.35	0.00	40	53078925.08	system	2022-03-03 00:03:25.633	system	NULL	4
ICOOL Vũng Tàu	A81D11B2-4A9A-EC11-8111-509A4C8C9FAC	2022-03-02	25	4272500.00	4272500.00	0.00	0.00	0.00	0.00	110000.00	8	4	4	0	4682258.07	1236792.98	0.00	0	17	70	0.24	0.00	17	-1536551.05	system	2022-03-03 00:03:35.733	system	NULL	4
ICOOL Xô Viết Nghệ Tĩnh	2CE11CB8-4A9A-EC11-8111-509A4C8C9FAC	2022-03-02	4	38535600.00	34198400.00	3046000.00	133400.00	1157800.00	0.00	0.00	109	64	30	2	12725806.45	8384831.52	0.00	15	6	200	1.03	0.00	29	13087762.03	system	2022-03-03 00:03:45.877	system	NULL	4
ICOOL Bình Phú	F9D1036A-139B-EC11-8111-509A4C8C9FAC	2022-03-03	6	49315500.00	47289560.00	1839000.00	0.00	186940.00	0.00	0.00	116	76	32	0	8509677.43	11960601.19	0.00	10	5	190	1.33	0.00	24	26819281.38	system	2022-03-04 00:00:23.693	system	NULL	4
ICOOL Cách Mạng Tháng 8	95A32270-139B-EC11-8111-509A4C8C9FAC	2022-03-03	14	65019800.00	62495650.00	2385000.00	0.00	139150.00	71712.00	0.00	131	91	33	1	21411048.38	12166101.77	0.00	7	7	240	1.14	0.00	29	28990211.85	system	2022-03-04 00:00:33.960	system	NULL	4
ICOOL Cầu Chữ Y	36732C76-139B-EC11-8111-509A4C8C9FAC	2022-03-03	16	14971700.00	13834500.00	1106000.00	0.00	31200.00	0.00	0.00	30	33	11	1	5483870.97	3910816.29	0.00	5	7	80	0.79	0.00	14	4439812.74	system	2022-03-04 00:00:44.093	system	NULL	4
ICOOL Đồng Đen	A345397C-139B-EC11-8111-509A4C8C9FAC	2022-03-03	22	38790500.00	37295680.00	990000.00	0.00	504820.00	0.00	0.00	108	70	27	2	14480161.29	8688183.50	0.00	6	6	180	1.08	0.00	25	14127335.21	system	2022-03-04 00:00:54.243	system	NULL	4
ICOOL Dương Bá Trạc	B1575082-139B-EC11-8111-509A4C8C9FAC	2022-03-03	7	85632800.00	82571630.00	2208000.00	0.00	853170.00	221600.00	0.00	155	140	49	5	16129032.26	18329716.09	0.00	22	6.12	300	1.88	0.00	26	48334481.65	system	2022-03-04 00:01:04.460	system	NULL	4
ICOOL Mạc Đỉnh Chi	6DA9578E-139B-EC11-8111-509A4C8C9FAC	2022-03-03	12	48001400.00	45421000.00	2245930.00	0.00	334470.00	0.00	0.00	105	95	32	4	19629032.27	7521550.43	0.00	9	7	230	1.45	0.00	22	18270417.30	system	2022-03-04 00:01:24.643	system	NULL	4
ICOOL Nguyễn Sơn	A73D6294-139B-EC11-8111-509A4C8C9FAC	2022-03-03	9	21910700.00	19458722.00	2290058.00	0.00	161920.00	0.00	0.00	59	29	19	0	8732903.23	4869909.25	0.00	3	7.37	140	1.27	0.00	15	5855909.52	system	2022-03-04 00:01:34.777	system	NULL	4
ICOOL Nguyễn Trãi	92CC6A9A-139B-EC11-8111-509A4C8C9FAC	2022-03-03	11	17053000.00	16237140.00	744560.00	71300.00	0.00	0.00	0.00	42	23	12	0	5956499.94	4301556.96	0.00	2	7.5	90	0.75	0.00	16	5979083.10	system	2022-03-04 00:01:44.900	system	NULL	4
ICOOL Nguyễn Tri Phương	109173A0-139B-EC11-8111-509A4C8C9FAC	2022-03-03	19	13309400.00	12008940.00	977500.00	0.00	322960.00	0.00	0.00	32	30	16	3	7064516.12	2267337.29	0.00	3	6	110	1	0.00	16	2677086.59	system	2022-03-04 00:01:55.023	system	NULL	4
ICOOL Nhị Thiên Đường	7FB57BA6-139B-EC11-8111-509A4C8C9FAC	2022-03-03	17	39677000.00	36785080.00	1949000.00	0.00	942920.00	0.00	0.00	59	53	18	3	8064516.14	10452713.87	0.00	5	6	110	1.13	0.00	16	18267849.99	system	2022-03-04 00:02:05.143	system	NULL	4
ICOOL Phan Chu Trinh	6F9886AC-139B-EC11-8111-509A4C8C9FAC	2022-03-03	23	17214700.00	15771400.00	1305000.00	0.00	138300.00	0.00	0.00	39	34	12	0	6568064.52	3678816.62	0.00	2	9.17	110	0.86	0.00	14	5524518.87	system	2022-03-04 00:02:15.280	system	NULL	4
ICOOL Phan Xích Long	803B9BB2-139B-EC11-8111-509A4C8C9FAC	2022-03-03	24	62492900.00	59865650.00	2108000.00	162450.00	356800.00	190544.00	0.00	114	119	41	8	14032258.06	11836916.74	0.00	13	4	200	1.64	0.00	25	34187019.20	system	2022-03-04 00:02:25.483	system	NULL	4
ICOOL Thành Thái	784BA2BE-139B-EC11-8111-509A4C8C9FAC	2022-03-03	10	55585700.00	53061275.00	2498000.00	26425.00	0.00	0.00	0.00	149	124	41	1	16774193.55	11221190.40	0.00	21	5	220	1.46	0.00	28	25065891.05	system	2022-03-04 00:02:45.663	system	NULL	4
ICOOL Tô Ký	A72CAFC4-139B-EC11-8111-509A4C8C9FAC	2022-03-03	5	20914400.00	18832270.00	980000.00	0.00	1102130.00	387568.00	0.00	74	6	14	2	9241935.48	4553885.27	0.00	0	13.57	190	0.54	0.00	26	5424017.25	system	2022-03-04 00:02:55.810	system	NULL	4
ICOOL Trần Bình Trọng	58B6B7CA-139B-EC11-8111-509A4C8C9FAC	2022-03-03	13	20051400.00	17788290.00	1601830.00	0.00	661280.00	0.00	0.00	46	45	14	3	9129032.26	3721531.58	0.00	6	10	140	0.82	0.00	17	4937726.16	system	2022-03-04 00:03:05.933	system	NULL	4
ICOOL Trần Não	8E6FC9D0-139B-EC11-8111-509A4C8C9FAC	2022-03-03	18	67302600.00	65032600.00	2270000.00	0.00	0.00	0.00	0.00	185	125	37	2	11483870.96	14121674.73	0.00	13	5	210	1.85	0.00	20	39427054.31	system	2022-03-04 00:03:16.117	system	NULL	4
ICOOL Ung Văn Khiêm	EBF3D2D6-139B-EC11-8111-509A4C8C9FAC	2022-03-03	1	77773800.00	74725200.00	2720600.00	0.00	328000.00	0.00	0.00	228	178	42	0	23000000.00	16101442.02	0.00	20	9	400	1.05	0.00	40	35623757.98	system	2022-03-04 00:03:26.247	system	NULL	4
ICOOL Vũng Tàu	5FF8DDDC-139B-EC11-8111-509A4C8C9FAC	2022-03-03	25	8005600.00	8005600.00	0.00	0.00	0.00	0.00	0.00	18	16	7	0	4682258.07	1709641.63	0.00	0	11	80	0.41	0.00	17	1613700.30	system	2022-03-04 00:03:36.383	system	NULL	4
ICOOL Xô Viết Nghệ Tĩnh	1827F8E2-139B-EC11-8111-509A4C8C9FAC	2022-03-03	4	54210300.00	50154730.00	3386950.00	0.00	668620.00	0.00	200000.00	171	78	40	6	12725806.45	12875777.45	148727.67	16	5	200	1.38	0.00	29	24901873.77	system	2022-03-04 00:03:46.620	system	NULL	4
ICOOL Bình Phú	73FBB694-DC9B-EC11-8111-509A4C8C9FAC	2022-03-04	6	56304100.00	53705100.00	2599000.00	0.00	0.00	0.00	0.00	120	102	29	3	8509677.43	12075971.19	0.00	8	7	210	1.21	0.00	24	33119451.38	system	2022-03-05 00:00:24.177	system	NULL	4
ICOOL Cách Mạng Tháng 8	D60CD89A-DC9B-EC11-8111-509A4C8C9FAC	2022-03-04	14	137585800.00	132067850.00	4665000.00	120980.00	731970.00	1386979.20	660000.00	261	150	65	3	21411048.38	25183204.85	0.00	20	4	300	2.24	0.00	29	87520575.97	system	2022-03-05 00:00:34.457	system	NULL	4
ICOOL Cầu Chữ Y	7019DEA0-DC9B-EC11-8111-509A4C8C9FAC	2022-03-04	16	11244400.00	10899400.00	345000.00	0.00	0.00	0.00	0.00	39	28	10	3	5483870.97	1950927.60	0.00	6	8	80	0.71	0.00	14	3464601.43	system	2022-03-05 00:00:44.563	system	NULL	4
ICOOL Đồng Đen	E0BCE7A6-DC9B-EC11-8111-509A4C8C9FAC	2022-03-04	22	51360500.00	50056470.00	734000.00	0.00	570030.00	0.00	0.00	125	101	32	6	14480161.29	9006548.84	0.00	15	5	180	1.28	0.00	25	26569759.87	system	2022-03-05 00:00:54.693	system	NULL	4
ICOOL Dương Bá Trạc	F288FAAC-DC9B-EC11-8111-509A4C8C9FAC	2022-03-04	7	116427300.00	111684800.00	3795000.00	0.00	947500.00	0.00	0.00	203	208	63	8	16129032.26	23174764.67	0.00	25	4.76	300	2.42	0.00	26	72381003.07	system	2022-03-05 00:01:04.883	system	NULL	4
ICOOL Mạc Đỉnh Chi	B50109B9-DC9B-EC11-8111-509A4C8C9FAC	2022-03-04	12	86585900.00	82470075.00	3066235.00	0.00	1049590.00	260792.00	0.00	190	165	45	6	19629032.27	14991426.66	0.00	15	5	230	2.05	0.00	22	48110408.07	system	2022-03-05 00:01:25.110	system	NULL	4
ICOOL Nguyễn Sơn	984415BF-DC9B-EC11-8111-509A4C8C9FAC	2022-03-04	9	41799700.00	39759450.00	970000.00	0.00	1070250.00	0.00	0.00	135	42	30	0	8732903.23	10091604.20	0.00	0	5	150	2	0.00	15	20934942.57	system	2022-03-05 00:01:35.260	system	NULL	4
ICOOL Nguyễn Trãi	38A224C5-DC9B-EC11-8111-509A4C8C9FAC	2022-03-04	11	26021700.00	24902540.00	510000.00	0.00	609160.00	0.00	0.00	75	37	21	1	5956499.94	4922416.92	0.00	4	4.76	100	1.31	0.00	16	14023623.15	system	2022-03-05 00:01:45.423	system	NULL	4
ICOOL Nguyễn Tri Phương	6ADA2ECB-DC9B-EC11-8111-509A4C8C9FAC	2022-03-04	19	40136900.00	37225280.00	2105000.00	0.00	806620.00	0.00	0.00	90	79	27	2	7064516.12	8373491.49	0.00	9	4	110	1.69	0.00	16	21787272.39	system	2022-03-05 00:01:55.557	system	NULL	4
ICOOL Nhị Thiên Đường	B6B234D1-DC9B-EC11-8111-509A4C8C9FAC	2022-03-04	17	37839000.00	36300650.00	1372000.00	0.00	166350.00	186480.00	0.00	65	54	21	0	8064516.14	7989754.55	0.00	5	7	160	1.31	0.00	16	20432859.31	system	2022-03-05 00:02:05.660	system	NULL	4
ICOOL Phan Chu Trinh	8CFD50D7-DC9B-EC11-8111-509A4C8C9FAC	2022-03-04	23	30270500.00	28398170.00	1567000.00	0.00	305330.00	0.00	0.00	60	42	19	0	6568064.52	5086980.25	0.00	5	5.79	110	1.36	0.00	14	16743125.23	system	2022-03-05 00:02:15.913	system	NULL	4
ICOOL Phan Xích Long	517862DD-DC9B-EC11-8111-509A4C8C9FAC	2022-03-04	24	104891000.00	101254790.00	2700000.00	0.00	936210.00	0.00	0.00	174	177	56	3	14032258.06	19676272.88	0.00	31	3	200	2.24	0.00	25	67546259.06	system	2022-03-05 00:02:26.093	system	NULL	4
ICOOL Thành Thái	7D815CE9-DC9B-EC11-8111-509A4C8C9FAC	2022-03-04	10	21215100.00	19526560.00	635000.00	0.00	1053540.00	0.00	0.00	52	36	18	0	16774193.55	3866224.56	0.00	6	12	220	0.64	0.00	28	-1113858.11	system	2022-03-05 00:02:46.190	system	NULL	4
ICOOL Tô Ký	015464EF-DC9B-EC11-8111-509A4C8C9FAC	2022-03-04	5	22349200.00	20936675.00	1080000.00	36585.00	295940.00	0.00	0.00	49	46	17	0	9241935.48	4887923.95	0.00	1	11.18	190	0.65	0.00	26	6806815.57	system	2022-03-05 00:02:56.307	system	NULL	4
ICOOL Trần Bình Trọng	D6D46CF5-DC9B-EC11-8111-509A4C8C9FAC	2022-03-04	13	21626000.00	19942160.00	800000.00	0.00	883840.00	0.00	0.00	40	38	17	2	9129032.26	3877976.26	0.00	8	8.24	140	1	0.00	17	6935151.48	system	2022-03-05 00:03:06.427	system	NULL	4
ICOOL Trần Não	9184A2FB-DC9B-EC11-8111-509A4C8C9FAC	2022-03-04	18	83828700.00	80364740.00	3250000.00	0.00	213960.00	97832.00	0.00	181	141	41	2	11483870.96	17337197.31	0.00	18	5	240	2.05	0.00	20	51641503.73	system	2022-03-05 00:03:16.847	system	NULL	4
ICOOL Ung Văn Khiêm	FD55C501-DD9B-EC11-8111-509A4C8C9FAC	2022-03-04	1	148008200.00	142741660.00	2285000.00	0.00	2981540.00	176504.00	0.00	370	263	70	3	23000000.00	0.00	0.00	27	5	400	1.75	0.00	40	119918164.00	system	2022-03-05 00:03:27.140	system	NULL	4
ICOOL Vũng Tàu	D2D1CF07-DD9B-EC11-8111-509A4C8C9FAC	2022-03-04	25	10704900.00	10589900.00	115000.00	0.00	0.00	0.00	0.00	24	15	10	0	4682258.07	1761523.31	0.00	1	8	80	0.59	0.00	17	4146118.62	system	2022-03-05 00:03:37.277	system	NULL	4
ICOOL Xô Viết Nghệ Tĩnh	1EF2E00D-DD9B-EC11-8111-509A4C8C9FAC	2022-03-04	4	74743900.00	71163160.00	2974000.00	0.00	606740.00	0.00	0.00	198	111	44	7	12725806.45	15418634.74	0.00	22	4	200	1.52	0.00	29	43018718.81	system	2022-03-05 00:03:47.453	system	NULL	4
ICOOL Bình Phú	927C6FBF-A59C-EC11-8111-509A4C8C9FAC	2022-03-05	6	85879700.00	81325075.00	4215000.00	136145.00	203480.00	0.00	0.00	200	174	44	1	8509677.43	17491143.45	0.00	12	5	230	1.83	0.00	24	55324254.12	system	2022-03-06 00:00:24.690	system	NULL	4
ICOOL Cách Mạng Tháng 8	31729CC5-A59C-EC11-8111-509A4C8C9FAC	2022-03-05	14	117357300.00	113304780.00	3570400.00	0.00	482120.00	102800.00	0.00	201	157	65	4	21411048.38	20123533.96	0.00	14	4	310	2.24	0.00	29	71872997.66	system	2022-03-06 00:00:35.053	system	NULL	4
ICOOL Cầu Chữ Y	D7D5ACCB-A59C-EC11-8111-509A4C8C9FAC	2022-03-05	16	41445400.00	39154820.00	1833400.00	0.00	457180.00	0.00	0.00	125	83	33	11	5483870.97	7874178.85	0.00	9	3	100	2.36	0.00	14	25796770.18	system	2022-03-06 00:00:45.227	system	NULL	4
ICOOL Đồng Đen	3BC9BBD1-A59C-EC11-8111-509A4C8C9FAC	2022-03-05	22	75613100.00	73875940.00	1480000.00	0.00	257160.00	0.00	0.00	201	162	48	6	14480161.29	14377338.35	0.00	22	3	180	1.92	0.00	25	45018440.36	system	2022-03-06 00:00:55.390	system	NULL	4
ICOOL Dương Bá Trạc	73ADD3D7-A59C-EC11-8111-509A4C8C9FAC	2022-03-05	7	123642000.00	119888520.00	3335000.00	0.00	418480.00	117360.00	0.00	208	205	71	8	16129032.26	22470663.65	0.00	33	4.23	300	2.73	0.00	26	81406184.09	system	2022-03-06 00:01:05.613	system	NULL	4
ICOOL Mạc Đỉnh Chi	5087E0E3-A59C-EC11-8111-509A4C8C9FAC	2022-03-05	12	112939300.00	109195435.00	3064000.00	130875.00	548990.00	261904.00	0.00	231	207	65	8	19629032.27	19969986.02	0.00	28	4	260	2.95	0.00	22	69858320.71	system	2022-03-06 00:01:25.830	system	NULL	4
ICOOL Nguyễn Sơn	EB8FEEE9-A59C-EC11-8111-509A4C8C9FAC	2022-03-05	9	51522000.00	49428950.00	1645000.00	57430.00	390620.00	0.00	0.00	175	74	38	0	8732903.23	11520238.85	0.00	0	3.95	150	2.53	0.00	15	29175807.92	system	2022-03-06 00:01:35.990	system	NULL	4
ICOOL Nguyễn Trãi	30BFFDEF-A59C-EC11-8111-509A4C8C9FAC	2022-03-05	11	39450900.00	38162110.00	1015000.00	83350.00	190440.00	0.00	0.00	90	75	27	2	5956499.94	7924824.83	0.00	4	4.07	110	1.69	0.00	16	24280785.23	system	2022-03-06 00:01:46.157	system	NULL	4
ICOOL Nguyễn Tri Phương	39E30AF6-A59C-EC11-8111-509A4C8C9FAC	2022-03-05	19	62017200.00	58859520.00	2495000.00	0.00	662680.00	99904.00	0.00	198	128	46	6	7064516.12	12000751.70	0.00	22	3	140	2.88	0.00	16	39894156.18	system	2022-03-06 00:01:56.307	system	NULL	4
ICOOL Nhị Thiên Đường	3FFA37FC-A59C-EC11-8111-509A4C8C9FAC	2022-03-05	17	44675700.00	42879660.00	1430000.00	0.00	366040.00	0.00	0.00	87	65	31	2	8064516.14	9180755.88	0.00	8	5	160	1.94	0.00	16	25634387.98	system	2022-03-06 00:02:06.670	system	NULL	4
ICOOL Phan Chu Trinh	D16FDF02-A69C-EC11-8111-509A4C8C9FAC	2022-03-05	23	42189900.00	39485110.00	2276270.00	0.00	428520.00	0.00	0.00	72	58	27	0	6568064.52	8698884.82	0.00	8	4.07	110	1.93	0.00	14	24218160.66	system	2022-03-06 00:02:17.833	system	NULL	4
ICOOL Phan Xích Long	3F7FEE08-A69C-EC11-8111-509A4C8C9FAC	2022-03-05	24	132260800.00	127358500.00	3899000.00	0.00	1003300.00	0.00	0.00	220	237	71	8	14032258.06	25384012.25	200840.00	23	2	200	2.84	0.00	25	88143069.69	system	2022-03-06 00:02:28.000	system	NULL	4
ICOOL Tô Ký	7BFCEC1A-A69C-EC11-8111-509A4C8C9FAC	2022-03-05	5	67162200.00	63739985.00	1862500.00	202865.00	1356850.00	147550.00	0.00	148	129	44	4	9241935.48	13119329.80	0.00	3	4.32	190	1.69	0.00	26	41526269.72	system	2022-03-06 00:02:58.187	system	NULL	4
ICOOL Trần Bình Trọng	3B7DF920-A69C-EC11-8111-509A4C8C9FAC	2022-03-05	13	33305200.00	32116910.00	970000.00	0.00	218290.00	0.00	0.00	76	72	22	5	9129032.26	6047767.56	0.00	7	6.36	140	1.29	0.00	17	16940110.18	system	2022-03-06 00:03:08.333	system	NULL	4
ICOOL Trần Não	3F0B0927-A69C-EC11-8111-509A4C8C9FAC	2022-03-05	18	97210900.00	93875900.00	3335000.00	0.00	0.00	0.00	0.00	184	157	57	4	11483870.96	18725863.27	0.00	16	4	240	2.85	0.00	20	63666165.77	system	2022-03-06 00:03:18.503	system	NULL	4
ICOOL Ung Văn Khiêm	497F262D-A69C-EC11-8111-509A4C8C9FAC	2022-03-05	1	179199700.00	174038070.00	3510000.00	52420.00	1599210.00	211760.00	0.00	468	334	97	1	23000000.00	34226814.03	0.00	35	4	400	2.42	0.00	40	117023015.97	system	2022-03-06 00:03:28.760	system	NULL	4
ICOOL Vũng Tàu	081A3633-A69C-EC11-8111-509A4C8C9FAC	2022-03-05	25	48620800.00	47919800.00	690000.00	0.00	11000.00	142304.00	0.00	111	74	36	0	4682258.07	9934356.82	0.00	7	2	90	2.12	0.00	17	33445489.11	system	2022-03-06 00:03:38.930	system	NULL	4
ICOOL Xô Viết Nghệ Tĩnh	36F74C39-A69C-EC11-8111-509A4C8C9FAC	2022-03-05	4	82922500.00	79327500.00	3595000.00	0.00	0.00	0.00	0.00	199	137	54	7	12725806.45	16900366.06	0.00	30	3	200	1.86	0.00	29	49701327.49	system	2022-03-06 00:03:49.147	system	NULL	4
ICOOL Bình Phú	B38620EA-6E9D-EC11-8111-509A4C8C9FAC	2022-03-06	6	64656900.00	61286630.00	3210000.00	0.00	160270.00	0.00	0.00	177	116	46	3	8509677.43	11514379.82	0.00	19	4	220	1.92	0.00	24	41262572.75	system	2022-03-07 00:00:25.160	system	NULL	4
ICOOL Cách Mạng Tháng 8	69253BF0-6E9D-EC11-8111-509A4C8C9FAC	2022-03-06	14	72958701.00	71054426.00	1514000.00	96015.00	294260.00	0.00	0.00	124	149	43	6	21411048.38	0.00	0.00	20	5	250	1.48	0.00	29	49643377.62	system	2022-03-07 00:00:35.400	system	NULL	4
ICOOL Cầu Chữ Y	794142F6-6E9D-EC11-8111-509A4C8C9FAC	2022-03-06	16	18909100.00	17900230.00	845000.00	0.00	163870.00	0.00	0.00	52	37	14	2	5483870.97	4331861.93	0.00	12	7	100	1	0.00	14	8084497.10	system	2022-03-07 00:00:45.513	system	NULL	4
ICOOL Đồng Đen	06554CFC-6E9D-EC11-8111-509A4C8C9FAC	2022-03-06	22	47192300.00	45172800.00	1715000.00	0.00	304500.00	0.00	0.00	122	107	29	6	14480161.29	8894206.83	0.00	11	6	180	1.16	0.00	25	21798431.88	system	2022-03-07 00:00:55.647	system	NULL	4
ICOOL Dương Bá Trạc	9ECD5A02-6F9D-EC11-8111-509A4C8C9FAC	2022-03-06	7	99919400.00	97508550.00	2355000.00	55850.00	0.00	0.00	0.00	176	195	55	3	16129032.26	19537957.02	0.00	38	5.45	300	2.12	0.00	26	61841560.72	system	2022-03-07 00:01:05.807	system	NULL	4
ICOOL Mạc Đỉnh Chi	1B71660E-6F9D-EC11-8111-509A4C8C9FAC	2022-03-06	12	64285300.00	61949480.00	1865000.00	0.00	470820.00	142960.00	0.00	127	108	36	7	19629032.27	12634276.47	0.00	19	7	260	1.64	0.00	22	29829131.26	system	2022-03-07 00:01:26.017	system	NULL	4
ICOOL Nguyễn Sơn	5C597314-6F9D-EC11-8111-509A4C8C9FAC	2022-03-06	9	41543500.00	40592600.00	790000.00	0.00	160900.00	0.00	0.00	151	73	36	0	8732903.23	8921842.50	0.00	0	4.17	150	2.4	0.00	15	22937854.27	system	2022-03-07 00:01:36.167	system	NULL	4
ICOOL Nguyễn Trãi	96AA7D1A-6F9D-EC11-8111-509A4C8C9FAC	2022-03-06	11	26951800.00	25916800.00	1035000.00	0.00	0.00	0.00	0.00	70	50	26	4	5956499.94	4820488.19	0.00	11	4.23	110	1.63	0.00	16	15139811.87	system	2022-03-07 00:01:46.300	system	NULL	4
ICOOL Nguyễn Tri Phương	769D9020-6F9D-EC11-8111-509A4C8C9FAC	2022-03-06	19	65044300.00	60625240.00	3145000.00	0.00	1274060.00	0.00	0.00	120	156	57	4	7064516.12	11599408.69	0.00	12	3	200	3.56	0.00	16	41961315.19	system	2022-03-07 00:01:56.490	system	NULL	4
ICOOL Nhị Thiên Đường	65DF9B26-6F9D-EC11-8111-509A4C8C9FAC	2022-03-06	17	52197600.00	50579535.00	1500000.00	0.00	118065.00	0.00	0.00	104	69	32	0	8064516.14	11116179.55	0.00	15	5	160	2	0.00	16	31398839.31	system	2022-03-07 00:02:06.630	system	NULL	4
ICOOL Phan Chu Trinh	D9D2A62C-6F9D-EC11-8111-509A4C8C9FAC	2022-03-06	23	26070000.00	24860000.00	1210000.00	0.00	0.00	174200.00	0.00	52	48	16	1	6568064.52	5098326.95	0.00	7	6.88	110	1.14	0.00	14	13367808.53	system	2022-03-07 00:02:16.770	system	NULL	4
ICOOL Phan Xích Long	EFF6B432-6F9D-EC11-8111-509A4C8C9FAC	2022-03-06	24	79325600.00	76564050.00	2510000.00	0.00	251550.00	0.00	0.00	146	153	49	2	14032258.06	14762490.44	0.00	25	5	250	1.96	0.00	25	47769301.50	system	2022-03-07 00:02:26.927	system	NULL	4
ICOOL Tô Ký	AF43A844-6F9D-EC11-8111-509A4C8C9FAC	2022-03-06	5	39464600.00	37361810.00	1267000.00	0.00	835790.00	0.00	0.00	102	90	27	1	9241935.48	9350126.81	0.00	3	7.04	190	1.04	0.00	26	18769747.71	system	2022-03-07 00:02:57.043	system	NULL	4
ICOOL Trần Bình Trọng	70EBAF4A-6F9D-EC11-8111-509A4C8C9FAC	2022-03-06	13	13563500.00	13003500.00	560000.00	0.00	0.00	0.00	0.00	39	37	12	0	9129032.26	2163538.62	0.00	4	10	120	0.71	0.00	17	1710929.12	system	2022-03-07 00:03:07.160	system	NULL	4
ICOOL Trần Não	C93A1151-6F9D-EC11-8111-509A4C8C9FAC	2022-03-06	18	84538500.00	81478500.00	3060000.00	0.00	0.00	0.00	0.00	138	148	39	5	11483870.96	16816334.34	0.00	11	5	220	1.95	0.00	20	53178294.70	system	2022-03-07 00:03:17.863	system	NULL	4
ICOOL Ung Văn Khiêm	F53C2B57-6F9D-EC11-8111-509A4C8C9FAC	2022-03-06	1	119035400.00	116216580.00	2520000.00	138980.00	159840.00	64608.00	0.00	293	209	55	0	23000000.00	25255468.51	0.00	39	7	400	1.38	0.00	40	68025719.49	system	2022-03-07 00:03:28.100	system	NULL	4
ICOOL Vũng Tàu	6FB8335D-6F9D-EC11-8111-509A4C8C9FAC	2022-03-06	25	15596300.00	15596300.00	0.00	0.00	0.00	0.00	0.00	37	45	13	1	4682258.07	3356496.61	0.00	1	5	70	0.76	0.00	17	7557545.32	system	2022-03-07 00:03:38.223	system	NULL	4
ICOOL Xô Viết Nghệ Tĩnh	19F94463-6F9D-EC11-8111-509A4C8C9FAC	2022-03-06	4	72171800.00	67929340.00	4100000.00	0.00	142460.00	0.00	0.00	195	104	40	6	12725806.45	16092570.78	0.00	28	5	200	1.38	0.00	29	39110962.77	system	2022-03-07 00:03:48.400	system	NULL	4
ICOOL Bình Phú	9788D414-389E-EC11-8111-509A4C8C9FAC	2022-03-07	6	39215600.00	37197895.00	1845000.00	96475.00	76230.00	0.00	0.00	91	92	27	1	8509677.43	8352848.22	0.00	14	6	180	1.13	0.00	24	20335369.35	system	2022-03-08 00:00:25.643	system	NULL	4
ICOOL Cách Mạng Tháng 8	4F46F51A-389E-EC11-8111-509A4C8C9FAC	2022-03-07	14	65145400.00	62892210.00	1730000.00	0.00	523190.00	337024.00	100000.00	128	123	36	1	21411048.38	11628183.80	0.00	12	6	250	1.24	0.00	29	30290001.82	system	2022-03-08 00:00:35.927	system	NULL	4
ICOOL Cầu Chữ Y	B161FD20-389E-EC11-8111-509A4C8C9FAC	2022-03-07	16	17310000.00	16362150.00	730000.00	0.00	217850.00	0.00	0.00	38	37	12	1	5483870.97	3242136.60	0.00	5	7	90	0.86	0.00	14	7636142.43	system	2022-03-08 00:00:46.047	system	NULL	4
ICOOL Đồng Đen	22210727-389E-EC11-8111-509A4C8C9FAC	2022-03-07	22	30619200.00	30284200.00	335000.00	0.00	0.00	0.00	0.00	85	64	24	5	14480161.29	6054821.24	0.00	11	5	140	0.96	0.00	25	9749217.47	system	2022-03-08 00:00:56.177	system	NULL	4
ICOOL Dương Bá Trạc	F86F1F2D-389E-EC11-8111-509A4C8C9FAC	2022-03-07	7	98744401.00	96715760.90	460000.00	244420.00	1324220.10	299911.00	0.00	222	137	52	4	16129032.26	21041687.67	0.00	22	5.77	300	2	0.00	26	59844951.97	system	2022-03-08 00:01:06.400	system	NULL	4
ICOOL Mạc Đỉnh Chi	9B291D39-389E-EC11-8111-509A4C8C9FAC	2022-03-07	12	49011300.00	46876680.00	1838150.00	0.00	296470.00	0.00	0.00	101	93	28	0	19629032.27	9064414.15	0.00	14	8	250	1.27	0.00	22	18183233.58	system	2022-03-08 00:01:26.520	system	NULL	4
ICOOL Nguyễn Sơn	4372253F-389E-EC11-8111-509A4C8C9FAC	2022-03-07	9	21701100.00	20869100.00	832000.00	0.00	0.00	0.00	0.00	59	30	18	0	8732903.23	4503505.24	0.00	0	6.11	110	1.2	0.00	15	7632691.53	system	2022-03-08 00:01:36.640	system	NULL	4
ICOOL Nguyễn Trãi	70F82D45-389E-EC11-8111-509A4C8C9FAC	2022-03-07	11	15429000.00	15049000.00	380000.00	0.00	0.00	0.00	0.00	39	26	11	2	5956499.94	3825338.93	0.00	2	8.18	90	0.69	0.00	16	5267161.13	system	2022-03-08 00:01:46.760	system	NULL	4
ICOOL Nguyễn Tri Phương	E0D4374B-389E-EC11-8111-509A4C8C9FAC	2022-03-07	19	51430800.00	46031530.00	3472500.00	131420.00	1795350.00	0.00	0.00	88	99	36	1	7064516.12	10917798.69	0.00	13	5	200	2.25	0.00	16	28049215.19	system	2022-03-08 00:01:56.893	system	NULL	4
ICOOL Nhị Thiên Đường	F7A54251-389E-EC11-8111-509A4C8C9FAC	2022-03-07	17	24794300.00	23208730.00	455000.00	0.00	1130570.00	0.00	0.00	58	13	15	1	8064516.14	5247365.58	0.00	3	6	100	0.94	0.00	16	9896848.28	system	2022-03-08 00:02:07.030	system	NULL	4
ICOOL Phan Chu Trinh	0F4E4B57-389E-EC11-8111-509A4C8C9FAC	2022-03-07	23	7064900.00	6729900.00	335000.00	0.00	0.00	99320.00	0.00	17	14	6	0	6568064.52	1536709.65	0.00	1	18.33	110	0.43	0.00	14	-1275554.17	system	2022-03-08 00:02:17.153	system	NULL	4
ICOOL Phan Xích Long	88AE545D-389E-EC11-8111-509A4C8C9FAC	2022-03-07	24	56994100.00	54228300.00	2765800.00	0.00	0.00	166592.00	0.00	96	113	34	3	14032258.06	10311509.09	0.00	23	7	250	1.36	0.00	25	30051124.85	system	2022-03-08 00:02:27.283	system	NULL	4
ICOOL Tô Ký	00244D6F-389E-EC11-8111-509A4C8C9FAC	2022-03-07	5	25343700.00	23654690.00	1188100.00	315680.00	185230.00	0.00	0.00	76	9	18	0	9241935.48	5292880.61	0.00	3	10.56	190	0.69	0.00	26	9119873.91	system	2022-03-08 00:02:57.430	system	NULL	4
ICOOL Trần Bình Trọng	435C5575-389E-EC11-8111-509A4C8C9FAC	2022-03-07	13	18207100.00	16765180.00	1295100.00	0.00	146820.00	0.00	0.00	45	49	16	1	9129032.26	3203261.62	0.00	3	7.5	120	0.94	0.00	17	4432886.12	system	2022-03-08 00:03:07.550	system	NULL	4
ICOOL Trần Não	736E327C-389E-EC11-8111-509A4C8C9FAC	2022-03-07	18	68808100.00	66406430.00	1975000.00	0.00	426670.00	297928.00	0.00	139	113	38	3	11483870.96	13265045.34	0.00	8	4	180	1.9	0.00	20	41955441.70	system	2022-03-08 00:03:19.067	system	NULL	4
ICOOL Ung Văn Khiêm	EE7B4482-389E-EC11-8111-509A4C8C9FAC	2022-03-07	1	84893100.00	80264800.00	1580000.00	70200.00	2978100.00	280840.00	0.00	196	141	41	2	23000000.00	17632079.24	0.00	9	9	400	1.02	0.00	40	39913560.76	system	2022-03-08 00:03:29.250	system	NULL	4
ICOOL Vũng Tàu	4ACD4A88-389E-EC11-8111-509A4C8C9FAC	2022-03-07	25	5471200.00	5361200.00	110000.00	0.00	0.00	0.00	0.00	21	15	7	0	4682258.07	1163453.98	0.00	1	11	80	0.41	0.00	17	-484512.05	system	2022-03-08 00:03:39.360	system	NULL	4
ICOOL Xô Viết Nghệ Tĩnh	F6DF638E-389E-EC11-8111-509A4C8C9FAC	2022-03-07	4	56567000.00	53427550.00	3092150.00	0.00	47300.00	267552.00	0.00	161	101	40	6	12725806.45	11165855.11	0.00	19	5	200	1.38	0.00	29	29803440.44	system	2022-03-08 00:03:49.590	system	NULL	4
ICOOL Bình Phú	02271043-019F-EC11-8111-509A4C8C9FAC	2022-03-08	6	72102700.00	70426950.00	1505000.00	170750.00	0.00	0.00	0.00	162	135	39	3	8509677.43	14724194.79	0.00	9	5	200	1.63	0.00	24	47193077.78	system	2022-03-09 00:00:32.053	system	NULL	4
ICOOL Cách Mạng Tháng 8	66A72F49-019F-EC11-8111-509A4C8C9FAC	2022-03-08	14	95617301.00	94730201.00	220000.00	164630.00	502470.00	706085.60	900000.00	182	179	50	5	21411048.38	18669529.30	0.00	16	5	250	1.72	0.00	29	56255708.92	system	2022-03-09 00:00:42.327	system	NULL	4
ICOOL Cầu Chữ Y	F0CE394F-019F-EC11-8111-509A4C8C9FAC	2022-03-08	16	24622600.00	24299050.00	165000.00	0.00	158550.00	0.00	0.00	69	59	21	3	5483870.97	4837274.26	0.00	9	4	90	1.5	0.00	14	13977904.77	system	2022-03-09 00:00:52.460	system	NULL	4
ICOOL Đồng Đen	6DFF4855-019F-EC11-8111-509A4C8C9FAC	2022-03-08	22	63881500.00	61752910.00	733940.00	0.00	1394650.00	0.00	0.00	161	168	46	8	14480161.29	11983761.73	0.00	18	4	210	1.84	0.00	25	35288986.98	system	2022-03-09 00:01:02.623	system	NULL	4
ICOOL Dương Bá Trạc	1CD35A5B-019F-EC11-8111-509A4C8C9FAC	2022-03-08	7	130421100.00	127815825.00	1456000.00	0.00	1149275.00	246416.00	0.00	235	231	69	3	16129032.26	26149494.99	0.00	30	4.35	300	2.65	0.00	26	85783713.75	system	2022-03-09 00:01:12.807	system	NULL	4
ICOOL Mạc Đỉnh Chi	51C56667-019F-EC11-8111-509A4C8C9FAC	2022-03-08	12	82160900.00	81042210.00	469000.00	0.00	649690.00	1031728.00	0.00	160	128	40	1	19629032.27	15384014.72	0.00	6	6	260	1.82	0.00	22	47060891.01	system	2022-03-09 00:01:33.020	system	NULL	4
ICOOL Nguyễn Sơn	A80E766D-019F-EC11-8111-509A4C8C9FAC	2022-03-08	9	40509100.00	39124100.00	1385000.00	0.00	0.00	0.00	0.00	102	66	31	0	8732903.23	9108510.56	199782.00	6	3.87	120	2.07	0.00	15	21482468.21	system	2022-03-09 00:01:43.187	system	NULL	4
ICOOL Nguyễn Trãi	E6047F73-019F-EC11-8111-509A4C8C9FAC	2022-03-08	11	21589500.00	21558920.00	0.00	30580.00	0.00	0.00	0.00	49	39	20	0	5956499.94	3762936.22	0.00	2	4.5	90	1.25	0.00	16	11839483.84	system	2022-03-09 00:01:53.310	system	NULL	4
ICOOL Nguyễn Tri Phương	9E68A479-019F-EC11-8111-509A4C8C9FAC	2022-03-08	19	30314900.00	28600040.00	894000.00	0.00	820860.00	0.00	0.00	79	83	28	3	7064516.12	5470210.18	0.00	9	7	200	1.75	0.00	16	16065313.70	system	2022-03-09 00:02:03.623	system	NULL	4
ICOOL Nhị Thiên Đường	8A5BBA7F-019F-EC11-8111-509A4C8C9FAC	2022-03-08	17	61280100.00	60652020.00	463600.00	0.00	164480.00	0.00	400000.00	130	25	36	4	8064516.14	13896941.50	0.00	4	4	160	2.25	0.00	16	39090562.36	system	2022-03-09 00:02:13.833	system	NULL	4
ICOOL Phan Chu Trinh	7D38C485-019F-EC11-8111-509A4C8C9FAC	2022-03-08	23	26049000.00	24999000.00	1050000.00	0.00	0.00	173880.00	0.00	38	34	22	1	6568064.52	5288542.91	0.00	6	5	110	1.57	0.00	14	13316272.57	system	2022-03-09 00:02:23.963	system	NULL	4
ICOOL Phan Xích Long	D792DD8B-019F-EC11-8111-509A4C8C9FAC	2022-03-08	24	78467200.00	76632860.00	1155000.00	0.00	679340.00	515440.00	0.00	147	145	43	7	14032258.06	14638243.33	0.00	22	5	250	1.72	0.00	25	48477798.61	system	2022-03-09 00:02:34.197	system	NULL	4
ICOOL Thành Thái	81B9E097-019F-EC11-8111-509A4C8C9FAC	2022-03-08	10	42661500.00	42661500.00	0.00	0.00	0.00	184912.00	0.00	114	74	37	2	16774193.55	7168199.15	0.00	8	4	180	1.32	0.00	28	18904019.30	system	2022-03-09 00:02:54.350	system	NULL	4
ICOOL Tô Ký	877BF49D-019F-EC11-8111-509A4C8C9FAC	2022-03-08	5	39743400.00	38526735.00	775000.00	139085.00	302580.00	177384.00	160000.00	93	139	26	2	9241935.48	7646229.85	0.00	3	7.31	190	1	0.00	26	21975953.67	system	2022-03-09 00:03:04.547	system	NULL	4
ICOOL Trần Bình Trọng	8CE9FFA3-019F-EC11-8111-509A4C8C9FAC	2022-03-08	13	25513900.00	24777620.00	736280.00	0.00	0.00	444328.00	0.00	61	58	20	0	9129032.26	4688034.60	0.00	4	7	140	1.18	0.00	17	11404881.14	system	2022-03-09 00:03:14.687	system	NULL	4
ICOOL Trần Não	76AE16AA-019F-EC11-8111-509A4C8C9FAC	2022-03-08	18	100289600.00	99430360.00	505000.00	81150.00	273090.00	802560.00	0.00	282	194	49	3	11483870.96	21934929.94	0.00	17	3	180	2.13	0.00	23	66814119.10	system	2022-03-09 00:03:24.903	system	NULL	4
ICOOL Ung Văn Khiêm	8B8732B0-019F-EC11-8111-509A4C8C9FAC	2022-03-08	1	133317900.00	130181425.00	420000.00	553625.00	2162850.00	297864.00	0.00	313	233	67	4	23000000.00	26188085.76	0.00	22	5	400	1.68	0.00	40	81291203.24	system	2022-03-09 00:03:35.150	system	NULL	4
ICOOL Vũng Tàu	5DF43FB6-019F-EC11-8111-509A4C8C9FAC	2022-03-08	25	16101500.00	15001500.00	0.00	0.00	1100000.00	0.00	0.00	22	24	11	4	4682258.07	3008955.97	0.00	2	6	70	0.65	0.00	17	7310285.96	system	2022-03-09 00:03:45.307	system	NULL	4
ICOOL Xô Viết Nghệ Tĩnh	8A5C52BC-019F-EC11-8111-509A4C8C9FAC	2022-03-08	4	65333900.00	63981380.00	575000.00	682680.00	94840.00	529640.00	0.00	135	103	43	5	12725806.45	13067091.10	0.00	17	4	200	1.48	0.00	29	38718122.45	system	2022-03-09 00:03:55.490	system	NULL	4
ICOOL Bình Phú	1262BA6D-CA9F-EC11-8111-509A4C8C9FAC	2022-03-09	6	30480000.00	29769600.00	288000.00	172140.00	250260.00	0.00	0.00	78	74	20	1	8509677.43	6588070.93	0.00	6	9	190	0.83	0.00	24	14671851.64	system	2022-03-10 00:00:32.477	system	NULL	4
ICOOL Cách Mạng Tháng 8	793DD173-CA9F-EC11-8111-509A4C8C9FAC	2022-03-09	14	46939700.00	46311320.00	0.00	132840.00	495540.00	0.00	0.00	139	85	32	8	21411048.38	8124782.12	0.00	13	7	250	1.1	0.00	29	16775489.50	system	2022-03-10 00:00:42.693	system	NULL	4
ICOOL Cầu Chữ Y	B7D3EC79-CA9F-EC11-8111-509A4C8C9FAC	2022-03-09	16	15088700.00	14888900.00	199800.00	0.00	0.00	0.00	0.00	40	34	14	3	5483870.97	3143401.94	0.00	12	5	80	1	0.00	14	6261627.09	system	2022-03-10 00:00:52.940	system	NULL	4
ICOOL Đồng Đen	D112F27F-CA9F-EC11-8111-509A4C8C9FAC	2022-03-09	22	24685100.00	24335100.00	350000.00	0.00	0.00	0.00	0.00	68	47	18	5	14480161.29	5453625.93	0.00	21	7	130	0.72	0.00	25	4401312.78	system	2022-03-10 00:01:03.040	system	NULL	4
ICOOL Dương Bá Trạc	3884FB85-CA9F-EC11-8111-509A4C8C9FAC	2022-03-09	7	61886800.00	60156495.00	0.00	32515.00	1697790.00	91424.00	0.00	126	115	45	4	16129032.26	12636586.44	798726.00	22	6.67	300	1.73	0.00	26	32281026.30	system	2022-03-10 00:01:13.170	system	NULL	4
ICOOL Mạc Đỉnh Chi	F3EDFB91-CA9F-EC11-8111-509A4C8C9FAC	2022-03-09	12	49573500.00	49057150.00	83700.00	0.00	432650.00	579440.00	0.00	129	87	28	3	19629032.27	10309269.15	0.00	5	7	220	1.27	0.00	22	19698288.58	system	2022-03-10 00:01:33.303	system	NULL	4
ICOOL Nguyễn Sơn	B62D0198-CA9F-EC11-8111-509A4C8C9FAC	2022-03-09	9	21643100.00	21378100.00	265000.00	0.00	0.00	0.00	0.00	69	42	23	1	8732903.23	4873034.56	0.00	4	5.22	120	1.53	0.00	15	7772162.21	system	2022-03-10 00:01:43.403	system	NULL	4
ICOOL Nguyễn Trãi	A18D069E-CA9F-EC11-8111-509A4C8C9FAC	2022-03-09	11	12223400.00	12149800.00	0.00	0.00	73600.00	199920.00	200000.00	35	29	12	0	5956499.94	2676348.95	0.00	5	6.67	80	0.75	0.00	16	3916871.12	system	2022-03-10 00:01:53.507	system	NULL	4
ICOOL Nguyễn Tri Phương	C5DA0DA4-CA9F-EC11-8111-509A4C8C9FAC	2022-03-09	19	12447900.00	12112900.00	335000.00	0.00	0.00	0.00	0.00	38	29	14	1	7064516.12	2475035.61	0.00	8	9	130	0.88	0.00	16	2573348.27	system	2022-03-10 00:02:03.620	system	NULL	4
ICOOL Nhị Thiên Đường	578418AA-CA9F-EC11-8111-509A4C8C9FAC	2022-03-09	17	27584600.00	26493560.00	909940.00	0.00	181100.00	300960.00	0.00	93	16	21	1	8064516.14	6678248.57	0.00	5	5	120	1.31	0.00	16	12051755.29	system	2022-03-10 00:02:13.757	system	NULL	4
ICOOL Phan Chu Trinh	3AC71FB0-CA9F-EC11-8111-509A4C8C9FAC	2022-03-09	23	10652800.00	10018000.00	634800.00	0.00	0.00	0.00	0.00	19	17	7	0	6568064.52	2527306.62	0.00	2	15.71	110	0.5	0.00	14	922628.86	system	2022-03-10 00:02:23.870	system	NULL	4
ICOOL Phan Xích Long	8D2E2EB6-CA9F-EC11-8111-509A4C8C9FAC	2022-03-09	24	55875700.00	54004800.00	525000.00	0.00	1345900.00	178352.00	0.00	128	98	36	2	14032258.06	11865817.12	0.00	19	6	250	1.44	0.00	25	28285076.82	system	2022-03-10 00:02:34.030	system	NULL	4
ICOOL Thành Thái	57CC2FC2-CA9F-EC11-8111-509A4C8C9FAC	2022-03-09	10	58695200.00	57446030.00	820000.00	68600.00	360570.00	177000.00	250000.00	126	110	41	4	16774193.55	12556481.10	0.00	18	0	1	1.46	0.00	28	28542355.35	system	2022-03-10 00:02:54.177	system	NULL	4
ICOOL Tô Ký	870035C8-CA9F-EC11-8111-509A4C8C9FAC	2022-03-09	5	9841000.00	9732000.00	109000.00	0.00	0.00	0.00	0.00	38	13	11	0	9241935.48	2117394.30	0.00	0	17.27	190	0.42	0.00	26	-1627329.78	system	2022-03-10 00:03:04.277	system	NULL	4
ICOOL Trần Bình Trọng	420A3CCE-CA9F-EC11-8111-509A4C8C9FAC	2022-03-09	13	26218100.00	24097920.00	1194530.00	0.00	925650.00	0.00	0.00	63	40	16	1	9129032.26	5656366.24	0.00	7	8.13	130	0.94	0.00	17	9312521.50	system	2022-03-10 00:03:14.390	system	NULL	4
ICOOL Trần Não	C0B349D4-CA9F-EC11-8111-509A4C8C9FAC	2022-03-09	18	77024000.00	76649000.00	375000.00	0.00	0.00	81256.00	0.00	137	116	39	1	11483870.96	16700579.36	23500.00	9	4	190	1.7	0.00	23	48569305.68	system	2022-03-10 00:03:24.543	system	NULL	4
ICOOL Ung Văn Khiêm	154D5CDA-CA9F-EC11-8111-509A4C8C9FAC	2022-03-09	1	81256300.00	81071300.00	0.00	0.00	185000.00	729080.00	0.00	207	178	44	3	23000000.00	18509812.61	0.00	18	9	400	1.1	0.00	40	40290567.39	system	2022-03-10 00:03:34.730	system	NULL	4
ICOOL Vũng Tàu	56C860E0-CA9F-EC11-8111-509A4C8C9FAC	2022-03-09	25	7416900.00	7416900.00	0.00	0.00	0.00	0.00	0.00	20	10	6	0	4682258.07	1738342.65	0.00	3	13	80	0.35	0.00	17	996299.28	system	2022-03-10 00:03:44.827	system	NULL	4
ICOOL Xô Viết Nghệ Tĩnh	F9E267E6-CA9F-EC11-8111-509A4C8C9FAC	2022-03-09	4	29941600.00	28872690.00	503150.00	0.00	565760.00	122796.00	0.00	87	59	29	3	12725806.45	6078867.51	0.00	15	6	200	1	0.00	29	10190812.04	system	2022-03-10 00:03:54.940	system	NULL	4
ICOOL Bình Phú	4C507698-93A0-EC11-8111-509A4C8C9FAC	2022-03-10	6	39991000.00	39561500.00	200000.00	0.00	229500.00	0.00	0.00	97	90	27	0	8509677.43	9202758.89	0.00	8	7	190	1.13	0.00	24	21849063.68	system	2022-03-11 00:00:33.017	system	NULL	4
ICOOL Cách Mạng Tháng 8	32C0969E-93A0-EC11-8111-509A4C8C9FAC	2022-03-10	14	57091900.00	56211060.00	220000.00	0.00	660840.00	237688.00	0.00	153	114	35	2	21411048.38	10933322.43	0.00	11	7	250	1.21	0.00	29	24104377.19	system	2022-03-11 00:00:43.293	system	NULL	4
ICOOL Cầu Chữ Y	E1C2A4A4-93A0-EC11-8111-509A4C8C9FAC	2022-03-10	16	5571200.00	5475200.00	96000.00	0.00	0.00	0.00	0.00	22	20	9	0	5483870.97	1012741.63	0.00	2	7	70	0.64	0.00	14	-1021412.60	system	2022-03-11 00:00:53.453	system	NULL	4
ICOOL Đồng Đen	0850B2AA-93A0-EC11-8111-509A4C8C9FAC	2022-03-10	22	23641700.00	23641700.00	0.00	0.00	0.00	0.00	0.00	74	51	18	0	14480161.29	5188708.60	0.00	10	8	150	0.72	0.00	25	3972830.11	system	2022-03-11 00:01:03.607	system	NULL	4
ICOOL Dương Bá Trạc	2099C2B0-93A0-EC11-8111-509A4C8C9FAC	2022-03-10	7	85202400.00	83907540.00	800000.00	0.00	494860.00	0.00	0.00	173	615	50	5	16129032.26	17629450.40	0.00	22	6	300	1.92	0.00	26	50149057.34	system	2022-03-11 00:01:13.780	system	NULL	4
ICOOL Mạc Đỉnh Chi	FD9ECBBC-93A0-EC11-8111-509A4C8C9FAC	2022-03-10	12	61560300.00	60219020.00	643030.00	0.00	698250.00	376560.00	0.00	126	91	40	3	19629032.27	10782422.49	0.00	8	5	220	1.82	0.00	22	30184125.24	system	2022-03-11 00:01:33.973	system	NULL	4
ICOOL Nguyễn Sơn	6F73D3C2-93A0-EC11-8111-509A4C8C9FAC	2022-03-10	9	24460200.00	24371400.00	0.00	0.00	88800.00	0.00	0.00	75	36	20	1	8732903.23	6090681.58	0.00	9	6	120	1.33	0.00	15	9547815.19	system	2022-03-11 00:01:44.090	system	NULL	4
ICOOL Nguyễn Trãi	28BCDBC8-93A0-EC11-8111-509A4C8C9FAC	2022-03-10	11	7298200.00	7298200.00	0.00	0.00	0.00	0.00	0.00	15	19	7	0	5956499.94	1364181.97	0.00	2	12.86	90	0.44	0.00	16	-22481.90	system	2022-03-11 00:01:54.210	system	NULL	4
ICOOL Nguyễn Tri Phương	7732E9CE-93A0-EC11-8111-509A4C8C9FAC	2022-03-10	19	16073300.00	14910700.00	1162600.00	0.00	0.00	0.00	0.00	39	35	18	2	7064516.12	2648136.91	0.00	8	6	110	1.13	0.00	16	5198046.97	system	2022-03-11 00:02:04.363	system	NULL	4
ICOOL Nhị Thiên Đường	00BAF1D4-93A0-EC11-8111-509A4C8C9FAC	2022-03-10	17	28124600.00	27965860.00	0.00	0.00	158740.00	0.00	0.00	87	6	17	0	8064516.14	6713232.89	0.00	4	7	120	1.06	0.00	16	13188110.97	system	2022-03-11 00:02:14.487	system	NULL	4
ICOOL Phan Chu Trinh	58F8F8DA-93A0-EC11-8111-509A4C8C9FAC	2022-03-10	23	10862200.00	10512200.00	350000.00	0.00	0.00	0.00	0.00	31	21	8	1	6568064.52	2363910.97	0.00	2	13.75	110	0.57	0.00	14	1580224.51	system	2022-03-11 00:02:24.600	system	NULL	4
ICOOL Phan Xích Long	206C0AE1-93A0-EC11-8111-509A4C8C9FAC	2022-03-10	24	76814101.00	75766406.00	241800.00	107255.00	698640.00	113440.00	0.00	176	127	47	4	14032258.06	15698405.67	0.00	21	5	250	1.88	0.00	25	46149182.27	system	2022-03-11 00:02:34.780	system	NULL	4
ICOOL Thành Thái	7C8C11ED-93A0-EC11-8111-509A4C8C9FAC	2022-03-10	10	44005101.00	43713250.90	0.00	0.00	291850.10	231496.00	0.00	111	93	31	1	16774193.55	10430053.73	0.00	17	7	220	1.11	0.00	28	16740499.62	system	2022-03-11 00:02:54.960	system	NULL	4
ICOOL Tô Ký	EC9B1DF3-93A0-EC11-8111-509A4C8C9FAC	2022-03-10	5	15566300.00	15335190.00	59500.00	0.00	171610.00	0.00	0.00	46	82	13	1	9241935.48	8307511.96	4758000.00	0	14.62	190	0.5	0.00	26	2543742.56	system	2022-03-11 00:03:05.107	system	NULL	4
ICOOL Trần Bình Trọng	D34F2AF9-93A0-EC11-8111-509A4C8C9FAC	2022-03-10	13	22714700.00	21238530.00	1091000.00	0.00	385170.00	91024.00	0.00	62	51	18	1	9129032.26	10178621.38	5103174.80	2	7.22	130	1.06	0.00	17	7125075.16	system	2022-03-11 00:03:15.257	system	NULL	4
ICOOL Trần Não	08AB3FFF-93A0-EC11-8111-509A4C8C9FAC	2022-03-10	18	86821100.00	86536100.00	285000.00	0.00	0.00	713112.00	0.00	178	151	52	4	11483870.96	18496734.72	70500.00	17	3	200	2.26	0.00	23	57339106.32	system	2022-03-11 00:03:25.463	system	NULL	4
ICOOL Ung Văn Khiêm	42F54805-94A0-EC11-8111-509A4C8C9FAC	2022-03-10	1	75281200.00	74977570.00	0.00	0.00	303630.00	136240.00	0.00	187	172	45	1	23000000.00	16285311.36	0.00	14	8	400	1.13	0.00	40	35828498.64	system	2022-03-11 00:03:35.590	system	NULL	4
ICOOL Vũng Tàu	B0FD520B-94A0-EC11-8111-509A4C8C9FAC	2022-03-10	25	9531100.00	9326100.00	205000.00	0.00	0.00	0.00	0.00	22	23	11	2	4682258.07	1861927.98	0.00	2	7	80	0.65	0.00	17	2781913.95	system	2022-03-11 00:03:45.720	system	NULL	4
ICOOL Xô Viết Nghệ Tĩnh	36B95911-94A0-EC11-8111-509A4C8C9FAC	2022-03-10	4	41883300.00	40994450.00	643400.00	0.00	245450.00	0.00	320000.00	119	67	30	4	12725806.45	8304980.85	0.00	12	6	200	1.03	0.00	29	20283662.70	system	2022-03-11 00:03:55.833	system	NULL	4
ICOOL Bình Phú	1AC42DC3-5CA1-EC11-8111-509A4C8C9FAC	2022-03-11	6	45763600.00	44271000.00	1190000.00	111710.00	190890.00	0.00	0.00	115	104	28	2	8509677.43	9374615.22	0.00	10	8	230	1.17	0.00	24	26386707.35	system	2022-03-12 00:00:33.523	system	NULL	4
ICOOL Cách Mạng Tháng 8	B81E52C9-5CA1-EC11-8111-509A4C8C9FAC	2022-03-11	14	102667600.00	99943540.00	2000000.00	0.00	724060.00	844496.00	0.00	262	114	51	2	21411048.38	20569190.90	0.00	15	5	300	1.76	0.00	29	58807796.72	system	2022-03-12 00:00:43.830	system	NULL	4
ICOOL Cầu Chữ Y	676C56CF-5CA1-EC11-8111-509A4C8C9FAC	2022-03-11	16	30628901.00	28609450.90	1500000.00	0.00	519450.10	0.00	0.00	68	71	23	3	5483870.97	6033249.24	0.00	6	3	90	1.64	0.00	14	17092330.69	system	2022-03-12 00:00:53.923	system	NULL	4
ICOOL Đồng Đen	44F967D5-5CA1-EC11-8111-509A4C8C9FAC	2022-03-11	22	50418300.00	49598300.00	820000.00	0.00	0.00	0.00	0.00	132	107	32	11	14480161.29	9548563.17	0.00	14	6	200	1.28	0.00	25	25569575.54	system	2022-03-12 00:01:04.107	system	NULL	4
ICOOL Dương Bá Trạc	5E3977DB-5CA1-EC11-8111-509A4C8C9FAC	2022-03-11	7	105765200.00	103394420.00	1860000.00	510780.00	0.00	227440.00	0.00	202	178	65	4	16129032.26	32480039.01	0.00	26	4.62	300	2.5	0.00	26	55012788.73	system	2022-03-12 00:01:14.273	system	NULL	4
ICOOL Mạc Đỉnh Chi	EE9E7EE7-5CA1-EC11-8111-509A4C8C9FAC	2022-03-11	12	96683000.00	94760870.00	1922130.00	0.00	0.00	836040.00	0.00	193	175	45	3	19629032.27	33658153.07	116000.00	14	5	260	2.05	0.00	22	42425724.66	system	2022-03-12 00:01:34.450	system	NULL	4
ICOOL Nguyễn Sơn	110D8AED-5CA1-EC11-8111-509A4C8C9FAC	2022-03-11	9	36403000.00	35187000.00	1040000.00	0.00	176000.00	0.00	0.00	84	39	20	2	8732903.23	11877620.35	2857198.80	8	7.5	150	1.33	0.00	15	17433675.22	system	2022-03-12 00:01:44.593	system	NULL	4
ICOOL Nguyễn Trãi	022593F3-5CA1-EC11-8111-509A4C8C9FAC	2022-03-11	11	11933700.00	11708600.00	60000.00	0.00	165100.00	0.00	0.00	33	27	13	1	5956499.94	2318418.61	0.00	0	8.46	110	0.81	0.00	16	3433681.45	system	2022-03-12 00:01:54.717	system	NULL	4
ICOOL Nguyễn Tri Phương	599498F9-5CA1-EC11-8111-509A4C8C9FAC	2022-03-11	19	24660100.00	23644340.00	780000.00	0.00	235760.00	0.00	0.00	54	42	17	0	7064516.12	4707634.25	0.00	7	6	110	1.06	0.00	16	11872189.63	system	2022-03-12 00:02:04.820	system	NULL	4
ICOOL Nhị Thiên Đường	C127A1FF-5CA1-EC11-8111-509A4C8C9FAC	2022-03-11	17	21680100.00	20970100.00	710000.00	0.00	0.00	0.00	0.00	34	34	18	0	8064516.14	4218580.96	0.00	4	8	160	1.13	0.00	16	8687002.90	system	2022-03-12 00:02:14.943	system	NULL	4
ICOOL Phan Chu Trinh	EE52A805-5DA1-EC11-8111-509A4C8C9FAC	2022-03-11	23	22638700.00	22026200.00	420000.00	0.00	192500.00	0.00	0.00	38	44	18	0	6568064.52	4179999.28	0.00	6	6.11	110	1.29	0.00	14	11278136.20	system	2022-03-12 00:02:25.057	system	NULL	4
ICOOL Phan Xích Long	9DC1B30B-5DA1-EC11-8111-509A4C8C9FAC	2022-03-11	24	70077300.00	68683370.00	1175000.00	0.00	218930.00	0.00	0.00	114	121	45	4	14032258.06	28271309.43	0.00	21	5	250	1.8	0.00	25	26379802.51	system	2022-03-12 00:02:35.197	system	NULL	4
ICOOL Thành Thái	6E77BE17-5DA1-EC11-8111-509A4C8C9FAC	2022-03-11	10	76085400.00	72792950.00	1573330.00	0.00	1719120.00	347139.00	0.00	185	113	47	10	16774193.55	34218698.68	0.00	21	4	220	1.68	0.00	28	22147196.77	system	2022-03-12 00:02:55.400	system	NULL	4
ICOOL Tô Ký	0DD5C51D-5DA1-EC11-8111-509A4C8C9FAC	2022-03-11	5	18231000.00	17280810.00	60000.00	58700.00	831490.00	0.00	0.00	41	26	12	0	9241935.48	4361186.93	0.00	1	15.83	190	0.46	0.00	26	3677687.59	system	2022-03-12 00:03:05.517	system	NULL	4
ICOOL Trần Bình Trọng	7977CF23-5DA1-EC11-8111-509A4C8C9FAC	2022-03-11	13	21036400.00	20258340.00	640440.00	0.00	137620.00	0.00	0.00	40	53	18	1	9129032.26	3057699.59	0.00	3	7.22	130	1.06	0.00	17	8071608.15	system	2022-03-12 00:03:15.647	system	NULL	4
ICOOL Trần Não	84ABD729-5DA1-EC11-8111-509A4C8C9FAC	2022-03-11	18	88821500.00	86275050.00	2546450.00	0.00	0.00	197680.00	0.00	156	124	41	3	11483870.96	35065359.68	0.00	20	5	240	1.78	0.00	23	39923499.36	system	2022-03-12 00:03:25.767	system	NULL	4
ICOOL Ung Văn Khiêm	EDCDED2F-5DA1-EC11-8111-509A4C8C9FAC	2022-03-11	1	124107600.00	121338980.00	1440000.00	0.00	1328620.00	0.00	0.00	286	257	65	5	23000000.00	49802670.80	0.00	20	6	400	1.63	0.00	40	48536309.20	system	2022-03-12 00:03:35.977	system	NULL	4
ICOOL Vũng Tàu	DCBEF635-5DA1-EC11-8111-509A4C8C9FAC	2022-03-11	25	19706100.00	19186100.00	350000.00	0.00	170000.00	0.00	0.00	43	31	16	1	4682258.07	3815091.94	0.00	4	5	90	0.94	0.00	17	10688749.99	system	2022-03-12 00:03:46.103	system	NULL	4
ICOOL Xô Viết Nghệ Tĩnh	F5DB043C-5DA1-EC11-8111-509A4C8C9FAC	2022-03-11	4	73951800.00	71789460.00	1970000.00	0.00	192340.00	0.00	0.00	170	90	39	3	12725806.45	42778301.40	0.00	16	5	200	1.34	0.00	29	16285352.15	system	2022-03-12 00:03:56.260	system	NULL	4
ICOOL Bình Phú	1113FCED-25A2-EC11-8111-509A4C8C9FAC	2022-03-12	6	81651500.00	79600825.00	1801500.00	75055.00	174120.00	125366.40	0.00	188	178	47	5	8509677.43	15530787.76	0.00	18	4	230	1.96	0.00	24	55685726.21	system	2022-03-13 00:00:34.183	system	NULL	4
ICOOL Cách Mạng Tháng 8	C52B20F4-25A2-EC11-8111-509A4C8C9FAC	2022-03-12	14	134267502.00	130458246.90	2915680.00	373195.00	520380.10	301128.00	0.00	348	205	66	6	21411048.38	25375970.07	0.00	19	4	300	2.28	0.00	29	83972356.45	system	2022-03-13 00:00:44.487	system	NULL	4
ICOOL Cầu Chữ Y	1A872DFA-25A2-EC11-8111-509A4C8C9FAC	2022-03-12	16	24989600.00	23659940.00	860000.00	0.00	469660.00	0.00	0.00	67	61	19	1	5483870.97	5238528.26	0.00	2	4	90	1.36	0.00	14	12937540.77	system	2022-03-13 00:00:54.640	system	NULL	4
ICOOL Đồng Đen	7A9C4800-26A2-EC11-8111-509A4C8C9FAC	2022-03-12	22	109476700.00	104676520.00	2825000.00	0.00	1975180.00	391464.00	0.00	244	187	56	12	14480161.29	21899582.98	0.00	23	3	210	2.24	0.00	25	68688239.73	system	2022-03-13 00:01:04.883	system	NULL	4
ICOOL Dương Bá Trạc	D1726306-26A2-EC11-8111-509A4C8C9FAC	2022-03-12	7	126948000.00	124678345.00	1830000.00	77170.00	362485.00	0.00	0.00	240	247	76	6	16129032.26	24822970.25	0.00	34	3.95	300	2.92	0.00	26	83726342.49	system	2022-03-13 00:01:15.127	system	NULL	4
ICOOL Mạc Đỉnh Chi	B0B26912-26A2-EC11-8111-509A4C8C9FAC	2022-03-12	12	99347600.00	95855245.00	2630020.00	95275.00	767060.00	681768.00	0.00	184	178	49	0	19629032.27	20172937.37	699630.00	20	5	260	2.23	0.00	22	57434673.36	system	2022-03-13 00:01:35.300	system	NULL	4
ICOOL Nguyễn Sơn	22B07718-26A2-EC11-8111-509A4C8C9FAC	2022-03-12	9	41192900.00	39183500.00	1815000.00	0.00	194400.00	0.00	0.00	116	51	30	5	8732903.23	9728544.85	0.00	15	5	150	2	0.00	15	20722051.92	system	2022-03-13 00:01:45.457	system	NULL	4
ICOOL Nguyễn Trãi	2618821E-26A2-EC11-8111-509A4C8C9FAC	2022-03-12	11	37286400.00	35863040.00	615000.00	134670.00	673690.00	0.00	0.00	84	63	23	1	5956499.94	8360773.51	0.00	4	4.78	110	1.44	0.00	16	21545766.55	system	2022-03-13 00:01:55.593	system	NULL	4
ICOOL Nguyễn Tri Phương	9DA99224-26A2-EC11-8111-509A4C8C9FAC	2022-03-12	19	31112700.00	30021520.00	685000.00	0.00	406180.00	131704.00	0.00	87	49	25	3	7064516.12	5829761.88	0.00	7	4	100	1.56	0.00	16	17258946.00	system	2022-03-13 00:02:05.767	system	NULL	4
ICOOL Nhị Thiên Đường	7C3C9E2A-26A2-EC11-8111-509A4C8C9FAC	2022-03-12	17	42748300.00	41362600.00	946400.00	0.00	439300.00	0.00	0.00	89	51	26	0	8064516.14	9312551.22	0.00	8	6	160	1.63	0.00	16	23985532.64	system	2022-03-13 00:02:15.910	system	NULL	4
ICOOL Phan Chu Trinh	5AD7A730-26A2-EC11-8111-509A4C8C9FAC	2022-03-12	23	40575900.00	39066530.00	1509370.00	0.00	0.00	0.00	0.00	87	69	26	6	6568064.52	8685716.87	0.00	6	4.23	110	1.86	0.00	14	23812748.61	system	2022-03-13 00:02:26.040	system	NULL	4
ICOOL Phan Xích Long	98D0B236-26A2-EC11-8111-509A4C8C9FAC	2022-03-12	24	123332100.00	119624215.00	1825000.00	0.00	1882885.00	139632.00	0.00	203	211	62	4	14032258.06	23676112.08	0.00	22	4	300	2.48	0.00	25	82055476.86	system	2022-03-13 00:02:36.177	system	NULL	4
ICOOL Thành Thái	8D3EB942-26A2-EC11-8111-509A4C8C9FAC	2022-03-12	10	102111900.00	99540730.00	945000.00	523260.00	1102910.00	0.00	0.00	281	161	71	2	16774193.55	20037805.29	0.00	28	3	220	2.54	0.00	28	62728731.16	system	2022-03-13 00:02:56.353	system	NULL	4
ICOOL Tô Ký	FD8DCB48-26A2-EC11-8111-509A4C8C9FAC	2022-03-12	5	65382144.00	63596479.00	971990.00	244675.00	569000.00	0.00	0.00	158	138	41	1	9241935.48	14343780.08	0.00	1	4.63	190	1.58	0.00	26	40010763.44	system	2022-03-13 00:03:06.540	system	NULL	4
ICOOL Trần Bình Trọng	4838D64E-26A2-EC11-8111-509A4C8C9FAC	2022-03-12	13	25437600.00	24247590.00	470000.00	0.00	720010.00	274400.00	0.00	71	43	19	1	9129032.26	4173239.89	0.00	5	6.84	130	1.12	0.00	17	11219717.85	system	2022-03-13 00:03:16.673	system	NULL	4
ICOOL Trần Não	FCE6E654-26A2-EC11-8111-509A4C8C9FAC	2022-03-12	18	102386600.00	100248670.00	1972280.00	0.00	165650.00	177120.00	0.00	216	194	57	9	11483870.96	21397456.28	47000.00	27	4	240	2.48	0.00	23	67591462.76	system	2022-03-13 00:03:26.850	system	NULL	4
ICOOL Ung Văn Khiêm	A5ECFD5A-26A2-EC11-8111-509A4C8C9FAC	2022-03-12	1	210617100.00	204523830.00	3825000.00	194320.00	2073950.00	1348712.00	0.00	455	334	102	7	23000000.00	41107699.77	0.00	43	3	400	2.55	0.00	40	141764842.23	system	2022-03-13 00:03:37.067	system	NULL	4
ICOOL Vũng Tàu	EC9C0961-26A2-EC11-8111-509A4C8C9FAC	2022-03-12	25	42808200.00	42628200.00	120000.00	0.00	60000.00	0.00	0.00	97	93	43	2	4682258.07	7938309.48	0.00	7	2	90	2.53	0.00	17	30007632.45	system	2022-03-13 00:03:47.210	system	NULL	4
ICOOL Xô Viết Nghệ Tĩnh	8B0E1B67-26A2-EC11-8111-509A4C8C9FAC	2022-03-12	4	114085200.00	111151600.00	2790000.00	0.00	143600.00	0.00	0.00	312	168	72	9	12725806.45	25003718.91	0.00	33	2	200	2.48	0.00	29	73422074.64	system	2022-03-13 00:03:57.390	system	NULL	4
ICOOL Bình Phú	12D4A118-EFA2-EC11-8111-509A4C8C9FAC	2022-03-13	6	65840800.00	62632590.00	2745000.00	0.00	463210.00	0.00	0.00	158	113	38	2	8509677.43	14345205.12	0.00	21	6	230	1.58	0.00	24	39777707.45	system	2022-03-14 00:00:34.577	system	NULL	4
ICOOL Cách Mạng Tháng 8	A863C11E-EFA2-EC11-8111-509A4C8C9FAC	2022-03-13	14	76915200.00	74703990.00	1480000.00	0.00	731210.00	253360.00	0.00	252	127	45	4	21411048.38	12817399.08	0.00	14	5	250	1.55	0.00	29	40728902.54	system	2022-03-14 00:00:44.850	system	NULL	4
ICOOL Cầu Chữ Y	E9ECC624-EFA2-EC11-8111-509A4C8C9FAC	2022-03-13	16	13210900.00	12849020.00	235000.00	0.00	126880.00	0.00	0.00	37	14	9	0	5483870.97	3024245.31	0.00	4	10	90	0.64	0.00	14	4340903.72	system	2022-03-14 00:00:54.950	system	NULL	4
ICOOL Đồng Đen	B711D22A-EFA2-EC11-8111-509A4C8C9FAC	2022-03-13	22	67663000.00	65315560.00	1105000.00	0.00	1242440.00	0.00	0.00	159	144	38	5	14480161.29	14860169.07	0.00	28	5	210	1.52	0.00	25	35975229.64	system	2022-03-14 00:01:05.093	system	NULL	4
ICOOL Dương Bá Trạc	E3AFE430-EFA2-EC11-8111-509A4C8C9FAC	2022-03-13	7	110868200.00	108249500.00	2348000.00	0.00	270700.00	161656.00	0.00	195	175	58	9	16129032.26	20399376.60	73224.00	32	5.17	300	2.23	0.00	26	71955971.14	system	2022-03-14 00:01:15.280	system	NULL	4
ICOOL Mạc Đỉnh Chi	76DDE33C-EFA2-EC11-8111-509A4C8C9FAC	2022-03-13	12	80782900.00	76866260.00	1805430.00	165250.00	1945960.00	0.00	0.00	136	137	43	2	19629032.27	13531827.41	0.00	17	5	220	1.95	0.00	22	43705400.32	system	2022-03-14 00:01:35.407	system	NULL	4
ICOOL Nguyễn Sơn	AA51EB42-EFA2-EC11-8111-509A4C8C9FAC	2022-03-13	9	41623000.00	40803000.00	820000.00	0.00	0.00	0.00	0.00	107	62	28	0	8732903.23	10867725.50	343655.34	13	5.36	150	1.87	0.00	15	21546026.61	system	2022-03-14 00:01:45.523	system	NULL	4
ICOOL Nguyễn Trãi	08ABF748-EFA2-EC11-8111-509A4C8C9FAC	2022-03-13	11	35015000.00	34095000.00	860000.00	0.00	60000.00	0.00	0.00	91	72	26	2	5956499.94	7615225.22	0.00	5	4.23	110	1.63	0.00	16	20523274.85	system	2022-03-14 00:01:55.670	system	NULL	4
ICOOL Nguyễn Tri Phương	5012024F-EFA2-EC11-8111-509A4C8C9FAC	2022-03-13	19	13457910.00	13132809.00	0.00	0.00	325101.00	0.00	0.00	43	30	18	2	7064516.12	1414698.20	0.00	17	5	100	1.13	0.00	16	4653594.68	system	2022-03-14 00:02:05.807	system	NULL	4
ICOOL Nhị Thiên Đường	FE0F0855-EFA2-EC11-8111-509A4C8C9FAC	2022-03-13	17	35432000.00	34364240.00	945000.00	0.00	122760.00	0.00	200000.00	82	55	27	2	8064516.14	7445685.21	0.00	13	5	150	1.69	0.00	16	19054038.65	system	2022-03-14 00:02:15.910	system	NULL	4
ICOOL Phan Chu Trinh	AFDD0F5B-EFA2-EC11-8111-509A4C8C9FAC	2022-03-13	23	26217000.00	25458000.00	759000.00	0.00	0.00	0.00	0.00	51	52	17	1	6568064.52	5449539.27	0.00	9	6.47	110	1.21	0.00	14	13440396.21	system	2022-03-14 00:02:26.027	system	NULL	4
ICOOL Phan Xích Long	34992261-EFA2-EC11-8111-509A4C8C9FAC	2022-03-13	24	114807500.00	113438500.00	870000.00	0.00	499000.00	0.00	0.00	166	214	62	7	14032258.06	20671268.55	0.00	27	4	300	2.48	0.00	25	78734973.39	system	2022-03-14 00:02:36.217	system	NULL	4
ICOOL Thành Thái	C2E8276D-EFA2-EC11-8111-509A4C8C9FAC	2022-03-13	10	64927900.00	63453080.00	770000.00	176330.00	528490.00	0.00	0.00	169	122	43	2	16774193.55	16444298.05	3312400.00	14	5	220	1.54	0.00	28	33546988.40	system	2022-03-14 00:02:56.383	system	NULL	4
ICOOL Tô Ký	DBFD2E73-EFA2-EC11-8111-509A4C8C9FAC	2022-03-13	5	42091300.00	41286595.00	460000.00	102615.00	242090.00	0.00	0.00	167	80	30	2	9241935.48	9522154.19	187264.00	5	6.33	190	1.15	0.00	26	22709769.33	system	2022-03-14 00:03:06.497	system	NULL	4
ICOOL Trần Bình Trọng	0E7C3579-EFA2-EC11-8111-509A4C8C9FAC	2022-03-13	13	31657100.00	30183910.00	1050000.00	0.00	423190.00	0.00	0.00	61	61	17	2	9129032.26	17444759.63	11449120.60	6	7.06	120	1	0.00	17	15059238.71	system	2022-03-14 00:03:16.603	system	NULL	4
ICOOL Trần Não	8C083F7F-EFA2-EC11-8111-509A4C8C9FAC	2022-03-13	18	63753500.00	61950730.00	1802770.00	0.00	0.00	122024.00	0.00	104	98	36	2	11483870.96	12601639.77	47000.00	21	6	220	1.57	0.00	23	38034243.27	system	2022-03-14 00:03:26.733	system	NULL	4
ICOOL Ung Văn Khiêm	52C74785-EFA2-EC11-8111-509A4C8C9FAC	2022-03-13	1	102953400.00	100237960.00	2510000.00	0.00	205440.00	0.00	0.00	256	147	61	7	23000000.00	19814302.56	0.00	44	6	400	1.52	0.00	40	57423657.44	system	2022-03-14 00:03:36.857	system	NULL	4
ICOOL Vũng Tàu	8D914D8B-EFA2-EC11-8111-509A4C8C9FAC	2022-03-13	25	2180000.00	1865850.00	314150.00	0.00	0.00	0.00	0.00	5	5	4	1	4682258.07	129749.99	0.00	1	20	80	0.24	0.00	17	-2946158.06	system	2022-03-14 00:03:46.963	system	NULL	4
ICOOL Xô Viết Nghệ Tĩnh	2CE35391-EFA2-EC11-8111-509A4C8C9FAC	2022-03-13	4	59480900.00	57946920.00	1376000.00	0.00	157980.00	0.00	0.00	152	83	39	3	12725806.45	12248250.79	0.00	28	5.13	200	1.34	0.00	29	32972862.76	system	2022-03-14 00:03:57.070	system	NULL	4
ICOOL Bình Phú	B6E85B43-B8A3-EC11-8111-509A4C8C9FAC	2022-03-14	6	33190400.00	32315400.00	875000.00	0.00	0.00	0.00	0.00	67	75	20	1	8509677.43	7383131.53	0.00	13	10	200	0.83	0.00	24	16422591.04	system	2022-03-15 00:00:35.103	system	NULL	4
ICOOL Cách Mạng Tháng 8	D62F7749-B8A3-EC11-8111-509A4C8C9FAC	2022-03-14	14	58167500.00	57319425.00	440000.00	114345.00	293730.00	0.00	0.00	208	99	35	0	21411048.38	11229925.85	0.00	13	7	250	1.21	0.00	29	24678450.77	system	2022-03-15 00:00:45.347	system	NULL	4
ICOOL Cầu Chữ Y	582D7D4F-B8A3-EC11-8111-509A4C8C9FAC	2022-03-14	16	7732200.00	6990420.00	585000.00	0.00	156780.00	0.00	0.00	20	19	7	1	5483870.97	1768979.64	0.00	2	12	90	0.5	0.00	14	-262430.61	system	2022-03-15 00:00:55.453	system	NULL	4
ICOOL Đồng Đen	CEFD8655-B8A3-EC11-8111-509A4C8C9FAC	2022-03-14	22	31183900.00	30353900.00	830000.00	0.00	0.00	0.00	0.00	86	64	22	4	14480161.29	7085168.55	0.00	12	6	150	0.88	0.00	25	8788570.16	system	2022-03-15 00:01:05.583	system	NULL	4
ICOOL Dương Bá Trạc	4817995B-B8A3-EC11-8111-509A4C8C9FAC	2022-03-14	7	61859900.00	59939530.00	1030000.00	0.00	890370.00	0.00	0.00	122	113	39	4	16129032.26	13962453.16	0.00	19	7.69	300	1.5	0.00	26	29848044.58	system	2022-03-15 00:01:15.770	system	NULL	4
ICOOL Mạc Đỉnh Chi	43699867-B8A3-EC11-8111-509A4C8C9FAC	2022-03-14	12	45545500.00	45006620.00	340800.00	0.00	198080.00	0.00	0.00	117	68	26	1	19629032.27	8783252.18	0.00	8	8	220	1.18	0.00	22	16594335.55	system	2022-03-15 00:01:35.897	system	NULL	4
ICOOL Nguyễn Sơn	D4DB9E6D-B8A3-EC11-8111-509A4C8C9FAC	2022-03-14	9	17980000.00	17002550.00	705000.00	0.00	272450.00	0.00	0.00	49	26	13	0	8732903.23	6060658.03	1321665.10	7	8.46	110	0.87	0.00	15	3530653.84	system	2022-03-15 00:01:46.007	system	NULL	4
ICOOL Nguyễn Trãi	3542A473-B8A3-EC11-8111-509A4C8C9FAC	2022-03-14	11	7389500.00	7334500.00	55000.00	0.00	0.00	0.00	0.00	22	8	6	0	5956499.94	1825524.31	0.00	3	13.33	80	0.38	0.00	16	-447524.25	system	2022-03-15 00:01:56.110	system	NULL	4
ICOOL Nguyễn Tri Phương	D5ABAC79-B8A3-EC11-8111-509A4C8C9FAC	2022-03-14	19	3555500.00	3256500.00	299000.00	0.00	0.00	169747.20	0.00	15	17	7	0	7064516.12	364172.65	0.00	3	14	100	0.44	0.00	16	-4002441.57	system	2022-03-15 00:02:06.230	system	NULL	4
ICOOL Nhị Thiên Đường	110DBA7F-B8A3-EC11-8111-509A4C8C9FAC	2022-03-14	17	19616200.00	18968600.00	395000.00	0.00	252600.00	0.00	0.00	67	0	16	1	8064516.14	3867018.96	0.00	3	7	120	1	0.00	16	7037064.90	system	2022-03-15 00:02:16.383	system	NULL	4
ICOOL Phan Chu Trinh	AB54C185-B8A3-EC11-8111-509A4C8C9FAC	2022-03-14	23	21026400.00	20271780.00	600000.00	0.00	154620.00	0.00	0.00	57	28	14	1	6568064.52	4960539.96	0.00	2	7.86	110	1	0.00	14	8743175.52	system	2022-03-15 00:02:26.497	system	NULL	4
ICOOL Phan Xích Long	2018D28B-B8A3-EC11-8111-509A4C8C9FAC	2022-03-14	24	45061901.00	44292351.00	60000.00	0.00	709550.00	173856.00	0.00	79	97	38	3	14032258.06	8664168.50	18489.00	26	5	200	1.52	0.00	25	21788269.44	system	2022-03-15 00:02:36.673	system	NULL	4
ICOOL Thành Thái	5CBCD297-B8A3-EC11-8111-509A4C8C9FAC	2022-03-14	10	29205900.00	28444460.00	570000.00	0.00	191440.00	163384.00	0.00	76	50	19	0	16774193.55	5939772.57	0.00	9	11	220	0.68	0.00	28	5893877.88	system	2022-03-15 00:02:56.810	system	NULL	4
ICOOL Tô Ký	5588DE9D-B8A3-EC11-8111-509A4C8C9FAC	2022-03-14	5	21893800.00	20996375.00	505000.00	111145.00	281280.00	0.00	0.00	48	35	13	1	9241935.48	5083922.60	0.00	3	14.62	190	0.5	0.00	26	6670516.92	system	2022-03-15 00:03:06.953	system	NULL	4
ICOOL Trần Bình Trọng	E181EBA3-B8A3-EC11-8111-509A4C8C9FAC	2022-03-14	13	28474200.00	26388830.00	1562850.00	0.00	522520.00	0.00	0.00	62	53	19	1	9129032.26	5671651.20	0.00	6	6.84	130	1.12	0.00	17	11588146.54	system	2022-03-15 00:03:17.107	system	NULL	4
ICOOL Trần Não	AF23FAA9-B8A3-EC11-8111-509A4C8C9FAC	2022-03-14	18	70346100.00	67897020.00	2167660.00	0.00	281420.00	608054.40	0.00	129	115	38	7	11483870.96	14121430.00	715500.00	10	5	200	1.65	0.00	23	43615273.44	system	2022-03-15 00:03:27.267	system	NULL	4
ICOOL Ung Văn Khiêm	CAF904B0-B8A3-EC11-8111-509A4C8C9FAC	2022-03-14	1	78842400.00	76265200.00	2240000.00	0.00	337200.00	0.00	0.00	181	122	44	3	23000000.00	18406294.67	0.00	15	9	400	1.1	0.00	40	34858905.33	system	2022-03-15 00:03:37.403	system	NULL	4
ICOOL Vũng Tàu	6EFF23B6-B8A3-EC11-8111-509A4C8C9FAC	2022-03-14	25	7174100.00	7174100.00	0.00	0.00	0.00	0.00	0.00	14	12	7	0	4682258.07	1269573.62	0.00	1	10	70	0.41	0.00	17	1222268.31	system	2022-03-15 00:03:47.673	system	NULL	4
ICOOL Xô Viết Nghệ Tĩnh	0F2235BC-B8A3-EC11-8111-509A4C8C9FAC	2022-03-14	4	30042000.00	28514210.00	1297250.00	0.00	230540.00	0.00	0.00	73	65	25	0	12725806.45	6719397.48	0.00	13	8	200	0.86	0.00	29	9069006.07	system	2022-03-15 00:03:57.853	system	NULL	4
ICOOL Bình Phú	E79F8E71-81A4-EC11-8111-509A4C8C9FAC	2022-03-15	6	53186900.00	50864620.00	1400800.00	311220.00	610260.00	180144.00	0.00	141	86	30	1	8509677.43	12142414.86	0.00	9	6	200	1.25	0.00	24	30392671.71	system	2022-03-16 00:00:41.453	system	NULL	4
ICOOL Cách Mạng Tháng 8	2601B077-81A4-EC11-8111-509A4C8C9FAC	2022-03-15	14	90861300.00	87701565.00	1320000.00	0.00	1839735.00	330199.20	0.00	154	93	51	5	21411048.38	17422949.94	0.00	18	4	250	1.76	0.00	29	49197765.88	system	2022-03-16 00:00:51.737	system	NULL	4
ICOOL Cầu Chữ Y	7499B87D-81A4-EC11-8111-509A4C8C9FAC	2022-03-15	16	6854000.00	6634000.00	220000.00	0.00	0.00	0.00	0.00	18	16	6	1	5483870.97	1566080.65	0.00	0	15	90	0.43	0.00	14	-415951.62	system	2022-03-16 00:01:01.860	system	NULL	4
ICOOL Đồng Đen	DABAC883-81A4-EC11-8111-509A4C8C9FAC	2022-03-15	22	28563800.00	28288800.00	275000.00	0.00	0.00	0.00	0.00	78	66	26	4	14480161.29	6075462.90	0.00	6	5	150	1.04	0.00	25	7733175.81	system	2022-03-16 00:01:12.033	system	NULL	4
ICOOL Dương Bá Trạc	8838D589-81A4-EC11-8111-509A4C8C9FAC	2022-03-15	7	62127700.00	60320400.00	1250000.00	61890.00	495410.00	0.00	0.00	123	126	44	5	16129032.26	12998159.40	145083.33	17	6.82	300	1.69	0.00	26	31338291.67	system	2022-03-16 00:01:22.180	system	NULL	4
ICOOL Mạc Đỉnh Chi	B84ED495-81A4-EC11-8111-509A4C8C9FAC	2022-03-15	12	59618004.06	55591924.02	2007280.04	106550.00	1912250.00	394560.00	0.00	106	125	35	0	19629032.27	11267981.45	0.00	11	6	230	1.59	0.00	22	25089470.30	system	2022-03-16 00:01:42.307	system	NULL	4
ICOOL Nguyễn Sơn	66D6E19B-81A4-EC11-8111-509A4C8C9FAC	2022-03-15	9	29624700.00	28750700.00	874000.00	0.00	0.00	0.00	0.00	71	42	21	0	8732903.23	6847855.46	0.00	6	5.71	120	1.4	0.00	15	13169941.32	system	2022-03-16 00:01:52.463	system	NULL	4
ICOOL Nguyễn Trãi	128CECA1-81A4-EC11-8111-509A4C8C9FAC	2022-03-15	11	21067900.00	20702450.00	165000.00	0.00	200450.00	0.00	0.00	63	31	22	2	5956499.94	4249929.90	0.00	4	3.64	80	1.38	0.00	16	10496020.16	system	2022-03-16 00:02:02.600	system	NULL	4
ICOOL Nguyễn Tri Phương	FFE9F2A7-81A4-EC11-8111-509A4C8C9FAC	2022-03-15	19	15289300.00	14182660.00	993000.00	0.00	113640.00	0.00	0.00	56	32	21	3	7064516.12	2661300.57	0.00	6	4	100	1.31	0.00	16	4456843.31	system	2022-03-16 00:02:12.707	system	NULL	4
ICOOL Nhị Thiên Đường	15C8FBAD-81A4-EC11-8111-509A4C8C9FAC	2022-03-15	17	23303400.00	22254800.00	884000.00	0.00	164600.00	0.00	200000.00	42	40	18	1	8064516.14	5151851.60	0.00	5	6	120	1.13	0.00	16	9238432.26	system	2022-03-16 00:02:22.830	system	NULL	4
ICOOL Phan Chu Trinh	64C006B4-81A4-EC11-8111-509A4C8C9FAC	2022-03-15	23	10175600.00	10010600.00	165000.00	0.00	0.00	0.00	0.00	19	14	8	1	6568064.52	1841220.97	0.00	0	13.75	110	0.57	0.00	14	1601314.51	system	2022-03-16 00:02:32.970	system	NULL	4
ICOOL Phan Xích Long	D18D16BA-81A4-EC11-8111-509A4C8C9FAC	2022-03-15	24	100247300.00	97941090.00	1277000.00	103230.00	925980.00	498632.00	0.00	174	175	63	10	14032258.06	20977491.61	0.00	22	3	210	2.52	0.00	25	63429972.33	system	2022-03-16 00:02:43.140	system	NULL	4
ICOOL Thành Thái	0BBC1EC6-81A4-EC11-8111-509A4C8C9FAC	2022-03-15	10	52284200.00	50311790.00	790000.00	0.00	1182410.00	0.00	0.00	148	105	40	5	16774193.55	11663089.61	0.00	8	5	220	1.43	0.00	28	21874506.84	system	2022-03-16 00:03:03.327	system	NULL	4
ICOOL Tô Ký	BD9825CC-81A4-EC11-8111-509A4C8C9FAC	2022-03-15	5	13465800.00	12469260.00	240000.00	0.00	756540.00	0.00	0.00	53	13	11	1	9241935.48	2958693.94	0.00	1	18.18	200	0.42	0.00	26	268630.58	system	2022-03-16 00:03:13.437	system	NULL	4
ICOOL Trần Bình Trọng	5B2D2CD2-81A4-EC11-8111-509A4C8C9FAC	2022-03-15	13	15538700.00	14191070.00	774000.00	0.00	573630.00	0.00	0.00	31	36	14	1	9129032.26	3017341.28	0.00	7	9.29	130	0.82	0.00	17	2044696.46	system	2022-03-16 00:03:23.547	system	NULL	4
ICOOL Trần Não	9E4E34D8-81A4-EC11-8111-509A4C8C9FAC	2022-03-15	18	69777800.00	68342390.00	1185000.00	0.00	250410.00	118960.00	0.00	202	125	36	0	11483870.96	15786985.06	692000.00	21	5	200	1.57	0.00	23	41882493.98	system	2022-03-16 00:03:33.667	system	NULL	4
ICOOL Ung Văn Khiêm	9C0B58DE-81A4-EC11-8111-509A4C8C9FAC	2022-03-15	1	99374500.00	96490000.00	1480000.00	0.00	1404500.00	77600.00	0.00	283	205	61	4	23000000.00	20513008.55	0.00	41	6	400	1.52	0.00	40	53054591.45	system	2022-03-16 00:03:43.967	system	NULL	4
ICOOL Vũng Tàu	898664E4-81A4-EC11-8111-509A4C8C9FAC	2022-03-15	25	5309200.00	4683200.00	626000.00	0.00	0.00	0.00	0.00	13	11	4	0	4682258.07	1177456.98	0.00	1	17	70	0.24	0.00	17	-1176515.05	system	2022-03-16 00:03:54.117	system	NULL	4
ICOOL Xô Viết Nghệ Tĩnh	97A06BEA-81A4-EC11-8111-509A4C8C9FAC	2022-03-15	4	47810300.00	46280660.00	1416300.00	0.00	113340.00	0.00	0.00	167	96	36	0	12725806.45	11192463.78	0.00	16	5.56	200	1.24	0.00	29	22362389.77	system	2022-03-16 00:04:04.230	system	NULL	4
ICOOL Bình Phú	167E449C-4AA5-EC11-8111-509A4C8C9FAC	2022-03-16	6	45364700.00	44377450.00	955000.00	32250.00	0.00	0.00	0.00	125	83	31	0	8509677.43	9252119.82	0.00	13	5	170	1.29	0.00	24	26615652.75	system	2022-03-17 00:00:41.950	system	NULL	4
ICOOL Cách Mạng Tháng 8	FAF965A2-4AA5-EC11-8111-509A4C8C9FAC	2022-03-16	14	72039000.00	70376520.00	1250000.00	0.00	412480.00	146112.00	0.00	292	127	43	1	21411048.38	12930081.78	0.00	19	5	250	1.48	0.00	29	36181501.84	system	2022-03-17 00:00:52.237	system	NULL	4
ICOOL Cầu Chữ Y	9FF96DA8-4AA5-EC11-8111-509A4C8C9FAC	2022-03-16	16	10496400.00	10115600.00	380800.00	0.00	0.00	0.00	0.00	28	22	10	0	5483870.97	2516165.31	0.00	4	9	90	0.71	0.00	14	2115563.72	system	2022-03-17 00:01:02.357	system	NULL	4
ICOOL Đồng Đen	6B8A86AE-4AA5-EC11-8111-509A4C8C9FAC	2022-03-16	22	33302600.00	32713600.00	589000.00	0.00	0.00	0.00	0.00	82	74	24	7	14480161.29	6800180.49	0.00	15	6	150	0.96	0.00	25	11433258.22	system	2022-03-17 00:01:12.583	system	NULL	4
ICOOL Dương Bá Trạc	796895B4-4AA5-EC11-8111-509A4C8C9FAC	2022-03-16	7	68443501.00	66671721.00	440000.00	0.00	1331780.00	0.00	0.00	176	109	45	2	16129032.26	13864710.43	0.00	21	6.67	300	1.73	0.00	26	36677978.31	system	2022-03-17 00:01:22.750	system	NULL	4
ICOOL Mạc Đỉnh Chi	CF5296C0-4AA5-EC11-8111-509A4C8C9FAC	2022-03-16	12	80142900.00	77683450.00	1419080.00	0.00	1040370.00	1164076.00	0.00	126	139	38	1	19629032.27	18165455.01	0.00	17	6	230	1.73	0.00	22	41053038.72	system	2022-03-17 00:01:42.887	system	NULL	4
ICOOL Nguyễn Sơn	EFFCA3C6-4AA5-EC11-8111-509A4C8C9FAC	2022-03-16	9	25902800.00	25097800.00	805000.00	0.00	0.00	0.00	0.00	92	32	19	1	8732903.23	6718231.24	0.00	14	6.32	120	1.27	0.00	15	9646665.53	system	2022-03-17 00:01:53.040	system	NULL	4
ICOOL Nguyễn Trãi	B7A1AACC-4AA5-EC11-8111-509A4C8C9FAC	2022-03-16	11	14595200.00	14132920.00	110000.00	0.00	352280.00	0.00	0.00	47	21	14	2	5956499.94	3114129.29	0.00	5	6.43	90	0.88	0.00	16	5062290.78	system	2022-03-17 00:02:03.153	system	NULL	4
ICOOL Nguyễn Tri Phương	B402B2D2-4AA5-EC11-8111-509A4C8C9FAC	2022-03-16	19	12295000.00	11194320.00	629000.00	0.00	471680.00	0.00	0.00	35	44	15	0	7064516.12	2235305.27	0.00	6	6	100	0.94	0.00	16	1894498.61	system	2022-03-17 00:02:13.270	system	NULL	4
ICOOL Nhị Thiên Đường	EF89BDD8-4AA5-EC11-8111-509A4C8C9FAC	2022-03-16	17	25125500.00	23385080.00	1022000.00	0.00	718420.00	0.00	0.00	57	29	16	1	8064516.14	6293756.57	0.00	3	7	120	1	0.00	16	9026807.29	system	2022-03-17 00:02:23.410	system	NULL	4
ICOOL Phan Chu Trinh	9770C3DE-4AA5-EC11-8111-509A4C8C9FAC	2022-03-16	23	8599500.00	8020500.00	579000.00	0.00	0.00	0.00	0.00	24	13	7	0	6568064.52	2179735.32	0.00	2	15.71	110	0.5	0.00	14	-727299.84	system	2022-03-17 00:02:33.513	system	NULL	4
ICOOL Phan Xích Long	D27FCFE4-4AA5-EC11-8111-509A4C8C9FAC	2022-03-16	24	72280500.00	70555650.00	1653000.00	71850.00	0.00	336992.00	0.00	128	144	51	2	14032258.06	15007283.42	0.00	27	4	210	2.04	0.00	25	41853100.52	system	2022-03-17 00:02:43.660	system	NULL	4
ICOOL Thành Thái	B740D9F0-4AA5-EC11-8111-509A4C8C9FAC	2022-03-16	10	58641600.00	57741600.00	900000.00	0.00	0.00	0.00	0.00	138	106	44	5	16774193.55	12727630.29	0.00	12	5	220	1.57	0.00	28	28239776.16	system	2022-03-17 00:03:03.857	system	NULL	4
ICOOL Tô Ký	5E23E7F6-4AA5-EC11-8111-509A4C8C9FAC	2022-03-16	5	30239200.00	28867750.00	700000.00	0.00	671450.00	0.00	0.00	71	61	18	1	9241935.48	7081706.22	0.00	1	11.11	200	0.69	0.00	26	12544108.30	system	2022-03-17 00:03:14.013	system	NULL	4
ICOOL Trần Bình Trọng	4AF5F2FC-4AA5-EC11-8111-509A4C8C9FAC	2022-03-16	13	24330100.00	22808455.00	1162170.00	138275.00	221200.00	0.00	0.00	49	51	15	1	9129032.26	5390774.28	0.00	3	8.67	130	0.88	0.00	17	8288648.46	system	2022-03-17 00:03:24.157	system	NULL	4
ICOOL Trần Não	C1300103-4BA5-EC11-8111-509A4C8C9FAC	2022-03-16	18	66638400.00	65338130.00	1117000.00	0.00	183270.00	0.00	0.00	100	84	37	2	11483870.96	12745103.03	47000.00	14	5	210	1.61	0.00	23	41156156.01	system	2022-03-17 00:03:34.317	system	NULL	4
ICOOL Ung Văn Khiêm	974B1109-4BA5-EC11-8111-509A4C8C9FAC	2022-03-16	1	59334000.00	58026640.00	935000.00	0.00	372360.00	0.00	0.00	135	121	35	2	23000000.00	13242516.44	0.00	23	11.43	400	0.88	0.00	40	21784123.56	system	2022-03-17 00:03:44.490	system	NULL	4
ICOOL Vũng Tàu	5463180F-4BA5-EC11-8111-509A4C8C9FAC	2022-03-16	25	4636900.00	4092300.00	544600.00	0.00	0.00	0.00	0.00	10	10	5	0	4682258.07	632641.65	0.00	3	14	70	0.29	0.00	17	-1222599.72	system	2022-03-17 00:03:54.600	system	NULL	4
ICOOL Xô Viết Nghệ Tĩnh	EA8F2515-4BA5-EC11-8111-509A4C8C9FAC	2022-03-16	4	52161300.00	49700530.00	2419150.00	41620.00	0.00	0.00	300000.00	134	83	40	7	12725806.45	11915063.48	0.00	20	5	200	1.38	0.00	29	25359660.07	system	2022-03-17 00:04:04.753	system	NULL	4
ICOOL Bình Phú	1BD303C7-13A6-EC11-8111-509A4C8C9FAC	2022-03-17	6	44295900.00	42357180.00	1556500.00	0.00	382220.00	0.00	0.00	133	104	35	0	8509677.43	9911397.85	0.00	16	4	160	1.46	0.00	24	23936104.72	system	2022-03-18 00:00:42.513	system	NULL	4
ICOOL Cách Mạng Tháng 8	70C21FCD-13A6-EC11-8111-509A4C8C9FAC	2022-03-17	14	81419500.00	78053915.00	2205000.00	0.00	1160585.00	134336.00	247000.00	237	131	48	0	21411048.38	15735745.05	0.00	14	5	250	1.66	0.00	29	41288457.57	system	2022-03-18 00:00:52.760	system	NULL	4
ICOOL Cầu Chữ Y	EC913ED3-13A6-EC11-8111-509A4C8C9FAC	2022-03-17	16	9320900.00	8913400.00	407500.00	0.00	0.00	0.00	0.00	28	25	10	0	5483870.97	2030963.31	0.00	8	10	100	0.71	0.00	14	1398565.72	system	2022-03-18 00:01:03.030	system	NULL	4
ICOOL Đồng Đen	CCA04ED9-13A6-EC11-8111-509A4C8C9FAC	2022-03-17	22	28810600.00	28430450.00	230000.00	0.00	150150.00	0.00	0.00	72	68	20	2	14480161.29	5690559.58	0.00	6	7	150	0.8	0.00	25	8259729.13	system	2022-03-18 00:01:13.203	system	NULL	4
ICOOL Dương Bá Trạc	834974DF-13A6-EC11-8111-509A4C8C9FAC	2022-03-17	7	56737900.00	54945410.00	1195000.00	0.00	597490.00	0.00	0.00	99	113	31	2	16129032.26	12437084.17	0.00	17	9.68	300	1.19	0.00	26	26379293.57	system	2022-03-18 00:01:23.513	system	NULL	4
ICOOL Mạc Đỉnh Chi	EBD285EB-13A6-EC11-8111-509A4C8C9FAC	2022-03-17	12	65652600.00	63720630.00	1493490.00	0.00	438480.00	1254918.80	0.00	122	102	39	3	19629032.27	12572402.80	0.00	19	6	260	1.77	0.00	22	32774113.73	system	2022-03-18 00:01:43.763	system	NULL	4
ICOOL Nguyễn Sơn	FCEE94F1-13A6-EC11-8111-509A4C8C9FAC	2022-03-17	9	28750200.00	27731040.00	473000.00	96260.00	449900.00	0.00	0.00	85	60	26	2	8732903.23	7270223.53	0.00	11	4.62	120	1.73	0.00	15	11727913.24	system	2022-03-18 00:01:53.930	system	NULL	4
ICOOL Nguyễn Trãi	9F19BDF7-13A6-EC11-8111-509A4C8C9FAC	2022-03-17	11	18316500.00	18151500.00	165000.00	0.00	0.00	0.00	0.00	46	28	14	1	5956499.94	4644046.92	0.00	5	7.14	100	0.88	0.00	16	7550953.14	system	2022-03-18 00:02:04.257	system	NULL	4
ICOOL Nguyễn Tri Phương	1BDFD6FD-13A6-EC11-8111-509A4C8C9FAC	2022-03-17	19	13948200.00	12795820.00	1031100.00	0.00	121280.00	0.00	0.00	52	40	16	0	7064516.12	2735180.25	0.00	7	6	100	1	0.00	16	2996123.63	system	2022-03-18 00:02:14.493	system	NULL	4
ICOOL Nhị Thiên Đường	5779E703-14A6-EC11-8111-509A4C8C9FAC	2022-03-17	17	20830800.00	19976240.00	635000.00	0.00	219560.00	0.00	0.00	41	25	13	0	8064516.14	4752931.60	0.00	3	9	120	0.81	0.00	16	7158792.26	system	2022-03-18 00:02:24.670	system	NULL	4
ICOOL Phan Chu Trinh	587F150A-14A6-EC11-8111-509A4C8C9FAC	2022-03-17	23	22597500.00	22014500.00	583000.00	0.00	0.00	0.00	0.00	46	46	16	0	6568064.52	5484450.92	0.00	2	6.88	110	1.14	0.00	14	9961984.56	system	2022-03-18 00:02:35.037	system	NULL	4
ICOOL Phan Xích Long	C7D52410-14A6-EC11-8111-509A4C8C9FAC	2022-03-17	24	56350900.00	54560200.00	1790700.00	0.00	0.00	0.00	0.00	120	108	36	8	14032258.06	11668743.09	0.00	23	6	250	1.44	0.00	25	28859198.85	system	2022-03-18 00:02:45.203	system	NULL	4
ICOOL Thành Thái	C5A32C1C-14A6-EC11-8111-509A4C8C9FAC	2022-03-17	10	63361500.00	62070160.00	1136040.00	0.00	155300.00	0.00	150000.00	169	117	41	3	16774193.55	15474458.35	0.00	20	5	220	1.46	0.00	28	29971508.10	system	2022-03-18 00:03:05.387	system	NULL	4
ICOOL Tô Ký	A9083D22-14A6-EC11-8111-509A4C8C9FAC	2022-03-17	5	20835000.00	19671430.00	515000.00	0.00	648570.00	0.00	0.00	55	52	17	1	9241935.48	4770759.94	0.00	0	11.76	200	0.65	0.00	26	5658734.58	system	2022-03-18 00:03:15.560	system	NULL	4
ICOOL Trần Bình Trọng	6B6E4B28-14A6-EC11-8111-509A4C8C9FAC	2022-03-17	13	24876401.00	23318130.90	1148140.00	0.00	410130.10	109248.00	0.00	72	59	22	2	9129032.26	5054636.92	0.00	5	6.82	150	1.29	0.00	17	9243709.72	system	2022-03-18 00:03:25.720	system	NULL	4
ICOOL Trần Não	86795A2E-14A6-EC11-8111-509A4C8C9FAC	2022-03-17	18	76451400.00	75126400.00	1325000.00	0.00	0.00	322592.00	0.00	153	106	43	5	11483870.96	16559103.34	0.00	20	5	220	1.87	0.00	23	47406017.70	system	2022-03-18 00:03:35.887	system	NULL	4
ICOOL Ung Văn Khiêm	F2F16D34-14A6-EC11-8111-509A4C8C9FAC	2022-03-17	1	105835800.00	103666900.00	1505000.00	94870.00	569030.00	252600.00	0.00	233	185	61	1	23000000.00	20939131.86	0.00	17	6.56	400	1.52	0.00	40	59980368.14	system	2022-03-18 00:03:46.080	system	NULL	4
ICOOL Vũng Tàu	7840783A-14A6-EC11-8111-509A4C8C9FAC	2022-03-17	25	8789600.00	8685600.00	104000.00	0.00	0.00	0.00	0.00	20	14	9	0	4682258.07	1991543.30	0.00	0	7	70	0.53	0.00	17	2011798.63	system	2022-03-18 00:03:56.213	system	NULL	4
ICOOL Xô Viết Nghệ Tĩnh	24C38A40-14A6-EC11-8111-509A4C8C9FAC	2022-03-17	4	42076700.00	40381980.00	1652050.00	42670.00	0.00	0.00	0.00	95	63	31	2	12725806.45	9472918.17	0.00	20	6.45	200	1.07	0.00	29	18183255.38	system	2022-03-18 00:04:06.400	system	NULL	4
ICOOL Bình Phú	E0D8C1F1-DCA6-EC11-8111-509A4C8C9FAC	2022-03-18	6	57780500.00	55609840.00	1260000.00	260350.00	650310.00	0.00	0.00	139	63	32	2	8509677.43	12490113.21	0.00	11	6	200	1.33	0.00	24	34610049.36	system	2022-03-19 00:00:43.067	system	NULL	4
ICOOL Cách Mạng Tháng 8	52D4ECF7-DCA6-EC11-8111-509A4C8C9FAC	2022-03-18	14	143090400.00	137310780.00	3315480.00	105060.00	2359080.00	547296.00	0.00	399	212	67	5	21411048.38	26191953.12	0.00	21	3	250	2.31	0.00	29	90255074.50	system	2022-03-19 00:00:53.413	system	NULL	4
ICOOL Cầu Chữ Y	937EF9FD-DCA6-EC11-8111-509A4C8C9FAC	2022-03-18	16	9787402.00	9667402.00	120000.00	0.00	0.00	0.00	0.00	29	28	9	0	5483870.97	1339907.61	0.00	5	11	100	0.64	0.00	14	2843623.42	system	2022-03-19 00:01:03.563	system	NULL	4
ICOOL Đồng Đen	CBDA0704-DDA6-EC11-8111-509A4C8C9FAC	2022-03-18	22	69396800.00	68144360.00	880000.00	0.00	372440.00	118432.00	0.00	174	148	42	9	14480161.29	12638833.75	0.00	22	4	200	1.68	0.00	25	41143796.96	system	2022-03-19 00:01:13.720	system	NULL	4
ICOOL Dương Bá Trạc	FCD5140A-DDA6-EC11-8111-509A4C8C9FAC	2022-03-18	7	63914600.00	62199690.00	680000.00	0.00	1034910.00	331024.00	0.00	121	121	38	1	16129032.26	12011494.80	0.00	14	7.89	300	1.46	0.00	26	34390186.94	system	2022-03-19 00:01:23.877	system	NULL	4
ICOOL Mạc Đỉnh Chi	56741E16-DDA6-EC11-8111-509A4C8C9FAC	2022-03-18	12	120337500.00	116616865.00	3393270.00	76125.00	251240.00	1013864.00	0.00	262	211	62	10	19629032.27	22226986.95	0.00	20	4	260	2.82	0.00	22	75774709.78	system	2022-03-19 00:01:44.070	system	NULL	4
ICOOL Nguyễn Sơn	F5DA2B1C-DDA6-EC11-8111-509A4C8C9FAC	2022-03-18	9	40243500.00	39284270.00	760000.00	0.00	199230.00	0.00	0.00	104	91	29	2	8732903.23	9896273.87	0.00	17	5.17	150	1.93	0.00	15	20655092.90	system	2022-03-19 00:01:54.223	system	NULL	4
ICOOL Nguyễn Trãi	415E3622-DDA6-EC11-8111-509A4C8C9FAC	2022-03-18	11	31163800.00	30264180.00	740000.00	0.00	159620.00	0.00	0.00	79	32	20	2	5956499.94	6754239.95	0.00	10	5.5	110	1.25	0.00	16	17553440.12	system	2022-03-19 00:02:04.360	system	NULL	4
ICOOL Nguyễn Tri Phương	1FB64928-DDA6-EC11-8111-509A4C8C9FAC	2022-03-18	19	43787400.00	42087300.00	1597000.00	0.00	103100.00	0.00	0.00	119	79	29	2	7064516.12	8860604.14	0.00	10	3	110	1.81	0.00	16	26162179.74	system	2022-03-19 00:02:14.553	system	NULL	4
ICOOL Nhị Thiên Đường	DB075C2E-DDA6-EC11-8111-509A4C8C9FAC	2022-03-18	17	46307500.00	45122810.00	885000.00	0.00	299690.00	0.00	0.00	77	65	24	0	8064516.14	9867889.52	0.00	9	6	150	1.5	0.00	16	27190404.34	system	2022-03-19 00:02:24.740	system	NULL	4
ICOOL Phan Chu Trinh	6DEA6E34-DDA6-EC11-8111-509A4C8C9FAC	2022-03-18	23	36099200.00	34904650.00	1010000.00	29250.00	155300.00	0.00	0.00	60	52	23	1	6568064.52	6781072.87	0.00	4	4.78	110	1.64	0.00	14	21555512.61	system	2022-03-19 00:02:34.930	system	NULL	4
ICOOL Phan Xích Long	77DD7D3A-DDA6-EC11-8111-509A4C8C9FAC	2022-03-18	24	113691700.00	109875180.00	3087000.00	68980.00	660540.00	257368.00	0.00	170	192	59	7	14032258.06	22351062.62	0.00	32	4	250	2.36	0.00	25	73749227.32	system	2022-03-19 00:02:45.093	system	NULL	4
ICOOL Thành Thái	96A98346-DDA6-EC11-8111-509A4C8C9FAC	2022-03-18	10	89518500.00	88107650.00	1410850.00	0.00	0.00	232368.00	0.00	249	140	53	3	16774193.55	18493002.90	0.00	10	4	230	1.89	0.00	28	53072821.55	system	2022-03-19 00:03:05.263	system	NULL	4
ICOOL Tô Ký	D310934C-DDA6-EC11-8111-509A4C8C9FAC	2022-03-18	5	34915000.00	34187050.00	526750.00	201200.00	0.00	0.00	0.00	77	69	24	0	9241935.48	8145209.56	0.00	4	8.33	200	0.92	0.00	26	16799904.96	system	2022-03-19 00:03:15.430	system	NULL	4
ICOOL Trần Bình Trọng	62969E52-DDA6-EC11-8111-509A4C8C9FAC	2022-03-18	13	47050700.00	44498340.00	1304720.00	0.00	1247640.00	135640.00	0.00	95	91	30	1	9129032.26	9080575.56	0.00	10	5	150	1.76	0.00	17	26424372.18	system	2022-03-19 00:03:25.573	system	NULL	4
ICOOL Trần Não	15FAB958-DDA6-EC11-8111-509A4C8C9FAC	2022-03-18	18	102326202.00	92809201.00	9252101.00	116330.00	148570.00	239432.00	300000.00	170	144	55	1	11483870.96	18616162.30	0.00	12	4	240	2.39	0.00	23	63248599.74	system	2022-03-19 00:03:35.820	system	NULL	4
ICOOL Ung Văn Khiêm	9692D05E-DDA6-EC11-8111-509A4C8C9FAC	2022-03-18	1	161544100.00	153547410.00	2610000.00	684630.00	4702060.00	0.00	0.00	365	247	78	7	23000000.00	30950342.07	0.00	43	5.13	400	1.95	0.00	40	99597067.93	system	2022-03-19 00:03:46.033	system	NULL	4
ICOOL Vũng Tàu	8AA1DB64-DDA6-EC11-8111-509A4C8C9FAC	2022-03-18	25	13373600.00	13118720.00	254880.00	0.00	0.00	0.00	0.00	33	20	9	1	4682258.07	2917290.63	0.00	2	7	70	0.53	0.00	17	5519171.30	system	2022-03-19 00:03:56.170	system	NULL	4
ICOOL Xô Viết Nghệ Tĩnh	914CF16A-DDA6-EC11-8111-509A4C8C9FAC	2022-03-18	4	93361200.00	88322990.00	2108520.00	78970.00	2850720.00	90544.00	0.00	222	131	56	9	12725806.45	18755105.67	0.00	21	3.57	200	1.93	0.00	29	56932621.88	system	2022-03-19 00:04:06.380	system	NULL	4
ICOOL Bình Phú	56C6801C-A6A7-EC11-8111-509A4C8C9FAC	2022-03-19	6	95133500.00	93023420.00	1925000.00	0.00	185080.00	292992.00	0.00	264	173	59	4	8509677.43	18558520.02	0.00	18	3	200	2.46	0.00	24	66248214.55	system	2022-03-20 00:00:43.623	system	NULL	4
ICOOL Cách Mạng Tháng 8	6AB39B22-A6A7-EC11-8111-509A4C8C9FAC	2022-03-19	14	125258900.00	120989700.00	3279600.00	0.00	989600.00	411280.00	0.00	308	210	73	4	21411048.38	28115283.49	6287999.99	29	3	250	2.52	0.00	29	78162648.12	system	2022-03-20 00:00:53.867	system	NULL	4
ICOOL Cầu Chữ Y	F189AD28-A6A7-EC11-8111-509A4C8C9FAC	2022-03-19	16	42912601.00	41000040.90	1040000.00	0.00	872560.10	0.00	0.00	96	93	28	2	5483870.97	8974770.86	0.00	5	3	100	2	0.00	14	26541399.07	system	2022-03-20 00:01:04.050	system	NULL	4
ICOOL Đồng Đen	97DDBC2E-A6A7-EC11-8111-509A4C8C9FAC	2022-03-19	22	115145900.00	110684090.00	3646500.00	0.00	815310.00	0.00	0.00	263	214	64	6	14480161.29	22465587.93	0.00	21	3	200	2.56	0.00	25	73738340.78	system	2022-03-20 00:01:14.217	system	NULL	4
ICOOL Dương Bá Trạc	0CE6D334-A6A7-EC11-8111-509A4C8C9FAC	2022-03-19	7	138642100.00	136431560.00	1605000.00	0.00	605540.00	0.00	0.00	270	244	78	6	16129032.26	27698637.16	0.00	28	3.85	300	3	0.00	26	92603890.58	system	2022-03-20 00:01:24.433	system	NULL	4
ICOOL Mạc Đỉnh Chi	4557DD40-A6A7-EC11-8111-509A4C8C9FAC	2022-03-19	12	117054200.00	113216540.00	2342130.00	0.00	1495530.00	182944.00	0.00	203	187	68	5	19629032.27	21922172.42	61925.00	29	3	270	3.09	0.00	22	71910204.31	system	2022-03-20 00:01:44.630	system	NULL	4
ICOOL Nguyễn Sơn	A39EEC46-A6A7-EC11-8111-509A4C8C9FAC	2022-03-19	9	62582400.00	60689150.00	1480000.00	0.00	413250.00	0.00	0.00	154	106	43	2	8732903.23	13829655.48	0.00	13	3.49	150	2.87	0.00	15	38126591.29	system	2022-03-20 00:01:54.793	system	NULL	4
ICOOL Nguyễn Trãi	6946FD4C-A6A7-EC11-8111-509A4C8C9FAC	2022-03-19	11	41145300.00	39815300.00	1330000.00	0.00	0.00	0.00	0.00	99	62	27	1	5956499.94	8774990.50	0.00	6	4.07	110	1.69	0.00	16	25083809.56	system	2022-03-20 00:02:04.970	system	NULL	4
ICOOL Nguyễn Tri Phương	A23B0D53-A6A7-EC11-8111-509A4C8C9FAC	2022-03-19	19	37030300.00	35723490.00	541000.00	0.00	765810.00	0.00	0.00	107	75	34	0	7064516.12	6327721.48	0.00	14	3	110	2.13	0.00	16	22331252.40	system	2022-03-20 00:02:15.140	system	NULL	4
ICOOL Nhị Thiên Đường	E4E11459-A6A7-EC11-8111-509A4C8C9FAC	2022-03-19	17	59392200.00	56519820.00	1425000.00	0.00	1447380.00	0.00	250000.00	147	50	33	3	8064516.14	14663624.53	0.00	15	4	160	2.06	0.00	16	34041679.33	system	2022-03-20 00:02:25.257	system	NULL	4
ICOOL Phan Chu Trinh	2AA13A5F-A6A7-EC11-8111-509A4C8C9FAC	2022-03-19	23	43156200.00	42154130.00	1002070.00	0.00	0.00	53536.00	0.00	72	67	30	5	6568064.52	7964512.18	0.00	7	3.67	110	2.14	0.00	14	27675089.30	system	2022-03-20 00:02:35.570	system	NULL	4
ICOOL Phan Xích Long	22494B65-A6A7-EC11-8111-509A4C8C9FAC	2022-03-19	24	161125000.00	157571030.00	3294520.00	0.00	259450.00	0.00	0.00	298	276	89	5	14032258.06	0.00	0.00	32	2	250	3.56	0.00	25	143538771.94	system	2022-03-20 00:02:45.747	system	NULL	4
ICOOL Thành Thái	29BE5671-A6A7-EC11-8111-509A4C8C9FAC	2022-03-19	10	122702500.00	121228920.00	892000.00	0.00	581580.00	651392.00	0.00	298	189	74	5	16774193.55	25495480.06	0.00	17	3	230	2.64	0.00	28	79610638.39	system	2022-03-20 00:03:05.953	system	NULL	4
ICOOL Tô Ký	D46F3378-A6A7-EC11-8111-509A4C8C9FAC	2022-03-19	5	72606500.00	69742600.00	1594710.00	202250.00	1066940.00	0.00	0.00	166	138	44	5	9241935.48	16415696.75	0.00	3	4.55	200	1.69	0.00	26	44084967.77	system	2022-03-20 00:03:17.467	system	NULL	4
ICOOL Trần Bình Trọng	3C2F3D7E-A6A7-EC11-8111-509A4C8C9FAC	2022-03-19	13	40126400.00	38293775.00	1290000.00	186075.00	356550.00	267952.00	0.00	86	84	28	5	9129032.26	6832991.17	0.00	6	5.36	150	1.65	0.00	17	22599703.57	system	2022-03-20 00:03:27.597	system	NULL	4
ICOOL Trần Não	32995084-A6A7-EC11-8111-509A4C8C9FAC	2022-03-19	18	157323600.00	152983830.00	3333910.00	440360.00	565500.00	772331.20	0.00	224	219	73	2	11483870.96	32257664.09	94000.00	38	3	240	3.17	0.00	23	110108626.15	system	2022-03-20 00:03:37.790	system	NULL	4
ICOOL Ung Văn Khiêm	4514698A-A6A7-EC11-8111-509A4C8C9FAC	2022-03-19	1	180384900.00	175375190.00	4089900.00	0.00	919810.00	523616.00	0.00	427	261	89	10	23000000.00	35040044.66	0.00	38	4.49	400	2.23	0.00	40	117858761.34	system	2022-03-20 00:03:48.017	system	NULL	4
ICOOL Vũng Tàu	FAD37690-A6A7-EC11-8111-509A4C8C9FAC	2022-03-19	25	43999600.00	42940600.00	1059000.00	0.00	0.00	237752.00	0.00	118	91	38	2	4682258.07	8554372.44	0.00	8	2	80	2.24	0.00	17	29941721.49	system	2022-03-20 00:03:58.173	system	NULL	4
ICOOL Xô Viết Nghệ Tĩnh	7A1C8796-A6A7-EC11-8111-509A4C8C9FAC	2022-03-19	4	144305300.00	139649260.00	3721300.00	203040.00	731700.00	0.00	0.00	334	179	71	1	12725806.45	32594930.19	0.00	42	2.82	200	2.45	0.00	29	94328523.36	system	2022-03-20 00:04:08.347	system	NULL	4
ICOOL Bình Phú	3D812B47-6FA8-EC11-8111-509A4C8C9FAC	2022-03-20	6	74536200.00	71511700.00	2286300.00	0.00	738200.00	0.00	0.00	195	114	39	1	8509677.43	16002854.50	0.00	15	4	190	1.63	0.00	24	46999168.07	system	2022-03-21 00:00:44.050	system	NULL	4
ICOOL Cách Mạng Tháng 8	397D404D-6FA8-EC11-8111-509A4C8C9FAC	2022-03-20	14	77539300.00	75969160.00	1010190.00	0.00	559950.00	220304.00	0.00	158	154	55	5	21411048.38	12347014.38	0.00	18	4	250	1.9	0.00	29	42431401.24	system	2022-03-21 00:00:54.253	system	NULL	4
ICOOL Cầu Chữ Y	51084953-6FA8-EC11-8111-509A4C8C9FAC	2022-03-20	16	15317500.00	14410220.00	707940.00	0.00	199340.00	0.00	0.00	36	27	10	0	5483870.97	6776621.23	3646080.00	8	10	100	0.71	0.00	14	5795807.80	system	2022-03-21 00:01:04.377	system	NULL	4
ICOOL Đồng Đen	A5515159-6FA8-EC11-8111-509A4C8C9FAC	2022-03-20	22	66573500.00	64630960.00	1644000.00	0.00	298540.00	0.00	0.00	164	96	46	9	14480161.29	12282264.09	0.00	29	4	200	1.84	0.00	25	37868534.62	system	2022-03-21 00:01:14.497	system	NULL	4
ICOOL Dương Bá Trạc	2FD85D5F-6FA8-EC11-8111-509A4C8C9FAC	2022-03-20	7	118663600.00	116326010.00	1468000.00	57250.00	812340.00	0.00	0.00	233	194	67	4	16129032.26	22819170.99	0.00	31	4.48	300	2.58	0.00	26	77377806.75	system	2022-03-21 00:01:24.647	system	NULL	4
ICOOL Mạc Đỉnh Chi	9B41616B-6FA8-EC11-8111-509A4C8C9FAC	2022-03-20	12	94368900.00	90033670.00	2327070.00	0.00	2008160.00	159136.00	0.00	142	143	53	4	19629032.27	16591728.35	0.00	25	4	230	2.41	0.00	22	53972045.38	system	2022-03-21 00:01:44.800	system	NULL	4
ICOOL Nguyễn Sơn	19F86871-6FA8-EC11-8111-509A4C8C9FAC	2022-03-20	9	46509400.00	45017700.00	1491700.00	0.00	0.00	0.00	0.00	139	84	33	4	8732903.23	10814281.78	0.00	12	4.55	150	2.2	0.00	15	25470514.99	system	2022-03-21 00:01:54.917	system	NULL	4
ICOOL Nguyễn Trãi	2ADF6E77-6FA8-EC11-8111-509A4C8C9FAC	2022-03-20	11	18340800.00	18100800.00	240000.00	0.00	0.00	0.00	0.00	60	42	21	2	5956499.94	3546737.89	0.00	8	5.24	110	1.31	0.00	16	8597562.17	system	2022-03-21 00:02:05.023	system	NULL	4
ICOOL Nguyễn Tri Phương	DA3F7C7D-6FA8-EC11-8111-509A4C8C9FAC	2022-03-20	19	34599400.00	32762890.00	1130000.00	0.00	706510.00	0.00	0.00	92	60	28	1	7064516.12	6153193.81	0.00	16	5	140	1.75	0.00	16	19545180.07	system	2022-03-21 00:02:15.173	system	NULL	4
ICOOL Nhị Thiên Đường	4B588283-6FA8-EC11-8111-509A4C8C9FAC	2022-03-20	17	50838200.00	49511890.00	885000.00	0.00	441310.00	0.00	50000.00	93	73	31	1	8064516.14	10848316.54	0.00	17	4	150	1.94	0.00	16	30649057.32	system	2022-03-21 00:02:25.280	system	NULL	4
ICOOL Phan Chu Trinh	AA618889-6FA8-EC11-8111-509A4C8C9FAC	2022-03-20	23	31762200.00	30073500.00	1425130.00	0.00	263570.00	0.00	0.00	61	43	21	4	6568064.52	5878462.93	0.00	11	5.24	110	1.5	0.00	14	17626972.55	system	2022-03-21 00:02:35.387	system	NULL	4
ICOOL Phan Xích Long	4336968F-6FA8-EC11-8111-509A4C8C9FAC	2022-03-20	24	115901700.00	112894250.00	2410720.00	0.00	596730.00	0.00	0.00	205	193	68	6	14032258.06	22234388.92	0.00	37	3	240	2.72	0.00	25	76627603.02	system	2022-03-21 00:02:45.547	system	NULL	4
ICOOL Thành Thái	8A24979B-6FA8-EC11-8111-509A4C8C9FAC	2022-03-20	10	97769500.00	94903490.00	742300.00	0.00	2123710.00	196736.00	0.00	300	210	67	4	16774193.55	18942943.18	0.00	14	3	240	2.39	0.00	28	59383089.27	system	2022-03-21 00:03:05.683	system	NULL	4
ICOOL Tô Ký	C48A9BA1-6FA8-EC11-8111-509A4C8C9FAC	2022-03-20	5	31560500.00	30638675.00	420000.00	117625.00	384200.00	0.00	0.00	81	60	25	2	9241935.48	6889256.22	0.00	6	8	200	0.96	0.00	26	14507483.30	system	2022-03-21 00:03:15.780	system	NULL	4
ICOOL Trần Bình Trọng	F9B0A1A7-6FA8-EC11-8111-509A4C8C9FAC	2022-03-20	13	21909200.00	20935795.00	524100.00	175595.00	273710.00	0.00	0.00	47	39	18	0	9129032.26	3682378.60	0.00	4	7.22	130	1.06	0.00	17	8124384.14	system	2022-03-21 00:03:25.883	system	NULL	4
ICOOL Trần Não	4B5CB1AD-6FA8-EC11-8111-509A4C8C9FAC	2022-03-20	18	108516600.00	105508115.00	2607940.00	88025.00	312520.00	102192.00	0.00	214	161	64	3	11483870.96	20773302.94	576870.00	23	3	200	2.78	0.00	23	73930003.10	system	2022-03-21 00:03:36.053	system	NULL	4
ICOOL Ung Văn Khiêm	ED93C0B3-6FA8-EC11-8111-509A4C8C9FAC	2022-03-20	1	146438600.00	143739900.00	2698700.00	0.00	0.00	178344.00	0.00	302	247	81	4	23000000.00	26588932.41	0.00	49	4.94	400	2.02	0.00	40	94329311.59	system	2022-03-21 00:03:46.220	system	NULL	4
ICOOL Vũng Tàu	D1AFC4B9-6FA8-EC11-8111-509A4C8C9FAC	2022-03-20	25	9760200.00	9507150.00	253050.00	0.00	0.00	0.00	0.00	31	26	13	2	4682258.07	1395202.29	0.00	1	6	90	0.76	0.00	17	3429689.64	system	2022-03-21 00:03:56.313	system	NULL	4
ICOOL Xô Viết Nghệ Tĩnh	B4D0D2BF-6FA8-EC11-8111-509A4C8C9FAC	2022-03-20	4	109486400.00	106522600.00	2560500.00	277700.00	125600.00	0.00	0.00	238	155	64	1	12725806.45	23560002.22	0.00	42	3.13	200	2.21	0.00	29	70236791.33	system	2022-03-21 00:04:06.473	system	NULL	4
ICOOL Bình Phú	639FDD71-38A9-EC11-8111-509A4C8C9FAC	2022-03-21	6	26318200.00	20149085.00	1236600.00	61115.00	4871400.00	0.00	0.00	60	57	19	0	8509677.43	5124787.26	0.00	5	10	190	0.79	0.00	24	6514620.31	system	2022-03-22 00:00:44.523	system	NULL	4
ICOOL Cách Mạng Tháng 8	14D1F577-38A9-EC11-8111-509A4C8C9FAC	2022-03-21	14	54905600.00	53293300.00	1324000.00	288300.00	0.00	0.00	0.00	82	49	29	1	21411048.38	10505329.48	0.00	9	8	250	1	0.00	29	21376922.14	system	2022-03-22 00:00:54.750	system	NULL	4
ICOOL Cầu Chữ Y	4881FF7D-38A9-EC11-8111-509A4C8C9FAC	2022-03-21	16	11758700.00	11270600.00	488100.00	0.00	0.00	143525.00	0.00	31	30	11	0	5483870.97	2515372.60	0.00	4	5	60	0.79	0.00	14	3414881.43	system	2022-03-22 00:01:04.877	system	NULL	4
ICOOL Đồng Đen	8F240984-38A9-EC11-8111-509A4C8C9FAC	2022-03-21	22	26889100.00	26311080.00	275000.00	0.00	303020.00	0.00	0.00	79	47	19	1	14480161.29	5800913.89	0.00	14	10	200	0.76	0.00	25	6030004.82	system	2022-03-22 00:01:15.010	system	NULL	4
ICOOL Dương Bá Trạc	948E188A-38A9-EC11-8111-509A4C8C9FAC	2022-03-21	7	90322800.00	87997890.00	1360000.00	0.00	964910.00	0.00	0.00	158	157	52	2	16129032.26	18818419.69	0.00	26	5.77	300	2	0.00	26	53050438.05	system	2022-03-22 00:01:25.173	system	NULL	4
ICOOL Mạc Đỉnh Chi	39051796-38A9-EC11-8111-509A4C8C9FAC	2022-03-21	12	40511000.00	39098600.00	999600.00	0.00	412800.00	0.00	0.00	119	78	28	1	19629032.27	7936231.56	0.00	13	7	220	1.27	0.00	22	11533336.17	system	2022-03-22 00:01:45.300	system	NULL	4
ICOOL Nguyễn Sơn	C5311E9C-38A9-EC11-8111-509A4C8C9FAC	2022-03-21	9	24471300.00	23890680.00	320000.00	0.00	260620.00	0.00	0.00	71	54	25	4	8732903.23	5374310.90	3626061.60	8	4.4	110	1.67	0.00	15	13409527.47	system	2022-03-22 00:01:55.410	system	NULL	4
ICOOL Nguyễn Trãi	584125A2-38A9-EC11-8111-509A4C8C9FAC	2022-03-21	11	10301900.00	10191900.00	110000.00	0.00	0.00	0.00	0.00	29	18	12	0	5956499.94	2142691.61	0.00	1	6.67	80	0.75	0.00	16	2092708.45	system	2022-03-22 00:02:05.523	system	NULL	4
ICOOL Nguyễn Tri Phương	3EF02EA8-38A9-EC11-8111-509A4C8C9FAC	2022-03-21	19	14068002.00	12303002.00	1765000.00	0.00	0.00	0.00	550000.00	36	29	13	2	7064516.12	3047376.28	0.00	10	8	110	0.81	0.00	16	2741109.60	system	2022-03-22 00:02:15.653	system	NULL	4
ICOOL Nhị Thiên Đường	261733AE-38A9-EC11-8111-509A4C8C9FAC	2022-03-21	17	12282800.00	12227800.00	55000.00	0.00	0.00	0.00	0.00	38	0	9	0	8064516.14	2635943.64	0.00	3	13	120	0.56	0.00	16	1527340.22	system	2022-03-22 00:02:25.747	system	NULL	4
ICOOL Phan Chu Trinh	F5C537B4-38A9-EC11-8111-509A4C8C9FAC	2022-03-21	23	15211800.00	14501800.00	710000.00	0.00	0.00	104880.00	0.00	29	30	12	1	6568064.52	3410543.64	0.00	9	9.17	110	0.86	0.00	14	4628071.84	system	2022-03-22 00:02:35.843	system	NULL	4
ICOOL Phan Xích Long	5D6A46BA-38A9-EC11-8111-509A4C8C9FAC	2022-03-21	24	73218700.00	71077820.00	1670430.00	116150.00	354300.00	405616.00	0.00	109	140	44	2	14032258.06	15746380.42	0.00	26	4	210	1.76	0.00	25	41704797.52	system	2022-03-22 00:02:46.007	system	NULL	4
ICOOL Thành Thái	44A64AC6-38A9-EC11-8111-509A4C8C9FAC	2022-03-21	10	54169601.00	53312391.00	816420.00	40790.00	0.00	0.00	0.00	180	121	43	1	16774193.55	10999505.65	0.00	12	5	220	1.54	0.00	28	25538691.80	system	2022-03-22 00:03:06.167	system	NULL	4
ICOOL Tô Ký	A82F59CC-38A9-EC11-8111-509A4C8C9FAC	2022-03-21	5	23840100.00	22411250.00	475000.00	0.00	953850.00	0.00	0.00	67	43	13	1	9241935.48	5859209.94	0.00	3	15.38	200	0.5	0.00	26	7310104.58	system	2022-03-22 00:03:16.327	system	NULL	4
ICOOL Trần Bình Trọng	65A762D2-38A9-EC11-8111-509A4C8C9FAC	2022-03-21	13	19447500.00	17625160.00	1187740.00	0.00	634600.00	0.00	0.00	39	36	11	0	9129032.26	4265195.94	0.00	2	11.82	130	0.65	0.00	17	4230931.80	system	2022-03-22 00:03:26.457	system	NULL	4
ICOOL Trần Não	AC4C6AD8-38A9-EC11-8111-509A4C8C9FAC	2022-03-21	18	43216200.00	41890755.00	1130000.00	98655.00	96790.00	359352.00	0.00	79	56	27	3	11483870.96	8930771.16	0.00	11	7	200	1.17	0.00	23	21835464.88	system	2022-03-22 00:03:36.570	system	NULL	4
ICOOL Ung Văn Khiêm	D3417ADE-38A9-EC11-8111-509A4C8C9FAC	2022-03-21	1	88224900.00	85738000.00	1633500.00	0.00	853400.00	0.00	0.00	194	138	52	5	23000000.00	17400538.28	0.00	24	7.69	400	1.3	0.00	40	45337461.72	system	2022-03-22 00:03:46.743	system	NULL	4
ICOOL Vũng Tàu	889683E4-38A9-EC11-8111-509A4C8C9FAC	2022-03-21	25	8993800.00	8367600.00	626200.00	0.00	0.00	0.00	0.00	20	16	10	0	4682258.07	2165340.30	0.00	2	8	80	0.59	0.00	17	1520001.63	system	2022-03-22 00:03:56.870	system	NULL	4
ICOOL Xô Viết Nghệ Tĩnh	DCECA0EA-38A9-EC11-8111-509A4C8C9FAC	2022-03-21	4	47594300.00	46096950.00	1497350.00	0.00	0.00	0.00	0.00	146	83	38	0	12725806.45	10443946.88	0.00	23	5.26	200	1.31	0.00	29	22927196.67	system	2022-03-22 00:04:07.130	system	NULL	4
ICOOL Bình Phú	035611A0-01AA-EC11-8111-509A4C8C9FAC	2022-03-22	6	56625900.00	54608340.00	1759600.00	0.00	257960.00	0.00	0.00	148	112	36	3	8509677.43	13631062.52	0.00	8	5	190	1.5	0.00	24	32467600.05	system	2022-03-23 00:00:50.880	system	NULL	4
ICOOL Cách Mạng Tháng 8	A69C40A6-01AA-EC11-8111-509A4C8C9FAC	2022-03-22	14	67008200.00	65254600.00	1463900.00	0.00	289700.00	0.00	600000.00	111	94	37	1	21411048.38	13393806.35	0.00	16	6	250	1.28	0.00	29	31049745.27	system	2022-03-23 00:01:01.257	system	NULL	4
ICOOL Cầu Chữ Y	87E7A3AC-01AA-EC11-8111-509A4C8C9FAC	2022-03-22	16	21528100.00	20567950.00	585000.00	0.00	375150.00	0.00	100000.00	61	47	16	0	5483870.97	4641465.90	975000.00	1	3	60	1.14	0.00	14	11517613.13	system	2022-03-23 00:01:11.973	system	NULL	4
ICOOL Đồng Đen	8420ADB2-01AA-EC11-8111-509A4C8C9FAC	2022-03-22	22	30266000.00	29716000.00	550000.00	0.00	0.00	0.00	0.00	88	67	23	4	14480161.29	7126140.60	0.00	9	6	150	0.92	0.00	25	8109698.11	system	2022-03-23 00:01:22.100	system	NULL	4
ICOOL Dương Bá Trạc	667FD2B8-01AA-EC11-8111-509A4C8C9FAC	2022-03-22	7	98820400.00	95845290.00	1993800.00	0.00	981310.00	0.00	0.00	189	176	55	9	16129032.26	22367253.73	850000.00	17	5.45	300	2.12	0.00	26	58199004.01	system	2022-03-23 00:01:32.410	system	NULL	4
ICOOL Mạc Đỉnh Chi	ADE8D8C4-01AA-EC11-8111-509A4C8C9FAC	2022-03-22	12	57687900.00	55848520.00	1299750.00	79360.00	460270.00	0.00	0.00	126	129	38	6	19629032.27	11809194.15	0.00	18	5	220	1.73	0.00	22	24410293.58	system	2022-03-23 00:01:52.587	system	NULL	4
ICOOL Nguyễn Sơn	8F16F6CA-01AA-EC11-8111-509A4C8C9FAC	2022-03-22	9	27922300.00	27294320.00	275000.00	0.00	352980.00	0.00	0.00	70	61	22	4	8732903.23	6541963.22	0.00	11	5.45	120	1.47	0.00	15	12019453.55	system	2022-03-23 00:02:02.843	system	NULL	4
ICOOL Nguyễn Trãi	BFEB38D1-01AA-EC11-8111-509A4C8C9FAC	2022-03-22	11	12574400.00	12519400.00	55000.00	0.00	0.00	0.00	0.00	35	19	11	0	5956499.94	2730831.92	0.00	5	6.36	70	0.69	0.00	16	3832068.14	system	2022-03-23 00:02:13.347	system	NULL	4
ICOOL Nguyễn Tri Phương	872A41D7-01AA-EC11-8111-509A4C8C9FAC	2022-03-22	19	11495000.00	10184000.00	1311000.00	0.00	0.00	0.00	0.00	47	34	21	1	7064516.12	1828170.94	0.00	5	5	110	1.31	0.00	16	1291312.94	system	2022-03-23 00:02:23.467	system	NULL	4
ICOOL Nhị Thiên Đường	C3846BDD-01AA-EC11-8111-509A4C8C9FAC	2022-03-22	17	29678100.00	28580660.00	620000.00	0.00	477440.00	0.00	0.00	50	49	19	0	8064516.14	6864633.58	0.00	7	6	120	1.19	0.00	16	13651510.28	system	2022-03-23 00:02:33.810	system	NULL	4
ICOOL Phan Chu Trinh	60AE94E3-01AA-EC11-8111-509A4C8C9FAC	2022-03-22	23	8093700.00	7895100.00	198600.00	0.00	0.00	0.00	0.00	19	17	7	2	6568064.52	1652776.94	0.00	5	15.71	110	0.5	0.00	14	-325741.46	system	2022-03-23 00:02:44.150	system	NULL	4
ICOOL Phan Xích Long	1DCCC2E9-01AA-EC11-8111-509A4C8C9FAC	2022-03-22	24	68813500.00	66494850.00	1746600.00	0.00	572050.00	0.00	0.00	140	105	42	7	14032258.06	14764018.08	0.00	17	5	210	1.68	0.00	25	37698573.86	system	2022-03-23 00:02:54.517	system	NULL	4
ICOOL Thành Thái	7EFBD9F5-01AA-EC11-8111-509A4C8C9FAC	2022-03-22	10	68123200.00	65672320.00	1455900.00	403400.00	591580.00	0.00	0.00	144	131	49	6	16774193.55	14607172.03	0.00	15	4	220	1.75	0.00	28	34290954.42	system	2022-03-23 00:03:14.800	system	NULL	4
ICOOL Tô Ký	0C12F6FB-01AA-EC11-8111-509A4C8C9FAC	2022-03-22	5	15410800.00	14934670.00	314250.00	0.00	161880.00	0.00	0.00	37	40	14	1	9241935.48	3297700.30	0.00	0	14.29	200	0.54	0.00	26	2395034.22	system	2022-03-23 00:03:25.050	system	NULL	4
ICOOL Trần Bình Trọng	BE7A2202-02AA-EC11-8111-509A4C8C9FAC	2022-03-22	13	15028300.00	14114630.00	740880.00	0.00	172790.00	0.00	0.00	27	56	17	2	9129032.26	3187928.62	0.00	1	7.65	130	1	0.00	17	1797669.12	system	2022-03-23 00:03:35.410	system	NULL	4
ICOOL Trần Não	855F2E08-02AA-EC11-8111-509A4C8C9FAC	2022-03-22	18	81451700.00	80374060.00	1077640.00	0.00	0.00	0.00	0.00	194	129	48	5	11483870.96	16402789.99	0.00	16	3	190	2.09	0.00	23	52487399.05	system	2022-03-23 00:03:45.553	system	NULL	4
ICOOL Ung Văn Khiêm	31A9820E-02AA-EC11-8111-509A4C8C9FAC	2022-03-22	1	74811100.00	73634100.00	1177000.00	0.00	0.00	318632.00	0.00	184	125	47	2	23000000.00	14240727.37	0.00	29	8.51	400	1.18	0.00	40	36712004.63	system	2022-03-23 00:03:56.170	system	NULL	4
ICOOL Vũng Tàu	64D8F414-02AA-EC11-8111-509A4C8C9FAC	2022-03-22	25	9610700.00	9227450.00	383250.00	0.00	0.00	0.00	0.00	18	24	10	0	4682258.07	1987678.64	0.00	6	8	80	0.59	0.00	17	2557513.29	system	2022-03-23 00:04:06.987	system	NULL	4
ICOOL Xô Viết Nghệ Tĩnh	85AE2E1B-02AA-EC11-8111-509A4C8C9FAC	2022-03-22	4	43226700.00	41580700.00	1549350.00	96650.00	0.00	171488.00	0.00	124	74	34	2	12725806.45	8904828.86	0.00	17	5.88	200	1.17	0.00	29	20121552.69	system	2022-03-23 00:04:17.430	system	NULL	4
ICOOL Bình Phú	8418C2CA-CAAA-EC11-8111-509A4C8C9FAC	2022-03-23	6	40583900.00	38646100.00	1499500.00	0.00	438300.00	0.00	0.00	99	88	30	3	8509677.43	8596529.53	0.00	15	6	190	1.25	0.00	24	21539893.04	system	2022-03-24 00:00:51.347	system	NULL	4
ICOOL Cách Mạng Tháng 8	94FB00D1-CAAA-EC11-8111-509A4C8C9FAC	2022-03-23	14	83924100.00	82264310.00	1491600.00	0.00	168190.00	251884.80	50000.00	165	139	52	2	21411048.38	15450772.32	0.00	8	4	250	1.79	0.00	29	45704374.10	system	2022-03-24 00:01:01.823	system	NULL	4
ICOOL Cầu Chữ Y	E0F90FD7-CAAA-EC11-8111-509A4C8C9FAC	2022-03-23	16	14307900.00	13434310.00	502050.00	0.00	371540.00	0.00	0.00	39	32	11	0	5483870.97	3570429.93	0.00	5	6	70	0.79	0.00	14	4380009.10	system	2022-03-24 00:01:11.990	system	NULL	4
ICOOL Đồng Đen	AA1119DD-CAAA-EC11-8111-509A4C8C9FAC	2022-03-23	22	29452700.00	29177700.00	275000.00	0.00	0.00	0.00	0.00	78	44	22	4	14480161.29	6768482.56	0.00	11	7	160	0.88	0.00	25	7929056.15	system	2022-03-24 00:01:22.113	system	NULL	4
ICOOL Dương Bá Trạc	67B52AE3-CAAA-EC11-8111-509A4C8C9FAC	2022-03-23	7	85188800.00	83332110.00	1126600.00	0.00	730090.00	0.00	0.00	213	148	51	7	16129032.26	18370353.35	0.00	18	5.88	300	1.96	0.00	26	48832724.39	system	2022-03-24 00:01:32.297	system	NULL	4
ICOOL Mạc Đỉnh Chi	C7C12FEF-CAAA-EC11-8111-509A4C8C9FAC	2022-03-23	12	81985500.00	76721710.00	3725950.00	0.00	1537840.00	132440.00	0.00	193	125	38	7	19629032.27	15545389.93	7290.00	17	5	220	1.73	0.00	22	41687017.80	system	2022-03-24 00:01:52.460	system	NULL	4
ICOOL Nguyễn Sơn	FB8B39F5-CAAA-EC11-8111-509A4C8C9FAC	2022-03-23	9	34630300.00	33396500.00	1008000.00	0.00	225800.00	0.00	0.00	103	66	27	0	8732903.23	8836707.18	0.00	2	4.44	120	1.8	0.00	15	15826889.59	system	2022-03-24 00:02:02.593	system	NULL	4
ICOOL Nguyễn Trãi	098F43FB-CAAA-EC11-8111-509A4C8C9FAC	2022-03-23	11	23235000.00	22960900.00	220000.00	54100.00	0.00	0.00	0.00	69	37	17	2	5956499.94	5253626.21	0.00	7	5.29	90	1.06	0.00	16	11750773.86	system	2022-03-24 00:02:12.727	system	NULL	4
ICOOL Nguyễn Tri Phương	2FB54E01-CBAA-EC11-8111-509A4C8C9FAC	2022-03-23	19	13382100.00	12077780.00	1076600.00	0.00	227720.00	0.00	0.00	44	35	20	4	7064516.12	2333019.63	0.00	7	5	110	1.25	0.00	16	2680244.25	system	2022-03-24 00:02:22.863	system	NULL	4
ICOOL Nhị Thiên Đường	93EC5E07-CBAA-EC11-8111-509A4C8C9FAC	2022-03-23	17	21752200.00	21226740.00	455000.00	0.00	70460.00	0.00	0.00	45	28	14	4	8064516.14	4784598.61	0.00	2	8	120	0.88	0.00	16	8377625.25	system	2022-03-24 00:02:33.037	system	NULL	4
ICOOL Phan Chu Trinh	4DB9660D-CBAA-EC11-8111-509A4C8C9FAC	2022-03-23	23	18687000.00	18177000.00	510000.00	0.00	0.00	0.00	165000.00	43	28	17	3	6568064.52	3666247.58	0.00	1	6.47	110	1.21	0.00	14	8107687.90	system	2022-03-24 00:02:43.153	system	NULL	4
ICOOL Phan Xích Long	AAB97313-CBAA-EC11-8111-509A4C8C9FAC	2022-03-23	24	96036100.00	91507390.00	2665890.00	0.00	1862820.00	417924.00	0.00	151	182	56	10	14032258.06	20517720.62	0.00	30	3	210	2.24	0.00	25	57375335.32	system	2022-03-24 00:02:53.307	system	NULL	4
ICOOL Thành Thái	0D6C961F-CBAA-EC11-8111-509A4C8C9FAC	2022-03-23	10	59081100.00	57421410.00	1535370.00	0.00	124320.00	99504.00	0.00	136	117	44	6	16774193.55	11781401.75	0.00	12	5	220	1.57	0.00	28	28965318.70	system	2022-03-24 00:03:13.667	system	NULL	4
ICOOL Tô Ký	E6BAA625-CBAA-EC11-8111-509A4C8C9FAC	2022-03-23	5	21776200.00	21231250.00	375000.00	0.00	169950.00	260008.00	0.00	47	53	17	1	9241935.48	4882640.91	0.00	1	11.76	200	0.65	0.00	26	7366681.61	system	2022-03-24 00:03:23.840	system	NULL	4
ICOOL Trần Bình Trọng	25E3AB2B-CBAA-EC11-8111-509A4C8C9FAC	2022-03-23	13	17976500.00	17110170.00	685650.00	0.00	180680.00	0.00	0.00	35	39	11	0	9129032.26	3375164.63	0.00	2	10.91	120	0.65	0.00	17	4605973.11	system	2022-03-24 00:03:33.940	system	NULL	4
ICOOL Trần Não	A4BDB831-CBAA-EC11-8111-509A4C8C9FAC	2022-03-23	18	66636900.00	65431900.00	1205000.00	0.00	0.00	256792.00	89000.00	123	126	46	3	11483870.96	13006547.03	0.00	17	4	200	2	0.00	23	41287274.01	system	2022-03-24 00:03:44.090	system	NULL	4
ICOOL Ung Văn Khiêm	A4A2CA37-CBAA-EC11-8111-509A4C8C9FAC	2022-03-23	1	92166600.00	89797014.00	1941440.00	176546.00	251600.00	252296.00	0.00	224	205	54	0	23000000.00	19358844.25	0.00	22	7.41	400	1.35	0.00	40	47690465.75	system	2022-03-24 00:03:54.273	system	NULL	4
ICOOL Vũng Tàu	4D29D23D-CBAA-EC11-8111-509A4C8C9FAC	2022-03-23	25	15242600.00	13776760.00	1024200.00	0.00	441640.00	0.00	0.00	58	35	13	1	4682258.07	3596257.25	0.00	1	6	80	0.76	0.00	17	5498244.68	system	2022-03-24 00:04:04.390	system	NULL	4
ICOOL Xô Viết Nghệ Tĩnh	BAAADC43-CBAA-EC11-8111-509A4C8C9FAC	2022-03-23	4	56373600.00	54231600.00	2142000.00	0.00	0.00	0.00	0.00	138	82	41	8	12725806.45	12629017.10	0.00	18	4.88	200	1.41	0.00	29	28876776.45	system	2022-03-24 00:04:14.523	system	NULL	4
ICOOL Bình Phú	398F7BF5-93AB-EC11-8111-509A4C8C9FAC	2022-03-24	6	51271700.00	48304455.00	1218800.00	144625.00	1603820.00	0.00	0.00	141	82	31	2	8509677.43	12153419.86	0.00	6	6	190	1.29	0.00	24	27641357.71	system	2022-03-25 00:00:51.867	system	NULL	4
ICOOL Cách Mạng Tháng 8	473097FB-93AB-EC11-8111-509A4C8C9FAC	2022-03-24	14	100500000.00	97203850.00	2670000.00	0.00	626150.00	399336.00	0.00	195	133	57	6	21411048.38	19123849.64	0.00	17	4	250	1.97	0.00	29	57068287.98	system	2022-03-25 00:01:02.117	system	NULL	4
ICOOL Cầu Chữ Y	AED19F01-94AB-EC11-8111-509A4C8C9FAC	2022-03-24	16	14763500.00	13827875.00	461000.00	67625.00	407000.00	0.00	0.00	42	37	13	2	5483870.97	3372614.92	0.00	2	5.38	70	0.93	0.00	14	4971389.11	system	2022-03-25 00:01:12.237	system	NULL	4
ICOOL Đồng Đen	9262AF07-94AB-EC11-8111-509A4C8C9FAC	2022-03-24	22	38177000.00	37597850.00	550000.00	29150.00	0.00	0.00	0.00	102	74	26	3	14480161.29	9033584.85	0.00	8	7	190	1.04	0.00	25	14084103.86	system	2022-03-25 00:01:22.407	system	NULL	4
ICOOL Dương Bá Trạc	25D1C20D-94AB-EC11-8111-509A4C8C9FAC	2022-03-24	7	111015000.00	107687460.00	3074600.00	136180.00	116760.00	424064.00	0.00	220	200	64	4	16129032.26	24578137.25	0.00	13	4.69	300	2.46	0.00	26	67404354.49	system	2022-03-25 00:01:32.600	system	NULL	4
ICOOL Mạc Đỉnh Chi	0C78C719-94AB-EC11-8111-509A4C8C9FAC	2022-03-24	12	79173700.00	76378050.00	2085230.00	0.00	710420.00	311816.00	0.00	162	121	41	3	19629032.27	15419899.38	0.00	16	6	260	1.86	0.00	22	41640934.35	system	2022-03-25 00:01:52.763	system	NULL	4
ICOOL Nguyễn Sơn	8D88CF1F-94AB-EC11-8111-509A4C8C9FAC	2022-03-24	9	34034100.00	32748400.00	1074000.00	0.00	211700.00	0.00	0.00	93	77	31	4	8732903.23	8820656.35	585043.85	20	3.87	120	2.07	0.00	15	15779884.27	system	2022-03-25 00:02:02.883	system	NULL	4
ICOOL Nguyễn Trãi	D124DB25-94AB-EC11-8111-509A4C8C9FAC	2022-03-24	11	10992400.00	10457950.00	269000.00	0.00	265450.00	0.00	0.00	32	17	10	2	5956499.94	2544761.62	0.00	2	10	100	0.63	0.00	16	1956688.44	system	2022-03-25 00:02:13.027	system	NULL	4
ICOOL Nguyễn Tri Phương	4C45E22B-94AB-EC11-8111-509A4C8C9FAC	2022-03-24	19	13278700.00	11553700.00	1725000.00	0.00	0.00	0.00	0.00	46	29	16	2	7064516.12	2378855.88	0.00	7	6	110	1	0.00	16	2110328.00	system	2022-03-25 00:02:23.137	system	NULL	4
ICOOL Nhị Thiên Đường	F7F9E731-94AB-EC11-8111-509A4C8C9FAC	2022-03-24	17	23954800.00	22970200.00	778000.00	0.00	206600.00	0.00	100000.00	57	25	16	1	8064516.14	5510047.91	0.00	5	9	150	1	0.00	16	9495635.95	system	2022-03-25 00:02:33.240	system	NULL	4
ICOOL Phan Chu Trinh	6F6EF037-94AB-EC11-8111-509A4C8C9FAC	2022-03-24	23	20945500.00	20036710.00	585000.00	0.00	323790.00	153736.00	0.00	30	29	14	2	6568064.52	4580119.63	0.00	3	7.86	110	1	0.00	14	9042261.85	system	2022-03-25 00:02:43.363	system	NULL	4
ICOOL Phan Xích Long	F09AFF3D-94AB-EC11-8111-509A4C8C9FAC	2022-03-24	24	84808801.00	81650301.00	2564400.00	223870.00	370230.00	86160.00	0.00	137	150	56	5	14032258.06	17690168.06	0.00	28	3.75	210	2.24	0.00	25	50014034.88	system	2022-03-25 00:02:53.530	system	NULL	4
ICOOL Thành Thái	FBE1024A-94AB-EC11-8111-509A4C8C9FAC	2022-03-24	10	56424300.00	54926300.00	1335000.00	0.00	163000.00	165360.00	0.00	143	167	45	3	16774193.55	10559257.35	0.00	15	4	220	1.61	0.00	28	27758209.10	system	2022-03-25 00:03:13.683	system	NULL	4
ICOOL Tô Ký	689A0B50-94AB-EC11-8111-509A4C8C9FAC	2022-03-24	5	13298000.00	12891660.00	165000.00	0.00	241340.00	0.00	0.00	36	27	12	2	9241935.48	2741113.93	0.00	1	16.67	200	0.46	0.00	26	908610.59	system	2022-03-25 00:03:23.807	system	NULL	4
ICOOL Trần Bình Trọng	0C071556-94AB-EC11-8111-509A4C8C9FAC	2022-03-24	13	27564600.00	26084980.00	1020220.00	0.00	459400.00	0.00	0.00	78	64	22	1	9129032.26	6191584.58	0.00	6	6.82	150	1.29	0.00	17	10764363.16	system	2022-03-25 00:03:33.933	system	NULL	4
ICOOL Trần Não	1A33255C-94AB-EC11-8111-509A4C8C9FAC	2022-03-24	18	104070200.00	100955800.00	3114400.00	0.00	0.00	386592.00	0.00	167	165	51	5	11483870.96	23369745.21	0.00	22	4	210	2.22	0.00	23	66488775.83	system	2022-03-25 00:03:44.107	system	NULL	4
ICOOL Ung Văn Khiêm	46643462-94AB-EC11-8111-509A4C8C9FAC	2022-03-24	1	108353800.00	104405690.00	2448000.00	89600.00	1410510.00	48616.00	0.00	270	188	64	3	23000000.00	21638160.11	0.00	32	6.25	400	1.6	0.00	40	59816145.89	system	2022-03-25 00:03:54.273	system	NULL	4
ICOOL Vũng Tàu	5B143D68-94AB-EC11-8111-509A4C8C9FAC	2022-03-24	25	17700600.00	17190420.00	218000.00	0.00	292180.00	0.00	0.00	44	44	15	1	4682258.07	4036370.95	0.00	3	6	90	0.88	0.00	17	8471790.98	system	2022-03-25 00:04:04.397	system	NULL	4
ICOOL Xô Viết Nghệ Tĩnh	8611416E-94AB-EC11-8111-509A4C8C9FAC	2022-03-24	4	35655300.00	33629030.00	1756550.00	0.00	269720.00	0.00	0.00	108	80	36	6	12725806.45	6802991.82	0.00	23	5.56	200	1.24	0.00	29	14100231.73	system	2022-03-25 00:04:14.490	system	NULL	4
ICOOL Bình Phú	66FD2920-5DAC-EC11-8111-509A4C8C9FAC	2022-03-25	6	42522700.00	39346340.00	1517400.00	106800.00	1552160.00	0.00	0.00	95	75	24	2	8509677.43	9308443.59	0.00	12	10	240	1	0.00	24	21528218.98	system	2022-03-26 00:00:52.320	system	NULL	4
ICOOL Cách Mạng Tháng 8	868D4F26-5DAC-EC11-8111-509A4C8C9FAC	2022-03-25	14	132717600.00	129269190.00	2435000.00	133270.00	880140.00	639088.00	0.00	222	205	62	2	21411048.38	25316210.87	0.00	17	4	290	2.14	0.00	29	83181018.75	system	2022-03-26 00:01:02.630	system	NULL	4
ICOOL Cầu Chữ Y	40DF602C-5DAC-EC11-8111-509A4C8C9FAC	2022-03-25	16	22140300.00	21740300.00	400000.00	0.00	0.00	147744.00	0.00	44	40	17	3	5483870.97	4075713.60	0.00	3	5.29	90	1.21	0.00	14	12328459.44	system	2022-03-26 00:01:12.810	system	NULL	4
ICOOL Đồng Đen	F87C6A32-5DAC-EC11-8111-509A4C8C9FAC	2022-03-25	22	67031800.00	66010490.00	779800.00	0.00	241510.00	0.00	0.00	167	108	43	8	14480161.29	13047509.81	0.00	14	4	210	1.72	0.00	25	38482818.90	system	2022-03-26 00:01:22.940	system	NULL	4
ICOOL Dương Bá Trạc	1EB57638-5DAC-EC11-8111-509A4C8C9FAC	2022-03-25	7	114500100.00	111000175.00	2429400.00	84300.00	986225.00	315944.00	0.00	232	197	57	6	16129032.26	24711936.99	0.00	20	5.26	300	2.19	0.00	26	70475149.75	system	2022-03-26 00:01:33.087	system	NULL	4
ICOOL Mạc Đỉnh Chi	27768144-5DAC-EC11-8111-509A4C8C9FAC	2022-03-25	12	135692800.00	131302030.00	3557710.00	0.00	833060.00	404903.00	0.00	262	245	63	11	19629032.27	27011849.10	0.00	26	4	260	2.86	0.00	22	85066051.63	system	2022-03-26 00:01:53.290	system	NULL	4
ICOOL Nguyễn Sơn	B5938A4A-5DAC-EC11-8111-509A4C8C9FAC	2022-03-25	9	34940300.00	33810400.00	757000.00	0.00	372900.00	144000.00	0.00	118	54	25	1	8732903.23	7847633.53	0.00	11	6	150	1.67	0.00	15	17373863.24	system	2022-03-26 00:02:03.417	system	NULL	4
ICOOL Nguyễn Trãi	05119950-5DAC-EC11-8111-509A4C8C9FAC	2022-03-25	11	40826700.00	39736700.00	1090000.00	0.00	0.00	0.00	0.00	93	74	29	2	5956499.94	8139700.80	0.00	4	3.79	110	1.81	0.00	16	25640499.26	system	2022-03-26 00:02:13.577	system	NULL	4
ICOOL Nguyễn Tri Phương	739DA656-5DAC-EC11-8111-509A4C8C9FAC	2022-03-25	19	37141100.00	35475380.00	1363000.00	0.00	302720.00	0.00	0.00	107	61	24	3	7064516.12	7789687.84	0.00	5	5	140	1.5	0.00	16	20621176.04	system	2022-03-26 00:02:23.730	system	NULL	4
ICOOL Nhị Thiên Đường	4A05AC5C-5DAC-EC11-8111-509A4C8C9FAC	2022-03-25	17	26616400.00	25896650.00	180000.00	0.00	539750.00	325008.00	0.00	59	35	15	0	8064516.14	5933199.92	0.00	5	10	160	0.94	0.00	16	12223941.94	system	2022-03-26 00:02:33.833	system	NULL	4
ICOOL Phan Chu Trinh	22B1B362-5DAC-EC11-8111-509A4C8C9FAC	2022-03-25	23	35199900.00	33589080.00	1255800.00	0.00	355020.00	0.00	0.00	61	52	22	2	6568064.52	6689658.51	0.00	6	5	110	1.57	0.00	14	20331356.97	system	2022-03-26 00:02:43.950	system	NULL	4
ICOOL Phan Xích Long	041ACB68-5DAC-EC11-8111-509A4C8C9FAC	2022-03-25	24	129201000.00	124655105.00	3116510.00	39475.00	1389910.00	0.00	0.00	221	247	68	8	14032258.06	25268480.20	0.00	31	3	250	2.72	0.00	25	85354366.74	system	2022-03-26 00:02:54.170	system	NULL	4
ICOOL Thành Thái	63592975-5DAC-EC11-8111-509A4C8C9FAC	2022-03-25	10	99537100.00	97036150.00	1887270.00	0.00	613680.00	320096.00	0.00	267	172	53	7	16774193.55	19913732.62	0.00	13	4	230	1.89	0.00	28	60668319.83	system	2022-03-26 00:03:14.920	system	NULL	4
ICOOL Tô Ký	212E367B-5DAC-EC11-8111-509A4C8C9FAC	2022-03-25	5	21438600.00	20384000.00	530000.00	0.00	524600.00	0.00	0.00	45	54	13	0	9241935.48	4719963.26	0.00	2	15.38	200	0.5	0.00	26	6422101.26	system	2022-03-26 00:03:25.070	system	NULL	4
ICOOL Trần Bình Trọng	360D4281-5DAC-EC11-8111-509A4C8C9FAC	2022-03-25	13	46143501.00	44832411.00	1138400.00	0.00	172690.00	0.00	0.00	87	99	32	1	9129032.26	9079989.18	0.00	6	4.69	150	1.88	0.00	17	26623389.56	system	2022-03-26 00:03:35.213	system	NULL	4
ICOOL Trần Não	E5C75187-5DAC-EC11-8111-509A4C8C9FAC	2022-03-25	18	106503400.00	104261650.00	1907240.00	187700.00	146810.00	770472.00	0.00	188	179	58	6	11483870.96	20309837.25	47000.00	19	4	260	2.52	0.00	23	73285413.79	system	2022-03-26 00:03:45.383	system	NULL	4
ICOOL Ung Văn Khiêm	62E9678D-5DAC-EC11-8111-509A4C8C9FAC	2022-03-25	1	178708100.00	174922110.00	3605000.00	0.00	180990.00	980408.00	0.00	369	304	81	10	23000000.00	36025467.92	0.00	38	4.94	400	2.02	0.00	40	116877050.08	system	2022-03-26 00:03:55.597	system	NULL	4
ICOOL Vũng Tàu	24877593-5DAC-EC11-8111-509A4C8C9FAC	2022-03-25	25	29373200.00	28671200.00	702000.00	0.00	0.00	173536.00	0.00	72	56	23	1	4682258.07	6899528.28	0.00	7	4	100	1.35	0.00	17	17262949.65	system	2022-03-26 00:04:05.750	system	NULL	4
ICOOL Xô Viết Nghệ Tĩnh	734B8F99-5DAC-EC11-8111-509A4C8C9FAC	2022-03-25	4	100544100.00	98052220.00	2298000.00	0.00	193880.00	143280.00	0.00	287	175	65	4	12725806.45	20335792.62	0.00	20	3.08	200	2.24	0.00	29	65133900.93	system	2022-03-26 00:04:15.987	system	NULL	4
ICOOL Bình Phú	198DDF4A-26AD-EC11-8111-509A4C8C9FAC	2022-03-26	6	125951800.00	122085430.00	3251300.00	150100.00	464970.00	0.00	0.00	301	219	70	3	8509677.43	27378013.27	0.00	14	3	220	2.92	0.00	24	86197739.30	system	2022-03-27 00:00:52.813	system	NULL	4
ICOOL Cách Mạng Tháng 8	0E1A0651-26AD-EC11-8111-509A4C8C9FAC	2022-03-26	14	138516000.00	134650390.00	1917000.00	55100.00	1893510.00	193792.00	357000.00	228	186	73	2	21411048.38	25380903.39	0.00	9	4	300	2.52	0.00	29	88409230.23	system	2022-03-27 00:01:03.133	system	NULL	4
ICOOL Cầu Chữ Y	740E0E57-26AD-EC11-8111-509A4C8C9FAC	2022-03-26	16	25855502.00	23358521.00	325000.00	0.00	2171981.10	0.00	0.00	76	80	25	7	5483870.97	4678323.89	0.00	6	3.2	80	1.79	0.00	14	13196326.14	system	2022-03-27 00:01:13.250	system	NULL	4
ICOOL Đồng Đen	89331D5D-26AD-EC11-8111-509A4C8C9FAC	2022-03-26	22	105561700.00	101863265.00	2106050.00	0.00	1592385.00	0.00	0.00	254	193	64	6	14480161.29	21835768.93	0.00	20	3	210	2.56	0.00	25	65547334.78	system	2022-03-27 00:01:23.417	system	NULL	4
ICOOL Dương Bá Trạc	2C2F2A63-26AD-EC11-8111-509A4C8C9FAC	2022-03-26	7	153269900.00	150298760.00	1678000.00	94460.00	1198680.00	567064.00	0.00	278	277	80	8	16129032.26	31395075.17	0.00	22	3.75	300	3.08	0.00	26	103341716.57	system	2022-03-27 00:01:33.570	system	NULL	4
ICOOL Mạc Đỉnh Chi	3C06316F-26AD-EC11-8111-509A4C8C9FAC	2022-03-26	12	121686400.00	117438010.00	3200760.00	0.00	1047630.00	599952.00	0.00	262	190	64	5	19629032.27	22828503.74	0.00	23	4	260	2.91	0.00	22	75580425.99	system	2022-03-27 00:01:53.747	system	NULL	4
ICOOL Nguyễn Sơn	E1863F75-26AD-EC11-8111-509A4C8C9FAC	2022-03-26	9	68141400.00	66451600.00	1470800.00	0.00	219000.00	0.00	0.00	212	96	44	3	8732903.23	16984413.43	0.00	7	3.41	150	2.93	0.00	15	40734283.34	system	2022-03-27 00:02:03.910	system	NULL	4
ICOOL Nguyễn Trãi	F669567B-26AD-EC11-8111-509A4C8C9FAC	2022-03-26	11	45679400.00	45089400.00	540000.00	0.00	50000.00	0.00	0.00	114	87	33	4	5956499.94	9806445.81	0.00	11	3.33	110	2.06	0.00	16	29326454.25	system	2022-03-27 00:02:14.123	system	NULL	4
ICOOL Nguyễn Tri Phương	18266381-26AD-EC11-8111-509A4C8C9FAC	2022-03-26	19	53987800.00	51712960.00	1910800.00	36500.00	327540.00	0.00	0.00	160	87	37	2	7064516.12	11501125.76	0.00	23	3	130	2.31	0.00	16	33147318.12	system	2022-03-27 00:02:24.273	system	NULL	4
ICOOL Nhị Thiên Đường	8A976987-26AD-EC11-8111-509A4C8C9FAC	2022-03-26	17	55112200.00	53339170.00	1050000.00	0.00	723030.00	0.00	0.00	102	62	31	3	8064516.14	11900146.53	0.00	3	4	150	1.94	0.00	16	33374507.33	system	2022-03-27 00:02:34.383	system	NULL	4
ICOOL Phan Chu Trinh	8322708D-26AD-EC11-8111-509A4C8C9FAC	2022-03-26	23	34103600.00	32877410.00	1044970.00	0.00	181220.00	0.00	1713000.00	77	61	19	5	6568064.52	7813429.50	0.00	3	5.79	110	1.36	0.00	14	20208915.98	system	2022-03-27 00:02:44.493	system	NULL	4
ICOOL Phan Xích Long	20107F93-26AD-EC11-8111-509A4C8C9FAC	2022-03-26	24	148023200.00	142808080.00	4058100.00	0.00	1157020.00	0.00	0.00	273	321	80	7	14032258.06	27613801.75	0.00	30	3	250	3.2	0.00	25	101162020.19	system	2022-03-27 00:02:54.657	system	NULL	4
ICOOL Thành Thái	DF990FA0-26AD-EC11-8111-509A4C8C9FAC	2022-03-26	10	127809800.00	123721215.00	3014385.00	0.00	1074200.00	393930.00	0.00	446	234	81	9	16774193.55	24216544.04	0.00	33	2	230	2.89	0.00	28	83124407.41	system	2022-03-27 00:03:15.737	system	NULL	4
ICOOL Tô Ký	67281DA6-26AD-EC11-8111-509A4C8C9FAC	2022-03-26	5	88701300.00	85047650.00	2040620.00	45920.00	1567110.00	0.00	0.00	206	193	49	3	9241935.48	20368426.34	0.00	3	4.08	200	1.88	0.00	26	55437288.18	system	2022-03-27 00:03:25.893	system	NULL	4
ICOOL Trần Bình Trọng	65882AAC-26AD-EC11-8111-509A4C8C9FAC	2022-03-26	13	53682300.00	51559410.00	1487310.00	162380.00	473200.00	109664.00	0.00	108	118	32	2	9129032.26	10618174.79	0.00	8	4.69	150	1.88	0.00	17	31921866.95	system	2022-03-27 00:03:36.047	system	NULL	4
ICOOL Trần Não	FE8D74B2-26AD-EC11-8111-509A4C8C9FAC	2022-03-26	18	124911900.00	122934380.00	1934360.00	0.00	43160.00	511048.00	0.00	188	183	60	3	11483870.96	26123497.45	47000.00	31	4	260	2.61	0.00	23	85885059.59	system	2022-03-27 00:03:46.597	system	NULL	4
ICOOL Ung Văn Khiêm	B3E68BB8-26AD-EC11-8111-509A4C8C9FAC	2022-03-26	1	201493000.00	194051265.00	3917000.00	295215.00	3229520.00	369496.00	0.00	424	330	95	6	23000000.00	40535749.60	0.00	29	4.21	400	2.38	0.00	40	130885011.40	system	2022-03-27 00:03:56.817	system	NULL	4
ICOOL Vũng Tàu	501E94BE-26AD-EC11-8111-509A4C8C9FAC	2022-03-26	25	52048800.00	51105560.00	735000.00	0.00	208240.00	441264.00	0.00	151	110	36	0	4682258.07	10897783.36	0.00	5	2	90	2.12	0.00	17	35966782.57	system	2022-03-27 00:04:06.937	system	NULL	4
ICOOL Xô Viết Nghệ Tĩnh	70FBBEC4-26AD-EC11-8111-509A4C8C9FAC	2022-03-26	4	140629200.00	137241840.00	2739000.00	98920.00	549440.00	370936.00	0.00	349	207	82	11	12725806.45	31215416.72	395600.00	42	2.44	200	2.83	0.00	29	94067152.83	system	2022-03-27 00:04:17.283	system	NULL	4
ICOOL Bình Phú	11669675-EFAD-EC11-8111-509A4C8C9FAC	2022-03-27	6	83129100.00	80657110.00	2265400.00	83860.00	122730.00	0.00	0.00	201	181	51	2	8509677.43	17643033.72	0.00	19	4	220	2.13	0.00	24	54504398.85	system	2022-03-28 00:00:53.320	system	NULL	4
ICOOL Cách Mạng Tháng 8	DFC1B37B-EFAD-EC11-8111-509A4C8C9FAC	2022-03-27	14	87883500.00	85827710.00	1298000.00	39750.00	718040.00	465548.80	500000.00	180	152	49	4	21411048.38	14949195.98	0.00	15	5	250	1.69	0.00	29	50433014.44	system	2022-03-28 00:01:03.580	system	NULL	4
ICOOL Cầu Chữ Y	1D4BBE81-EFAD-EC11-8111-509A4C8C9FAC	2022-03-27	16	29514000.00	28512480.00	879000.00	0.00	122520.00	0.00	0.00	73	51	22	0	5483870.97	5900576.24	0.00	3	3.64	80	1.57	0.00	14	17128032.79	system	2022-03-28 00:01:13.713	system	NULL	4
ICOOL Đồng Đen	8188CB87-EFAD-EC11-8111-509A4C8C9FAC	2022-03-27	22	75743300.00	72024800.00	2623800.00	0.00	1094700.00	0.00	0.00	159	130	45	3	14480161.29	16521351.48	0.00	28	4	200	1.8	0.00	25	41023287.23	system	2022-03-28 00:01:23.867	system	NULL	4
ICOOL Dương Bá Trạc	5E2ADF8D-EFAD-EC11-8111-509A4C8C9FAC	2022-03-27	7	135820800.00	131834390.00	1742670.00	0.00	2243740.00	128160.00	0.00	265	239	76	9	16129032.26	27507621.86	905234.00	39	3.95	300	2.92	0.00	26	89231129.88	system	2022-03-28 00:01:34.063	system	NULL	4
ICOOL Mạc Đỉnh Chi	1C86E899-EFAD-EC11-8111-509A4C8C9FAC	2022-03-27	12	97360900.00	94351350.00	2696970.00	0.00	312580.00	739304.00	0.00	201	194	52	4	19629032.27	17417773.31	0.00	24	4	230	2.36	0.00	22	58043848.42	system	2022-03-28 00:01:54.257	system	NULL	4
ICOOL Nguyễn Sơn	4465F59F-EFAD-EC11-8111-509A4C8C9FAC	2022-03-27	9	52732900.00	51653830.00	960000.00	0.00	119070.00	210200.00	140000.00	187	93	42	3	8732903.23	11817282.78	0.00	30	3.57	150	2.8	0.00	15	31453844.00	system	2022-03-28 00:02:04.407	system	NULL	4
ICOOL Nguyễn Trãi	3C56FFA5-EFAD-EC11-8111-509A4C8C9FAC	2022-03-27	11	26219700.00	25427300.00	440000.00	0.00	352400.00	0.00	0.00	88	59	23	0	5956499.94	5983187.86	0.00	6	4.78	110	1.44	0.00	16	13487612.20	system	2022-03-28 00:02:14.540	system	NULL	4
ICOOL Nguyễn Tri Phương	622709AC-EFAD-EC11-8111-509A4C8C9FAC	2022-03-27	19	30234600.00	29479860.00	60000.00	0.00	694740.00	0.00	0.00	82	54	29	2	7064516.12	5353679.55	27798.00	21	4	130	1.81	0.00	16	17089462.33	system	2022-03-28 00:02:24.670	system	NULL	4
ICOOL Nhị Thiên Đường	CC9018B2-EFAD-EC11-8111-509A4C8C9FAC	2022-03-27	17	49172200.00	47554980.00	1300000.00	0.00	317220.00	123080.00	0.00	113	79	34	2	8064516.14	10521004.54	0.00	15	4	150	2.13	0.00	16	29092539.32	system	2022-03-28 00:02:34.837	system	NULL	4
ICOOL Phan Chu Trinh	AFAA1DB8-EFAD-EC11-8111-509A4C8C9FAC	2022-03-27	23	21743600.00	20502400.00	1241200.00	0.00	0.00	0.00	0.00	43	37	13	2	6568064.52	4215418.29	0.00	3	8.46	110	0.93	0.00	14	9718917.20	system	2022-03-28 00:02:44.937	system	NULL	4
ICOOL Phan Xích Long	556327BE-EFAD-EC11-8111-509A4C8C9FAC	2022-03-27	24	111384100.00	108484870.00	2200660.00	0.00	698570.00	427235.20	0.00	188	191	69	6	14032258.06	20712848.89	0.00	38	3.62	250	2.76	0.00	25	74166998.25	system	2022-03-28 00:02:55.067	system	NULL	4
ICOOL Thành Thái	46EB35CA-EFAD-EC11-8111-509A4C8C9FAC	2022-03-27	10	106286400.00	103307900.00	2314880.00	194900.00	468720.00	0.00	0.00	279	235	69	5	16774193.55	19401431.21	0.00	34	3	230	2.46	0.00	28	67132275.24	system	2022-03-28 00:03:15.293	system	NULL	4
ICOOL Tô Ký	1EDF40D0-EFAD-EC11-8111-509A4C8C9FAC	2022-03-27	5	34945700.00	34064900.00	693480.00	0.00	187320.00	0.00	0.00	105	71	26	0	9241935.48	7694218.88	113188.00	1	7.69	200	1	0.00	26	17241933.64	system	2022-03-28 00:03:25.433	system	NULL	4
ICOOL Trần Bình Trọng	7BF852D6-EFAD-EC11-8111-509A4C8C9FAC	2022-03-27	13	38194000.00	36538330.00	1068650.00	0.00	587020.00	120776.00	0.00	85	87	26	2	9129032.26	7690262.58	0.00	14	5	130	1.53	0.00	17	19839811.16	system	2022-03-28 00:03:35.617	system	NULL	4
ICOOL Trần Não	C8E364DC-EFAD-EC11-8111-509A4C8C9FAC	2022-03-27	18	82560900.00	81203140.00	1357760.00	0.00	0.00	112600.00	0.00	141	116	47	2	11483870.96	16417671.70	49302.00	20	4	220	2.04	0.00	23	53463499.34	system	2022-03-28 00:03:45.800	system	NULL	4
ICOOL Ung Văn Khiêm	BAD777E2-EFAD-EC11-8111-509A4C8C9FAC	2022-03-27	1	158047500.00	155184090.00	2340000.00	0.00	523410.00	178992.00	0.00	359	284	84	5	23000000.00	30015236.77	0.00	45	4.76	400	2.1	0.00	40	102347845.23	system	2022-03-28 00:03:55.990	system	NULL	4
ICOOL Vũng Tàu	A2E080E8-EFAD-EC11-8111-509A4C8C9FAC	2022-03-27	25	16924800.00	15392460.00	1377550.00	0.00	154790.00	0.00	0.00	39	56	18	1	4682258.07	3303478.26	0.00	11	4	80	1.06	0.00	17	7406723.67	system	2022-03-28 00:04:06.117	system	NULL	4
ICOOL Xô Viết Nghệ Tĩnh	7C2090EE-EFAD-EC11-8111-509A4C8C9FAC	2022-03-27	4	87403900.00	84470140.00	1979000.00	155420.00	799340.00	0.00	300000.00	239	173	59	8	12725806.45	19986750.71	0.00	39	3.39	200	2.03	0.00	29	52057582.84	system	2022-03-28 00:04:16.283	system	NULL	4
ICOOL Bình Phú	973748A0-B8AE-EC11-8111-509A4C8C9FAC	2022-03-28	6	43159800.00	41329350.00	1428000.00	0.00	402450.00	0.00	0.00	111	82	25	2	8509677.43	9936038.54	0.00	12	8	220	1.04	0.00	24	22883634.03	system	2022-03-29 00:00:53.793	system	NULL	4
ICOOL Cách Mạng Tháng 8	FB0E68A6-B8AE-EC11-8111-509A4C8C9FAC	2022-03-28	14	50170500.00	48151950.00	1564000.00	0.00	454550.00	78224.00	200000.00	85	64	28	1	21411048.38	10182867.48	0.00	6	8	250	0.97	0.00	29	16836258.14	system	2022-03-29 00:01:04.067	system	NULL	4
ICOOL Cầu Chữ Y	F1D46DAC-B8AE-EC11-8111-509A4C8C9FAC	2022-03-28	16	8989000.00	8729000.00	260000.00	0.00	0.00	0.00	0.00	18	18	5	0	5483870.97	1918766.63	0.00	9	14	70	0.36	0.00	14	1326362.40	system	2022-03-29 00:01:14.170	system	NULL	4
ICOOL Đồng Đen	5C778AB2-B8AE-EC11-8111-509A4C8C9FAC	2022-03-28	22	35196600.00	33351170.00	1124000.00	0.00	721430.00	0.00	0.00	85	81	23	1	14480161.29	7629303.52	0.00	15	7	180	0.92	0.00	25	11241705.19	system	2022-03-29 00:01:24.427	system	NULL	4
ICOOL Dương Bá Trạc	E7FFA2B8-B8AE-EC11-8111-509A4C8C9FAC	2022-03-28	7	93938300.00	91656750.00	1075000.00	140000.00	1066550.00	162840.00	0.00	190	184	52	3	16129032.26	22614519.67	2604272.62	20	5.77	300	2	0.00	26	55680310.69	system	2022-03-29 00:01:34.653	system	NULL	4
ICOOL Mạc Đỉnh Chi	71A1ACC4-B8AE-EC11-8111-509A4C8C9FAC	2022-03-28	12	66183200.00	64088050.00	1664380.00	0.00	430770.00	361000.00	0.00	155	64	39	1	19629032.27	12420099.02	47681.00	13	5	230	1.77	0.00	22	32447599.71	system	2022-03-29 00:01:54.850	system	NULL	4
ICOOL Nguyễn Sơn	79DCC7CA-B8AE-EC11-8111-509A4C8C9FAC	2022-03-28	9	23560000.00	22651000.00	619000.00	0.00	290000.00	0.00	40000.00	85	44	19	1	8732903.23	5381071.96	0.00	8	5.79	110	1.27	0.00	15	8577024.81	system	2022-03-29 00:02:05.093	system	NULL	4
ICOOL Nguyễn Trãi	6438D5D0-B8AE-EC11-8111-509A4C8C9FAC	2022-03-28	11	21941200.00	20879950.00	846000.00	0.00	215250.00	0.00	0.00	45	28	12	1	5956499.94	5287755.94	55596.00	3	6.67	80	0.75	0.00	16	9691290.12	system	2022-03-29 00:02:15.247	system	NULL	4
ICOOL Nguyễn Tri Phương	A451DBD6-B8AE-EC11-8111-509A4C8C9FAC	2022-03-28	19	14992400.00	13791400.00	1201000.00	0.00	0.00	0.00	0.00	38	43	18	3	7064516.12	3204273.59	0.00	10	6	120	1.13	0.00	16	3522610.29	system	2022-03-29 00:02:25.353	system	NULL	4
ICOOL Nhị Thiên Đường	89C3ECDC-B8AE-EC11-8111-509A4C8C9FAC	2022-03-28	17	22390300.00	20951820.00	899000.00	0.00	539480.00	112128.00	0.00	39	30	13	0	8064516.14	5025097.60	0.00	6	9	120	0.81	0.00	16	7974334.26	system	2022-03-29 00:02:35.533	system	NULL	4
ICOOL Phan Chu Trinh	AF9F1FE3-B8AE-EC11-8111-509A4C8C9FAC	2022-03-28	23	14925100.00	14513130.00	385000.00	0.00	26970.00	0.00	0.00	34	30	11	0	6568064.52	3527395.29	0.00	6	10	110	0.79	0.00	14	4417670.19	system	2022-03-29 00:02:45.933	system	NULL	4
ICOOL Phan Xích Long	D44432E9-B8AE-EC11-8111-509A4C8C9FAC	2022-03-28	24	75722700.00	73105430.00	1436650.00	0.00	1180620.00	0.00	0.00	124	139	47	5	14032258.06	16143341.43	0.00	25	5.32	250	1.88	0.00	25	42929830.50	system	2022-03-29 00:02:56.120	system	NULL	4
ICOOL Thành Thái	034938F5-B8AE-EC11-8111-509A4C8C9FAC	2022-03-28	10	61067500.00	58779600.00	1315000.00	278660.00	694240.00	0.00	0.00	171	129	40	3	16774193.55	13786454.06	0.00	27	5.5	220	1.43	0.00	28	28218952.39	system	2022-03-29 00:03:16.297	system	NULL	4
ICOOL Tô Ký	39343EFB-B8AE-EC11-8111-509A4C8C9FAC	2022-03-28	5	28767300.00	27874530.00	469750.00	0.00	423020.00	0.00	0.00	97	38	21	0	9241935.48	6555042.91	0.00	4	9.52	200	0.81	0.00	26	12077551.61	system	2022-03-29 00:03:26.400	system	NULL	4
ICOOL Trần Bình Trọng	32AC4801-B9AE-EC11-8111-509A4C8C9FAC	2022-03-28	13	31715800.00	29741520.00	1125370.00	41330.00	807580.00	0.00	0.00	69	66	22	1	9129032.26	6807998.87	0.00	10	5.45	120	1.29	0.00	17	13804488.87	system	2022-03-29 00:03:36.533	system	NULL	4
ICOOL Trần Não	6FD89407-B9AE-EC11-8111-509A4C8C9FAC	2022-03-28	18	104394300.00	102109630.00	2128410.00	156260.00	0.00	1284176.00	0.00	129	137	50	2	11483870.96	22676618.90	160760.00	17	4	200	2.17	0.00	23	69394076.14	system	2022-03-29 00:03:47.100	system	NULL	4
ICOOL Ung Văn Khiêm	E3A8A60D-B9AE-EC11-8111-509A4C8C9FAC	2022-03-28	1	106027900.00	104508640.00	844000.00	0.00	675260.00	0.00	0.00	241	186	61	4	23000000.00	22164257.60	0.00	35	6.56	400	1.52	0.00	40	59344382.40	system	2022-03-29 00:03:57.283	system	NULL	4
ICOOL Vũng Tàu	3E79B013-B9AE-EC11-8111-509A4C8C9FAC	2022-03-28	25	16358200.00	15862200.00	496000.00	0.00	0.00	0.00	0.00	42	32	13	0	4682258.07	3746033.27	0.00	4	6	80	0.76	0.00	17	7433908.66	system	2022-03-29 00:04:07.413	system	NULL	4
ICOOL Xô Viết Nghệ Tĩnh	105BB719-B9AE-EC11-8111-509A4C8C9FAC	2022-03-28	4	33725700.00	30547900.00	1561400.00	0.00	1616400.00	0.00	0.00	98	53	25	1	12725806.45	10360934.20	2613240.00	14	8	200	0.86	0.00	29	10074399.35	system	2022-03-29 00:04:17.523	system	NULL	4
ICOOL Bình Phú	311231BF-81AF-EC11-8112-509A4C8C9FAC	2022-03-29	6	56108400.00	52656620.00	2196200.00	659440.00	596140.00	326992.00	5810000.00	156	103	35	0	8509677.43	12558908.54	0.00	14	6	220	1.46	0.00	24	37725026.03	system	2022-03-30 00:00:34.493	system	NULL	4
ICOOL Cách Mạng Tháng 8	C39E81C5-81AF-EC11-8112-509A4C8C9FAC	2022-03-29	14	76535900.00	75284060.00	1251840.00	0.00	0.00	0.00	0.00	136	99	47	1	21411048.38	13828590.73	0.00	13	5	250	1.62	0.00	29	40044420.89	system	2022-03-30 00:00:45.087	system	NULL	4
ICOOL Cầu Chữ Y	19749CCB-81AF-EC11-8112-509A4C8C9FAC	2022-03-29	16	9446600.00	9336600.00	110000.00	0.00	0.00	0.00	80000.00	23	30	11	1	5483870.97	2065192.61	0.00	6	6.36	70	0.79	0.00	14	1867536.42	system	2022-03-30 00:00:55.330	system	NULL	4
ICOOL Đồng Đen	350EC1D1-81AF-EC11-8112-509A4C8C9FAC	2022-03-29	22	37267600.00	36717000.00	550600.00	0.00	0.00	0.00	1960000.00	87	75	22	0	14480161.29	9170745.50	0.00	14	6.82	150	0.88	0.00	25	15026093.21	system	2022-03-30 00:01:05.637	system	NULL	4
ICOOL Dương Bá Trạc	E83604D8-81AF-EC11-8112-509A4C8C9FAC	2022-03-29	7	103409000.00	100487800.00	2786000.00	0.00	135200.00	131400.00	0.00	177	170	57	2	16129032.26	24343769.71	1304832.00	23	5.26	300	2.19	0.00	26	61451230.03	system	2022-03-30 00:01:16.140	system	NULL	4
ICOOL Mạc Đỉnh Chi	096E40E4-81AF-EC11-8112-509A4C8C9FAC	2022-03-29	12	74531103.50	73052193.50	969780.00	0.00	509130.00	416307.20	0.00	162	146	48	4	19629032.27	14825926.06	0.00	15	4	220	2.18	0.00	22	39013542.37	system	2022-03-30 00:01:36.670	system	NULL	4
ICOOL Nguyễn Sơn	DA5E66EA-81AF-EC11-8112-509A4C8C9FAC	2022-03-29	9	33091501.00	31776480.95	1228000.00	0.00	87020.05	0.00	3340000.00	85	49	24	1	8732903.23	7951554.54	0.00	7	5	120	1.6	0.00	15	18432023.18	system	2022-03-30 00:01:46.983	system	NULL	4
ICOOL Nguyễn Trãi	6E1E87F0-81AF-EC11-8112-509A4C8C9FAC	2022-03-29	11	18805700.00	18419865.00	222500.00	32875.00	130460.00	0.00	1090000.00	53	35	19	4	5956499.94	3263372.29	0.00	8	3.68	70	1.19	0.00	16	10289992.77	system	2022-03-30 00:01:57.267	system	NULL	4
ICOOL Nguyễn Tri Phương	54FAABF6-81AF-EC11-8112-509A4C8C9FAC	2022-03-29	19	25105600.00	23655190.00	1404200.00	46210.00	0.00	0.00	0.00	80	50	26	2	7064516.12	5743560.84	0.00	12	4	110	1.63	0.00	16	10847113.04	system	2022-03-30 00:02:07.573	system	NULL	4
ICOOL Nhị Thiên Đường	7353CAFC-81AF-EC11-8112-509A4C8C9FAC	2022-03-29	17	26137800.00	24921440.00	930050.00	0.00	286310.00	211080.00	3620000.00	45	43	16	1	8064516.14	6792064.93	280000.00	3	7	120	1	0.00	16	14175938.93	system	2022-03-30 00:02:17.840	system	NULL	4
ICOOL Phan Chu Trinh	C719E802-82AF-EC11-8112-509A4C8C9FAC	2022-03-29	23	26101000.00	24659800.00	1138000.00	0.00	303200.00	0.00	0.00	61	43	17	0	6568064.52	5996450.59	0.00	6	6.47	110	1.21	0.00	14	12095284.89	system	2022-03-30 00:02:28.100	system	NULL	4
ICOOL Phan Xích Long	543F2B09-82AF-EC11-8112-509A4C8C9FAC	2022-03-29	24	80380800.00	78420800.00	1960000.00	0.00	0.00	482776.00	0.00	170	167	53	7	14032258.06	15432014.60	10705.00	30	4.72	250	2.12	0.00	25	49450008.33	system	2022-03-30 00:02:38.607	system	NULL	4
ICOOL Thành Thái	F9726115-82AF-EC11-8112-509A4C8C9FAC	2022-03-29	10	57809600.00	56885400.00	880000.00	0.00	44200.00	0.00	0.00	168	136	45	1	16774193.55	11968813.12	0.00	13	4.89	220	1.61	0.00	28	28142393.33	system	2022-03-30 00:02:59.093	system	NULL	4
ICOOL Tô Ký	A0AC7D1B-82AF-EC11-8112-509A4C8C9FAC	2022-03-29	5	18038400.00	17010160.00	827000.00	0.00	201240.00	0.00	450000.00	51	44	16	0	9241935.48	4079610.62	0.00	2	12.5	200	0.62	0.00	26	4138613.90	system	2022-03-30 00:03:09.347	system	NULL	4
ICOOL Trần Bình Trọng	1E02A221-82AF-EC11-8112-509A4C8C9FAC	2022-03-29	13	24918100.00	23431190.00	1400950.00	0.00	85960.00	0.00	0.00	59	50	27	1	9129032.26	6700903.70	2083264.80	8	4.81	130	1.59	0.00	17	9684518.84	system	2022-03-30 00:03:19.650	system	NULL	4
ICOOL Trần Não	6A5ECF27-82AF-EC11-8112-509A4C8C9FAC	2022-03-29	18	114975200.00	113163840.00	1811360.00	0.00	0.00	1165128.00	200000.00	244	183	61	4	11483870.96	25837907.85	0.00	28	3	200	2.65	0.00	23	77207189.19	system	2022-03-30 00:03:30.013	system	NULL	4
ICOOL Ung Văn Khiêm	2B87F72D-82AF-EC11-8112-509A4C8C9FAC	2022-03-29	1	92799100.00	89810030.00	2430000.00	69890.00	489180.00	237776.00	0.00	236	176	54	4	23000000.00	20385325.23	0.00	17	7.41	400	1.35	0.00	40	46662480.77	system	2022-03-30 00:03:40.343	system	NULL	4
ICOOL Vũng Tàu	A4F60634-82AF-EC11-8112-509A4C8C9FAC	2022-03-29	25	15303200.00	13925320.00	871000.00	0.00	506880.00	0.00	0.00	34	24	10	0	4682258.07	3549694.58	0.00	1	8	80	0.59	0.00	17	5693367.35	system	2022-03-30 00:03:50.510	system	NULL	4
ICOOL Xô Viết Nghệ Tĩnh	1C313F3A-82AF-EC11-8112-509A4C8C9FAC	2022-03-29	4	49020600.00	47310810.00	1479250.00	0.00	230540.00	189176.00	0.00	175	129	42	0	12725806.45	10683823.76	0.00	14	4.76	200	1.45	0.00	29	24090355.78	system	2022-03-30 00:04:00.943	system	NULL	4
ICOOL Bình Phú	1FA9CADE-4AB0-EC11-8113-509A4C8C9FAC	2022-03-30	6	54218700.00	51112550.00	1643000.00	170400.00	1292750.00	0.00	0.00	123	97	30	1	8509677.43	12499613.86	0.00	12	6	200	1.25	0.00	24	30103258.71	system	2022-03-31 00:00:16.350	system	NULL	4
ICOOL Cách Mạng Tháng 8	8980C6E5-4AB0-EC11-8113-509A4C8C9FAC	2022-03-30	14	118441800.00	115647555.00	2223100.00	231405.00	339740.00	427440.00	4260000.00	266	196	64	6	21411048.39	23729157.88	0.00	10	3.91	250	2.21	0.00	29	75194788.73	system	2022-03-31 00:00:28.070	system	NULL	4
ICOOL Cầu Chữ Y	1897D9EB-4AB0-EC11-8113-509A4C8C9FAC	2022-03-30	16	12132200.00	11786900.00	345300.00	0.00	0.00	0.00	0.00	38	35	11	0	5483870.97	2483205.95	0.00	3	5.45	60	0.79	0.00	14	3819823.08	system	2022-03-31 00:00:38.260	system	NULL	4
ICOOL Đồng Đen	A21908F2-4AB0-EC11-8113-509A4C8C9FAC	2022-03-30	22	50467400.00	49255860.00	605000.00	0.00	606540.00	0.00	0.00	131	107	36	3	14480161.29	11043241.44	0.00	11	4.17	150	1.44	0.00	25	23732457.27	system	2022-03-31 00:00:48.630	system	NULL	4
ICOOL Dương Bá Trạc	EA1A53F8-4AB0-EC11-8113-509A4C8C9FAC	2022-03-30	7	110804201.00	108872730.90	884000.00	0.00	1047470.10	0.00	0.00	264	171	67	3	16129032.26	24803082.58	0.00	20	4.48	300	2.58	0.00	26	67940616.06	system	2022-03-31 00:00:59.190	system	NULL	4
ICOOL Mạc Đỉnh Chi	29C97604-4BB0-EC11-8113-509A4C8C9FAC	2022-03-30	12	81926300.00	80452040.00	1245010.00	0.00	229250.00	468896.00	690000.00	151	122	49	2	19629032.26	15783041.93	0.00	24	4.69	230	2.23	0.00	22	46198861.81	system	2022-03-31 00:01:19.557	system	NULL	4
ICOOL Nguyễn Sơn	78F4880A-4BB0-EC11-8113-509A4C8C9FAC	2022-03-30	9	28617600.00	26073800.00	1652000.00	0.00	891800.00	0.00	0.00	73	46	22	0	8732903.23	0.00	0.00	2	5.45	120	1.47	0.00	15	17340896.77	system	2022-03-31 00:01:29.740	system	NULL	4
ICOOL Nguyễn Trãi	DCB69810-4BB0-EC11-8113-509A4C8C9FAC	2022-03-30	11	29409700.00	28571440.00	838260.00	0.00	0.00	0.00	200000.00	74	43	17	2	5956499.94	7076692.21	0.00	6	5.88	100	1.06	0.00	16	15738247.85	system	2022-03-31 00:01:39.910	system	NULL	4
ICOOL Nguyễn Tri Phương	78C0B416-4BB0-EC11-8113-509A4C8C9FAC	2022-03-30	19	40761700.00	38431580.00	1961500.00	0.00	368620.00	414488.00	80000.00	95	71	37	2	7064516.13	9177189.48	0.00	10	2.97	110	2.31	0.00	16	22684362.39	system	2022-03-31 00:01:50.160	system	NULL	4
ICOOL Nhị Thiên Đường	811FC51C-4BB0-EC11-8113-509A4C8C9FAC	2022-03-30	17	27856600.00	26835900.00	883700.00	0.00	137000.00	0.00	0.00	51	52	18	3	8064516.13	6322569.58	0.00	8	6.67	120	1.13	0.00	16	12448814.29	system	2022-03-31 00:02:00.333	system	NULL	4
ICOOL Phan Chu Trinh	12ABDF22-4BB0-EC11-8113-509A4C8C9FAC	2022-03-30	23	34084800.00	33145520.00	715000.00	0.00	224280.00	0.00	530000.00	78	63	24	0	6568064.52	13814398.38	5360403.79	7	4.58	110	1.71	0.00	14	18653460.89	system	2022-03-31 00:02:10.573	system	NULL	4
ICOOL Phan Xích Long	A43B0C29-4BB0-EC11-8113-509A4C8C9FAC	2022-03-30	24	77240100.00	76120700.00	825000.00	0.00	294400.00	168976.00	80000.00	139	144	47	7	14032258.06	16741713.11	19780.00	20	5.32	250	1.88	0.00	25	45615484.83	system	2022-03-31 00:02:20.933	system	NULL	4
ICOOL Thành Thái	15DC1F35-4BB0-EC11-8113-509A4C8C9FAC	2022-03-30	10	65443200.00	63600140.00	1192400.00	111400.00	539260.00	131600.00	2280000.00	158	109	41	0	16774193.55	15316152.68	0.00	14	5.37	220	1.46	0.00	28	33921393.77	system	2022-03-31 00:02:41.193	system	NULL	4
ICOOL Tô Ký	2139303B-4BB0-EC11-8113-509A4C8C9FAC	2022-03-30	5	18615300.00	17368650.00	463000.00	0.00	783650.00	0.00	0.00	37	47	14	0	9241935.48	4471636.62	0.00	7	14.29	200	0.54	0.00	26	3655077.90	system	2022-03-31 00:02:51.367	system	NULL	4
ICOOL Trần Bình Trọng	E9004841-4BB0-EC11-8113-509A4C8C9FAC	2022-03-30	13	36952600.00	35127315.00	1491800.00	213915.00	119570.00	0.00	2270000.00	113	88	29	1	9129032.26	7817828.89	0.00	9	4.14	120	1.71	0.00	17	20450453.85	system	2022-03-31 00:03:01.590	system	NULL	4
ICOOL Trần Não	9A738947-4BB0-EC11-8113-509A4C8C9FAC	2022-03-30	18	92791500.00	91486640.00	715000.00	251500.00	338360.00	978608.00	2300000.00	136	130	53	9	11483870.97	20472964.62	75458.33	14	3.77	200	2.3	0.00	23	62883870.74	system	2022-03-31 00:03:12.087	system	NULL	4
ICOOL Ung Văn Khiêm	F24BA84D-4BB0-EC11-8113-509A4C8C9FAC	2022-03-30	1	133621200.00	128511930.00	2463000.00	0.00	2646270.00	317304.00	7110000.00	296	272	68	4	23000000.00	30424168.78	0.00	36	5.88	400	1.7	0.00	40	82515065.22	system	2022-03-31 00:03:22.353	system	NULL	4
ICOOL Vũng Tàu	281FB053-4BB0-EC11-8113-509A4C8C9FAC	2022-03-30	25	8999500.00	8889500.00	110000.00	0.00	0.00	0.00	0.00	21	19	7	0	4682258.06	1968608.60	0.00	1	11.43	80	0.41	0.00	17	2238633.34	system	2022-03-31 00:03:32.470	system	NULL	4
ICOOL Xô Viết Nghệ Tĩnh	7EA6CD59-4BB0-EC11-8113-509A4C8C9FAC	2022-03-30	4	45436900.00	43663900.00	1021200.00	651800.00	100000.00	0.00	650000.00	105	60	32	7	12725806.45	10432624.81	0.00	14	6.25	200	1.1	0.00	29	21155468.74	system	2022-03-31 00:03:42.730	system	NULL	4
ICOOL Bình Phú	EA3C7609-14B1-EC11-8113-509A4C8C9FAC	2022-03-31	6	69186500.00	67351640.00	1545000.00	0.00	289860.00	0.00	0.00	183	143	41	2	8509677.42	16223205.79	0.00	10	4.88	200	1.71	0.00	24	42618756.79	system	2022-04-01 00:00:16.783	system	NULL	4
ICOOL Cách Mạng Tháng 8	BD6A9A0F-14B1-EC11-8113-509A4C8C9FAC	2022-03-31	14	115317900.00	112949125.00	1712655.00	0.00	656120.00	945928.00	0.00	201	178	62	2	21411048.39	51641393.43	27420987.31	20	4.03	250	2.14	0.00	29	68263598.49	system	2022-04-01 00:00:27.087	system	NULL	4
ICOOL Cầu Chữ Y	437BA615-14B1-EC11-8113-509A4C8C9FAC	2022-03-31	16	16426700.00	16081500.00	345200.00	0.00	0.00	0.00	0.00	47	38	13	1	5483870.97	0.00	0.00	7	6.15	80	0.93	0.00	14	10597629.03	system	2022-04-01 00:00:37.230	system	NULL	4
ICOOL Đồng Đen	C70EB81B-14B1-EC11-8113-509A4C8C9FAC	2022-03-31	22	58649300.00	58000430.00	275000.00	0.00	373870.00	151168.00	0.00	166	133	41	2	14480161.29	13708569.42	0.00	25	3.66	150	1.64	0.00	25	29962867.29	system	2022-04-01 00:00:47.413	system	NULL	4
ICOOL Dương Bá Trạc	80FBC121-14B1-EC11-8113-509A4C8C9FAC	2022-03-31	7	91423500.00	89221975.00	1688000.00	108065.00	405460.00	315424.00	0.00	194	189	61	3	16129032.26	23880266.64	5409857.08	21	4.92	300	2.35	0.00	26	54937957.18	system	2022-04-01 00:00:57.543	system	NULL	4
ICOOL Mạc Đỉnh Chi	7680CA2D-14B1-EC11-8113-509A4C8C9FAC	2022-03-31	12	102347500.00	99211630.00	2470500.00	0.00	665370.00	374720.00	0.00	167	166	47	4	19629032.26	40118013.25	19394658.76	13	4.89	230	2.14	0.00	22	59233963.25	system	2022-04-01 00:01:17.733	system	NULL	4
ICOOL Nguyễn Sơn	851CD633-14B1-EC11-8113-509A4C8C9FAC	2022-03-31	9	34307000.00	33210185.00	944700.00	152115.00	0.00	0.00	0.00	81	63	25	2	8732903.23	7977990.23	0.00	10	4.8	120	1.67	0.00	15	16499291.54	system	2022-04-01 00:01:27.877	system	NULL	4
ICOOL Nguyễn Trãi	3499DF39-14B1-EC11-8113-509A4C8C9FAC	2022-03-31	11	28661700.00	27456300.00	1005400.00	0.00	200000.00	0.00	0.00	61	40	18	0	5956499.94	6178275.62	0.00	3	5.56	100	1.13	0.00	16	15321524.44	system	2022-04-01 00:01:38.003	system	NULL	4
ICOOL Nguyễn Tri Phương	319DE93F-14B1-EC11-8113-509A4C8C9FAC	2022-03-31	19	31821600.00	30665490.00	1039000.00	0.00	117110.00	0.00	0.00	106	105	36	2	7064516.13	6200709.85	0.00	14	3.06	110	2.25	0.00	16	17400264.02	system	2022-04-01 00:01:48.137	system	NULL	4
ICOOL Nhị Thiên Đường	4C404446-14B1-EC11-8113-509A4C8C9FAC	2022-03-31	17	39252400.00	37247290.00	1154000.00	0.00	851110.00	0.00	200000.00	92	53	28	4	8064516.13	7753851.21	0.00	12	4.29	120	1.75	0.00	16	21628922.66	system	2022-04-01 00:01:58.797	system	NULL	4
ICOOL Phan Chu Trinh	6D344F4C-14B1-EC11-8113-509A4C8C9FAC	2022-03-31	23	34911200.00	32256810.00	2247620.00	0.00	406770.00	65312.00	309000.00	73	58	25	1	6568064.52	7820649.55	0.00	8	4.4	110	1.79	0.00	14	18242407.93	system	2022-04-01 00:02:08.933	system	NULL	4
ICOOL Phan Xích Long	D5096152-14B1-EC11-8113-509A4C8C9FAC	2022-03-31	24	88214200.00	85242000.00	2794840.00	0.00	177360.00	55728.00	0.00	151	165	52	5	14032258.06	18838705.28	0.00	30	4.81	250	2.08	0.00	25	52426764.66	system	2022-04-01 00:02:19.117	system	NULL	4
ICOOL Thành Thái	AE92665E-14B1-EC11-8113-509A4C8C9FAC	2022-03-31	10	91138500.00	89405235.00	1470345.00	85960.00	176960.00	604976.00	0.00	272	169	52	1	16774193.55	22578868.21	0.00	11	4.23	220	1.86	0.00	28	50657149.24	system	2022-04-01 00:02:39.287	system	NULL	4
ICOOL Tô Ký	4D217164-14B1-EC11-8113-509A4C8C9FAC	2022-03-31	5	34052500.00	33304370.00	445600.00	0.00	302530.00	0.00	0.00	95	80	22	1	9241935.48	7995035.55	399999.00	0	9.09	200	0.85	0.00	26	16467397.97	system	2022-04-01 00:02:49.420	system	NULL	4
ICOOL Trần Bình Trọng	0B19856A-14B1-EC11-8113-509A4C8C9FAC	2022-03-31	13	24756901.00	23602461.00	1005130.00	0.00	149310.00	0.00	0.00	53	68	24	2	9129032.26	4382808.23	0.00	9	6.25	150	1.41	0.00	17	10090620.51	system	2022-04-01 00:02:59.620	system	NULL	4
ICOOL Trần Não	7DD89970-14B1-EC11-8113-509A4C8C9FAC	2022-03-31	18	107006700.00	105643855.00	890200.00	169405.00	303240.00	973311.60	0.00	146	208	54	2	11483870.97	33054525.88	9683500.00	23	4.07	220	2.35	0.00	23	71762269.75	system	2022-04-01 00:03:09.820	system	NULL	4
ICOOL Ung Văn Khiêm	DFB4B076-14B1-EC11-8113-509A4C8C9FAC	2022-03-31	1	132797600.00	130799450.00	1485000.00	0.00	513150.00	987696.00	0.00	347	274	78	3	23000000.00	26569405.35	0.00	35	5.13	400	1.95	0.00	40	82217740.65	system	2022-04-01 00:03:20.037	system	NULL	4
ICOOL Vũng Tàu	F79AB87C-14B1-EC11-8113-509A4C8C9FAC	2022-03-31	25	10098400.00	9890700.00	55000.00	0.00	152700.00	0.00	0.00	26	16	10	1	4682258.06	2318774.30	0.00	3	8	80	0.59	0.00	17	2889667.64	system	2022-04-01 00:03:30.157	system	NULL	4
ICOOL Xô Viết Nghệ Tĩnh	4B83D082-14B1-EC11-8113-509A4C8C9FAC	2022-03-31	4	78984100.00	77147360.00	1599800.00	0.00	236940.00	189400.00	0.00	218	137	60	4	12725806.45	46938993.53	30293893.54	26	3.33	200	2.07	0.00	29	47965853.56	system	2022-04-01 00:03:40.380	system	NULL	4
ICOOL Bình Phú	EEAD2334-DDB1-EC11-8113-509A4C8C9FAC	2022-04-01	6	77453600.00	75195870.00	1022500.00	0.00	1235230.00	0.00	0.00	213	169	47	4	8793333.34	17066787.49	0.00	23	4	230	1.96	0.00	24	49335749.17	system	2022-04-02 00:00:17.287	system	NULL	4
ICOOL Cách Mạng Tháng 8	53285B3A-DDB1-EC11-8113-509A4C8C9FAC	2022-04-01	14	146304200.00	144092355.00	882225.00	0.00	1329620.00	2478492.80	0.00	261	223	75	14	21679900.01	25718376.73	0.00	25	4	300	2.59	0.00	29	99172571.06	system	2022-04-02 00:00:27.673	system	NULL	4
ICOOL Cầu Chữ Y	81E29B40-DDB1-EC11-8113-509A4C8C9FAC	2022-04-01	16	34284900.00	33849900.00	435000.00	0.00	0.00	0.00	0.00	82	82	24	0	5600000.00	0.00	0.00	11	3	80	1.71	0.00	14	28249900.00	system	2022-04-02 00:00:38.163	system	NULL	4
ICOOL Đồng Đen	6EEDC446-DDB1-EC11-8113-509A4C8C9FAC	2022-04-01	22	87708000.00	85894540.00	1474000.00	0.00	339460.00	177016.00	0.00	194	188	50	3	14888333.34	17104332.08	0.00	23	3	180	2	0.00	25	54078890.58	system	2022-04-02 00:00:48.497	system	NULL	4
ICOOL Dương Bá Trạc	8A96E14C-DDB1-EC11-8113-509A4C8C9FAC	2022-04-01	7	148370300.00	146727675.00	569240.00	338685.00	734700.00	142696.00	0.00	265	242	73	3	16666666.67	27723104.85	32000.00	22	4.11	300	2.81	0.00	26	102512599.48	system	2022-04-02 00:00:58.750	system	NULL	4
ICOOL Mạc Đỉnh Chi	D0AE0C59-DDB1-EC11-8113-509A4C8C9FAC	2022-04-01	12	129997600.00	123644442.00	3734720.00	557888.00	2060550.00	1368656.00	0.00	254	244	63	8	18483333.34	23830666.41	0.00	15	4	260	2.86	0.00	22	82699098.25	system	2022-04-02 00:01:19.167	system	NULL	4
ICOOL Nguyễn Sơn	4316365F-DDB1-EC11-8113-509A4C8C9FAC	2022-04-01	9	41870700.00	41199840.00	60000.00	0.00	610860.00	300960.00	0.00	112	65	32	4	7036666.67	528436.99	0.00	15	4.38	140	2.13	0.00	15	33935696.34	system	2022-04-02 00:01:29.503	system	NULL	4
ICOOL Nguyễn Trãi	B3663F65-DDB1-EC11-8113-509A4C8C9FAC	2022-04-01	11	30169800.00	29253740.00	579000.00	0.00	337060.00	0.00	600000.00	81	54	21	0	6155049.94	6318181.88	0.00	4	5	120	1.31	0.00	16	17380508.18	system	2022-04-02 00:01:39.630	system	NULL	4
ICOOL Nguyễn Tri Phương	78774F6B-DDB1-EC11-8113-509A4C8C9FAC	2022-04-01	19	46784500.00	45852220.00	680000.00	78680.00	173600.00	0.00	0.00	120	112	38	5	7333333.32	8694703.12	0.00	13	3	130	2.38	0.00	16	29824183.56	system	2022-04-02 00:01:49.803	system	NULL	4
ICOOL Nhị Thiên Đường	24898C71-DDB1-EC11-8113-509A4C8C9FAC	2022-04-01	17	56013500.00	54564080.00	993000.00	0.00	456420.00	0.00	0.00	108	68	31	3	8999999.99	12407635.50	0.00	11	5	160	1.94	0.00	16	33156444.51	system	2022-04-02 00:02:00.270	system	NULL	4
ICOOL Phan Chu Trinh	AC849D77-DDB1-EC11-8113-509A4C8C9FAC	2022-04-01	23	51028300.00	50374175.00	344720.00	37275.00	272130.00	376792.00	220000.00	84	85	31	3	6000000.00	10228283.83	0.00	4	4.52	140	2.21	0.00	14	34742683.17	system	2022-04-02 00:02:10.450	system	NULL	4
ICOOL Phan Xích Long	C37AB47D-DDB1-EC11-8113-509A4C8C9FAC	2022-04-01	24	148677600.00	140174640.00	4762800.00	0.00	3740160.00	370904.00	0.00	260	240	66	3	14500000.00	30281445.39	15414.00	18	4	320	2.44	0.00	27	95779512.61	system	2022-04-02 00:02:20.667	system	NULL	4
ICOOL Thành Thái	72B1BA89-DDB1-EC11-8113-509A4C8C9FAC	2022-04-01	10	116944900.00	115774210.00	326900.00	0.00	843790.00	556968.00	0.00	284	235	69	3	12833333.34	22285542.77	0.00	7	3	250	2.46	0.00	28	81212301.89	system	2022-04-02 00:02:40.837	system	NULL	4
ICOOL Tô Ký	6A9ADF8F-DDB1-EC11-8113-509A4C8C9FAC	2022-04-01	5	42372300.00	41746040.00	335000.00	0.00	291260.00	0.00	0.00	89	113	25	1	8383333.34	9123546.53	681825.00	7	6	160	0.96	0.00	26	24920985.13	system	2022-04-02 00:02:51.147	system	NULL	4
ICOOL Trần Bình Trọng	C93BF895-DDB1-EC11-8113-509A4C8C9FAC	2022-04-01	13	61928200.00	58727720.00	1585760.00	0.00	1614720.00	163476.00	350000.00	118	121	35	4	9378666.67	0.00	0.00	11	4	140	2.06	0.00	17	49862529.33	system	2022-04-02 00:03:01.373	system	NULL	4
ICOOL Trần Não	3F20119C-DDB1-EC11-8113-509A4C8C9FAC	2022-04-01	18	156965900.00	154039050.00	1248800.00	0.00	1678050.00	516112.00	0.00	284	214	77	5	12833333.33	32357755.38	47000.00	26	3	260	3.35	0.00	23	109411073.29	system	2022-04-02 00:03:11.603	system	NULL	4
ICOOL Ung Văn Khiêm	C0C823A2-DDB1-EC11-8113-509A4C8C9FAC	2022-04-01	1	186661700.00	181596485.00	3038000.00	892715.00	1134500.00	621176.00	0.00	414	326	96	10	24082373.33	36507444.54	0.00	27	3.65	350	2.4	0.00	40	121627843.13	system	2022-04-02 00:03:21.790	system	NULL	4
ICOOL Vũng Tàu	4BC54CA8-DDB1-EC11-8113-509A4C8C9FAC	2022-04-01	25	28463600.00	27829450.00	634150.00	0.00	0.00	0.00	0.00	64	58	21	1	4838333.34	6527654.88	300000.00	4	4	100	1.24	0.00	17	16763461.78	system	2022-04-02 00:03:32.130	system	NULL	4
ICOOL Xô Viết Nghệ Tĩnh	7F0164AE-DDB1-EC11-8113-509A4C8C9FAC	2022-04-01	4	117237900.00	114697460.00	939000.00	242400.00	1359040.00	0.00	290000.00	304	173	70	15	13066666.67	25876638.92	0.00	36	3.57	250	2.41	0.00	29	76044154.41	system	2022-04-02 00:03:42.343	system	NULL	4
ICOOL Bình Phú	6BF7D65E-A6B2-EC11-8113-509A4C8C9FAC	2022-04-02	6	116370200.00	112815680.00	3239200.00	0.00	315320.00	128544.00	0.00	279	221	60	2	8793333.34	24539327.99	0.00	13	3	220	2.5	0.00	24	79611562.67	system	2022-04-03 00:00:17.710	system	NULL	4
ICOOL Cách Mạng Tháng 8	DC09F964-A6B2-EC11-8113-509A4C8C9FAC	2022-04-02	14	173143400.00	168509565.00	3158430.00	123925.00	1351480.00	143096.00	0.00	316	262	90	7	21679900.01	31285286.22	0.00	17	3	300	3.1	0.00	29	115687474.77	system	2022-04-03 00:00:27.997	system	NULL	4
ICOOL Cầu Chữ Y	715B0B6B-A6B2-EC11-8113-509A4C8C9FAC	2022-04-02	16	39856800.00	38704455.00	535000.00	0.00	617345.00	0.00	0.00	100	73	28	1	5600000.00	0.00	274000.00	14	3.21	90	2	0.00	14	33378455.00	system	2022-04-03 00:00:38.183	system	NULL	4
ICOOL Đồng Đen	DBFE1871-A6B2-EC11-8113-509A4C8C9FAC	2022-04-02	22	104489800.00	102898350.00	1554800.00	36650.00	0.00	176880.00	0.00	250	193	64	10	14888333.34	19809078.28	0.00	21	2	180	2.56	0.00	25	68377818.38	system	2022-04-03 00:00:48.340	system	NULL	4
ICOOL Dương Bá Trạc	ADD52A77-A6B2-EC11-8113-509A4C8C9FAC	2022-04-02	7	189538300.00	186544510.00	1160000.00	68650.00	1765140.00	281866.00	0.00	355	310	97	9	16666666.67	86258859.10	0.00	25	3.09	300	3.73	0.00	26	83900850.23	system	2022-04-03 00:00:58.523	system	NULL	4
ICOOL Mạc Đỉnh Chi	50742D83-A6B2-EC11-8113-509A4C8C9FAC	2022-04-02	12	138319302.00	135333657.00	2090050.00	260125.00	635470.00	604752.08	0.00	283	244	74	2	18483333.34	25921413.44	65285.00	21	3	260	3.36	0.00	22	91598947.30	system	2022-04-03 00:01:18.670	system	NULL	4
ICOOL Nguyễn Sơn	DA883B89-A6B2-EC11-8113-509A4C8C9FAC	2022-04-02	9	75742000.00	75187630.00	100000.00	0.00	454370.00	0.00	0.00	170	119	48	1	7036666.67	0.00	0.00	15	2.92	140	3.2	0.00	15	68150963.33	system	2022-04-03 00:01:28.833	system	NULL	4
ICOOL Nguyễn Trãi	7B76488F-A6B2-EC11-8113-509A4C8C9FAC	2022-04-02	11	44989400.00	43505930.00	858000.00	36120.00	589350.00	0.00	0.00	99	79	29	0	6155049.94	9667521.45	0.00	1	4	120	1.81	0.00	16	27683358.61	system	2022-04-03 00:01:38.983	system	NULL	4
ICOOL Nguyễn Tri Phương	DD075595-A6B2-EC11-8113-509A4C8C9FAC	2022-04-02	19	54926800.00	52810140.00	1035000.00	0.00	1081660.00	0.00	0.00	142	133	50	3	7333333.32	9167021.44	36061.00	19	2	140	3.13	0.00	16	36345846.24	system	2022-04-03 00:01:49.130	system	NULL	4
ICOOL Nhị Thiên Đường	38C6639B-A6B2-EC11-8113-509A4C8C9FAC	2022-04-02	17	63787500.00	62405575.00	1209800.00	57775.00	114350.00	0.00	0.00	134	81	37	4	8999999.99	14493436.47	0.00	8	4	160	2.31	0.00	16	38912138.54	system	2022-04-03 00:01:59.297	system	NULL	4
ICOOL Phan Chu Trinh	89D76CA1-A6B2-EC11-8113-509A4C8C9FAC	2022-04-02	23	58758600.00	57851620.00	826840.00	0.00	80140.00	445288.00	0.00	105	98	38	4	6000000.00	11828120.77	0.00	8	3.68	140	2.71	0.00	14	40468787.23	system	2022-04-03 00:02:09.420	system	NULL	4
ICOOL Phan Xích Long	6255C7A8-A6B2-EC11-8113-509A4C8C9FAC	2022-04-02	24	144727600.00	141117280.00	2471940.00	0.00	1138380.00	361296.00	0.00	231	241	76	9	14500000.00	30401048.82	0.00	23	4	320	2.81	0.00	27	96577527.18	system	2022-04-03 00:02:21.757	system	NULL	4
ICOOL Thành Thái	533CDAB4-A6B2-EC11-8113-509A4C8C9FAC	2022-04-02	10	155514400.00	152181640.00	1982800.00	0.00	1349960.00	112576.00	320000.00	384	244	89	3	12833333.34	32084589.32	0.00	27	2	250	3.18	0.00	28	107696293.34	system	2022-04-03 00:02:42.013	system	NULL	4
ICOOL Tô Ký	7625E6BA-A6B2-EC11-8113-509A4C8C9FAC	2022-04-02	5	78557600.00	76364245.00	791040.00	182635.00	1219680.00	0.00	0.00	196	176	54	2	8383333.33	15886588.76	0.00	2	2.96	160	2.08	0.00	26	52094322.91	system	2022-04-03 00:02:52.160	system	NULL	4
ICOOL Trần Bình Trọng	9995F9C0-A6B2-EC11-8113-509A4C8C9FAC	2022-04-02	13	65745400.00	63938650.00	1360940.00	0.00	445810.00	0.00	0.00	161	165	50	6	9378666.67	0.00	0.00	15	2.8	140	2.94	0.00	17	54559983.33	system	2022-04-03 00:03:02.350	system	NULL	4
ICOOL Trần Não	791408C7-A6B2-EC11-8113-509A4C8C9FAC	2022-04-02	18	147825500.00	146455280.00	155800.00	326190.00	888230.00	1552097.00	100000.00	269	210	76	2	12833333.33	29943863.69	59717.00	35	3	260	3.3	0.00	23	105389896.98	system	2022-04-03 00:03:12.513	system	NULL	4
ICOOL Ung Văn Khiêm	A8FF1DCD-A6B2-EC11-8113-509A4C8C9FAC	2022-04-02	1	255268500.00	251437145.00	3140000.00	169315.00	522040.00	0.00	0.00	615	456	131	9	24082373.33	52037968.56	0.00	45	2.67	350	3.27	0.00	40	175316803.11	system	2022-04-03 00:03:22.723	system	NULL	4
ICOOL Vũng Tàu	38A42BD3-A6B2-EC11-8113-509A4C8C9FAC	2022-04-02	25	70516000.00	69646000.00	870000.00	0.00	0.00	0.00	0.00	184	164	51	2	4838333.34	16175602.96	0.00	6	1	100	3	0.00	17	48632063.70	system	2022-04-03 00:03:32.880	system	NULL	4
ICOOL Xô Viết Nghệ Tĩnh	8FE739D9-A6B2-EC11-8113-509A4C8C9FAC	2022-04-02	4	165843000.00	163494420.00	507440.00	322940.00	1518200.00	297540.80	1140000.00	451	241	89	10	13066666.67	37861216.26	0.00	44	2.81	250	3.07	0.00	29	114004077.87	system	2022-04-03 00:03:43.040	system	NULL	4
ICOOL Bình Phú	D14A9589-6FB3-EC11-8113-509A4C8C9FAC	2022-04-03	6	91439900.00	89140100.00	1504400.00	0.00	795400.00	0.00	0.00	245	185	56	6	8793333.34	18975190.01	0.00	22	3	210	2.33	0.00	24	61371576.65	system	2022-04-04 00:00:18.263	system	NULL	4
ICOOL Cách Mạng Tháng 8	5AFAC08F-6FB3-EC11-8113-509A4C8C9FAC	2022-04-03	14	109204700.00	107948930.00	767060.00	0.00	488710.00	0.00	140000.00	229	153	67	5	21679900.00	17196591.61	0.00	22	3	250	2.31	0.00	29	69212438.39	system	2022-04-04 00:00:28.617	system	NULL	4
ICOOL Cầu Chữ Y	33F3CC95-6FB3-EC11-8113-509A4C8C9FAC	2022-04-03	16	26848900.00	26148420.00	0.00	0.00	700480.00	0.00	0.00	77	43	18	0	5600000.00	0.00	2375000.00	13	4.44	80	1.29	0.00	14	22923420.00	system	2022-04-04 00:00:38.760	system	NULL	4
ICOOL Đồng Đen	24CBD79B-6FB3-EC11-8113-509A4C8C9FAC	2022-04-03	22	66012500.00	64532830.00	1115000.00	0.00	364670.00	0.00	0.00	172	138	56	5	14888333.34	9862428.02	0.00	32	3	180	2.24	0.00	25	39782068.64	system	2022-04-04 00:00:48.897	system	NULL	4
ICOOL Dương Bá Trạc	C747E1A1-6FB3-EC11-8113-509A4C8C9FAC	2022-04-03	7	111381600.00	109728570.00	1050000.00	0.00	603030.00	0.00	294000.00	222	217	67	8	16666666.67	21604734.59	0.00	36	4.48	300	2.58	0.00	26	71751168.74	system	2022-04-04 00:00:59.027	system	NULL	4
ICOOL Mạc Đỉnh Chi	3B1FE4AD-6FB3-EC11-8113-509A4C8C9FAC	2022-04-03	12	102315300.00	100699770.00	1367360.00	0.00	248170.00	683376.00	0.00	183	188	53	0	18483333.34	19950515.32	0.00	17	4	240	2.41	0.00	22	62949297.34	system	2022-04-04 00:01:19.177	system	NULL	4
ICOOL Nguyễn Sơn	355AF2B3-6FB3-EC11-8113-509A4C8C9FAC	2022-04-03	9	62872600.00	61796570.00	1027630.00	0.00	48400.00	0.00	0.00	136	90	38	0	7036666.67	0.00	0.00	19	3.68	140	2.53	0.00	15	54759903.33	system	2022-04-04 00:01:29.337	system	NULL	4
ICOOL Nguyễn Trãi	EA9AFCB9-6FB3-EC11-8113-509A4C8C9FAC	2022-04-03	11	27672900.00	27244600.00	290000.00	0.00	138300.00	0.00	0.00	77	63	31	1	6155049.93	4107268.17	0.00	5	3.55	110	1.94	0.00	16	16982281.89	system	2022-04-04 00:01:39.470	system	NULL	4
ICOOL Nguyễn Tri Phương	9B8A05C0-6FB3-EC11-8113-509A4C8C9FAC	2022-04-03	19	29655700.00	28440870.00	670800.00	63600.00	480430.00	0.00	0.00	87	74	32	1	7333333.32	5532489.50	0.00	22	4	130	2	0.00	16	15575047.18	system	2022-04-04 00:01:49.597	system	NULL	4
ICOOL Nhị Thiên Đường	50C30DC6-6FB3-EC11-8113-509A4C8C9FAC	2022-04-03	17	47865900.00	47190475.00	435000.00	0.00	240425.00	0.00	100000.00	111	54	32	3	8999999.99	9477764.14	0.00	12	4	150	2	0.00	16	28812710.87	system	2022-04-04 00:01:59.713	system	NULL	4
ICOOL Phan Chu Trinh	1CC217CC-6FB3-EC11-8113-509A4C8C9FAC	2022-04-03	23	31353700.00	30784700.00	569000.00	0.00	0.00	0.00	0.00	65	60	19	1	6000000.00	0.00	0.00	11	7.37	140	1.36	0.00	14	24784700.00	system	2022-04-04 00:02:09.847	system	NULL	4
ICOOL Phan Xích Long	430421D2-6FB3-EC11-8113-509A4C8C9FAC	2022-04-03	24	135152101.00	133417581.00	1382760.00	0.00	351760.00	670416.00	0.00	273	253	84	2	14500000.00	25603978.77	15414.00	47	0	31	3.11	0.00	27	93999432.23	system	2022-04-04 00:02:19.973	system	NULL	4
ICOOL Thành Thái	FC0F21DE-6FB3-EC11-8113-509A4C8C9FAC	2022-04-03	10	81114300.00	79769190.00	713800.00	39750.00	591560.00	363816.00	0.00	214	165	65	1	12833333.34	14009214.91	0.00	17	3	250	2.32	0.00	28	53290457.75	system	2022-04-04 00:02:40.107	system	NULL	4
ICOOL Tô Ký	1F5B27E4-6FB3-EC11-8113-509A4C8C9FAC	2022-04-03	5	44359200.00	43447600.00	590000.00	0.00	321600.00	0.00	290000.00	121	61	27	1	8383333.33	9320564.49	0.00	2	5.93	160	1.04	0.00	26	26033702.18	system	2022-04-04 00:02:50.213	system	NULL	4
ICOOL Trần Bình Trọng	3AD830EA-6FB3-EC11-8113-509A4C8C9FAC	2022-04-03	13	45795000.00	44765540.00	906660.00	0.00	122800.00	0.00	0.00	110	128	39	2	9378666.67	0.00	0.00	12	2.82	110	2.29	0.00	17	35386873.33	system	2022-04-04 00:03:00.343	system	NULL	4
ICOOL Trần Não	6FDC38F0-6FB3-EC11-8113-509A4C8C9FAC	2022-04-03	18	104204600.00	102679990.00	891000.00	0.00	633610.00	296968.00	0.00	167	145	56	0	12833333.33	20689280.97	23500.00	23	4	240	2.43	0.00	23	69477843.70	system	2022-04-04 00:03:10.463	system	NULL	4
ICOOL Ung Văn Khiêm	28274DF6-6FB3-EC11-8113-509A4C8C9FAC	2022-04-03	1	171054800.00	169774070.00	825000.00	0.00	455730.00	398992.00	0.00	427	320	98	3	24082373.33	32939024.30	0.00	54	3.57	350	2.45	0.00	40	113151664.37	system	2022-04-04 00:03:20.660	system	NULL	4
ICOOL Vũng Tàu	A2A054FC-6FB3-EC11-8113-509A4C8C9FAC	2022-04-03	25	13865800.00	13786700.00	79100.00	0.00	0.00	67144.00	0.00	46	64	21	0	4838333.34	2230819.57	0.00	4	3	80	1.24	0.00	17	6784691.09	system	2022-04-04 00:03:30.777	system	NULL	4
ICOOL Xô Viết Nghệ Tĩnh	532C6502-70B3-EC11-8113-509A4C8C9FAC	2022-04-03	4	115237400.00	114134080.00	435000.00	60280.00	608040.00	0.00	0.00	313	180	71	0	13066666.67	24432502.56	0.00	41	3.52	250	2.45	0.00	29	76634910.77	system	2022-04-04 00:03:40.953	system	NULL	4
ICOOL Bình Phú	B6B548B4-38B4-EC11-8113-509A4C8C9FAC	2022-04-04	6	56355300.00	54803590.00	634000.00	80130.00	837580.00	0.00	0.00	160	130	37	0	8793333.34	12296755.85	0.00	10	5	210	1.54	0.00	24	33713500.81	system	2022-04-05 00:00:18.747	system	NULL	4
ICOOL Cách Mạng Tháng 8	C4D668BA-38B4-EC11-8113-509A4C8C9FAC	2022-04-04	14	105807200.00	103429280.00	1339800.00	0.00	1038120.00	250064.00	0.00	208	639	56	0	21679900.01	20944894.01	0.00	22	4	250	1.93	0.00	29	61054549.98	system	2022-04-05 00:00:29.023	system	NULL	4
ICOOL Cầu Chữ Y	EC6573C0-38B4-EC11-8113-509A4C8C9FAC	2022-04-04	16	10082100.00	9948400.00	133700.00	0.00	0.00	0.00	0.00	25	29	9	0	5600000.00	0.00	0.00	2	7.78	70	0.64	0.00	14	4348400.00	system	2022-04-05 00:00:39.160	system	NULL	4
ICOOL Đồng Đen	A80C7FC6-38B4-EC11-8113-509A4C8C9FAC	2022-04-04	22	34782600.00	34057600.00	725000.00	0.00	0.00	0.00	0.00	84	81	24	0	14888333.34	7258802.52	0.00	8	6	150	0.96	0.00	25	11910464.14	system	2022-04-05 00:00:49.300	system	NULL	4
ICOOL Dương Bá Trạc	D1C292CC-38B4-EC11-8113-509A4C8C9FAC	2022-04-04	7	81499400.00	79966920.00	580000.00	378290.00	574190.00	0.00	0.00	166	159	55	0	16666666.67	16107292.36	0.00	24	5.45	300	2.12	0.00	26	47192960.98	system	2022-04-05 00:00:59.497	system	NULL	4
ICOOL Mạc Đỉnh Chi	26C19CD8-38B4-EC11-8113-509A4C8C9FAC	2022-04-04	12	87885900.00	87454950.00	430950.00	0.00	0.00	429680.00	0.00	176	135	41	0	18483333.34	19351427.31	0.00	13	5	220	1.86	0.00	22	50049869.35	system	2022-04-05 00:01:19.693	system	NULL	4
ICOOL Nguyễn Sơn	C843A9DE-38B4-EC11-8113-509A4C8C9FAC	2022-04-04	9	26640400.00	26141260.00	320000.00	0.00	179140.00	0.00	0.00	65	44	21	0	7036666.67	0.00	0.00	0	4.76	100	1.4	0.00	15	19104593.33	system	2022-04-05 00:01:29.843	system	NULL	4
ICOOL Nguyễn Trãi	DCCEB2E4-38B4-EC11-8113-509A4C8C9FAC	2022-04-04	11	15084900.00	14780300.00	304600.00	0.00	0.00	0.00	0.00	30	24	12	0	6155049.93	0.00	0.00	5	8.33	100	0.75	0.00	16	8625250.07	system	2022-04-05 00:01:39.970	system	NULL	4
ICOOL Nguyễn Tri Phương	7E4ABCEA-38B4-EC11-8113-509A4C8C9FAC	2022-04-04	19	16003100.00	15609100.00	394000.00	0.00	0.00	0.00	0.00	52	38	20	0	7333333.32	3023120.61	0.00	4	5	110	1.25	0.00	16	5252646.07	system	2022-04-05 00:01:50.100	system	NULL	4
ICOOL Nhị Thiên Đường	2841C8F0-38B4-EC11-8113-509A4C8C9FAC	2022-04-04	17	30973400.00	30902820.00	20000.00	0.00	50580.00	0.00	0.00	82	12	20	0	8999999.99	7320874.59	0.00	8	6	120	1.25	0.00	16	14581945.42	system	2022-04-05 00:02:00.243	system	NULL	4
ICOOL Phan Chu Trinh	697DD4F6-38B4-EC11-8113-509A4C8C9FAC	2022-04-04	23	16179400.00	15640400.00	539000.00	0.00	0.00	0.00	0.00	27	23	11	0	6000000.00	4155283.29	0.00	3	10.91	120	0.79	0.00	14	5485116.71	system	2022-04-05 00:02:10.390	system	NULL	4
ICOOL Phan Xích Long	7C8AE0FC-38B4-EC11-8113-509A4C8C9FAC	2022-04-04	24	87368900.00	85541140.00	1354400.00	0.00	473360.00	217632.00	0.00	156	168	52	0	14500000.00	18513164.06	0.00	26	4	250	1.93	0.00	27	52745607.94	system	2022-04-05 00:02:20.537	system	NULL	4
ICOOL Thành Thái	565CE308-39B4-EC11-8113-509A4C8C9FAC	2022-04-04	10	68035501.00	66902480.90	839300.00	0.00	293720.10	614800.00	0.00	191	75	46	0	12833333.34	14923974.66	0.00	19	4	220	1.64	0.00	28	39759972.90	system	2022-04-05 00:02:40.687	system	NULL	4
ICOOL Tô Ký	F6BFEF0E-39B4-EC11-8113-509A4C8C9FAC	2022-04-04	5	16065000.00	15748310.00	202050.00	0.00	114640.00	0.00	0.00	40	45	14	0	8383333.33	3249200.61	0.00	2	8.57	120	0.54	0.00	26	4115776.06	system	2022-04-05 00:02:50.837	system	NULL	4
ICOOL Trần Bình Trọng	1CECF614-39B4-EC11-8113-509A4C8C9FAC	2022-04-04	13	37488700.00	34616013.00	947517.00	0.00	1925170.00	0.00	0.00	70	64	17	2	9378666.67	0.00	0.00	4	7.06	120	1	0.00	17	25237346.33	system	2022-04-05 00:03:00.950	system	NULL	4
ICOOL Trần Não	DE7A061B-39B4-EC11-8113-509A4C8C9FAC	2022-04-04	18	81625900.00	80430330.00	145000.00	0.00	1050570.00	766584.00	0.00	237	134	48	0	12833333.33	17277450.02	23500.00	21	4	200	2.09	0.00	23	51109630.65	system	2022-04-05 00:03:11.117	system	NULL	4
ICOOL Ung Văn Khiêm	5CCA1A21-39B4-EC11-8113-509A4C8C9FAC	2022-04-04	1	105206700.00	103855020.00	100000.00	973530.00	278150.00	592136.00	0.00	242	172	59	0	24082373.33	20428172.90	0.00	28	5.93	350	1.48	0.00	40	59936609.77	system	2022-04-05 00:03:21.317	system	NULL	4
ICOOL Vũng Tàu	B4362127-39B4-EC11-8113-509A4C8C9FAC	2022-04-04	25	10885800.00	10610800.00	275000.00	0.00	0.00	0.00	0.00	20	24	12	0	4838333.34	1944163.27	0.00	5	6	80	0.71	0.00	17	3828303.39	system	2022-04-05 00:03:31.423	system	NULL	4
ICOOL Xô Viết Nghệ Tĩnh	03F8272D-39B4-EC11-8113-509A4C8C9FAC	2022-04-04	4	53576400.00	51770000.00	1806400.00	0.00	0.00	0.00	0.00	121	128	41	0	13066666.67	11979386.84	0.00	27	6.1	250	1.41	0.00	29	26723946.49	system	2022-04-05 00:03:41.533	system	NULL	4
ICOOL Bình Phú	5A648DE1-01B5-EC11-8113-509A4C8C9FAC	2022-04-05	6	62605600.00	61621980.00	580000.00	161440.00	242180.00	0.00	0.00	170	140	36	0	8793333.33	14737838.47	0.00	11	5.83	210	1.5	0.00	24	38090808.20	system	2022-04-06 00:00:23.537	system	NULL	4
ICOOL Cách Mạng Tháng 8	AA14B9E7-01B5-EC11-8113-509A4C8C9FAC	2022-04-05	14	108660400.00	106860025.00	1012810.00	202435.00	585130.00	516656.00	0.00	227	197	60	2	21679900.00	0.00	0.00	14	4.17	250	2.07	0.00	29	85696781.00	system	2022-04-06 00:00:33.890	system	NULL	4
ICOOL Cầu Chữ Y	3CDBC4ED-01B5-EC11-8113-509A4C8C9FAC	2022-04-05	16	15108000.00	14556000.00	552000.00	0.00	0.00	0.00	0.00	50	37	14	5	5600000.00	0.00	0.00	8	5	70	1	0.00	14	8956000.00	system	2022-04-06 00:00:44.033	system	NULL	4
ICOOL Đồng Đen	6174E0F3-01B5-EC11-8113-509A4C8C9FAC	2022-04-05	22	48172300.00	46895730.00	1120610.00	0.00	155960.00	0.00	0.00	119	133	39	1	14888333.34	10231121.20	0.00	13	3	140	1.56	0.00	25	21776275.46	system	2022-04-06 00:00:54.280	system	NULL	4
ICOOL Dương Bá Trạc	63B1FFF9-01B5-EC11-8113-509A4C8C9FAC	2022-04-05	7	99994301.00	97726211.00	928600.00	0.00	1339490.00	576659.28	0.00	192	222	65	4	16666666.67	0.00	0.00	25	4.62	300	2.5	0.00	26	81636203.61	system	2022-04-06 00:01:04.550	system	NULL	4
ICOOL Mạc Đỉnh Chi	4E1E0D06-02B5-EC11-8113-509A4C8C9FAC	2022-04-05	12	107642406.16	101954246.16	3329500.00	0.00	2358660.00	832756.80	0.00	181	170	50	1	18483333.33	18755182.88	0.00	15	4.6	230	2.27	0.00	22	65548486.75	system	2022-04-06 00:01:24.770	system	NULL	4
ICOOL Nguyễn Sơn	1C401C0C-02B5-EC11-8113-509A4C8C9FAC	2022-04-05	9	25675000.00	24849460.00	628000.00	0.00	197540.00	0.00	0.00	102	40	25	5	7036666.67	0.00	0.00	12	4	100	1.67	0.00	15	17812793.33	system	2022-04-06 00:01:34.937	system	NULL	4
ICOOL Nguyễn Trãi	55512B12-02B5-EC11-8113-509A4C8C9FAC	2022-04-05	11	21968000.00	21392150.00	290000.00	0.00	285850.00	0.00	0.00	59	46	22	5	6155049.93	0.00	0.00	5	4.09	90	1.38	0.00	16	15237100.07	system	2022-04-06 00:01:45.100	system	NULL	4
ICOOL Nguyễn Tri Phương	CA3E3F18-02B5-EC11-8113-509A4C8C9FAC	2022-04-05	19	22577900.00	21317480.00	952800.00	0.00	307620.00	0.00	0.00	57	73	29	0	7333333.33	0.00	0.00	11	3.79	110	1.81	0.00	16	13984146.67	system	2022-04-06 00:01:55.297	system	NULL	4
ICOOL Nhị Thiên Đường	368E491E-02B5-EC11-8113-509A4C8C9FAC	2022-04-05	17	29596300.00	29201190.00	100000.00	0.00	295110.00	739720.00	0.00	81	17	19	0	9000000.00	0.00	0.00	4	6.32	120	1.19	0.00	16	20940910.00	system	2022-04-06 00:02:05.433	system	NULL	4
ICOOL Phan Chu Trinh	D4A95224-02B5-EC11-8113-509A4C8C9FAC	2022-04-05	23	28613000.00	28144450.00	319000.00	0.00	149550.00	0.00	0.00	53	53	21	0	6000000.00	5664625.59	0.00	8	5.71	120	1.5	0.00	14	16479824.41	system	2022-04-06 00:02:15.560	system	NULL	4
ICOOL Phan Xích Long	CFB6652A-02B5-EC11-8113-509A4C8C9FAC	2022-04-05	24	100503100.00	98607520.00	1617960.00	0.00	277620.00	169312.00	0.00	211	214	56	0	14500000.00	21262306.25	0.00	25	4.46	250	2.07	0.00	27	63014525.75	system	2022-04-06 00:02:25.750	system	NULL	4
ICOOL Thành Thái	5B077236-02B5-EC11-8113-509A4C8C9FAC	2022-04-05	10	79233600.00	78798600.00	435000.00	0.00	0.00	369320.00	0.00	196	141	58	0	12833333.33	17091890.91	0.00	18	3.79	220	2.07	0.00	28	49242695.75	system	2022-04-06 00:02:45.963	system	NULL	4
ICOOL Tô Ký	656C823C-02B5-EC11-8113-509A4C8C9FAC	2022-04-05	5	36339600.00	35167065.00	208250.00	116905.00	847380.00	0.00	0.00	145	2	25	0	8383333.33	0.00	0.00	0	4.8	120	0.96	0.00	26	26783731.67	system	2022-04-06 00:02:56.137	system	NULL	4
ICOOL Trần Bình Trọng	07CE9142-02B5-EC11-8113-509A4C8C9FAC	2022-04-05	13	25384900.00	24152670.00	1152350.00	79880.00	0.00	0.00	0.00	63	75	26	0	9378666.67	0.00	0.00	7	4.23	110	1.53	0.00	17	14774003.33	system	2022-04-06 00:03:06.303	system	NULL	4
ICOOL Trần Não	54B5A248-02B5-EC11-8113-509A4C8C9FAC	2022-04-05	18	106174700.00	105864700.00	310000.00	0.00	0.00	0.00	0.00	264	186	58	4	12833333.33	0.00	0.00	25	3.45	200	2.52	0.00	23	93031366.67	system	2022-04-06 00:03:16.480	system	NULL	4
ICOOL Ung Văn Khiêm	4FA1B84E-02B5-EC11-8113-509A4C8C9FAC	2022-04-05	1	142044000.00	140337350.00	1358000.00	0.00	348650.00	373392.00	0.00	315	256	74	9	24082373.33	29505154.41	0.00	31	4.73	350	1.85	0.00	40	87123214.25	system	2022-04-06 00:03:26.690	system	NULL	4
ICOOL Vũng Tàu	3E99C254-02B5-EC11-8113-509A4C8C9FAC	2022-04-05	25	4343100.00	4055500.00	287600.00	0.00	0.00	0.00	0.00	10	10	5	0	4838333.34	0.00	0.00	4	14	70	0.29	0.00	17	-782833.34	system	2022-04-06 00:03:36.820	system	NULL	4
ICOOL Xô Viết Nghệ Tĩnh	DA7AD15A-02B5-EC11-8113-509A4C8C9FAC	2022-04-05	4	72420600.00	71247060.00	786350.00	81570.00	305620.00	233520.00	0.00	170	175	56	0	13066666.67	0.00	0.00	33	4.46	250	1.93	0.00	29	58413913.33	system	2022-04-06 00:03:46.987	system	NULL	4